date,game_id,status,home_team,home_team_id,home_score,home_outcome,visitor_team,visitor_team_id,visitor_score,visitor_outcome,home_conference,visitor_conference,time,overtime,is_shootout_win
2026-08-30,146357,FINAL,Bellingham,4033,257.0,1.0,Ashland,4015,269.0,0.0,Tri-Valley,Tri-Valley,4:00 P.M.,,0
2026-08-30,146359,FINAL,Millis,4251,310.0,0.0,Ashland,4015,269.0,1.0,Tri-Valley,Tri-Valley,4:00 P.M.,,0
2026-08-30,148041,FINAL,Bellingham,4033,257.0,1.0,Millis,4251,310.0,0.0,Tri-Valley,Tri-Valley,,,0
2026-08-31,145988,FINAL,Westwood,4424,238.0,0.0,Archbishop Williams,4012,237.0,1.0,Tri-Valley,Catholic Central,3:30 P.M.,,0
2026-08-31,146361,FINAL,Holliston,4174,230.0,1.0,Ashland,4015,240.0,0.0,Tri-Valley,Tri-Valley,3:00 P.M.,,0
2026-08-31,146373,FINAL,Bedford,4031,254.0,0.0,Lexington,4209,239.0,1.0,Dual County,Middlesex,8:30 A.M.,,0
2026-08-31,146794,FINAL,Grafton,4153,200.0,1.0,Millbury,4250,279.0,0.0,Mid-Wach,CMAC,3:00 P.M.,,0
2026-08-31,146850,FINAL,Holliston,4174,230.0,0.0,Norton,4295,206.0,1.0,Tri-Valley,Tri-Valley,3:00 P.M.,,0
2026-08-31,146981,FINAL,Westwood,4424,238.0,0.0,Medfield,4241,231.0,1.0,Tri-Valley,Tri-Valley,3:30 P.M.,,0
2026-08-31,147035,FINAL,Medway,4243,246.0,1.0,Millis,4251,352.0,0.0,Tri-Valley,Tri-Valley,3:30 P.M.,,0
2026-08-31,147238,FINAL,Catholic Memorial,4080,237.0,0.0,Billerica,4040,232.0,1.0,Catholic Conference,Merrimack Valley,3:00 P.M.,,0
2026-08-31,147271,UPCOMING,Beverly,4038,,,Bishop Fenwick,4043,,,Northeastern,Catholic Central,2:45 P.M.,,0
2026-08-31,147315,FINAL,Milton,4252,220.0,1.0,Canton,4071,235.0,0.0,Bay State,Hockomock,3:15 P.M.,,0
2026-08-31,147343,FINAL,Peabody,4306,7.0,0.0,Danvers,4103,65.0,1.0,Northeastern,Northeastern,4:00 P.M.,,0
2026-08-31,147542,FINAL,Medford,4242,22.0,0.0,Woburn,4438,50.0,1.0,Greater Boston,Middlesex,10:30 A.M.,,0
2026-08-31,147552,POSTPONED,Melrose,4244,,,Wakefield,4402,,,Middlesex,Middlesex,3:30 P.M.,,0
2026-08-31,147657,FINAL,Oakmont,4299,159.0,1.0,Shrewsbury,4348,166.0,0.0,Mid-Wach,Mid-Wach,4:00 P.M.,,0
2026-08-31,147706,FINAL,Wakefield,4402,46.5,1.0,Watertown,4409,25.5,0.0,Middlesex,Middlesex,4:30 P.M.,,0
2026-08-31,147723,UPCOMING,Southeastern,4358,,,Oliver Ames,4302,,,Mayflower,Hockomock,11:00 A.M.,,0
2026-08-31,147787,FINAL,Chelmsford,4085,237.0,0.0,Andover,4009,229.0,1.0,Merrimack Valley,Merrimack Valley,10:00 A.M.,,0
2026-08-31,148104,FINAL,Stoneham,4380,33.0,0.0,Belmont,4034,39.0,1.0,Middlesex,Middlesex,3:30 P.M.,,0
2026-08-31,148135,FINAL,Whitman-Hanson,4427,263.0,0.0,Duxbury,4123,252.0,1.0,Patriot,Patriot,3:30 P.M.,,0
2026-08-31,148436,FINAL,Malden Catholic,4228,242.0,0.0,St. John’s Prep,4369,208.0,1.0,Catholic Conference,Catholic Conference,3:30 P.M.,,0
2026-08-31,148440,FINAL,Plymouth South,4316,263.0,0.0,Hanover,4164,235.0,1.0,Patriot,Patriot,4:00 P.M.,,0
2026-08-31,148447,FINAL,Southwick,4519,176.0,0.0,Chicopee Comprehensive,4089,168.0,1.0,Valley League,Suburban,3:00 P.M.,,0
2026-08-31,148449,FINAL,Hopkins,4531,202.0,0.0,Smith Voc.,4539,169.0,1.0,Bi-County,Independent,3:00 P.M.,,0
2026-08-31,148452,FINAL,Hopedale,4507,164.0,1.0,Uxbridge,4398,209.0,0.0,CMAC,CMAC,3:15 P.M.,,0
2026-08-31,148453,FINAL,Northeast,4293,141.0,0.0,Saugus,4341,149.0,1.0,Commonwealth,Northeastern,4:00 P.M.,,0
2026-08-31,148456,FINAL,Longmeadow,4214,149.0,1.0,Agawam,4004,166.0,0.0,Valley League,Valley League,3:00 P.M.,,0
2026-08-31,148477,FINAL,Ashland,4015,240.0,0.0,Norton,4295,206.0,1.0,Tri-Valley,Tri-Valley,,,0
2026-08-31,148479,FINAL,Athol,4017,215.0,0.0,McCann Tech,4240,180.0,1.0,Independent,Bi-County,3:00 P.M.,,0
2026-08-31,148480,FINAL,Archbishop Williams,4012,237.0,0.0,Medfield,4241,231.0,1.0,Catholic Central,Tri-Valley,,,0
2026-08-31,148483,FINAL,Westfield Tech,4420,172.0,1.0,Pioneer Valley,4536,191.0,0.0,Bi-County,Bi-County,3:00 P.M.,,0
2026-08-31,148486,FINAL,Belchertown,4032,159.0,1.0,West Springfield,4417,173.0,0.0,Suburban,Valley League,,,0
2026-08-31,148489,FINAL,Frontier,4146,180.0,0.0,Hampshire,4518,151.0,1.0,Suburban,Suburban,3:00 P.M.,,0
2026-08-31,148491,FINAL,Amherst-Pelham,4008,174.0,0.0,Ludlow,4218,149.0,1.0,Suburban,Valley League,3:30 P.M.,,0
2026-08-31,148492,FINAL,Hingham,4171,222.0,1.0,Marshfield,4234,252.0,0.0,Patriot,Patriot,,,0
2026-08-31,148518,FINAL,Silver Lake,4349,241.0,1.0,Plymouth North,4315,253.0,0.0,Patriot,Patriot,3:30 P.M.,,0
2026-08-31,148868,FINAL,Pembroke,4308,235.0,1.0,North Quincy,4287,252.0,0.0,Patriot,Patriot,3:30 P.M.,,0
2026-08-31,149064,FINAL,Nauset,4271,254.0,1.0,Barnstable,4024,249.0,0.0,Cape & Islands,Pioneer,3:30 P.M.,,0
2026-08-31,149177,FINAL,West Bridgewater,4415,128.0,0.0,Brockton,4058,42.0,1.0,South Coast,Big Three,2:45 P.M.,,0
2026-08-31,149306,FINAL,Fairhaven,4133,253.0,1.0,New Bedford,4273,309.0,0.0,South Coast,Big Three,3:15 P.M.,,0
2026-08-31,149460,FINAL,Mt. Everett,4533,210.0,0.0,Mt. Greylock,4262,161.0,1.0,Berkshire,Berkshire,3:30 P.M.,,0
2026-08-31,149554,FINAL,Monument Mtn.,4260,186.0,0.0,Mt. Greylock,4262,161.0,1.0,Berkshire,Berkshire,3:30 P.M.,,0
2026-08-31,150313,UPCOMING,Taconic,4385,,,Wahconah,4401,,,Berkshire,Berkshire,3:30 P.M.,,0
2026-09-01,145991,UPCOMING,Archbishop Williams,4012,,,Bishop Fenwick,4043,,,Catholic Central,Catholic Central,3:45 P.M.,,0
2026-09-01,146195,FINAL,Algonquin,4005,198.0,0.0,Wachusett,4400,190.0,1.0,Mid-Wach,Mid-Wach,3:30 P.M.,,0
2026-09-01,146330,FINAL,Framingham,4143,277.0,0.0,Natick,4270,237.0,1.0,Bay State,Bay State,3:30 P.M.,,0
2026-09-01,146374,FINAL,Bedford,4031,237.0,1.0,Wayland,4411,255.0,0.0,Dual County,Dual County,5:20 P.M.,,0
2026-09-01,146795,FINAL,Westborough,4418,189.0,1.0,Grafton,4153,214.0,0.0,Mid-Wach,Mid-Wach,3:15 P.M.,,0
2026-09-01,146818,POSTPONED,Marlborough,4233,,,Groton-Dunstable,4160,,,Mid-Wach,Mid-Wach,4:00 P.M.,,0
2026-09-01,146997,FINAL,Hopkinton,4180,244.0,1.0,Westwood,4424,257.0,0.0,Tri-Valley,Tri-Valley,3:00 P.M.,,0
2026-09-01,147052,FINAL,Nashoba,4267,194.0,1.0,Shrewsbury,4348,204.0,0.0,Mid-Wach,Mid-Wach,3:30 P.M.,,0
2026-09-01,147200,FINAL,Bishop Stang,4045,178.0,1.0,Arlington Catholic,4014,176.0,0.0,Catholic Central,Catholic Central,3:00 P.M.,,0
2026-09-01,147346,FINAL,St. Mary’s,4374,174.0,1.0,Danvers,4103,170.0,0.0,Catholic Central,Northeastern,1:00 P.M.,,0
2026-09-01,147442,FINAL,Lynnfield,4223,194.0,1.0,Essex Tech,4745,175.0,0.0,Cape Ann,Cape Ann,1:15 P.M.,,0
2026-09-01,147545,FINAL,Medford,4242,18.0,0.0,Stoneham,4380,54.0,1.0,Greater Boston,Middlesex,10:30 A.M.,,0
2026-09-01,147555,FINAL,Melrose,4244,52.0,1.0,Watertown,4409,19.0,0.0,Middlesex,Middlesex,10:00 A.M.,,0
2026-09-01,147584,FINAL,Brookline,4059,225.0,1.0,Milton,4252,227.0,0.0,Bay State,Bay State,3:30 P.M.,,0
2026-09-01,147610,FINAL,North Reading,4288,159.0,0.0,Newburyport,4276,181.0,1.0,Cape Ann,Cape Ann,3:30 P.M.,,0
2026-09-01,147656,FINAL,Woburn,4438,29.0,0.0,Reading,4328,43.0,1.0,Middlesex,Middlesex,9:30 A.M.,,0
2026-09-01,147746,FINAL,Walpole,4404,223.0,1.0,Weymouth,4425,239.0,0.0,Bay State,Bay State,,,0
2026-09-01,148191,FINAL,Waltham,4405,242.0,1.0,Boston Latin,4049,258.0,0.0,Dual County,Dual County,2:00 P.M.,,0
2026-09-01,148242,FINAL,Georgetown,4148,173.0,0.0,Amesbury,4007,126.0,1.0,Cape Ann,Cape Ann,3:00 P.M.,,0
2026-09-01,148622,UPCOMING,Greater Lawrence,4154,,,Methuen,4246,,,Commonwealth,Merrimack Valley,3:00 P.M.,,0
2026-09-01,148665,FINAL,Newton North,4279,120.0,0.0,Brockton,4058,25.0,1.0,Bay State,Big Three,3:15 P.M.,,0
2026-09-01,148762,FINAL,Rockport,4490,147.0,1.0,Manchester Essex,4229,126.0,0.0,Cape Ann,Cape Ann,3:30 P.M.,,0
2026-09-01,148764,FINAL,Agawam,4004,160.0,1.0,South Hadley,4353,203.0,0.0,Valley League,Suburban,3:00 P.M.,,0
2026-09-01,148765,FINAL,Nipmuc,4281,167.0,1.0,Douglas,4506,187.0,0.0,CMAC,CMAC,3:00 P.M.,,0
2026-09-01,148767,FINAL,Acton-Boxborough,4003,242.0,0.0,Weston,4423,235.0,1.0,Dual County,Dual County,3:30 P.M.,,0
2026-09-01,148768,FINAL,Plymouth North,4315,260.0,0.0,Hingham,4171,238.0,1.0,Patriot,Patriot,3:00 P.M.,,0
2026-09-01,148770,FINAL,Norton,4295,245.0,1.0,Ashland,4015,297.0,0.0,Tri-Valley,Tri-Valley,3:30 P.M.,,0
2026-09-01,148773,FINAL,Marshfield,4234,240.0,0.0,Whitman-Hanson,4427,223.0,1.0,Patriot,Patriot,3:30 P.M.,,0
2026-09-01,148774,FINAL,Northeast,4293,138.0,1.0,Winthrop,4437,178.0,0.0,Commonwealth,Northeastern,4:00 P.M.,,0
2026-09-01,148776,FINAL,Tahanto,4513,224.0,0.0,Littleton,4212,172.0,1.0,Mid-Wach,Mid-Wach,4:00 P.M.,,0
2026-09-01,148777,FINAL,Hudson,4182,166.0,0.0,Auburn,4019,154.0,1.0,Mid-Wach,CMAC,,,0
2026-09-01,148780,FINAL,St. Bernard’s,4365,162.0,1.0,Fitchburg,4139,216.0,0.0,CMAC,Mid-Wach,,,0
2026-09-01,148783,FINAL,Fitchburg,4139,216.0,0.0,Ayer Shirley,4022,146.0,1.0,Mid-Wach,Mid-Wach,,,0
2026-09-01,148785,FINAL,Oakmont,4299,219.0,0.0,Leominster,4208,214.0,1.0,Mid-Wach,Mid-Wach,,,0
2026-09-01,148794,FINAL,Pathfinder,4305,188.0,1.0,Springfield Central,4360,253.0,0.0,Bi-County,Bi-County,,,0
2026-09-01,148800,FINAL,Turners Falls,4396,174.0,0.0,Frontier,4146,173.0,1.0,Bi-County,Suburban,,,0
2026-09-01,148942,FINAL,Durfee,4122,285.0,0.0,Diman,4115,246.0,1.0,Big Three,Mayflower,3:15 P.M.,,0
2026-09-01,149207,FINAL,South Shore Voc-Tech,4356,5.0,1.0,Upper Cape,4457,4.0,0.0,Mayflower,Mayflower,3:00 P.M.,,0
2026-09-01,149338,FINAL,Oliver Ames,4302,137.0,1.0,Stoughton,4381,168.0,0.0,Hockomock,Hockomock,3:00 P.M.,,0
2026-09-01,149367,POSTPONED,Springfield International,4480,,,Easthampton,4130,,,Bi-County,Bi-County,3:00 P.M.,,0
2026-09-02,146196,FINAL,Shrewsbury,4348,208.0,1.0,Algonquin,4005,212.0,0.0,Mid-Wach,Mid-Wach,3:30 P.M.,,0
2026-09-02,146261,FINAL,Westford,4421,236.0,1.0,Chelmsford,4085,241.0,0.0,Dual County,Merrimack Valley,3:30 P.M.,,0
2026-09-02,146303,FINAL,Worcester Tech,4445,178.0,1.0,Doherty,4116,179.0,0.0,CMAC,CMAC,3:00 P.M.,,0
2026-09-02,146364,FINAL,Hopkinton,4180,239.0,1.0,Ashland,4015,278.0,0.0,Tri-Valley,Tri-Valley,3:00 P.M.,,0
2026-09-02,146763,FINAL,Dedham,4108,259.0,0.0,Norwood,4297,217.0,1.0,Tri-Valley,Tri-Valley,3:30 P.M.,,0
2026-09-02,146877,FINAL,Monty Tech,4259,152.0,1.0,Keefe Tech,4191,182.0,0.0,CMAC,CMAC,3:30 P.M.,,0
2026-09-02,146903,FINAL,Lowell Catholic,4217,148.0,0.0,Tyngsborough,4397,103.0,1.0,Independent,Mid-Wach,4:30 P.M.,,0
2026-09-02,147139,FINAL,Westwood,4424,234.0,1.0,Wayland,4411,243.0,0.0,Tri-Valley,Dual County,3:30 P.M.,,0
2026-09-02,147155,FINAL,Westwood,4424,234.0,1.0,Millis,4251,304.0,0.0,Tri-Valley,Tri-Valley,3:30 P.M.,,0
2026-09-02,147216,FINAL,Lexington,4209,46.5,1.0,Watertown,4409,25.5,0.0,Middlesex,Middlesex,3:00 P.M.,,0
2026-09-02,147239,FINAL,Andover,4009,234.0,1.0,Billerica,4040,240.0,0.0,Merrimack Valley,Merrimack Valley,3:00 P.M.,,0
2026-09-02,147240,FINAL,Lowell,4216,258.0,0.0,Billerica,4040,240.0,1.0,Merrimack Valley,Merrimack Valley,3:00 P.M.,,0
2026-09-02,147316,FINAL,Canton,4071,141.0,1.0,North Attleborough,4284,147.0,0.0,Hockomock,Hockomock,3:15 P.M.,,0
2026-09-02,147347,FINAL,Lincoln-Sudbury,4211,250.0,0.0,Concord-Carlisle,4097,246.0,1.0,Dual County,Dual County,4:00 P.M.,,0
2026-09-02,147349,FINAL,St. John’s Prep,4369,227.0,1.0,Danvers,4103,253.0,0.0,Catholic Conference,Northeastern,3:00 P.M.,,0
2026-09-02,147396,FINAL,Stoughton,4381,172.0,1.0,Milford,4249,181.0,0.0,Hockomock,Hockomock,3:00 P.M.,,0
2026-09-02,147461,FINAL,Salem,4336,25.5,0.0,Gloucester,4150,46.5,1.0,Northeastern,Northeastern,4:00 P.M.,,0
2026-09-02,147519,UPCOMING,Peabody,4306,,,Masconomet,4236,,,Northeastern,Northeastern,3:30 P.M.,,0
2026-09-02,147788,FINAL,Lowell,4216,258.0,0.0,Andover,4009,234.0,1.0,Merrimack Valley,Merrimack Valley,3:00 P.M.,,0
2026-09-02,147853,FINAL,Falmouth,4134,241.0,1.0,Bishop Stang,4045,243.0,0.0,Cape & Islands,Catholic Central,3:30 P.M.,,0
2026-09-02,148078,FINAL,New Bedford,4273,144.0,0.0,Dartmouth,4105,72.0,1.0,Big Three,Pioneer,3:15 P.M.,,0
2026-09-02,148109,UPCOMING,Dighton-Rehoboth,4114,,,West Bridgewater,4415,,,South Coast,South Coast,3:00 P.M.,,0
2026-09-02,148136,FINAL,Duxbury,4123,253.0,1.0,Plymouth North,4315,260.0,0.0,Patriot,Patriot,3:10 P.M.,,0
2026-09-02,148161,FINAL,Malden Catholic,4228,241.0,0.0,BC High,4029,216.0,1.0,Catholic Conference,Catholic Conference,11:25 A.M.,,0
2026-09-02,148443,FINAL,North Quincy,4287,225.0,0.0,Hanover,4164,224.0,1.0,Patriot,Patriot,3:00 P.M.,,0
2026-09-02,148624,FINAL,Methuen,4246,8.0,0.0,Greater Lowell,4155,12.0,1.0,Merrimack Valley,Commonwealth,3:30 P.M.,,0
2026-09-02,148667,FINAL,Newton North,4279,245.0,0.0,Wellesley,4413,205.0,1.0,Bay State,Bay State,3:30 P.M.,,0
2026-09-02,148707,FINAL,Barnstable,4024,243.0,1.0,St. John Paul II,4689,262.0,0.0,Pioneer,Cape & Islands,3:30 P.M.,,0
2026-09-02,148802,FINAL,Hingham,4171,231.0,1.0,Whitman-Hanson,4427,250.0,0.0,Patriot,Patriot,,,0
2026-09-02,148869,FINAL,Scituate,4343,243.0,1.0,Pembroke,4308,261.0,0.0,Patriot,Patriot,3:30 P.M.,,0
2026-09-02,148881,FINAL,St. John’s (Shrewsbury),4368,153.0,1.0,Tantasqua,4387,158.0,0.0,Catholic Conference,CMAC,,,0
2026-09-02,148882,FINAL,Abington,4002,143.0,1.0,Mashpee,4237,133.0,0.0,South Shore,South Shore,,,0
2026-09-02,148883,FINAL,Pope Francis,4796,162.0,0.0,Minnechaug,4254,142.0,1.0,Valley League,Valley League,2:00 P.M.,,0
2026-09-02,148886,FINAL,Hopedale,4507,159.0,1.0,Sutton,4512,163.0,0.0,CMAC,CMAC,3:00 P.M.,,0
2026-09-02,148897,FINAL,Mansfield,4230,153.0,1.0,Taunton,4388,161.0,0.0,Hockomock,Hockomock,3:30 P.M.,,0
2026-09-02,148938,FINAL,Durfee,4122,395.0,1.0,Somerset Berkley,4350,411.0,0.0,Big Three,South Coast,3:15 P.M.,,0
2026-09-02,148984,FINAL,Millbury,4250,190.0,1.0,Oxford,4303,192.0,0.0,CMAC,CMAC,,,0
2026-09-02,149061,FINAL,Uxbridge,4398,187.0,1.0,Leicester,4207,188.0,0.0,CMAC,CMAC,3:00 P.M.,,0
2026-09-02,149067,FINAL,Westfield,4419,166.0,0.0,Longmeadow,4214,143.0,1.0,Valley League,Valley League,3:00 P.M.,,0
2026-09-02,149070,FINAL,Belchertown,4032,176.0,0.0,Chicopee Comprehensive,4089,160.0,1.0,Suburban,Suburban,3:30 P.M.,,0
2026-09-02,149071,FINAL,Southwick,4519,178.0,0.0,Ludlow,4218,153.0,1.0,Valley League,Valley League,3:00 P.M.,,0
2026-09-02,149072,FINAL,East Longmeadow,4127,159.0,1.0,Northampton,4291,178.0,0.0,Valley League,Suburban,3:30 P.M.,,0
2026-09-02,149074,FINAL,Hampshire,4518,158.0,1.0,Amherst-Pelham,4008,193.0,0.0,Suburban,Suburban,3:00 P.M.,,0
2026-09-02,149076,FINAL,Athol,4017,211.0,1.0,Mohawk Trail,4258,218.0,0.0,Independent,Bi-County,3:00 P.M.,,0
2026-09-02,149079,FINAL,Silver Lake,4349,238.0,1.0,Marshfield,4234,249.0,0.0,Patriot,Patriot,3:30 P.M.,,0
2026-09-02,149082,FINAL,Triton,4395,165.0,1.0,Pentucket,4309,95.0,0.0,Cape Ann,Cape Ann,3:30 P.M.,,0
2026-09-02,149084,FINAL,Dover-Sherborn,4118,213.0,1.0,Bellingham,4033,226.0,0.0,Tri-Valley,Tri-Valley,4:00 P.M.,,0
2026-09-02,149555,FINAL,Lee,4206,169.0,1.0,Monument Mtn.,4260,184.0,0.0,Berkshire,Berkshire,3:30 P.M.,,0
2026-09-03,146021,FINAL,Acton-Boxborough,4003,243.0,1.0,Wayland,4411,254.0,0.0,Dual County,Dual County,3:30 P.M.,,0
2026-09-03,146220,FINAL,Attleboro,4018,157.0,0.0,Mansfield,4230,146.0,1.0,Hockomock,Hockomock,2:20 P.M.,,0
2026-09-03,146247,FINAL,Bishop Feehan,4042,228.0,0.0,Xaverian,4446,214.0,1.0,Catholic Central,Catholic Conference,3:00 P.M.,,0
2026-09-03,146304,FINAL,Millbury,4250,195.0,0.0,Doherty,4116,170.0,1.0,CMAC,CMAC,3:15 P.M.,,0
2026-09-03,146377,FINAL,Bedford,4031,256.0,1.0,Waltham,4405,252.0,0.0,Dual County,Dual County,3:30 P.M.,,0
2026-09-03,146765,FINAL,Medway,4243,253.0,1.0,Dedham,4108,307.0,0.0,Tri-Valley,Tri-Valley,4:30 P.M.,,0
2026-09-03,146796,FINAL,Grafton,4153,201.0,0.0,Wachusett,4400,198.0,1.0,Mid-Wach,Mid-Wach,3:00 P.M.,,0
2026-09-03,146820,FINAL,Groton-Dunstable,4160,148.0,1.0,Shepherd Hill,4347,172.0,0.0,Mid-Wach,Mid-Wach,4:00 P.M.,,0
2026-09-03,146823,UPCOMING,Groton-Dunstable,4160,,,St. Bernard’s,4365,,,Mid-Wach,CMAC,4:00 P.M.,,0
2026-09-03,146878,FINAL,Keefe Tech,4191,231.0,0.0,Worcester Tech,4445,229.0,1.0,CMAC,CMAC,3:15 P.M.,,0
2026-09-03,146906,UPCOMING,Lowell Catholic,4217,,,Lowell,4216,,,Independent,Merrimack Valley,3:30 P.M.,,0
2026-09-03,146953,FINAL,Marlborough,4233,208.0,0.0,Oakmont,4299,160.0,1.0,Mid-Wach,Mid-Wach,4:00 P.M.,,0
2026-09-03,147054,FINAL,Westborough,4418,185.0,1.0,Nashoba,4267,191.0,0.0,Mid-Wach,Mid-Wach,3:15 P.M.,,0
2026-09-03,147092,FINAL,St. Paul,4954,180.0,0.0,Sutton,4512,154.0,1.0,CMAC,CMAC,3:15 P.M.,,0
2026-09-03,147156,FINAL,Norton,4295,234.0,1.0,Westwood,4424,256.0,0.0,Tri-Valley,Tri-Valley,,,0
2026-09-03,147171,FINAL,Whitinsville Christian,4487,173.0,1.0,Uxbridge,4398,186.0,0.0,CMAC,CMAC,3:30 P.M.,,0
2026-09-03,147202,FINAL,Belmont,4034,47.0,1.0,Arlington Catholic,4014,25.0,0.0,Middlesex,Catholic Central,3:30 P.M.,,0
2026-09-03,147273,FINAL,Gloucester,4150,42.5,1.0,Bishop Fenwick,4043,29.5,0.0,Northeastern,Catholic Central,3:30 P.M.,,0
2026-09-03,147350,FINAL,Cambridge,4067,282.0,0.0,Lincoln-Sudbury,4211,222.0,1.0,Dual County,Dual County,4:00 P.M.,,0
2026-09-03,147353,FINAL,Salem,4336,25.0,0.0,Danvers,4103,47.0,1.0,Northeastern,Northeastern,3:00 P.M.,,0
2026-09-03,147423,FINAL,Foxborough,4142,170.0,0.0,North Attleborough,4284,164.0,1.0,Hockomock,Hockomock,3:00 P.M.,,0
2026-09-03,147492,FINAL,Marblehead,4231,40.5,1.0,Masconomet,4236,31.5,0.0,Northeastern,Northeastern,4:00 P.M.,,0
2026-09-03,147558,FINAL,Melrose,4244,47.5,1.0,Woburn,4438,24.5,0.0,Middlesex,Middlesex,3:30 P.M.,,0
2026-09-03,147586,FINAL,Wellesley,4413,201.0,1.0,Milton,4252,223.0,0.0,Bay State,Bay State,3:30 P.M.,,0
2026-09-03,147659,FINAL,Reading,4328,52.0,1.0,Wilmington,4432,20.0,0.0,Middlesex,Middlesex,3:30 P.M.,,0
2026-09-03,147747,FINAL,Walpole,4404,238.0,1.0,Newton North,4279,271.0,0.0,Bay State,Bay State,3:30 P.M.,,0
2026-09-03,147776,FINAL,Watertown,4409,32.0,0.0,Stoneham,4380,40.0,1.0,Middlesex,Middlesex,3:30 P.M.,,0
2026-09-03,147818,FINAL,Seekonk,4344,282.0,0.0,Apponequet,4011,281.0,1.0,South Coast,South Coast,3:30 P.M.,,0
2026-09-03,147874,FINAL,Bristol-Plymouth,4057,6.0,1.0,South Shore Voc-Tech,4356,3.0,0.0,Mayflower,Mayflower,3:00 P.M.,,0
2026-09-03,148113,FINAL,Joseph Case,4078,276.0,0.0,Dighton-Rehoboth,4114,267.0,1.0,South Coast,South Coast,3:30 P.M.,,0
2026-09-03,148165,FINAL,St. John’s (Shrewsbury),4368,230.0,0.0,BC High,4029,223.0,1.0,Catholic Conference,Catholic Conference,3:15 P.M.,,0
2026-09-03,148194,FINAL,Boston Latin,4049,251.0,0.0,Newton South,4280,229.0,1.0,Dual County,Dual County,3:00 P.M.,,0
2026-09-03,148202,POSTPONED,Barnstable,4024,,,Falmouth,4134,,,Pioneer,Cape & Islands,3:30 P.M.,,0
2026-09-03,148245,FINAL,Georgetown,4148,113.0,0.0,Manchester Essex,4229,118.0,1.0,Cape Ann,Cape Ann,3:00 P.M.,,0
2026-09-03,148417,FINAL,Bourne,4050,243.0,1.0,Greater New Bedford,4156,297.0,0.0,South Coast,South Coast,3:30 P.M.,,0
2026-09-03,148444,FINAL,Hanover,4164,245.0,0.0,Pembroke,4308,244.0,1.0,Patriot,Patriot,3:30 P.M.,,0
2026-09-03,148727,FINAL,Braintree,4051,228.0,1.0,Needham,4272,247.0,0.0,Bay State,Bay State,3:30 P.M.,,0
2026-09-03,148755,FINAL,North Quincy,4287,222.0,1.0,Brockton,4058,279.0,0.0,Patriot,Big Three,3:15 P.M.,,0
2026-09-03,149103,FINAL,Scituate,4343,244.0,1.0,Plymouth South,4316,280.0,0.0,Patriot,Patriot,3:30 P.M.,,0
2026-09-03,149165,FINAL,West Bridgewater,4415,241.0,1.0,Somerset Berkley,4350,267.0,0.0,South Coast,South Coast,2:30 P.M.,,0
2026-09-03,149240,FINAL,Durfee,4122,391.0,0.0,Westport,4461,360.0,1.0,Big Three,Mayflower,3:15 P.M.,,0
2026-09-03,149251,FINAL,Hingham,4171,233.0,1.0,Plymouth North,4315,264.0,0.0,Patriot,Patriot,3:30 P.M.,,0
2026-09-03,149308,FINAL,Taunton,4388,155.0,0.0,New Bedford,4273,209.0,1.0,Hockomock,Big Three,3:30 P.M.,,0
2026-09-03,149369,FINAL,Easthampton,4130,172.0,1.0,Springfield Central,4360,243.0,0.0,Bi-County,Bi-County,3:00 P.M.,,0
2026-09-03,149403,FINAL,Ludlow,4218,156.0,1.0,Frontier,4146,181.0,0.0,Valley League,Suburban,3:00 P.M.,,0
2026-09-03,149431,POSTPONED,Hudson,4182,,,Gardner,4147,,,Mid-Wach,Mid-Wach,3:30 P.M.,,0
2026-09-03,149432,FINAL,Ipswich,4190,142.0,1.0,Rockport,4490,132.0,0.0,Cape Ann,Cape Ann,3:30 P.M.,,0
2026-09-03,149435,FINAL,North Reading,4288,173.0,0.0,Triton,4395,179.0,1.0,Cape Ann,Cape Ann,3:30 P.M.,,0
2026-09-03,149437,FINAL,Lynnfield,4223,187.0,1.0,Pentucket,4309,124.0,0.0,Cape Ann,Cape Ann,2:50 P.M.,,0
2026-09-03,149438,FINAL,Nipmuc,4281,172.0,0.0,Blackstone Valley,4046,171.0,1.0,CMAC,CMAC,2:30 P.M.,,0
2026-09-03,149450,FINAL,Sturgis West,4735,254.0,1.0,Nantucket,4265,274.0,0.0,Cape & Islands,Cape & Islands,3:30 P.M.,,0
2026-09-03,149458,FINAL,Amesbury,4007,166.0,1.0,Hamilton-Wenham,4163,155.0,0.0,Cape Ann,Cape Ann,3:30 P.M.,,0
2026-09-03,149462,FINAL,Mt. Greylock,4262,164.0,1.0,Mt. Everett,4533,219.0,0.0,Berkshire,Berkshire,3:30 P.M.,,0
2026-09-03,149476,FINAL,Leicester,4207,166.0,1.0,Douglas,4506,170.0,0.0,CMAC,CMAC,3:30 P.M.,,0
2026-09-03,149488,FINAL,Leominster,4208,160.0,1.0,North Middlesex,4286,177.0,0.0,Mid-Wach,Mid-Wach,,,0
2026-09-03,149504,FINAL,Hopkins,4531,191.0,1.0,Athol,4017,232.0,0.0,Bi-County,Independent,3:00 P.M.,,0
2026-09-03,149506,FINAL,Arlington,4013,41.5,1.0,Winchester,4434,30.5,0.0,Middlesex,Middlesex,2:45 P.M.,,0
2026-09-03,149507,FINAL,Lenox,4532,159.0,0.0,Taconic,4385,169.0,1.0,Berkshire,Berkshire,3:30 P.M.,,0
2026-09-03,150162,FINAL,Fairhaven,4133,257.0,0.0,Old Rochester,4301,214.0,1.0,South Coast,South Coast,3:15 P.M.,,0
2026-09-04,146221,FINAL,Franklin,4144,149.0,1.0,Attleboro,4018,177.0,0.0,Hockomock,Hockomock,3:30 P.M.,,0
2026-09-04,146379,UPCOMING,Bedford,4031,,,Burlington,4065,,,Dual County,Middlesex,9:00 A.M.,,0
2026-09-04,147039,FINAL,King Philip,4197,150.0,1.0,Oliver Ames,4302,157.0,0.0,Hockomock,Hockomock,3:15 P.M.,,0
2026-09-04,147355,FINAL,Rockport,4490,155.0,1.0,Danvers,4103,149.0,0.0,Cape Ann,Northeastern,3:00 P.M.,,0
2026-09-04,148420,UPCOMING,Greater New Bedford,4156,,,Old Rochester,4301,,,South Coast,South Coast,3:15 P.M.,,0
2026-09-04,149310,FINAL,Belchertown,4032,179.0,1.0,Pathfinder,4305,185.0,0.0,Suburban,Bi-County,3:00 P.M.,,0
2026-09-04,149471,FINAL,Hampshire,4518,161.0,0.0,Longmeadow,4214,133.0,1.0,Suburban,Valley League,3:00 P.M.,,0
2026-09-04,149572,FINAL,Shepherd Hill,4347,166.0,0.0,Tantasqua,4387,150.0,1.0,Mid-Wach,CMAC,,,0
2026-09-04,149573,FINAL,Wahconah,4401,162.0,1.0,Hoosac Valley/Drury,4178,195.0,0.0,Berkshire,Berkshire,3:30 P.M.,,0
2026-09-04,149575,UPCOMING,Mt. Everett,4533,,,Pittsfield,4314,,,Berkshire,Berkshire,3:30 P.M.,,0
2026-09-04,149578,FINAL,Pioneer Valley,4536,189.0,0.0,McCann Tech,4240,167.0,1.0,Bi-County,Bi-County,3:00 P.M.,,0
2026-09-04,149581,FINAL,Quabbin,4325,181.0,0.0,Bromfield,4505,170.0,1.0,Mid-Wach,Mid-Wach,3:00 P.M.,,0
2026-09-04,149582,FINAL,Franklin County Tech,4145,146.0,1.0,Mohawk Trail,4258,200.0,0.0,Bi-County,Bi-County,3:00 P.M.,,0
2026-09-04,149585,FINAL,Chicopee Comprehensive,4089,170.0,1.0,South Hadley,4353,184.0,0.0,Suburban,Suburban,2:30 P.M.,,0
2026-09-04,149586,FINAL,Chicopee,4088,170.0,1.0,Chicopee Comprehensive,4089,230.0,0.0,Suburban,Suburban,2:30 P.M.,,0
2026-09-07,147276,UPCOMING,Danvers,4103,,,Bishop Fenwick,4043,,,Northeastern,Catholic Central,3:00 P.M.,,0
2026-09-07,148247,FINAL,Georgetown,4148,101.0,0.0,Ipswich,4190,164.0,1.0,Cape Ann,Cape Ann,3:00 P.M.,,0
2026-09-08,145993,FINAL,Archbishop Williams,4012,207.0,1.0,Arlington Catholic,4014,193.0,0.0,Catholic Central,Catholic Central,3:45 P.M.,,0
2026-09-08,146026,UPCOMING,Acton-Boxborough,4003,,,Weston,4423,,,Dual County,Dual County,3:30 P.M.,,0
2026-09-08,146198,FINAL,Grafton,4153,196.0,1.0,Algonquin,4005,199.0,0.0,Mid-Wach,Mid-Wach,3:00 P.M.,,0
2026-09-08,146224,FINAL,Oliver Ames,4302,142.0,1.0,Attleboro,4018,161.0,0.0,Hockomock,Hockomock,3:00 P.M.,,0
2026-09-08,146275,FINAL,Concord-Carlisle,4097,222.0,1.0,Newton South,4280,252.0,0.0,Dual County,Dual County,3:30 P.M.,,0
2026-09-08,146349,FINAL,Taunton,4388,176.0,0.0,Franklin,4144,163.0,1.0,Hockomock,Hockomock,3:00 P.M.,,0
2026-09-08,146382,FINAL,Bedford,4031,254.0,0.0,Westford,4421,241.0,1.0,Dual County,Dual County,3:00 P.M.,,0
2026-09-08,146718,FINAL,Blackstone Valley,4046,170.0,1.0,Hopedale,4507,159.0,0.0,CMAC,CMAC,3:00 P.M.,,0
2026-09-08,146824,FINAL,Groton-Dunstable,4160,152.0,1.0,North Middlesex,4286,189.0,0.0,Mid-Wach,Mid-Wach,4:00 P.M.,,0
2026-09-08,146851,FINAL,Millis,4251,278.0,0.0,Holliston,4174,231.0,1.0,Tri-Valley,Tri-Valley,3:00 P.M.,,0
2026-09-08,146854,UPCOMING,Holliston,4174,,,Bellingham,4033,,,Tri-Valley,Tri-Valley,3:00 P.M.,,0
2026-09-08,146879,FINAL,Nipmuc,4281,161.0,1.0,Keefe Tech,4191,182.0,0.0,CMAC,CMAC,3:00 P.M.,,0
2026-09-08,146958,FINAL,Leominster,4208,151.0,1.0,Marlborough,4233,184.0,0.0,Mid-Wach,Mid-Wach,3:30 P.M.,,0
2026-09-08,146982,FINAL,Hopkinton,4180,247.0,1.0,Medfield,4241,254.0,0.0,Tri-Valley,Tri-Valley,3:30 P.M.,,0
2026-09-08,147055,FINAL,Nashoba,4267,187.0,1.0,Wachusett,4400,205.0,0.0,Mid-Wach,Mid-Wach,3:30 P.M.,,0
2026-09-08,147157,UPCOMING,Milton,4252,,,Westwood,4424,,,Bay State,Tri-Valley,3:15 P.M.,,0
2026-09-08,147291,FINAL,Stoneham,4380,41.5,1.0,Burlington,4065,30.5,0.0,Middlesex,Middlesex,3:30 P.M.,,0
2026-09-08,147319,FINAL,Milford,4249,156.0,0.0,Canton,4071,141.0,1.0,Hockomock,Hockomock,3:00 P.M.,,0
2026-09-08,147443,FINAL,North Reading,4288,179.0,0.0,Essex Tech,4745,192.0,1.0,Cape Ann,Cape Ann,3:30 P.M.,,0
2026-09-08,147495,FINAL,Marblehead,4231,43.5,1.0,St. Mary’s,4374,28.5,0.0,Northeastern,Catholic Central,4:00 P.M.,,0
2026-09-08,147548,FINAL,Medford,4242,40.5,1.0,Lynn Classical,4220,31.5,0.0,Greater Boston,Greater Boston,4:00 P.M.,,0
2026-09-08,147611,FINAL,Pentucket,4309,124.0,0.0,Newburyport,4276,179.0,1.0,Cape Ann,Cape Ann,3:30 P.M.,,0
2026-09-08,147622,FINAL,Stoughton,4381,173.0,0.0,Sharon,4345,168.0,1.0,Hockomock,Independent,3:00 P.M.,,0
2026-09-08,147643,FINAL,Peabody,4306,24.0,0.0,Salem,4336,48.0,1.0,Northeastern,Northeastern,4:00 P.M.,,0
2026-09-08,147678,FINAL,Shrewsbury,4348,202.0,1.0,Westborough,4418,203.0,0.0,Mid-Wach,Mid-Wach,3:30 P.M.,,0
2026-09-08,147790,FINAL,Watertown,4409,30.0,0.0,Belmont,4034,52.0,1.0,Middlesex,Middlesex,3:30 P.M.,,0
2026-09-08,148062,FINAL,Rockland,4331,94.0,0.0,Cardinal Spellman,4075,82.0,1.0,South Shore,Catholic Central,3:20 P.M.,,0
2026-09-08,148114,FINAL,Beverly,4038,54.0,1.0,Winthrop,4437,18.0,0.0,Northeastern,Northeastern,4:00 P.M.,,0
2026-09-08,148138,FINAL,Duxbury,4123,246.0,0.0,Hingham,4171,233.0,1.0,Patriot,Patriot,3:10 P.M.,,0
2026-09-08,148167,FINAL,BC High,4029,231.0,1.0,Malden Catholic,4228,263.0,0.0,Catholic Conference,Catholic Conference,3:30 P.M.,,0
2026-09-08,148200,UPCOMING,Brookline,4059,,,Brockton,4058,,,Bay State,Big Three,3:45 P.M.,,0
2026-09-08,148225,FINAL,North Andover,4283,264.0,0.0,Central Catholic,4081,237.0,1.0,Merrimack Valley,Merrimack Valley,3:00 P.M.,,0
2026-09-08,148226,FINAL,Tewksbury,4389,279.0,0.0,Central Catholic,4081,237.0,1.0,Merrimack Valley,Merrimack Valley,3:00 P.M.,,0
2026-09-08,148250,FINAL,Rockport,4490,138.0,1.0,Georgetown,4148,94.0,0.0,Cape Ann,Cape Ann,3:30 P.M.,,0
2026-09-08,148410,FINAL,Foxborough,4142,162.0,1.0,Mansfield,4230,164.0,0.0,Hockomock,Hockomock,3:00 P.M.,,0
2026-09-08,148422,FINAL,West Bridgewater,4415,283.0,0.0,Greater New Bedford,4156,248.0,1.0,South Coast,South Coast,2:30 P.M.,,0
2026-09-08,148446,FINAL,Scituate,4343,235.0,1.0,Hanover,4164,258.0,0.0,Patriot,Patriot,3:30 P.M.,,0
2026-09-08,148670,UPCOMING,Newton North,4279,,,Braintree,4051,,,Bay State,Bay State,3:30 P.M.,,0
2026-09-08,148688,FINAL,Tewksbury,4389,279.0,0.0,North Andover,4283,264.0,1.0,Merrimack Valley,Merrimack Valley,3:00 P.M.,,0
2026-09-08,148709,UPCOMING,Barnstable,4024,,,Sandwich,4340,,,Pioneer,Cape & Islands,3:30 P.M.,,0
2026-09-08,148859,FINAL,Dover-Sherborn,4118,216.0,1.0,Norton,4295,222.0,0.0,Tri-Valley,Tri-Valley,4:00 P.M.,,0
2026-09-08,148871,UPCOMING,Quincy,4326,,,Pembroke,4308,,,Patriot,Patriot,3:20 P.M.,,0
2026-09-08,149104,FINAL,North Quincy,4287,243.0,0.0,Plymouth South,4316,236.0,1.0,Patriot,Patriot,3:00 P.M.,,0
2026-09-08,149146,FINAL,Silver Lake,4349,243.0,0.0,Whitman-Hanson,4427,228.0,1.0,Patriot,Patriot,3:30 P.M.,,0
2026-09-08,149167,FINAL,Somerset Berkley,4350,272.0,0.0,Old Rochester,4301,234.0,1.0,South Coast,South Coast,2:30 P.M.,,0
2026-09-08,149202,FINAL,Catholic Memorial,4080,252.0,0.0,St. John’s (Shrewsbury),4368,226.0,1.0,Catholic Conference,Catholic Conference,3:00 P.M.,,0
2026-09-08,149208,UPCOMING,South Shore Voc-Tech,4356,,,Southeastern,4358,,,Mayflower,Mayflower,3:00 P.M.,,0
2026-09-08,149284,FINAL,Natick,4270,205.0,0.0,Wellesley,4413,202.0,1.0,Bay State,Bay State,3:30 P.M.,,0
2026-09-08,149291,UPCOMING,Weymouth,4425,,,Needham,4272,,,Bay State,Bay State,3:15 P.M.,,0
2026-09-08,149371,FINAL,St. John’s Prep,4369,233.0,0.0,Xaverian,4446,229.0,1.0,Catholic Conference,Catholic Conference,3:00 P.M.,,0
2026-09-08,149373,FINAL,Easthampton,4130,166.0,1.0,Ware,4406,240.0,0.0,Bi-County,Suburban,3:00 P.M.,,0
2026-09-08,149440,UPCOMING,Gardner,4147,,,Maynard,4239,,,Mid-Wach,Mid-Wach,3:30 P.M.,,0
2026-09-08,149601,FINAL,Mt. Greylock,4262,160.0,0.0,Wahconah,4401,166.0,1.0,Berkshire,Berkshire,3:30 P.M.,,0
2026-09-08,149626,UPCOMING,David Prouty,4106,,,Oxford,4303,,,CMAC,CMAC,3:30 P.M.,,0
2026-09-08,149648,FINAL,East Longmeadow,4127,165.0,0.0,Pope Francis,4796,164.0,1.0,Valley League,Valley League,3:00 P.M.,,0
2026-09-08,149675,FINAL,Tyngsborough,4397,180.0,1.0,Quabbin,4325,185.0,0.0,Mid-Wach,Mid-Wach,3:30 P.M.,,0
2026-09-08,150088,FINAL,Amesbury,4007,148.0,0.0,Ipswich,4190,150.0,1.0,Cape Ann,Cape Ann,3:30 P.M.,,0
2026-09-08,150106,FINAL,Manchester Essex,4229,140.0,0.0,Hamilton-Wenham,4163,148.0,1.0,Cape Ann,Cape Ann,3:30 P.M.,,0
2026-09-08,150109,FINAL,Mashpee,4237,258.0,0.0,St. John Paul II,4689,247.0,1.0,South Shore,Cape & Islands,3:30 P.M.,,0
2026-09-08,150110,FINAL,Minnechaug,4254,148.0,1.0,Agawam,4004,161.0,0.0,Valley League,Valley League,,,0
2026-09-08,150112,FINAL,Fitchburg,4139,194.0,0.0,Hudson,4182,156.0,1.0,Mid-Wach,Mid-Wach,,,0
2026-09-08,150113,FINAL,Monty Tech,4259,152.0,1.0,Worcester Tech,4445,175.0,0.0,CMAC,CMAC,,,0
2026-09-08,150114,FINAL,Bay Path,4027,157.0,1.0,Millbury,4250,195.0,0.0,CMAC,CMAC,,,0
2026-09-08,150116,FINAL,Auburn,4019,154.0,1.0,Uxbridge,4398,186.0,0.0,CMAC,CMAC,,,0
2026-09-08,150119,FINAL,Ayer Shirley,4022,150.0,1.0,Tahanto,4513,189.0,0.0,Mid-Wach,Mid-Wach,,,0
2026-09-08,150122,FINAL,Clinton,4093,182.0,0.0,Littleton,4212,171.0,1.0,Mid-Wach,Mid-Wach,,,0
2026-09-08,150125,FINAL,Sutton,4512,171.0,1.0,Douglas,4506,187.0,0.0,CMAC,CMAC,,,0
2026-09-08,150127,FINAL,Mohawk Trail,4258,180.0,0.0,Westfield Tech,4420,168.0,1.0,Bi-County,Bi-County,,,0
2026-09-08,150130,FINAL,Pioneer Valley,4536,175.0,0.0,Smith Voc.,4539,174.0,1.0,Bi-County,Independent,,,0
2026-09-08,150131,FINAL,Frontier,4146,162.0,1.0,Amherst-Pelham,4008,170.0,0.0,Suburban,Suburban,,,0
2026-09-08,150134,FINAL,Longmeadow,4214,140.0,1.0,South Hadley,4353,195.0,0.0,Valley League,Suburban,,,0
2026-09-08,150137,FINAL,Taconic,4385,167.0,1.0,Hoosac Valley/Drury,4178,176.0,0.0,Berkshire,Berkshire,,,0
2026-09-08,150139,FINAL,Northampton,4291,164.0,0.0,Westfield,4419,156.0,1.0,Suburban,Valley League,,,0
2026-09-08,150158,FINAL,West Springfield,4417,152.0,1.0,Chicopee Comprehensive,4089,161.0,0.0,Valley League,Suburban,,,0
2026-09-08,150184,UPCOMING,Bartlett,4026,,,Quaboag,4510,,,CMAC,CMAC,3:00 P.M.,,0
2026-09-08,150389,FINAL,Lynn English,4221,35.0,0.0,Somerville,4351,37.0,1.0,Greater Boston,Greater Boston,,,0
2026-09-09,146225,UPCOMING,Attleboro,4018,,,Franklin,4144,,,Hockomock,Hockomock,2:20 P.M.,,0
2026-09-09,146263,FINAL,Andover,4009,231,1,Chelmsford,4085,237,0,Merrimack Valley,Merrimack Valley,3:00 P.M.,,0
2026-09-09,146278,FINAL,Waltham,4405,238,0,Concord-Carlisle,4097,232,1,Dual County,Dual County,3:30 P.M.,,0
2026-09-09,146331,FINAL,Newton North,4279,241,0,Framingham,4143,256,1,Bay State,Bay State,3:30 P.M.,,0
2026-09-09,146385,FINAL,Weston,4423,244,1,Bedford,4031,269,0,Dual County,Dual County,3:30 P.M.,,0
2026-09-09,146721,UPCOMING,Nipmuc,4281,,,Blackstone Valley,4046,,,CMAC,CMAC,3:00 P.M.,,0
2026-09-09,146742,FINAL,Old Colony,4300,2,0,Blue Hills,4047,7,1,Mayflower,Mayflower,2:45 P.M.,,0
2026-09-09,146880,FINAL,Keefe Tech,4191,176,0,Whitinsville Christian,4487,150,1,CMAC,CMAC,3:15 P.M.,,0
2026-09-09,146955,FINAL,Marlborough,4233,183,1,Millbury,4250,185,0,Mid-Wach,CMAC,4:00 P.M.,,0
2026-09-09,147003,FINAL,Dover-Sherborn,4118,206,1,Hopkinton,4180,227,0,Tri-Valley,Tri-Valley,4:00 P.M.,,0
2026-09-09,147041,FINAL,Foxborough,4142,160,0,King Philip,4197,169,1,Hockomock,Hockomock,3:00 P.M.,,0
2026-09-09,147058,FINAL,Wachusett,4400,196,0,Nashoba,4267,186,1,Mid-Wach,Mid-Wach,3:30 P.M.,,0
2026-09-09,147074,FINAL,Norwood,4297,226,1,Weymouth,4425,238,0,Tri-Valley,Bay State,3:30 P.M.,,0
2026-09-09,147094,FINAL,St. Paul,4954,165,1,Monty Tech,4259,168,0,CMAC,CMAC,3:15 P.M.,,0
2026-09-09,147121,FINAL,Shawsheen,4346,157,1,Minuteman,4255,138,0,Commonwealth,Independent,3:00 P.M.,,0
2026-09-09,147142,UPCOMING,Wayland,4411,,,Cambridge,4067,,,Dual County,Dual County,3:30 P.M.,,0
2026-09-09,147219,UPCOMING,Lexington,4209,,,Stoneham,4380,,,Middlesex,Middlesex,3:45 P.M.,,0
2026-09-09,147243,FINAL,Billerica,4040,233,0,Dracut,4119,280,1,Merrimack Valley,Merrimack Valley,3:00 P.M.,,0
2026-09-09,147244,FINAL,Billerica,4040,233,0,North Andover,4283,232,1,Merrimack Valley,Merrimack Valley,3:00 P.M.,,0
2026-09-09,147357,FINAL,Newton South,4280,228,1,Lincoln-Sudbury,4211,229,0,Dual County,Dual County,3:00 P.M.,,0
2026-09-09,147359,FINAL,Danvers,4103,33,0,Masconomet,4236,39,1,Northeastern,Northeastern,3:00 P.M.,,0
2026-09-09,147393,FINAL,North Andover,4283,232,0,Dracut,4119,280,1,Merrimack Valley,Merrimack Valley,3:00 P.M.,,0
2026-09-09,147400,FINAL,Milford,4249,158,0,Taunton,4388,146,1,Hockomock,Hockomock,3:00 P.M.,,0
2026-09-09,147498,FINAL,Marblehead,4231,43.5,1,Beverly,4038,28.5,0,Northeastern,Northeastern,4:00 P.M.,,0
2026-09-09,147614,FINAL,Newburyport,4276,181,1,Lynnfield,4223,156,0,Cape Ann,Cape Ann,3:30 P.M.,,0
2026-09-09,147690,FINAL,St. John’s (Shrewsbury),4368,177,1,Shrewsbury,4348,201,0,Catholic Conference,Mid-Wach,3:15 P.M.,,0
2026-09-09,147725,UPCOMING,South Shore Voc-Tech,4356,,,Southeastern,4358,,,Mayflower,Mayflower,3:00 P.M.,,0
2026-09-09,147750,FINAL,Walpole,4404,238,1,Braintree,4051,250,0,Bay State,Bay State,3:30 P.M.,,0
2026-09-09,147778,FINAL,Westford,4421,223,1,Boston Latin,4049,250,0,Dual County,Dual County,3:30 P.M.,,0
2026-09-09,147792,FINAL,Andover,4009,231,1,Tewksbury,4389,262,0,Merrimack Valley,Merrimack Valley,3:00 P.M.,,0
2026-09-09,147821,FINAL,Dighton-Rehoboth,4114,278,0,Apponequet,4011,259,1,South Coast,South Coast,3:30 P.M.,,0
2026-09-09,147836,UPCOMING,Old Rochester,4301,,,Apponequet,4011,,,South Coast,South Coast,3:30 P.M.,,0
2026-09-09,147890,UPCOMING,Bristol-Plymouth,4057,,,Cape Cod Tech,4073,,,Mayflower,Mayflower,3:00 P.M.,,0
2026-09-09,148083,FINAL,Barnstable,4024,121,0,Dartmouth,4105,123,1,Pioneer,Pioneer,3:30 P.M.,,0
2026-09-09,148139,FINAL,Marshfield,4234,248,0,Duxbury,4123,240,1,Patriot,Patriot,3:30 P.M.,,0
2026-09-09,148203,FINAL,Brookline,4059,237,0,Natick,4270,233,1,Bay State,Bay State,3:30 P.M.,,0
2026-09-09,148229,FINAL,Central Catholic,4081,237,1,Haverhill,4167,279,0,Merrimack Valley,Merrimack Valley,3:00 P.M.,,0
2026-09-09,148283,FINAL,Falmouth,4134,250,1,Dennis-Yarmouth,4111,261,0,Cape & Islands,Cape & Islands,3:30 P.M.,,0
2026-09-09,148589,UPCOMING,Shepherd Hill,4347,,,North Middlesex,4286,,,Mid-Wach,Mid-Wach,3:30 P.M.,,0
2026-09-09,148591,FINAL,Clinton,4093,182,1,Tyngsborough,4397,191,0,Mid-Wach,Mid-Wach,3:00 P.M.,,0
2026-09-09,148592,UPCOMING,Lowell,4216,,,Methuen,4246,,,Merrimack Valley,Merrimack Valley,3:00 P.M.,,0
2026-09-09,148745,UPCOMING,New Bedford,4273,,,Bridgewater-Raynham,4053,,,Big Three,Pioneer,3:15 P.M.,,0
2026-09-09,148801,FINAL,Quincy,4326,276,0,Hanover,4164,236,1,Patriot,Patriot,3:20 P.M.,,0
2026-09-09,148873,UPCOMING,Pembroke,4308,,,Plymouth South,4316,,,Patriot,Patriot,4:00 P.M.,,0
2026-09-09,149120,FINAL,Scituate,4343,241,1,North Quincy,4287,277,0,Patriot,Patriot,3:30 P.M.,,0
2026-09-09,149210,UPCOMING,Diman,4115,,,Upper Cape,4457,,,Mayflower,Mayflower,2:45 P.M.,,0
2026-09-09,149255,FINAL,Whitman-Hanson,4427,218,1,Plymouth North,4315,241,0,Patriot,Patriot,3:30 P.M.,,0
2026-09-09,149312,FINAL,Belchertown,4032,170,0,Hampshire,4518,163,1,Suburban,Suburban,3:00 P.M.,,0
2026-09-09,149362,UPCOMING,Wellesley,4413,,,Weymouth,4425,,,Bay State,Bay State,3:30 P.M.,,0
2026-09-09,149375,FINAL,Monson,4429,186,0,Easthampton,4130,167,1,Suburban,Bi-County,3:00 P.M.,,0
2026-09-09,149405,UPCOMING,Frontier,4146,,,Amherst-Pelham,4008,,,Suburban,Suburban,3:00 P.M.,,0
2026-09-09,149515,UPCOMING,Bartlett,4026,,,Leicester,4207,,,CMAC,CMAC,3:30 P.M.,,0
2026-09-09,149678,FINAL,Oakmont,4299,171,1,Quabbin,4325,182,0,Mid-Wach,Mid-Wach,3:30 P.M.,,0
2026-09-09,150208,FINAL,Assabet,4016,188,0,St. Bernard’s,4365,143,1,CMAC,CMAC,2:15 P.M.,,0
2026-09-09,150226,FINAL,Smith Voc.,4539,166,1,Turners Falls,4396,195,0,Independent,Bi-County,3:00 P.M.,,0
2026-09-09,150299,FINAL,East Longmeadow,4127,170,0,Tantasqua,4387,162,1,Valley League,CMAC,3:30 P.M.,,0
2026-09-09,150331,FINAL,Malden Catholic,4228,239,0,Xaverian,4446,209,1,Catholic Conference,Catholic Conference,2:45 P.M.,,0
2026-09-09,150343,FINAL,Norwell,4296,111,1,East Bridgewater,4126,89,0,South Shore,South Shore,,,0
2026-09-09,150348,FINAL,Abington,4002,122,1,Rockland,4331,98,0,South Shore,South Shore,,,0
2026-09-09,150372,FINAL,Tewksbury,4389,279,0,Chelmsford,4085,237,1,Merrimack Valley,Merrimack Valley,,,0
2026-09-09,150385,FINAL,Needham,4272,233,0,Milton,4252,229,1,Bay State,Bay State,,,0
2026-09-09,150391,FINAL,Everett,4132,15,0,Stoneham,4380,57,1,Greater Boston,Middlesex,,,0
2026-09-09,150393,FINAL,Everett,4132,15,0,Somerville,4351,57,1,Greater Boston,Greater Boston,,,0
2026-09-10,146199,FINAL,Algonquin,4005,201,0,Nashoba,4267,198,1,Mid-Wach,Mid-Wach,3:30 P.M.,,0
2026-09-10,146249,FINAL,Bishop Feehan,4042,256,0,St. John’s (Shrewsbury),4368,246,1,Catholic Central,Catholic Conference,2:30 P.M.,,0
2026-09-10,146307,FINAL,St. Paul,4954,172,1,Doherty,4116,179,0,CMAC,CMAC,3:00 P.M.,,0
2026-09-10,146743,UPCOMING,Blue Hills,4047,,,Norfolk Aggie,4458,,,Mayflower,Mayflower,2:30 P.M.,,0
2026-09-10,146768,FINAL,Dedham,4108,281,0,Dover-Sherborn,4118,222,1,Tri-Valley,Tri-Valley,3:45 P.M.,,0
2026-09-10,146797,FINAL,Grafton,4153,207,0,Shrewsbury,4348,195,1,Mid-Wach,Mid-Wach,3:00 P.M.,,0
2026-09-10,146827,FINAL,Groton-Dunstable,4160,150,1,Leominster,4208,169,0,Mid-Wach,Mid-Wach,4:00 P.M.,,0
2026-09-10,146857,FINAL,Medfield,4241,235,1,Holliston,4174,254,0,Tri-Valley,Tri-Valley,4:00 P.M.,,0
2026-09-10,146881,FINAL,Keefe Tech,4191,174,0,Hopedale,4507,152,1,CMAC,CMAC,3:15 P.M.,,0
2026-09-10,146960,FINAL,Marlborough,4233,191,0,Shepherd Hill,4347,165,1,Mid-Wach,Mid-Wach,4:00 P.M.,,0
2026-09-10,147036,FINAL,Norwood,4297,215,1,Medway,4243,242,0,Tri-Valley,Tri-Valley,3:30 P.M.,,0
2026-09-10,147122,FINAL,Shawsheen,4346,148,1,Greater Lowell,4155,136,0,Commonwealth,Commonwealth,3:00 P.M.,,0
2026-09-10,147277,FINAL,Bishop Fenwick,4043,166,0,Danvers,4103,172,1,Catholic Central,Northeastern,4:00 P.M.,,0
2026-09-10,147322,UPCOMING,Canton,4071,,,Foxborough,4142,,,Hockomock,Hockomock,3:15 P.M.,,0
2026-09-10,147362,FINAL,Westford,4421,226,1,Lincoln-Sudbury,4211,242,0,Dual County,Dual County,3:30 P.M.,,0
2026-09-10,147463,FINAL,Gloucester,4150,45,1,Saugus,4341,27,0,Northeastern,Northeastern,3:30 P.M.,,0
2026-09-10,147499,FINAL,Marblehead,4231,66,1,Peabody,4306,6,0,Northeastern,Northeastern,4:00 P.M.,,0
2026-09-10,147617,FINAL,Newburyport,4276,182,1,Triton,4395,160,0,Cape Ann,Cape Ann,3:30 P.M.,,0
2026-09-10,147674,FINAL,Cardinal Spellman,4075,126,0,St. Mary’s,4374,211,1,Catholic Central,Catholic Central,2:30 P.M.,,0
2026-09-10,147707,UPCOMING,Wakefield,4402,,,Winchester,4434,,,Middlesex,Middlesex,3:30 P.M.,,0
2026-09-10,147728,FINAL,Southeastern,4358,4.5,2,Old Colony,4300,4.5,2,Mayflower,Mayflower,2:00 P.M.,,0
2026-09-10,147753,UPCOMING,Braintree,4051,,,Walpole,4404,,,Bay State,Bay State,3:30 P.M.,,0
2026-09-10,147804,FINAL,Central Catholic,4081,250,1,Andover,4009,254,0,Merrimack Valley,Merrimack Valley,3:00 P.M.,,0
2026-09-10,147805,UPCOMING,Belmont,4034,,,Woburn,4438,,,Middlesex,Middlesex,3:30 P.M.,,0
2026-09-10,147876,UPCOMING,Westport,4461,,,Bristol-Plymouth,4057,,,Mayflower,Mayflower,3:30 P.M.,,0
2026-09-10,147891,UPCOMING,Cape Cod Tech,4073,,,Diman,4115,,,Mayflower,Mayflower,3:00 P.M.,,0
2026-09-10,148086,UPCOMING,Bridgewater-Raynham,4053,,,Dartmouth,4105,,,Pioneer,Pioneer,3:15 P.M.,,0
2026-09-10,148115,FINAL,Somerset Berkley,4350,267,1,Dighton-Rehoboth,4114,283,0,South Coast,South Coast,2:30 P.M.,,0
2026-09-10,148141,FINAL,Plymouth South,4316,264,0,Duxbury,4123,245,1,Patriot,Patriot,3:10 P.M.,,0
2026-09-10,148168,FINAL,BC High,4029,223,1,Catholic Memorial,4080,240,0,Catholic Conference,Catholic Conference,3:30 P.M.,,0
2026-09-10,148327,FINAL,North Andover,4283,241,1,Haverhill,4167,288,0,Merrimack Valley,Merrimack Valley,3:00 P.M.,,0
2026-09-10,148595,FINAL,North Andover,4283,241,1,Lowell,4216,262,0,Merrimack Valley,Merrimack Valley,3:00 P.M.,,0
2026-09-10,148627,FINAL,Methuen,4246,132,1,Greater Lawrence,4154,124,0,Merrimack Valley,Commonwealth,3:30 P.M.,,0
2026-09-10,148673,FINAL,Newton North,4279,243,0,Natick,4270,220,1,Bay State,Bay State,3:30 P.M.,,0
2026-09-10,148711,UPCOMING,Martha’s Vineyard,4235,,,Barnstable,4024,,,Cape & Islands,Pioneer,3:30 P.M.,,0
2026-09-10,148756,FINAL,Durfee,4122,106,1,Brockton,4058,59,0,Big Three,Big Three,3:15 P.M.,,0
2026-09-10,148836,UPCOMING,Middleborough,4247,,,Rockland,4331,,,South Shore,South Shore,3:30 P.M.,,0
2026-09-10,148874,UPCOMING,Marshfield,4234,,,Pembroke,4308,,,Patriot,Patriot,3:30 P.M.,,0
2026-09-10,149123,FINAL,Scituate,4343,239,1,Silver Lake,4349,257,0,Patriot,Patriot,3:30 P.M.,,0
2026-09-10,149213,UPCOMING,Tri-County,4392,,,South Shore Voc-Tech,4356,,,Mayflower,Mayflower,2:30 P.M.,,0
2026-09-10,149252,FINAL,North Quincy,4287,242,0,Hingham,4171,223,1,Patriot,Patriot,3:00 P.M.,,0
2026-09-10,149266,FINAL,Mansfield,4230,150,0,Oliver Ames,4302,155,1,Hockomock,Hockomock,3:30 P.M.,,0
2026-09-10,149346,UPCOMING,Quincy,4326,,,Plymouth North,4315,,,Patriot,Patriot,3:20 P.M.,,0
2026-09-10,149407,FINAL,West Springfield,4417,169,1,Frontier,4146,180,0,Valley League,Suburban,3:00 P.M.,,0
2026-09-10,149442,FINAL,Tahanto,4513,206,0,Gardner,4147,183,1,Mid-Wach,Mid-Wach,3:30 P.M.,,0
2026-09-10,149473,FINAL,Mohawk Trail,4258,186,0,Hampshire,4518,174,1,Bi-County,Suburban,3:00 P.M.,,0
2026-09-10,149516,FINAL,Leicester,4207,161,1,David Prouty,4106,217,0,CMAC,CMAC,3:30 P.M.,,0
2026-09-10,149604,FINAL,Lenox,4532,165,0,Mt. Greylock,4262,156,1,Berkshire,Berkshire,3:30 P.M.,,0
2026-09-10,149650,FINAL,Pope Francis,4796,161,2,Westfield,4419,161,2,Valley League,Valley League,3:00 P.M.,,0
2026-09-10,150186,FINAL,Quaboag,4510,198,0,Tantasqua,4387,146,1,CMAC,CMAC,2:30 P.M.,,0
2026-09-10,150258,UPCOMING,Monson,4429,,,South Hadley,4353,,,Suburban,Suburban,3:30 P.M.,,0
2026-09-10,150406,FINAL,West Bridgewater,4415,241,1,Fairhaven,4133,268,0,South Coast,South Coast,2:30 P.M.,,0
2026-09-10,150409,FINAL,Joseph Case,4078,266,0,Bourne,4050,255,1,South Coast,South Coast,2:30 P.M.,,0
2026-09-10,150410,FINAL,Sandwich,4340,233,1,St. John Paul II,4689,251,0,Cape & Islands,Cape & Islands,3:00 P.M.,,0
2026-09-10,150414,FINAL,Assabet,4016,186,0,Worcester Tech,4445,169,1,CMAC,CMAC,2:15 P.M.,,0
2026-09-10,150415,FINAL,Lynnfield,4223,206,1,North Reading,4288,189,0,Cape Ann,Cape Ann,2:50 P.M.,,0
2026-09-10,150418,FINAL,Longmeadow,4214,142,0,Northampton,4291,179,1,Valley League,Suburban,3:00 P.M.,,0
2026-09-10,150419,FINAL,East Longmeadow,4127,161,0,Agawam,4004,150,1,Valley League,Valley League,3:00 P.M.,,0
2026-09-10,150420,UPCOMING,Cohasset,4094,,,Carver,4077,,,South Shore,South Shore,3:00 P.M.,,0
2026-09-10,150421,FINAL,Pioneer Valley,4536,180,0,Hopkins,4531,190,1,Bi-County,Bi-County,3:00 P.M.,,0
2026-09-10,150425,UPCOMING,Nashoba Valley Tech,4268,,,Minuteman,4255,,,Commonwealth,Independent,3:00 P.M.,,0
2026-09-10,150427,FINAL,St. John’s Prep,4369,241,1,Malden Catholic,4228,281,0,Catholic Conference,Catholic Conference,3:00 P.M.,,0
2026-09-10,150430,FINAL,Arlington Catholic,4014,194,0,Archbishop Williams,4012,187,1,Catholic Central,Catholic Central,3:00 P.M.,,0
2026-09-10,150433,FINAL,Bishop Stang,4045,250,1,New Bedford,4273,309,0,Catholic Central,Big Three,3:15 P.M.,,0
2026-09-10,150434,FINAL,Seekonk,4344,271,0,Old Rochester,4301,241,1,South Coast,South Coast,3:30 P.M.,,0
2026-09-10,150436,FINAL,Clinton,4093,177,0,Bromfield,4505,176,1,Mid-Wach,Mid-Wach,3:00 P.M.,,0
2026-09-10,150437,UPCOMING,Maynard,4239,,,Hudson,4182,,,Mid-Wach,Mid-Wach,3:00 P.M.,,0
2026-09-10,150439,FINAL,Tyngsborough,4397,185,0,Littleton,4212,167,1,Mid-Wach,Mid-Wach,3:30 P.M.,,0
2026-09-10,150441,FINAL,Rockport,4490,134,0,Hamilton-Wenham,4163,144,1,Cape Ann,Cape Ann,3:30 P.M.,,0
2026-09-10,150442,FINAL,Amesbury,4007,157,1,Manchester Essex,4229,116,0,Cape Ann,Cape Ann,3:30 P.M.,,0
2026-09-10,150443,FINAL,Falmouth,4134,261,0,Nauset,4271,256,1,Cape & Islands,Cape & Islands,3:30 P.M.,,0
2026-09-10,150446,FINAL,Auburn,4019,156,1,Millbury,4250,208,0,CMAC,CMAC,3:30 P.M.,,0
2026-09-10,150448,FINAL,Monty Tech,4259,159,1,Ayer Shirley,4022,160,0,CMAC,Mid-Wach,3:30 P.M.,,0
2026-09-10,150450,FINAL,Wellesley,4413,209,1,Weymouth,4425,236,0,Bay State,Bay State,3:30 P.M.,,0
2026-09-10,150452,FINAL,Lynn Classical,4220,33,0,Somerville,4351,39,1,Greater Boston,Greater Boston,3:45 P.M.,,0
2026-09-10,150457,UPCOMING,Advanced Math and Science,4595,,,Nipmuc,4281,,,CMAC,CMAC,3:45 P.M.,,0
2026-09-10,150460,FINAL,Everett,4132,15,0,Medford,4242,56,1,Greater Boston,Greater Boston,4:00 P.M.,,0
2026-09-10,150466,FINAL,Winthrop,4437,28,0,Swampscott,4383,44,1,Northeastern,Northeastern,4:00 P.M.,,0
2026-09-10,150472,FINAL,Oakmont,4299,166,1,North Middlesex,4286,182,0,Mid-Wach,Mid-Wach,4:00 P.M.,,0
2026-09-10,150481,FINAL,Sturgis East,4456,294,0,Nantucket,4265,268,1,Cape & Islands,Cape & Islands,3:30 P.M.,,0
2026-09-11,147042,FINAL,King Philip,4197,146,1,Mansfield,4230,158,0,Hockomock,Hockomock,3:15 P.M.,,0
2026-09-11,147124,FINAL,Shawsheen,4346,37.5,1,Arlington,4013,34.5,0,Commonwealth,Middlesex,3:30 P.M.,,0
2026-09-11,147174,FINAL,Advanced Math and Science,4595,152,1,Whitinsville Christian,4487,160,0,CMAC,CMAC,3:15 P.M.,,0
2026-09-11,147294,UPCOMING,Burlington,4065,,,Reading,4328,,,Middlesex,Middlesex,3:30 P.M.,,0
2026-09-11,147767,UPCOMING,Wachusett,4400,,,Westborough,4418,,,Mid-Wach,Mid-Wach,3:30 P.M.,,0
2026-09-11,147824,FINAL,Greater New Bedford,4156,279,0,Apponequet,4011,256,1,South Coast,South Coast,3:15 P.M.,,0
2026-09-11,148746,UPCOMING,Bridgewater-Raynham,4053,,,Bristol-Plymouth,4057,,,Pioneer,Mayflower,3:15 P.M.,,0
2026-09-11,148838,UPCOMING,Middleborough,4247,,,New Bedford,4273,,,South Shore,Big Three,3:15 P.M.,,0
2026-09-11,149218,UPCOMING,Joseph Case,4078,,,Diman,4115,,,South Coast,Mayflower,3:30 P.M.,,0
2026-09-11,149315,FINAL,Belchertown,4032,171,0,Ludlow,4218,159,1,Suburban,Valley League,3:00 P.M.,,0
2026-09-11,149410,FINAL,Franklin County Tech,4145,156,1,Frontier,4146,185,0,Bi-County,Suburban,2:40 P.M.,,0
2026-09-11,149478,FINAL,Hampshire,4518,156,1,Northampton,4291,177,0,Suburban,Suburban,3:00 P.M.,,0
2026-09-11,149629,FINAL,Oxford,4303,199,1,Tantasqua,4387,145,0,CMAC,CMAC,3:00 P.M.,,0
2026-09-11,150189,UPCOMING,Monson,4429,,,Quaboag,4510,,,Suburban,CMAC,3:00 P.M.,,0
2026-09-11,150316,UPCOMING,Wahconah,4401,,,Lee,4206,,,Berkshire,Berkshire,3:30 P.M.,,0
2026-09-11,150557,FINAL,Uxbridge,4398,195,1,Douglas,4506,172,0,CMAC,CMAC,,,0
2026-09-13,147007,UPCOMING,Bellingham,4033,,,Hopkinton,4180,,,Tri-Valley,Tri-Valley,3:45 P.M.,,0
2026-09-14,146028,FINAL,Acton-Boxborough,4003,231,1,Boston Latin,4049,256,0,Dual County,Dual County,3:30 P.M.,,0
2026-09-14,146202,FINAL,Hudson,4182,163,0,Algonquin,4005,156,1,Mid-Wach,Mid-Wach,3:30 P.M.,,0
2026-09-14,146227,FINAL,Attleboro,4018,157,0,Taunton,4388,156,1,Hockomock,Hockomock,2:20 P.M.,,0
2026-09-14,146265,POSTPONED,Chelmsford,4085,,,Central Catholic,4081,,,Merrimack Valley,Merrimack Valley,3:00 P.M.,,0
2026-09-14,146281,FINAL,Westford,4421,237,1,Concord-Carlisle,4097,244,0,Dual County,Dual County,3:30 P.M.,,0
2026-09-14,146332,FINAL,Wellesley,4413,228,1,Framingham,4143,266,0,Bay State,Bay State,3:30 P.M.,,0
2026-09-14,146367,FINAL,Ashland,4015,240,0,Medfield,4241,215,1,Tri-Valley,Tri-Valley,3:45 P.M.,,0
2026-09-14,146722,FINAL,Blackstone Valley,4046,170,1,Keefe Tech,4191,184,0,CMAC,CMAC,3:00 P.M.,,0
2026-09-14,146746,UPCOMING,South Shore Voc-Tech,4356,,,Blue Hills,4047,,,Mayflower,Mayflower,3:00 P.M.,,0
2026-09-14,146828,FINAL,Groton-Dunstable,4160,149,0,Bromfield,4505,179,1,Mid-Wach,Mid-Wach,4:00 P.M.,,0
2026-09-14,146909,UPCOMING,Minuteman,4255,,,Lowell Catholic,4217,,,Independent,Independent,4:10 P.M.,,0
2026-09-14,146983,FINAL,Millis,4251,282,0,Medfield,4241,215,1,Tri-Valley,Tri-Valley,3:45 P.M.,,0
2026-09-14,147059,FINAL,Nashoba,4267,196,1,Leominster,4208,220,0,Mid-Wach,Mid-Wach,3:30 P.M.,,0
2026-09-14,147076,FINAL,Dover-Sherborn,4118,209,1,Norwood,4297,232,0,Tri-Valley,Tri-Valley,4:00 P.M.,,0
2026-09-14,147095,FINAL,Worcester Tech,4445,181,0,St. Paul,4954,178,1,CMAC,CMAC,3:00 P.M.,,0
2026-09-14,147161,FINAL,Westwood,4424,242,1,Bellingham,4033,258,0,Tri-Valley,Tri-Valley,3:30 P.M.,,0
2026-09-14,147205,FINAL,Arlington Catholic,4014,189,0,Bishop Fenwick,4043,156,1,Catholic Central,Catholic Central,,,0
2026-09-14,147220,FINAL,Wilmington,4432,32.5,0,Lexington,4209,39.5,1,Middlesex,Middlesex,3:30 P.M.,,0
2026-09-14,147325,FINAL,Mansfield,4230,147,0,Canton,4071,138,1,Hockomock,Hockomock,3:30 P.M.,,0
2026-09-14,147364,FINAL,Danvers,4103,32.5,0,Beverly,4038,39.5,1,Northeastern,Northeastern,3:00 P.M.,,0
2026-09-14,147398,UPCOMING,Dracut,4119,,,Central Catholic,4081,,,Merrimack Valley,Merrimack Valley,3:00 P.M.,,0
2026-09-14,147403,UPCOMING,Milford,4249,,,Stoughton,4381,,,Hockomock,Hockomock,3:00 P.M.,,0
2026-09-14,147521,UPCOMING,Danvers,4103,,,Masconomet,4236,,,Northeastern,Northeastern,3:30 P.M.,,0
2026-09-14,147677,FINAL,St. Mary’s,4374,168,1,Archbishop Williams,4012,165,0,Catholic Central,Catholic Central,3:00 P.M.,,0
2026-09-14,147878,UPCOMING,Bristol-Plymouth,4057,,,Bridgewater-Raynham,4053,,,Mayflower,Pioneer,3:15 P.M.,,0
2026-09-14,148043,FINAL,Upper Cape,4457,0,0,Cape Cod Tech,4073,9,1,Mayflower,Mayflower,3:00 P.M.,,0
2026-09-14,148063,FINAL,Martha’s Vineyard,4235,231,1,Cardinal Spellman,4075,312,0,Cape & Islands,Catholic Central,3:15 P.M.,,0
2026-09-14,148079,FINAL,Stoneham,4380,26,0,Arlington,4013,46,1,Middlesex,Middlesex,3:30 P.M.,,0
2026-09-14,148116,POSTPONED,Dighton-Rehoboth,4114,,,North Attleborough,4284,,,South Coast,Hockomock,3:00 P.M.,,0
2026-09-14,148142,FINAL,Duxbury,4123,243,0,Whitman-Hanson,4427,239,1,Patriot,Patriot,3:10 P.M.,,0
2026-09-14,148172,FINAL,BC High,4029,243,0,Xaverian,4446,236,1,Catholic Conference,Catholic Conference,3:30 P.M.,,0
2026-09-14,148205,FINAL,Newton North,4279,235,0,Brookline,4059,217,1,Bay State,Bay State,3:30 P.M.,,0
2026-09-14,148284,FINAL,St. John Paul II,4689,236,0,Falmouth,4134,233,1,Cape & Islands,Cape & Islands,3:30 P.M.,,0
2026-09-14,148629,FINAL,Tewksbury,4389,238,1,Methuen,4246,267,0,Merrimack Valley,Merrimack Valley,3:00 P.M.,,0
2026-09-14,148686,FINAL,Waltham,4405,241,0,Newton South,4280,229,1,Dual County,Dual County,4:00 P.M.,,0
2026-09-14,148694,FINAL,St. John’s (Shrewsbury),4368,222,1,St. John’s Prep,4369,225,0,Catholic Conference,Catholic Conference,3:15 P.M.,,0
2026-09-14,148713,FINAL,Sandwich,4340,246,1,Barnstable,4024,251,0,Cape & Islands,Pioneer,3:00 P.M.,,0
2026-09-14,148729,UPCOMING,Needham,4272,,,Braintree,4051,,,Bay State,Bay State,3:30 P.M.,,0
2026-09-14,148805,FINAL,Hanover,4164,239,1,Plymouth South,4316,259,0,Patriot,Patriot,3:20 P.M.,,0
2026-09-14,148839,FINAL,East Bridgewater,4126,101,0,Middleborough,4247,102,1,South Shore,South Shore,3:30 P.M.,,0
2026-09-14,148876,FINAL,North Quincy,4287,236,0,Pembroke,4308,227,1,Patriot,Patriot,3:00 P.M.,,0
2026-09-14,149086,FINAL,Monomoy,4706,275,0,Nauset,4271,255,1,Cape & Islands,Cape & Islands,3:30 P.M.,,0
2026-09-14,149124,FINAL,Scituate,4343,230,0,Quincy,4326,299,1,Patriot,Patriot,3:30 P.M.,,0
2026-09-14,149149,FINAL,Plymouth North,4315,248,0,Silver Lake,4349,242,1,Patriot,Patriot,3:00 P.M.,,0
2026-09-14,149220,FINAL,Diman,4115,6,0,Westport,4461,3,1,Mayflower,Mayflower,3:00 P.M.,,0
2026-09-14,149253,FINAL,Marshfield,4234,241,0,Hingham,4171,230,1,Patriot,Patriot,3:30 P.M.,,0
2026-09-14,149317,FINAL,Amherst-Pelham,4008,175,0,Belchertown,4032,165,1,Suburban,Suburban,3:30 P.M.,,0
2026-09-14,149411,FINAL,Chicopee Comprehensive,4089,162,1,Frontier,4146,180,0,Suburban,Suburban,3:00 P.M.,,0
2026-09-14,149479,FINAL,Ludlow,4218,165,1,Hampshire,4518,174,0,Valley League,Suburban,3:00 P.M.,,0
2026-09-14,149606,UPCOMING,Hoosac Valley/Drury,4178,,,Mt. Greylock,4262,,,Berkshire,Berkshire,3:30 P.M.,,0
2026-09-14,149651,FINAL,Northampton,4291,165,0,Pope Francis,4796,161,1,Suburban,Valley League,3:30 P.M.,,0
2026-09-14,149681,FINAL,Quabbin,4325,193,0,Littleton,4212,169,1,Mid-Wach,Mid-Wach,3:00 P.M.,,0
2026-09-14,150192,FINAL,David Prouty,4106,223,0,Quaboag,4510,209,1,CMAC,CMAC,3:30 P.M.,,0
2026-09-14,150227,FINAL,Athol,4017,214,0,Smith Voc.,4539,183,1,Independent,Independent,3:00 P.M.,,0
2026-09-14,150261,FINAL,East Longmeadow,4127,169,1,South Hadley,4353,194,0,Valley League,Suburban,3:00 P.M.,,0
2026-09-14,150283,UPCOMING,West Springfield,4417,,,Southwick,4519,,,Valley League,Valley League,3:00 P.M.,,0
2026-09-14,150301,FINAL,Tantasqua,4387,159,1,Bartlett,4026,236,0,CMAC,CMAC,3:30 P.M.,,0
2026-09-14,150689,FINAL,Cohasset,4094,135,1,Abington,4002,127,0,South Shore,South Shore,4:00 P.M.,,0
2026-09-14,150699,FINAL,Westfield,4419,162,1,Agawam,4004,159,0,Valley League,Valley League,,,0
2026-09-15,145994,FINAL,Archbishop Williams,4012,216,1,Bishop Stang,4045,207,0,Catholic Central,Catholic Central,3:10 P.M.,,0
2026-09-15,146034,FINAL,Bedford,4031,248,0,Acton-Boxborough,4003,244,1,Dual County,Dual County,3:30 P.M.,,0
2026-09-15,146203,FINAL,Algonquin,4005,198,0,Westborough,4418,196,1,Mid-Wach,Mid-Wach,3:30 P.M.,,0
2026-09-15,146282,FINAL,Concord-Carlisle,4097,240,1,Wayland,4411,276,0,Dual County,Dual County,3:30 P.M.,,0
2026-09-15,146310,FINAL,Doherty,4116,178,1,Assabet,4016,183,0,CMAC,CMAC,3:00 P.M.,,0
2026-09-15,146368,FINAL,Dedham,4108,255,0,Ashland,4015,230,1,Tri-Valley,Tri-Valley,3:45 P.M.,,0
2026-09-15,146771,FINAL,Dedham,4108,255,1,Millis,4251,284,0,Tri-Valley,Tri-Valley,3:45 P.M.,,0
2026-09-15,146798,FINAL,Nashoba,4267,192,1,Grafton,4153,207,0,Mid-Wach,Mid-Wach,3:30 P.M.,,0
2026-09-15,146829,FINAL,Groton-Dunstable,4160,143,1,Oakmont,4299,170,0,Mid-Wach,Mid-Wach,4:00 P.M.,,0
2026-09-15,146859,UPCOMING,Norton,4295,,,Holliston,4174,,,Tri-Valley,Tri-Valley,3:30 P.M.,,0
2026-09-15,146986,FINAL,Dover-Sherborn,4118,215,1,Medfield,4241,231,0,Tri-Valley,Tri-Valley,4:00 P.M.,,0
2026-09-15,147097,FINAL,St. Bernard’s,4365,166,1,St. Paul,4954,167,0,CMAC,CMAC,3:15 P.M.,,0
2026-09-15,147127,FINAL,Shawsheen,4346,173,1,Northeast,4293,101,0,Commonwealth,Commonwealth,4:00 P.M.,,0
2026-09-15,147177,FINAL,Whitinsville Christian,4487,179,0,Nipmuc,4281,173,1,CMAC,CMAC,3:00 P.M.,,0
2026-09-15,147191,FINAL,North Attleborough,4284,149,1,King Philip,4197,152,0,Hockomock,Hockomock,3:00 P.M.,,0
2026-09-15,147278,FINAL,St. Mary’s,4374,166,1,Bishop Fenwick,4043,136,0,Catholic Central,Catholic Central,3:00 P.M.,,0
2026-09-15,147406,FINAL,Taunton,4388,156,1,Milford,4249,171,0,Hockomock,Hockomock,3:00 P.M.,,0
2026-09-15,147466,FINAL,Gloucester,4150,33,0,Swampscott,4383,39,1,Northeastern,Northeastern,3:45 P.M.,,0
2026-09-15,147502,FINAL,Marblehead,4231,57,1,Salem,4336,15,0,Northeastern,Northeastern,4:00 P.M.,,0
2026-09-15,147523,FINAL,Masconomet,4236,38,1,Beverly,4038,34,0,Northeastern,Northeastern,4:00 P.M.,,0
2026-09-15,147588,FINAL,Milton,4252,246,0,Braintree,4051,231,1,Bay State,Bay State,3:15 P.M.,,0
2026-09-15,147629,UPCOMING,Mansfield,4230,,,Sharon,4345,,,Hockomock,Independent,3:30 P.M.,,0
2026-09-15,147645,FINAL,Saugus,4341,55,1,Peabody,4306,16,0,Northeastern,Northeastern,3:00 P.M.,,0
2026-09-15,147662,UPCOMING,Belmont,4034,,,Reading,4328,,,Middlesex,Middlesex,3:30 P.M.,,0
2026-09-15,147713,UPCOMING,Wilmington,4432,,,Wakefield,4402,,,Middlesex,Middlesex,3:30 P.M.,,0
2026-09-15,147730,UPCOMING,Tri-County,4392,,,Southeastern,4358,,,Mayflower,Mayflower,2:00 P.M.,,0
2026-09-15,147794,FINAL,Watertown,4409,19,0,Arlington,4013,53,1,Middlesex,Middlesex,3:30 P.M.,,0
2026-09-15,147825,FINAL,Apponequet,4011,273,1,Somerset Berkley,4350,283,0,South Coast,South Coast,3:00 P.M.,,0
2026-09-15,147881,FINAL,Bristol-Plymouth,4057,0,2,Diman,4115,0,2,Mayflower,Mayflower,3:00 P.M.,,0
2026-09-15,148066,FINAL,Abington,4002,145,1,Cardinal Spellman,4075,107,0,South Shore,Catholic Central,3:30 P.M.,,0
2026-09-15,148143,UPCOMING,Pembroke,4308,,,Duxbury,4123,,,Patriot,Patriot,3:10 P.M.,,0
2026-09-15,148196,UPCOMING,Boston Latin,4049,,,Weston,4423,,,Dual County,Dual County,3:30 P.M.,,0
2026-09-15,148198,FINAL,Catholic Memorial,4080,58,1,Boston Latin,4049,32,0,Catholic Conference,Dual County,3:00 P.M.,,0
2026-09-15,148208,UPCOMING,Brookline,4059,,,Newton North,4279,,,Bay State,Bay State,3:45 P.M.,,0
2026-09-15,148253,FINAL,Hamilton-Wenham,4163,148,1,Georgetown,4148,96,0,Cape Ann,Cape Ann,3:30 P.M.,,0
2026-09-15,148287,UPCOMING,Martha’s Vineyard,4235,,,Falmouth,4134,,,Cape & Islands,Cape & Islands,3:15 P.M.,,0
2026-09-15,148339,FINAL,Haverhill,4167,275,0,Tewksbury,4389,257,1,Merrimack Valley,Merrimack Valley,3:00 P.M.,,0
2026-09-15,148714,UPCOMING,Barnstable,4024,,,Bridgewater-Raynham,4053,,,Pioneer,Pioneer,3:30 P.M.,,0
2026-09-15,148759,FINAL,Brockton,4058,127,1,Quincy,4326,47,0,Big Three,Patriot,3:15 P.M.,,0
2026-09-15,149105,FINAL,Plymouth South,4316,272,0,Whitman-Hanson,4427,239,1,Patriot,Patriot,4:00 P.M.,,0
2026-09-15,149125,FINAL,Hingham,4171,232,1,Scituate,4343,250,0,Patriot,Patriot,4:30 P.M.,,0
2026-09-15,149150,FINAL,Norwell,4296,127,0,Silver Lake,4349,131,1,South Shore,Patriot,3:15 P.M.,,0
2026-09-15,149215,UPCOMING,Norfolk Aggie,4458,,,South Shore Voc-Tech,4356,,,Mayflower,Mayflower,3:30 P.M.,,0
2026-09-15,149276,FINAL,North Quincy,4287,226,1,Marshfield,4234,227,0,Patriot,Patriot,3:00 P.M.,,0
2026-09-15,149321,FINAL,Southwick,4519,177,0,Belchertown,4032,166,1,Valley League,Suburban,3:00 P.M.,,0
2026-09-15,149364,FINAL,Weymouth,4425,234,0,Wellesley,4413,218,1,Bay State,Bay State,3:30 P.M.,,0
2026-09-15,149378,FINAL,Easthampton,4130,153,1,Chicopee,4088,243,0,Bi-County,Suburban,3:00 P.M.,,0
2026-09-15,149412,FINAL,Frontier,4146,164,1,Amherst-Pelham,4008,168,0,Suburban,Suburban,3:00 P.M.,,0
2026-09-15,149445,FINAL,Ayer Shirley,4022,148,1,Gardner,4147,172,0,Mid-Wach,Mid-Wach,3:30 P.M.,,0
2026-09-15,149481,FINAL,Hampshire,4518,170,1,Chicopee Comprehensive,4089,186,0,Suburban,Suburban,3:00 P.M.,,0
2026-09-15,149517,FINAL,Oxford,4303,200,0,Leicester,4207,161,1,CMAC,CMAC,3:15 P.M.,,0
2026-09-15,149556,UPCOMING,Mt. Everett,4533,,,Monument Mtn.,4260,,,Berkshire,Berkshire,3:30 P.M.,,0
2026-09-15,149653,UPCOMING,Pope Francis,4796,,,Longmeadow,4214,,,Valley League,Valley League,2:40 P.M.,,0
2026-09-15,149682,FINAL,Clinton,4093,162,1,Quabbin,4325,173,0,Mid-Wach,Mid-Wach,3:00 P.M.,,0
2026-09-15,150210,FINAL,St. Bernard’s,4365,166,1,Monty Tech,4259,167,0,CMAC,CMAC,3:15 P.M.,,0
2026-09-15,150264,FINAL,South Hadley,4353,155,1,Westfield,4419,181,0,Suburban,Valley League,3:00 P.M.,,0
2026-09-15,150822,FINAL,Winchester,4434,41.5,1,Melrose,4244,30.5,0,Middlesex,Middlesex,2:05 P.M.,,0
2026-09-15,150824,FINAL,Hopedale,4507,160,1,Advanced Math and Science,4595,164,0,CMAC,CMAC,3:00 P.M.,,0
2026-09-15,150827,FINAL,Turners Falls,4396,169,1,Hopkins,4531,195,0,Bi-County,Bi-County,3:00 P.M.,,0
2026-09-15,150830,FINAL,Greater Lawrence,4154,172,0,Methuen,4246,153,1,Commonwealth,Merrimack Valley,3:00 P.M.,,0
2026-09-15,150832,UPCOMING,Fairhaven,4133,,,Joseph Case,4078,,,South Coast,South Coast,3:15 P.M.,,0
2026-09-15,150834,FINAL,Xaverian,4446,221,1,Bishop Feehan,4042,247,0,Catholic Conference,Catholic Central,3:15 P.M.,,0
2026-09-15,150837,FINAL,Tahanto,4513,194,0,Hudson,4182,170,1,Mid-Wach,Mid-Wach,3:30 P.M.,,0
2026-09-15,150838,FINAL,Minnechaug,4254,151,1,East Longmeadow,4127,168,0,Valley League,Valley League,3:30 P.M.,,0
2026-09-15,150839,FINAL,Bromfield,4505,168,1,Tyngsborough,4397,169,0,Mid-Wach,Mid-Wach,3:30 P.M.,,0
2026-09-15,150840,UPCOMING,Seekonk,4344,,,West Bridgewater,4415,,,South Coast,South Coast,3:30 P.M.,,0
2026-09-15,150841,FINAL,Rockport,4490,139,0,Amesbury,4007,149,1,Cape Ann,Cape Ann,3:30 P.M.,,0
2026-09-15,150843,FINAL,Fitchburg,4139,223,0,Maynard,4239,165,1,Mid-Wach,Mid-Wach,3:30 P.M.,,0
2026-09-15,150845,FINAL,Sutton,4512,144,1,Auburn,4019,160,0,CMAC,CMAC,3:30 P.M.,,0
2026-09-15,150846,FINAL,Manchester Essex,4229,118,0,Ipswich,4190,147,1,Cape Ann,Cape Ann,3:30 P.M.,,0
2026-09-15,150847,UPCOMING,Taconic,4385,,,Lee,4206,,,Berkshire,Berkshire,3:30 P.M.,,0
2026-09-15,150849,FINAL,Nauset,4271,240,1,Sandwich,4340,260,0,Cape & Islands,Cape & Islands,3:30 P.M.,,0
2026-09-15,150853,FINAL,Northampton,4291,165,0,Agawam,4004,148,1,Suburban,Valley League,3:30 P.M.,,0
2026-09-15,150855,UPCOMING,Sturgis West,4735,,,Dennis-Yarmouth,4111,,,Cape & Islands,Cape & Islands,3:30 P.M.,,0
2026-09-15,150856,FINAL,St. John Paul II,4689,247,1,Mashpee,4237,273,0,Cape & Islands,South Shore,3:30 P.M.,,0
2026-09-15,150858,UPCOMING,Greater Lowell,4155,,,Minuteman,4255,,,Commonwealth,Independent,3:30 P.M.,,0
2026-09-15,150859,FINAL,Tewksbury,4389,257,0,Billerica,4040,229,1,Merrimack Valley,Merrimack Valley,3:30 P.M.,,0
2026-09-15,150862,FINAL,Somerville,4351,35.5,0,Medford,4242,36.5,1,Greater Boston,Greater Boston,3:30 P.M.,,0
2026-09-15,150863,UPCOMING,Lynn Classical,4220,,,Malden/Revere,4227,,,Greater Boston,Greater Boston,3:45 P.M.,,0
2026-09-15,150864,FINAL,Everett,4132,15,0,Lynn English,4221,57,1,Greater Boston,Greater Boston,4:00 P.M.,,0
2026-09-15,150865,UPCOMING,Lincoln-Sudbury,4211,,,Waltham,4405,,,Dual County,Dual County,4:00 P.M.,,0
2026-09-15,150866,FINAL,Rising Tide Charter,4746,236,0,Nantucket,4265,209,1,Cape & Islands,Cape & Islands,4:00 P.M.,,0
2026-09-15,150899,FINAL,Fitchburg,4139,223,0,Wachusett,4400,144,1,Mid-Wach,Mid-Wach,,,0
2026-09-15,150903,FINAL,Haverhill,4167,275,0,Billerica,4040,229,1,Merrimack Valley,Merrimack Valley,,,0
2026-09-16,145997,FINAL,Dedham,4108,264,0,Archbishop Williams,4012,230,1,Tri-Valley,Catholic Central,3:30 P.M.,,0
2026-09-16,146040,FINAL,Westford,4421,230,1,Acton-Boxborough,4003,244,0,Dual County,Dual County,3:30 P.M.,,0
2026-09-16,146250,FINAL,St. John’s (Shrewsbury),4368,218,1,Bishop Feehan,4042,243,0,Catholic Conference,Catholic Central,3:15 P.M.,,0
2026-09-16,146313,UPCOMING,Doherty,4116,,,Leicester,4207,,,CMAC,CMAC,3:00 P.M.,,0
2026-09-16,146334,UPCOMING,Framingham,4143,,,Walpole,4404,,,Bay State,Bay State,3:30 P.M.,,0
2026-09-16,146352,UPCOMING,Sharon,4345,,,Franklin,4144,,,Independent,Hockomock,3:15 P.M.,,0
2026-09-16,146723,UPCOMING,Whitinsville Christian,4487,,,Blackstone Valley,4046,,,CMAC,CMAC,3:30 P.M.,,0
2026-09-16,146749,FINAL,Blue Hills,4047,9,1,Southeastern,4358,0,0,Mayflower,Mayflower,2:30 P.M.,,0
2026-09-16,146861,FINAL,Norwood,4297,214,1,Holliston,4174,240,0,Tri-Valley,Tri-Valley,3:30 P.M.,,0
2026-09-16,146882,UPCOMING,Keefe Tech,4191,,,Assabet,4016,,,CMAC,CMAC,3:15 P.M.,,0
2026-09-16,146912,UPCOMING,Lowell Catholic,4217,,,Northeast,4293,,,Independent,Commonwealth,4:30 P.M.,,0
2026-09-16,146965,UPCOMING,Marlborough,4233,,,Advanced Math and Science,4595,,,Mid-Wach,CMAC,4:00 P.M.,,0
2026-09-16,146988,FINAL,Medfield,4241,254,0,Norton,4295,239,1,Tri-Valley,Tri-Valley,4:00 P.M.,,0
2026-09-16,147009,FINAL,Hopkinton,4180,248,1,Medway,4243,285,0,Tri-Valley,Tri-Valley,3:00 P.M.,,0
2026-09-16,147079,FINAL,Norwood,4297,214,1,Millis,4251,296,0,Tri-Valley,Tri-Valley,3:30 P.M.,,0
2026-09-16,147100,FINAL,Douglas,4506,179,1,St. Paul,4954,189,0,CMAC,CMAC,3:30 P.M.,,0
2026-09-16,147129,FINAL,Shawsheen,4346,174,1,Nashoba Valley Tech,4268,101,0,Commonwealth,Commonwealth,3:00 P.M.,,0
2026-09-16,147224,UPCOMING,Lexington,4209,,,Woburn,4438,,,Middlesex,Middlesex,3:45 P.M.,,0
2026-09-16,147247,FINAL,Central Catholic,4081,241,0,Billerica,4040,240,1,Merrimack Valley,Merrimack Valley,3:00 P.M.,,0
2026-09-16,147250,FINAL,Methuen,4246,279,0,Billerica,4040,240,1,Merrimack Valley,Merrimack Valley,3:00 P.M.,,0
2026-09-16,147367,FINAL,Dover-Sherborn,4118,217,1,Lincoln-Sudbury,4211,233,0,Tri-Valley,Dual County,4:00 P.M.,,0
2026-09-16,147407,UPCOMING,North Attleborough,4284,,,Milford,4249,,,Hockomock,Hockomock,3:00 P.M.,,0
2026-09-16,147411,FINAL,Tyngsborough,4397,158,1,Dracut,4119,162,0,Mid-Wach,Merrimack Valley,3:30 P.M.,,0
2026-09-16,147444,UPCOMING,Triton,4395,,,Essex Tech,4745,,,Cape Ann,Cape Ann,3:00 P.M.,,0
2026-09-16,147447,FINAL,Newburyport,4276,170,1,Essex Tech,4745,168,0,Cape Ann,Cape Ann,3:40 P.M.,,0
2026-09-16,147469,FINAL,Gloucester,4150,62,1,Peabody,4306,110,0,Northeastern,Northeastern,3:30 P.M.,,0
2026-09-16,147504,FINAL,Saugus,4341,24,0,Marblehead,4231,48,1,Northeastern,Northeastern,3:00 P.M.,,0
2026-09-16,147526,UPCOMING,Salem,4336,,,Masconomet,4236,,,Northeastern,Northeastern,4:00 P.M.,,0
2026-09-16,147591,FINAL,Milton,4252,222,1,Needham,4272,237,0,Bay State,Bay State,3:15 P.M.,,0
2026-09-16,147688,FINAL,Somerville,4351,39.5,1,Cambridge,4067,32.5,0,Greater Boston,Dual County,3:35 P.M.,,0
2026-09-16,147695,FINAL,Shrewsbury,4348,211,0,Wachusett,4400,207,1,Mid-Wach,Mid-Wach,3:30 P.M.,,0
2026-09-16,147816,FINAL,Somerset Berkley,4350,282,0,Apponequet,4011,260,1,South Coast,South Coast,2:00 P.M.,,0
2026-09-16,147856,FINAL,Bishop Stang,4045,242,1,Durfee,4122,286,0,Catholic Central,Big Three,3:15 P.M.,,0
2026-09-16,148046,FINAL,Cape Cod Tech,4073,5.5,1,Dennis-Yarmouth,4111,3.5,0,Mayflower,Cape & Islands,3:00 P.M.,,0
2026-09-16,148106,UPCOMING,Wilmington,4432,,,Belmont,4034,,,Middlesex,Middlesex,3:30 P.M.,,0
2026-09-16,148118,FINAL,Dighton-Rehoboth,4114,291,0,Seekonk,4344,266,1,South Coast,South Coast,3:30 P.M.,,0
2026-09-16,148145,FINAL,Swampscott,4383,30.5,1,Beverly,4038,41.5,0,Northeastern,Northeastern,4:00 P.M.,,0
2026-09-16,148146,FINAL,Duxbury,4123,239,1,Silver Lake,4349,264,0,Patriot,Patriot,3:30 P.M.,,0
2026-09-16,148177,FINAL,BC High,4029,243,0,St. John’s Prep,4369,225,1,Catholic Conference,Catholic Conference,3:30 P.M.,,0
2026-09-16,148256,FINAL,Georgetown,4148,134,0,Lynnfield,4223,184,1,Cape Ann,Cape Ann,3:00 P.M.,,0
2026-09-16,148411,FINAL,Oliver Ames,4302,148,1,Foxborough,4142,156,0,Hockomock,Hockomock,3:00 P.M.,,0
2026-09-16,148425,UPCOMING,Old Rochester,4301,,,Greater New Bedford,4156,,,South Coast,South Coast,3:00 P.M.,,0
2026-09-16,148437,FINAL,Haverhill,4167,260,0,North Andover,4283,249,1,Merrimack Valley,Merrimack Valley,3:00 P.M.,,0
2026-09-16,148635,FINAL,Central Catholic,4081,240,1,Methuen,4246,279,0,Merrimack Valley,Merrimack Valley,3:00 P.M.,,0
2026-09-16,148676,POSTPONED,Newton North,4279,,,Weymouth,4425,,,Bay State,Bay State,,,0
2026-09-16,148806,FINAL,Pembroke,4308,241,0,Hanover,4164,225,1,Patriot,Patriot,3:30 P.M.,,0
2026-09-16,148840,FINAL,Middleborough,4247,119,0,Norwell,4296,135,1,South Shore,South Shore,3:00 P.M.,,0
2026-09-16,149108,FINAL,Plymouth South,4316,264,0,Scituate,4343,231,1,Patriot,Patriot,3:30 P.M.,,0
2026-09-16,149313,UPCOMING,New Bedford,4273,,,Fairhaven,4133,,,Big Three,South Coast,3:15 P.M.,,0
2026-09-16,149323,FINAL,North Quincy,4287,238,1,Quincy,4326,253,0,Patriot,Patriot,3:20 P.M.,,0
2026-09-16,149355,FINAL,Stoughton,4381,170,0,Taunton,4388,157,1,Hockomock,Hockomock,3:00 P.M.,,0
2026-09-16,149381,FINAL,St. Mary (Westfield),4537,203,0,Easthampton,4130,155,1,Bi-County,Bi-County,3:00 P.M.,,0
2026-09-16,149559,FINAL,Pittsfield,4314,189,1,Monument Mtn.,4260,209,0,Berkshire,Berkshire,3:30 P.M.,,0
2026-09-16,150230,FINAL,Smith Voc.,4539,168,1,Mohawk Trail,4258,198,0,Independent,Bi-County,3:00 P.M.,,0
2026-09-16,150302,UPCOMING,Tantasqua,4387,,,Longmeadow,4214,,,CMAC,Valley League,3:30 P.M.,,0
2026-09-16,150976,FINAL,Rockland,4331,65,0,East Bridgewater,4126,108,1,South Shore,South Shore,4:00 P.M.,,0
2026-09-16,151017,FINAL,Bourne,4050,249,0,West Bridgewater,4415,236,1,South Coast,South Coast,,,0
2026-09-16,151020,FINAL,Cohasset,4094,126,0,Mashpee,4237,139,1,South Shore,South Shore,4:00 P.M.,,0
2026-09-16,151023,FINAL,Carver,4077,118,1,Abington,4002,115,0,South Shore,South Shore,,,0
2026-09-16,151027,FINAL,Beaver Country Day,4030,1.5,0,Portsmouth Abbey,4320,4.5,1,EIL,EIL,,,0
2026-09-17,146045,FINAL,Cambridge,4067,283,0,Acton-Boxborough,4003,233,1,Dual County,Dual County,3:30 P.M.,,0
2026-09-17,146230,FINAL,Attleboro,4018,162,0,Stoughton,4381,160,1,Hockomock,Hockomock,2:20 P.M.,,0
2026-09-17,146267,FINAL,Haverhill,4167,243,0,Chelmsford,4085,229,1,Merrimack Valley,Merrimack Valley,3:00 P.M.,,0
2026-09-17,146285,FINAL,Concord-Carlisle,4097,236,1,Weston,4423,257,0,Dual County,Dual County,3:30 P.M.,,0
2026-09-17,146315,FINAL,Doherty,4116,174,0,St. Bernard’s,4365,159,1,CMAC,CMAC,3:15 P.M.,,0
2026-09-17,146335,UPCOMING,Framingham,4143,,,Weymouth,4425,,,Bay State,Bay State,3:30 P.M.,,0
2026-09-17,146354,UPCOMING,Franklin,4144,,,Oliver Ames,4302,,,Hockomock,Hockomock,3:30 P.M.,,0
2026-09-17,146704,FINAL,Boston Latin,4049,243,0,Bedford,4031,239,1,Dual County,Dual County,3:30 P.M.,,0
2026-09-17,146751,FINAL,Tri-County,4392,3.5,0,Blue Hills,4047,5.5,1,Mayflower,Mayflower,2:00 P.M.,,0
2026-09-17,146799,FINAL,Grafton,4153,199,0,Westborough,4418,194,1,Mid-Wach,Mid-Wach,3:00 P.M.,,0
2026-09-17,146831,FINAL,Groton-Dunstable,4160,155,1,Marlborough,4233,195,0,Mid-Wach,Mid-Wach,4:00 P.M.,,0
2026-09-17,146863,FINAL,Holliston,4174,284,0,Dover-Sherborn,4118,217,1,Tri-Valley,Tri-Valley,3:00 P.M.,,0
2026-09-17,146883,FINAL,Keefe Tech,4191,166,0,Advanced Math and Science,4595,150,1,CMAC,CMAC,3:15 P.M.,,0
2026-09-17,146913,FINAL,Shawsheen,4346,174,1,Lowell Catholic,4217,126,0,Commonwealth,Independent,3:30 P.M.,,0
2026-09-17,147146,FINAL,Newton South,4280,229,1,Wayland,4411,241,0,Dual County,Dual County,3:30 P.M.,,0
2026-09-17,147159,FINAL,Westwood,4424,234,1,Dedham,4108,289,0,Tri-Valley,Tri-Valley,4:00 P.M.,,0
2026-09-17,147225,UPCOMING,Wakefield,4402,,,Lexington,4209,,,Middlesex,Middlesex,3:30 P.M.,,0
2026-09-17,147252,UPCOMING,Haverhill,4167,,,Billerica,4040,,,Merrimack Valley,Merrimack Valley,3:00 P.M.,,0
2026-09-17,147258,UPCOMING,Tewksbury,4389,,,Billerica,4040,,,Merrimack Valley,Merrimack Valley,3:00 P.M.,,0
2026-09-17,147279,UPCOMING,Salem,4336,,,Bishop Fenwick,4043,,,Northeastern,Catholic Central,3:00 P.M.,,0
2026-09-17,147295,UPCOMING,Belmont,4034,,,Burlington,4065,,,Middlesex,Middlesex,3:30 P.M.,,0
2026-09-17,147369,FINAL,Winthrop,4437,35,0,Danvers,4103,37,1,Northeastern,Northeastern,4:00 P.M.,,0
2026-09-17,147374,FINAL,Lincoln-Sudbury,4211,248,0,Westford,4421,246,1,Dual County,Dual County,4:00 P.M.,,0
2026-09-17,147419,UPCOMING,Dracut,4119,,,Lowell,4216,,,Merrimack Valley,Merrimack Valley,3:00 P.M.,,0
2026-09-17,147448,UPCOMING,Amesbury,4007,,,Essex Tech,4745,,,Cape Ann,Cape Ann,3:30 P.M.,,0
2026-09-17,147505,UPCOMING,Marblehead,4231,,,Austin Prep,4020,,,Northeastern,Independent,4:00 P.M.,,0
2026-09-17,147594,UPCOMING,Braintree,4051,,,Milton,4252,,,Bay State,Bay State,3:30 P.M.,,0
2026-09-17,147619,FINAL,Hamilton-Wenham,4163,140,0,Newburyport,4276,160,1,Cape Ann,Cape Ann,3:30 P.M.,,0
2026-09-17,147663,UPCOMING,Reading,4328,,,Winchester,4434,,,Middlesex,Middlesex,3:30 P.M.,,0
2026-09-17,147733,UPCOMING,Southeastern,4358,,,Norfolk Aggie,4458,,,Mayflower,Mayflower,2:00 P.M.,,0
2026-09-17,147754,FINAL,Walpole,4404,252,0,Natick,4270,244,1,Bay State,Bay State,3:30 P.M.,,0
2026-09-17,147796,FINAL,Watertown,4409,35,0,Woburn,4438,37,1,Middlesex,Middlesex,3:30 P.M.,,0
2026-09-17,147826,FINAL,Apponequet,4011,250,0,West Bridgewater,4415,238,1,South Coast,South Coast,3:00 P.M.,,0
2026-09-17,148047,FINAL,Cape Cod Tech,4073,7,1,Westport,4461,2,0,Mayflower,Mayflower,3:00 P.M.,,0
2026-09-17,148068,FINAL,Cardinal Spellman,4075,152,1,Archbishop Williams,4012,228,0,Catholic Central,Catholic Central,2:30 P.M.,,0
2026-09-17,148180,FINAL,Central Catholic,4081,241,0,BC High,4029,238,1,Merrimack Valley,Catholic Conference,3:10 P.M.,,0
2026-09-17,148210,FINAL,Wellesley,4413,206,1,Brookline,4059,220,0,Bay State,Bay State,3:30 P.M.,,0
2026-09-17,148291,FINAL,Falmouth,4134,263,1,Barnstable,4024,277,0,Cape & Islands,Pioneer,3:30 P.M.,,0
2026-09-17,148609,FINAL,Malden Catholic,4228,256,0,Catholic Memorial,4080,225,1,Catholic Conference,Catholic Conference,2:45 P.M.,,0
2026-09-17,148639,FINAL,Haverhill,4167,243,1,Methuen,4246,252,0,Merrimack Valley,Merrimack Valley,3:00 P.M.,,0
2026-09-17,148642,FINAL,Chelmsford,4085,229,1,Methuen,4246,252,0,Merrimack Valley,Merrimack Valley,3:00 P.M.,,0
2026-09-17,148678,UPCOMING,Newton North,4279,,,Needham,4272,,,Bay State,Bay State,3:30 P.M.,,0
2026-09-17,148761,FINAL,Rockland,4331,110,1,Brockton,4058,48,0,South Shore,Big Three,3:30 P.M.,,0
2026-09-17,148808,FINAL,Plymouth North,4315,259,0,Hanover,4164,235,1,Patriot,Patriot,3:00 P.M.,,0
2026-09-17,148823,FINAL,Sandwich,4340,256,1,Martha’s Vineyard,4235,260,0,Cape & Islands,Cape & Islands,3:15 P.M.,,0
2026-09-17,148866,FINAL,Norton,4295,239,1,Mansfield,4230,246,0,Tri-Valley,Hockomock,3:15 P.M.,,0
2026-09-17,149126,FINAL,Scituate,4343,240,0,Norwell,4296,238,1,Patriot,South Shore,3:30 P.M.,,0
2026-09-17,149153,FINAL,Quincy,4326,252,1,Silver Lake,4349,251,0,Patriot,Patriot,3:30 P.M.,,0
2026-09-17,149170,FINAL,Somerset Berkley,4350,262,0,Bourne,4050,258,1,South Coast,South Coast,2:30 P.M.,,0
2026-09-17,149223,FINAL,Old Colony,4300,6.5,1,South Shore Voc-Tech,4356,2.5,0,Mayflower,Mayflower,2:45 P.M.,,0
2026-09-17,149243,UPCOMING,Durfee,4122,,,New Bedford,4273,,,Big Three,Big Three,3:15 P.M.,,0
2026-09-17,149322,FINAL,Belchertown,4032,169,1,Frontier,4146,184,0,Suburban,Suburban,3:00 P.M.,,0
2026-09-17,149446,UPCOMING,Gardner,4147,,,Fitchburg,4139,,,Mid-Wach,Mid-Wach,3:30 P.M.,,0
2026-09-17,149484,FINAL,Southwick,4519,175,0,Hampshire,4518,162,1,Valley League,Suburban,3:00 P.M.,,0
2026-09-17,149518,FINAL,Leicester,4207,166,0,Tantasqua,4387,149,1,CMAC,CMAC,3:30 P.M.,,0
2026-09-17,149534,FINAL,Leominster,4208,154,0,Oakmont,4299,146,1,Mid-Wach,Mid-Wach,3:30 P.M.,,0
2026-09-17,149608,UPCOMING,Mt. Greylock,4262,,,Taconic,4385,,,Berkshire,Berkshire,3:30 P.M.,,0
2026-09-17,149631,FINAL,Quaboag,4510,198,1,Oxford,4303,216,0,CMAC,CMAC,3:00 P.M.,,0
2026-09-17,149656,FINAL,Pope Francis,4796,149,1,Agawam,4004,151,0,Valley League,Valley League,2:15 P.M.,,0
2026-09-17,150232,FINAL,Franklin County Tech,4145,151,1,Smith Voc.,4539,171,0,Bi-County,Independent,3:00 P.M.,,0
2026-09-17,150266,FINAL,South Hadley,4353,178,0,Northampton,4291,159,1,Suburban,Suburban,3:00 P.M.,,0
2026-09-17,150317,UPCOMING,Wahconah,4401,,,Mt. Everett,4533,,,Berkshire,Berkshire,3:30 P.M.,,0
2026-09-17,151045,FINAL,Dennis-Yarmouth,4111,271,0,Nantucket,4265,268,1,Cape & Islands,Cape & Islands,3:30 P.M.,,0
2026-09-17,151047,FINAL,Uxbridge,4398,176,1,Bartlett,4026,234,0,CMAC,CMAC,3:00 P.M.,,0
2026-09-17,151050,FINAL,Bay Path,4027,161,0,Auburn,4019,145,1,CMAC,CMAC,3:30 P.M.,,0
2026-09-17,151052,FINAL,Nipmuc,4281,159,1,Millbury,4250,189,0,CMAC,CMAC,3:30 P.M.,,0
2026-09-17,151056,FINAL,Athol,4017,207,0,Pioneer Valley,4536,196,1,Independent,Bi-County,3:30 P.M.,,0
2026-09-17,151059,FINAL,Chicopee Comprehensive,4089,164,0,Ludlow,4218,160,1,Suburban,Valley League,,,0
2026-09-17,151061,FINAL,Westfield,4419,164,0,Minnechaug,4254,156,1,Valley League,Valley League,3:30 P.M.,,0
2026-09-17,151067,FINAL,St. John Paul II,4689,254,0,Nauset,4271,233,1,Cape & Islands,Cape & Islands,3:30 P.M.,,0
2026-09-17,151097,FINAL,Rockport,4490,143,0,Triton,4395,160,1,Cape Ann,Cape Ann,3:30 P.M.,,0
2026-09-17,151102,FINAL,Manchester Essex,4229,145,1,Pentucket,4309,119,0,Cape Ann,Cape Ann,3:30 P.M.,,0
2026-09-17,151105,FINAL,Old Rochester,4301,230,1,Joseph Case,4078,295,0,South Coast,South Coast,,,0
2026-09-17,151121,FINAL,Mohawk Trail,4258,192,0,Turners Falls,4396,174,1,Bi-County,Bi-County,3:00 P.M.,,0
2026-09-17,151124,FINAL,Bridgewater-Raynham,4053,144,1,Bishop Feehan,4042,143,0,Pioneer,Catholic Central,,,0
2026-09-17,151125,FINAL,Rising Tide Charter,4746,242,0,Mashpee,4237,212,1,Cape & Islands,South Shore,4:00 P.M.,,0
2026-09-17,151128,FINAL,East Longmeadow,4127,155,0,Longmeadow,4214,144,1,Valley League,Valley League,3:30 P.M.,,0
2026-09-17,151131,FINAL,Shrewsbury,4348,203,0,Nashoba,4267,193,1,Mid-Wach,Mid-Wach,3:30 P.M.,,0
2026-09-17,151132,FINAL,Bromfield,4505,171,0,Littleton,4212,169,1,Mid-Wach,Mid-Wach,3:30 P.M.,,0
2026-09-17,151135,FINAL,Leominster,4208,154,1,Shepherd Hill,4347,166,0,Mid-Wach,Mid-Wach,3:00 P.M.,,0
2026-09-17,151138,FINAL,Greater Lowell,4155,162,1,Tyngsborough,4397,165,0,Commonwealth,Mid-Wach,,,0
2026-09-17,151140,FINAL,Hudson,4182,156,0,Ayer Shirley,4022,148,1,Mid-Wach,Mid-Wach,3:30 P.M.,,0
2026-09-17,151143,FINAL,Assabet,4016,188,0,Monty Tech,4259,161,1,CMAC,CMAC,,,0
2026-09-17,151144,FINAL,Oakmont,4299,146,1,Shepherd Hill,4347,166,0,Mid-Wach,Mid-Wach,3:00 P.M.,,0
2026-09-17,151145,FINAL,Oakmont,4299,146,1,Leominster,4208,154,0,Mid-Wach,Mid-Wach,,,0
2026-09-18,146205,UPCOMING,Wachusett,4400,,,Algonquin,4005,,,Mid-Wach,Mid-Wach,3:30 P.M.,,0
2026-09-18,146356,UPCOMING,Franklin,4144,,,Sharon,4345,,,Hockomock,Independent,3:30 P.M.,,0
2026-09-18,147060,UPCOMING,Shrewsbury,4348,,,Nashoba,4267,,,Mid-Wach,Mid-Wach,3:30 P.M.,,0
2026-09-18,147194,UPCOMING,King Philip,4197,,,North Attleborough,4284,,,Hockomock,Hockomock,3:15 P.M.,,0
2026-09-18,147297,FINAL,Burlington,4065,37,1,Melrose,4244,35,0,Middlesex,Middlesex,3:30 P.M.,,0
2026-09-18,147472,UPCOMING,Rockport,4490,,,Gloucester,4150,,,Cape Ann,Northeastern,3:30 P.M.,,0
2026-09-18,148089,UPCOMING,Greater New Bedford,4156,,,Dartmouth,4105,,,South Coast,Pioneer,3:15 P.M.,,0
2026-09-18,148426,UPCOMING,Greater New Bedford,4156,,,Fairhaven,4133,,,South Coast,South Coast,3:15 P.M.,,0
2026-09-18,148749,FINAL,Apponequet,4011,248,1,Bridgewater-Raynham,4053,258,0,South Coast,Pioneer,3:00 P.M.,,0
2026-09-18,149413,UPCOMING,Frontier,4146,,,Pioneer Valley,4536,,,Suburban,Bi-County,3:00 P.M.,,0
2026-09-18,149485,UPCOMING,Hampshire,4518,,,Westfield Tech,4420,,,Suburban,Bi-County,3:00 P.M.,,0
2026-09-18,149561,UPCOMING,Hoosac Valley/Drury,4178,,,Monument Mtn.,4260,,,Berkshire,Berkshire,3:30 P.M.,,0
2026-09-18,149610,UPCOMING,Taconic,4385,,,Mt. Greylock,4262,,,Berkshire,Berkshire,3:30 P.M.,,0
2026-09-18,149659,UPCOMING,Pope Francis,4796,,,South Hadley,4353,,,Valley League,Suburban,2:20 P.M.,,0
2026-09-18,149684,FINAL,Quabbin,4325,180,1,Athol,4017,232,0,Mid-Wach,Independent,3:00 P.M.,,0
2026-09-18,150319,UPCOMING,Lenox,4532,,,Wahconah,4401,,,Berkshire,Berkshire,3:30 P.M.,,0
2026-09-18,151168,FINAL,Abington,4002,125,1,East Bridgewater,4126,124,0,South Shore,South Shore,,,0
2026-09-18,151176,FINAL,Turners Falls,4396,187,1,Franklin County Tech,4145,151,0,Bi-County,Bi-County,,,0
2026-09-18,151179,FINAL,Pittsfield,4314,168,1,Mt. Everett,4533,217,0,Berkshire,Berkshire,,,0
2026-09-20,147081,UPCOMING,Bellingham,4033,,,Norwood,4297,,,Tri-Valley,Tri-Valley,3:30 P.M.,,0
2026-09-21,145999,UPCOMING,Archbishop Williams,4012,,,Abington,4002,,,Catholic Central,South Shore,3:15 P.M.,,0
2026-09-21,146724,UPCOMING,Advanced Math and Science,4595,,,Blackstone Valley,4046,,,CMAC,CMAC,3:30 P.M.,,0
2026-09-21,146802,UPCOMING,Wachusett,4400,,,Grafton,4153,,,Mid-Wach,Mid-Wach,3:30 P.M.,,0
2026-09-21,146916,UPCOMING,Lowell Catholic,4217,,,Greater Lawrence,4154,,,Independent,Commonwealth,3:50 P.M.,,0
2026-09-21,147015,UPCOMING,Westborough,4418,,,Hopkinton,4180,,,Mid-Wach,Tri-Valley,3:15 P.M.,,0
2026-09-21,147062,UPCOMING,Clinton,4093,,,Nashoba,4267,,,Mid-Wach,Mid-Wach,3:30 P.M.,,0
2026-09-21,147178,UPCOMING,Whitinsville Christian,4487,,,Auburn,4019,,,CMAC,CMAC,3:30 P.M.,,0
2026-09-21,147281,UPCOMING,Bishop Fenwick,4043,,,Beverly,4038,,,Catholic Central,Northeastern,4:00 P.M.,,0
2026-09-21,147624,UPCOMING,Newburyport,4276,,,Marblehead,4231,,,Cape Ann,Northeastern,3:30 P.M.,,0
2026-09-21,147679,UPCOMING,St. Mary’s,4374,,,Cardinal Spellman,4075,,,Catholic Central,Catholic Central,3:00 P.M.,,0
2026-09-21,147693,UPCOMING,Cambridge,4067,,,Somerville,4351,,,Dual County,Greater Boston,3:30 P.M.,,0
2026-09-21,148121,UPCOMING,Bourne,4050,,,Dighton-Rehoboth,4114,,,South Coast,South Coast,3:00 P.M.,,0
2026-09-21,148152,UPCOMING,North Quincy,4287,,,Duxbury,4123,,,Patriot,Patriot,3:00 P.M.,,0
2026-09-21,148236,UPCOMING,Everett,4132,,,Northeast,4293,,,Greater Boston,Commonwealth,4:00 P.M.,,0
2026-09-21,148412,UPCOMING,Mansfield,4230,,,Foxborough,4142,,,Hockomock,Hockomock,3:30 P.M.,,0
2026-09-21,148598,UPCOMING,Tyngsborough,4397,,,Lowell,4216,,,Mid-Wach,Merrimack Valley,3:30 P.M.,,0
2026-09-21,148702,UPCOMING,Wilmington,4432,,,Winchester,4434,,,Middlesex,Middlesex,3:30 P.M.,,0
2026-09-21,148811,UPCOMING,Hanover,4164,,,Silver Lake,4349,,,Patriot,Patriot,3:30 P.M.,,0
2026-09-21,148878,UPCOMING,Pembroke,4308,,,Whitman-Hanson,4427,,,Patriot,Patriot,3:30 P.M.,,0
2026-09-21,149089,UPCOMING,Nauset,4271,,,Monomoy,4706,,,Cape & Islands,Cape & Islands,4:00 P.M.,,0
2026-09-21,149109,UPCOMING,Plymouth North,4315,,,Plymouth South,4316,,,Patriot,Patriot,3:00 P.M.,,0
2026-09-21,149171,UPCOMING,Somerset Berkley,4350,,,New Bedford,4273,,,South Coast,Big Three,2:30 P.M.,,0
2026-09-21,149179,UPCOMING,Brockton,4058,,,Rockland,4331,,,Big Three,South Shore,3:30 P.M.,,0
2026-09-21,149203,UPCOMING,Xaverian,4446,,,Catholic Memorial,4080,,,Catholic Conference,Catholic Conference,3:30 P.M.,,0
2026-09-21,149258,UPCOMING,Hingham,4171,,,Quincy,4326,,,Patriot,Patriot,3:30 P.M.,,0
2026-09-21,149384,UPCOMING,Pathfinder,4305,,,Easthampton,4130,,,Bi-County,Bi-County,3:00 P.M.,,0
2026-09-21,149537,UPCOMING,Leominster,4208,,,Fitchburg,4139,,,Mid-Wach,Mid-Wach,3:30 P.M.,,0
2026-09-21,149686,UPCOMING,Quabbin,4325,,,Quaboag,4510,,,Mid-Wach,CMAC,3:00 P.M.,,0
2026-09-21,150235,UPCOMING,McCann Tech,4240,,,Smith Voc.,4539,,,Bi-County,Independent,3:00 P.M.,,0
2026-09-21,150267,UPCOMING,South Hadley,4353,,,Hopkins,4531,,,Suburban,Bi-County,3:00 P.M.,,0
2026-09-21,150286,UPCOMING,Southwick,4519,,,Agawam,4004,,,Valley League,Valley League,3:00 P.M.,,0
2026-09-21,150303,UPCOMING,Tantasqua,4387,,,David Prouty,4106,,,CMAC,CMAC,3:30 P.M.,,0
2026-09-21,150320,UPCOMING,Pittsfield,4314,,,Wahconah,4401,,,Berkshire,Berkshire,3:30 P.M.,,0
2026-09-22,146001,UPCOMING,Archbishop Williams,4012,,,St. Mary’s,4374,,,Catholic Central,Catholic Central,3:45 P.M.,,0
2026-09-22,146208,UPCOMING,Algonquin,4005,,,Shrewsbury,4348,,,Mid-Wach,Mid-Wach,3:30 P.M.,,0
2026-09-22,146233,UPCOMING,Stoughton,4381,,,Attleboro,4018,,,Hockomock,Hockomock,3:00 P.M.,,0
2026-09-22,146252,UPCOMING,Bishop Feehan,4042,,,Bridgewater-Raynham,4053,,,Catholic Central,Pioneer,3:00 P.M.,,0
2026-09-22,146286,UPCOMING,Concord-Carlisle,4097,,,Hopkinton,4180,,,Dual County,Tri-Valley,3:30 P.M.,,0
2026-09-22,146316,UPCOMING,Doherty,4116,,,Monty Tech,4259,,,CMAC,CMAC,3:30 P.M.,,0
2026-09-22,146336,UPCOMING,Natick,4270,,,Framingham,4143,,,Bay State,Bay State,3:30 P.M.,,0
2026-09-22,146705,UPCOMING,Bedford,4031,,,Tewksbury,4389,,,Dual County,Merrimack Valley,3:30 P.M.,,0
2026-09-22,146725,UPCOMING,Hopedale,4507,,,Blackstone Valley,4046,,,CMAC,CMAC,3:00 P.M.,,0
2026-09-22,146754,UPCOMING,Blue Hills,4047,,,Old Colony,4300,,,Mayflower,Mayflower,2:45 P.M.,,0
2026-09-22,146772,UPCOMING,Dedham,4108,,,Bellingham,4033,,,Tri-Valley,Tri-Valley,3:45 P.M.,,0
2026-09-22,146834,UPCOMING,Shepherd Hill,4347,,,Groton-Dunstable,4160,,,Mid-Wach,Mid-Wach,3:30 P.M.,,0
2026-09-22,146864,UPCOMING,Holliston,4174,,,Medway,4243,,,Tri-Valley,Tri-Valley,3:00 P.M.,,0
2026-09-22,146967,UPCOMING,Oakmont,4299,,,Marlborough,4233,,,Mid-Wach,Mid-Wach,4:00 P.M.,,0
2026-09-22,146991,UPCOMING,Needham,4272,,,Medfield,4241,,,Bay State,Tri-Valley,3:45 P.M.,,0
2026-09-22,147065,UPCOMING,Nashoba,4267,,,Westborough,4418,,,Mid-Wach,Mid-Wach,3:30 P.M.,,0
2026-09-22,147082,UPCOMING,Norwood,4297,,,Norton,4295,,,Tri-Valley,Tri-Valley,3:30 P.M.,,0
2026-09-22,147102,UPCOMING,St. Paul,4954,,,Assabet,4016,,,CMAC,CMAC,3:00 P.M.,,0
2026-09-22,147131,UPCOMING,Greater Lawrence,4154,,,Shawsheen,4346,,,Commonwealth,Commonwealth,3:00 P.M.,,0
2026-09-22,147162,UPCOMING,Westwood,4424,,,Dover-Sherborn,4118,,,Tri-Valley,Tri-Valley,3:15 P.M.,,0
2026-09-22,147197,UPCOMING,Mansfield,4230,,,King Philip,4197,,,Hockomock,Hockomock,3:30 P.M.,,0
2026-09-22,147300,UPCOMING,Watertown,4409,,,Burlington,4065,,,Middlesex,Middlesex,3:30 P.M.,,0
2026-09-22,147328,UPCOMING,Foxborough,4142,,,Canton,4071,,,Hockomock,Hockomock,3:00 P.M.,,0
2026-09-22,147370,UPCOMING,Marblehead,4231,,,Danvers,4103,,,Northeastern,Northeastern,4:00 P.M.,,0
2026-09-22,147408,UPCOMING,Sharon,4345,,,Milford,4249,,,Independent,Hockomock,3:00 P.M.,,0
2026-09-22,147420,UPCOMING,Dracut,4119,,,Andover,4009,,,Merrimack Valley,Merrimack Valley,3:00 P.M.,,0
2026-09-22,147424,UPCOMING,Dracut,4119,,,Haverhill,4167,,,Merrimack Valley,Merrimack Valley,3:00 P.M.,,0
2026-09-22,147425,UPCOMING,Taunton,4388,,,North Attleborough,4284,,,Hockomock,Hockomock,3:00 P.M.,,0
2026-09-22,147473,UPCOMING,Winthrop,4437,,,Gloucester,4150,,,Northeastern,Northeastern,4:00 P.M.,,0
2026-09-22,147529,UPCOMING,Masconomet,4236,,,Saugus,4341,,,Northeastern,Northeastern,4:00 P.M.,,0
2026-09-22,147561,UPCOMING,Melrose,4244,,,Arlington,4013,,,Middlesex,Middlesex,3:30 P.M.,,0
2026-09-22,147647,UPCOMING,Beverly,4038,,,Peabody,4306,,,Northeastern,Northeastern,4:00 P.M.,,0
2026-09-22,147665,UPCOMING,Reading,4328,,,Central Catholic,4081,,,Middlesex,Merrimack Valley,3:30 P.M.,,0
2026-09-22,147714,UPCOMING,Stoneham,4380,,,Wakefield,4402,,,Middlesex,Middlesex,3:45 P.M.,,0
2026-09-22,147735,UPCOMING,Southeastern,4358,,,South Shore Voc-Tech,4356,,,Mayflower,Mayflower,2:00 P.M.,,0
2026-09-22,147781,UPCOMING,Weston,4423,,,Westford,4421,,,Dual County,Dual County,3:30 P.M.,,0
2026-09-22,147806,UPCOMING,Wilmington,4432,,,Woburn,4438,,,Middlesex,Middlesex,3:30 P.M.,,0
2026-09-22,147829,UPCOMING,Apponequet,4011,,,Old Rochester,4301,,,South Coast,South Coast,3:00 P.M.,,0
2026-09-22,147859,UPCOMING,Cardinal Spellman,4075,,,Bishop Stang,4045,,,Catholic Central,Catholic Central,3:15 P.M.,,0
2026-09-22,148049,UPCOMING,Cape Cod Tech,4073,,,Bristol-Plymouth,4057,,,Mayflower,Mayflower,3:00 P.M.,,0
2026-09-22,148184,UPCOMING,Catholic Memorial,4080,,,BC High,4029,,,Catholic Conference,Catholic Conference,3:30 P.M.,,0
2026-09-22,148212,UPCOMING,Weymouth,4425,,,Brookline,4059,,,Bay State,Bay State,,,0
2026-09-22,148221,UPCOMING,Newton South,4280,,,Cambridge,4067,,,Dual County,Dual County,3:15 P.M.,,0
2026-09-22,148297,UPCOMING,Falmouth,4134,,,Sandwich,4340,,,Cape & Islands,Cape & Islands,3:30 P.M.,,0
2026-09-22,148611,UPCOMING,Xaverian,4446,,,Malden Catholic,4228,,,Catholic Conference,Catholic Conference,3:15 P.M.,,0
2026-09-22,148695,UPCOMING,St. John’s Prep,4369,,,St. John’s (Shrewsbury),4368,,,Catholic Conference,Catholic Conference,3:00 P.M.,,0
2026-09-22,148732,UPCOMING,Wellesley,4413,,,Braintree,4051,,,Bay State,Bay State,3:30 P.M.,,0
2026-09-22,148825,UPCOMING,Martha’s Vineyard,4235,,,St. John Paul II,4689,,,Cape & Islands,Cape & Islands,3:15 P.M.,,0
2026-09-22,148841,UPCOMING,Mashpee,4237,,,Middleborough,4247,,,South Shore,South Shore,3:00 P.M.,,0
2026-09-22,149093,UPCOMING,Pembroke,4308,,,Scituate,4343,,,Patriot,Patriot,3:30 P.M.,,0
2026-09-22,149112,UPCOMING,Quincy,4326,,,Plymouth South,4316,,,Patriot,Patriot,3:20 P.M.,,0
2026-09-22,149156,UPCOMING,Marshfield,4234,,,Silver Lake,4349,,,Patriot,Patriot,3:30 P.M.,,0
2026-09-22,149174,UPCOMING,Joseph Case,4078,,,Somerset Berkley,4350,,,South Coast,South Coast,3:30 P.M.,,0
2026-09-22,149226,UPCOMING,Upper Cape,4457,,,Diman,4115,,,Mayflower,Mayflower,3:00 P.M.,,0
2026-09-22,149247,UPCOMING,Westport,4461,,,Durfee,4122,,,Mayflower,Big Three,3:30 P.M.,,0
2026-09-22,149261,UPCOMING,Whitman-Hanson,4427,,,Hingham,4171,,,Patriot,Patriot,3:30 P.M.,,0
2026-09-22,149333,UPCOMING,West Springfield,4417,,,Belchertown,4032,,,Valley League,Suburban,3:00 P.M.,,0
2026-09-22,149416,UPCOMING,Hampshire,4518,,,Frontier,4146,,,Suburban,Suburban,3:00 P.M.,,0
2026-09-22,149447,UPCOMING,Gardner,4147,,,Hudson,4182,,,Mid-Wach,Mid-Wach,3:30 P.M.,,0
2026-09-22,149521,UPCOMING,Quaboag,4510,,,Leicester,4207,,,CMAC,CMAC,3:00 P.M.,,0
2026-09-22,149539,UPCOMING,Leominster,4208,,,North Middlesex,4286,,,Mid-Wach,Mid-Wach,3:30 P.M.,,0
2026-09-22,149563,UPCOMING,Monument Mtn.,4260,,,Taconic,4385,,,Berkshire,Berkshire,4:00 P.M.,,0
2026-09-22,149611,UPCOMING,Lee,4206,,,Mt. Greylock,4262,,,Berkshire,Berkshire,4:00 P.M.,,0
2026-09-22,149633,UPCOMING,Oxford,4303,,,Bartlett,4026,,,CMAC,CMAC,3:15 P.M.,,0
2026-09-22,149661,UPCOMING,South Hadley,4353,,,Pope Francis,4796,,,Suburban,Valley League,3:00 P.M.,,0
2026-09-22,149687,UPCOMING,Bromfield,4505,,,Quabbin,4325,,,Mid-Wach,Mid-Wach,3:30 P.M.,,0
2026-09-22,150213,UPCOMING,St. Bernard’s,4365,,,Worcester Tech,4445,,,CMAC,CMAC,3:15 P.M.,,0
2026-09-22,150238,UPCOMING,Smith Voc.,4539,,,Hopkins,4531,,,Independent,Bi-County,3:00 P.M.,,0
2026-09-22,150289,UPCOMING,Chicopee Comprehensive,4089,,,Southwick,4519,,,Suburban,Valley League,3:00 P.M.,,0
2026-09-22,151076,UPCOMING,Cohasset,4094,,,Norwell,4296,,,South Shore,South Shore,,,0
2026-09-23,146085,UPCOMING,Nashoba,4267,,,Acton-Boxborough,4003,,,Mid-Wach,Dual County,3:30 P.M.,,0
2026-09-23,146268,UPCOMING,North Andover,4283,,,Chelmsford,4085,,,Merrimack Valley,Merrimack Valley,3:00 P.M.,,0
2026-09-23,146289,UPCOMING,Boston Latin,4049,,,Concord-Carlisle,4097,,,Dual County,Dual County,3:00 P.M.,,0
2026-09-23,146369,UPCOMING,Dover-Sherborn,4118,,,Ashland,4015,,,Tri-Valley,Tri-Valley,4:00 P.M.,,0
2026-09-23,146774,UPCOMING,Norton,4295,,,Dedham,4108,,,Tri-Valley,Tri-Valley,3:30 P.M.,,0
2026-09-23,146836,UPCOMING,Ayer Shirley,4022,,,Groton-Dunstable,4160,,,Mid-Wach,Mid-Wach,3:30 P.M.,,0
2026-09-23,146886,UPCOMING,Whitinsville Christian,4487,,,Keefe Tech,4191,,,CMAC,CMAC,3:30 P.M.,,0
2026-09-23,146918,UPCOMING,Lowell Catholic,4217,,,Tyngsborough,4397,,,Independent,Mid-Wach,4:30 P.M.,,0
2026-09-23,146924,UPCOMING,St. John’s (Shrewsbury),4368,,,Franklin,4144,,,Catholic Conference,Hockomock,3:15 P.M.,,0
2026-09-23,146962,UPCOMING,Marlborough,4233,,,North Middlesex,4286,,,Mid-Wach,Mid-Wach,4:00 P.M.,,0
2026-09-23,147018,UPCOMING,Hopkinton,4180,,,Westborough,4418,,,Tri-Valley,Mid-Wach,3:00 P.M.,,0
2026-09-23,147105,UPCOMING,St. Paul,4954,,,Leicester,4207,,,CMAC,CMAC,3:00 P.M.,,0
2026-09-23,147144,UPCOMING,Wayland,4411,,,Waltham,4405,,,Dual County,Dual County,4:00 P.M.,,0
2026-09-23,147214,UPCOMING,Arlington Catholic,4014,,,St. Mary’s,4374,,,Catholic Central,Catholic Central,3:00 P.M.,,0
2026-09-23,147227,UPCOMING,Lexington,4209,,,Belmont,4034,,,Middlesex,Middlesex,3:45 P.M.,,0
2026-09-23,147260,UPCOMING,Billerica,4040,,,Central Catholic,4081,,,Merrimack Valley,Merrimack Valley,3:00 P.M.,,0
2026-09-23,147331,UPCOMING,Canton,4071,,,Taunton,4388,,,Hockomock,Hockomock,3:15 P.M.,,0
2026-09-23,147373,UPCOMING,Peabody,4306,,,Danvers,4103,,,Northeastern,Northeastern,4:00 P.M.,,0
2026-09-23,147384,UPCOMING,Weston,4423,,,Lincoln-Sudbury,4211,,,Dual County,Dual County,3:45 P.M.,,0
2026-09-23,147410,UPCOMING,Milford,4249,,,Sharon,4345,,,Hockomock,Independent,3:00 P.M.,,0
2026-09-23,147429,UPCOMING,Oliver Ames,4302,,,North Attleborough,4284,,,Hockomock,Hockomock,3:00 P.M.,,0
2026-09-23,147475,UPCOMING,Gloucester,4150,,,Manchester Essex,4229,,,Northeastern,Cape Ann,3:30 P.M.,,0
2026-09-23,147508,UPCOMING,Marblehead,4231,,,Malden Catholic,4228,,,Northeastern,Catholic Conference,4:00 P.M.,,0
2026-09-23,147532,UPCOMING,Newburyport,4276,,,Masconomet,4236,,,Cape Ann,Northeastern,3:30 P.M.,,0
2026-09-23,147597,UPCOMING,Milton,4252,,,Newton North,4279,,,Bay State,Bay State,3:15 P.M.,,0
2026-09-23,147782,UPCOMING,Westford,4421,,,Newton South,4280,,,Dual County,Dual County,3:30 P.M.,,0
2026-09-23,147798,UPCOMING,Cambridge,4067,,,Watertown,4409,,,Dual County,Middlesex,3:30 P.M.,,0
2026-09-23,147809,UPCOMING,Woburn,4438,,,Winchester,4434,,,Middlesex,Middlesex,3:30 P.M.,,0
2026-09-23,147862,UPCOMING,Old Rochester,4301,,,Bishop Stang,4045,,,South Coast,Catholic Central,3:15 P.M.,,0
2026-09-23,148052,UPCOMING,Dennis-Yarmouth,4111,,,Cape Cod Tech,4073,,,Cape & Islands,Mayflower,3:00 P.M.,,0
2026-09-23,148090,UPCOMING,Diman,4115,,,Dartmouth,4105,,,Mayflower,Pioneer,2:45 P.M.,,0
2026-09-23,148124,UPCOMING,Dighton-Rehoboth,4114,,,Greater New Bedford,4156,,,South Coast,South Coast,3:30 P.M.,,0
2026-09-23,148155,UPCOMING,Duxbury,4123,,,Scituate,4343,,,Patriot,Patriot,3:30 P.M.,,0
2026-09-23,148258,UPCOMING,Georgetown,4148,,,Winthrop,4437,,,Cape Ann,Northeastern,3:30 P.M.,,0
2026-09-23,148305,UPCOMING,Bridgewater-Raynham,4053,,,Falmouth,4134,,,Pioneer,Cape & Islands,3:15 P.M.,,0
2026-09-23,148599,UPCOMING,Lowell,4216,,,Tewksbury,4389,,,Merrimack Valley,Merrimack Valley,3:00 P.M.,,0
2026-09-23,148735,UPCOMING,Xaverian,4446,,,Braintree,4051,,,Catholic Conference,Bay State,3:15 P.M.,,0
2026-09-23,149094,UPCOMING,Pembroke,4308,,,Plymouth North,4315,,,Patriot,Patriot,3:30 P.M.,,0
2026-09-23,149113,UPCOMING,Silver Lake,4349,,,Plymouth South,4316,,,Patriot,Patriot,3:30 P.M.,,0
2026-09-23,149183,UPCOMING,New Bedford,4273,,,Brockton,4058,,,Big Three,Big Three,3:15 P.M.,,0
2026-09-23,149262,UPCOMING,Whitman-Hanson,4427,,,North Quincy,4287,,,Patriot,Patriot,3:30 P.M.,,0
2026-09-23,149278,UPCOMING,Marshfield,4234,,,Quincy,4326,,,Patriot,Patriot,3:30 P.M.,,0
2026-09-23,149335,UPCOMING,Chicopee,4088,,,Belchertown,4032,,,Suburban,Suburban,3:00 P.M.,,0
2026-09-23,149386,UPCOMING,Easthampton,4130,,,Springfield International,4480,,,Bi-County,Bi-County,3:00 P.M.,,0
2026-09-23,149487,UPCOMING,Hopkins,4531,,,Hampshire,4518,,,Bi-County,Suburban,3:00 P.M.,,0
2026-09-23,149566,UPCOMING,Mt. Greylock,4262,,,Monument Mtn.,4260,,,Berkshire,Berkshire,3:30 P.M.,,0
2026-09-23,150269,UPCOMING,South Hadley,4353,,,Mohawk Trail,4258,,,Suburban,Bi-County,3:00 P.M.,,0
2026-09-23,150304,UPCOMING,Tantasqua,4387,,,Wachusett,4400,,,CMAC,Mid-Wach,3:30 P.M.,,0
2026-09-23,150321,UPCOMING,Wahconah,4401,,,Taconic,4385,,,Berkshire,Berkshire,3:30 P.M.,,0
2026-09-23,151079,UPCOMING,Cohasset,4094,,,Rockland,4331,,,South Shore,South Shore,3:30 P.M.,,0
2026-09-23,151081,UPCOMING,Norwell,4296,,,Rockland,4331,,,South Shore,South Shore,3:30 P.M.,,0
2026-09-24,146090,UPCOMING,Acton-Boxborough,4003,,,Concord-Carlisle,4097,,,Dual County,Dual County,3:30 P.M.,,0
2026-09-24,146210,UPCOMING,Algonquin,4005,,,Grafton,4153,,,Mid-Wach,Mid-Wach,3:30 P.M.,,0
2026-09-24,146234,UPCOMING,Sharon,4345,,,Attleboro,4018,,,Independent,Hockomock,3:15 P.M.,,0
2026-09-24,146269,UPCOMING,Central Catholic,4081,,,Chelmsford,4085,,,Merrimack Valley,Merrimack Valley,3:00 P.M.,,0
2026-09-24,146317,UPCOMING,Doherty,4116,,,St. Bernard’s,4365,,,CMAC,CMAC,3:30 P.M.,,0
2026-09-24,146706,UPCOMING,Bedford,4031,,,Cambridge,4067,,,Dual County,Dual County,3:30 P.M.,,0
2026-09-24,146727,UPCOMING,Monty Tech,4259,,,Blackstone Valley,4046,,,CMAC,CMAC,3:30 P.M.,,0
2026-09-24,146755,UPCOMING,Norfolk Aggie,4458,,,Blue Hills,4047,,,Mayflower,Mayflower,2:30 P.M.,,0
2026-09-24,146777,UPCOMING,Brookline,4059,,,Dedham,4108,,,Bay State,Tri-Valley,3:30 P.M.,,0
2026-09-24,146838,UPCOMING,North Middlesex,4286,,,Groton-Dunstable,4160,,,Mid-Wach,Mid-Wach,3:30 P.M.,,0
2026-09-24,146867,UPCOMING,Holliston,4174,,,Millis,4251,,,Tri-Valley,Tri-Valley,3:00 P.M.,,0
2026-09-24,146889,UPCOMING,Keefe Tech,4191,,,Nipmuc,4281,,,CMAC,CMAC,3:15 P.M.,,0
2026-09-24,146920,UPCOMING,Lowell Catholic,4217,,,St. Mary’s,4374,,,Independent,Catholic Central,3:30 P.M.,,0
2026-09-24,146931,UPCOMING,Franklin,4144,,,Milford,4249,,,Hockomock,Hockomock,3:30 P.M.,,0
2026-09-24,146992,UPCOMING,Walpole,4404,,,Medfield,4241,,,Bay State,Tri-Valley,3:30 P.M.,,0
2026-09-24,147021,UPCOMING,Holliston,4174,,,Hopkinton,4180,,,Tri-Valley,Tri-Valley,3:00 P.M.,,0
2026-09-24,147083,UPCOMING,Norwood,4297,,,Bellingham,4033,,,Tri-Valley,Tri-Valley,3:30 P.M.,,0
2026-09-24,147179,UPCOMING,Hopedale,4507,,,Whitinsville Christian,4487,,,CMAC,CMAC,3:00 P.M.,,0
2026-09-24,147217,UPCOMING,Cardinal Spellman,4075,,,Arlington Catholic,4014,,,Catholic Central,Catholic Central,2:30 P.M.,,0
2026-09-24,147302,UPCOMING,Wakefield,4402,,,Burlington,4065,,,Middlesex,Middlesex,3:30 P.M.,,0
2026-09-24,147426,UPCOMING,Methuen,4246,,,Dracut,4119,,,Merrimack Valley,Merrimack Valley,3:00 P.M.,,0
2026-09-24,147434,UPCOMING,Mansfield,4230,,,North Attleborough,4284,,,Hockomock,Hockomock,3:15 P.M.,,0
2026-09-24,147564,UPCOMING,Melrose,4244,,,Belmont,4034,,,Middlesex,Middlesex,3:30 P.M.,,0
2026-09-24,147627,UPCOMING,Newburyport,4276,,,Ipswich,4190,,,Cape Ann,Cape Ann,3:30 P.M.,,0
2026-09-24,147666,UPCOMING,Reading,4328,,,Arlington,4013,,,Middlesex,Middlesex,3:30 P.M.,,0
2026-09-24,147698,UPCOMING,Westborough,4418,,,Shrewsbury,4348,,,Mid-Wach,Mid-Wach,3:15 P.M.,,0
2026-09-24,147738,UPCOMING,Old Colony,4300,,,Southeastern,4358,,,Mayflower,Mayflower,2:45 P.M.,,0
2026-09-24,147811,UPCOMING,Woburn,4438,,,Stoneham,4380,,,Middlesex,Middlesex,3:30 P.M.,,0
2026-09-24,147831,UPCOMING,Fairhaven,4133,,,Apponequet,4011,,,South Coast,South Coast,3:15 P.M.,,0
2026-09-24,147864,UPCOMING,Bishop Stang,4045,,,New Bedford,4273,,,Catholic Central,Big Three,3:15 P.M.,,0
2026-09-24,147883,UPCOMING,Bristol-Plymouth,4057,,,Westport,4461,,,Mayflower,Mayflower,3:30 P.M.,,0
2026-09-24,148054,UPCOMING,Diman,4115,,,Cape Cod Tech,4073,,,Mayflower,Mayflower,3:00 P.M.,,0
2026-09-24,148091,UPCOMING,Durfee,4122,,,Dartmouth,4105,,,Big Three,Pioneer,3:15 P.M.,,0
2026-09-24,148126,UPCOMING,Old Rochester,4301,,,Dighton-Rehoboth,4114,,,South Coast,South Coast,3:30 P.M.,,0
2026-09-24,148156,UPCOMING,Duxbury,4123,,,Barnstable,4024,,,Patriot,Pioneer,3:30 P.M.,,0
2026-09-24,148230,UPCOMING,Central Catholic,4081,,,Lowell,4216,,,Merrimack Valley,Merrimack Valley,3:00 P.M.,,0
2026-09-24,148317,UPCOMING,Falmouth,4134,,,St. John Paul II,4689,,,Cape & Islands,Cape & Islands,3:30 P.M.,,0
2026-09-24,148413,UPCOMING,Foxborough,4142,,,Oliver Ames,4302,,,Hockomock,Hockomock,3:00 P.M.,,0
2026-09-24,148601,UPCOMING,Chelmsford,4085,,,Lowell,4216,,,Merrimack Valley,Merrimack Valley,3:00 P.M.,,0
2026-09-24,148679,UPCOMING,Wellesley,4413,,,Newton North,4279,,,Bay State,Bay State,3:30 P.M.,,0
2026-09-24,148738,UPCOMING,Braintree,4051,,,Weymouth,4425,,,Bay State,Bay State,3:00 P.M.,,0
2026-09-24,148812,UPCOMING,Hanover,4164,,,North Quincy,4287,,,Patriot,Patriot,3:00 P.M.,,0
2026-09-24,148844,UPCOMING,Middleborough,4247,,,Carver,4077,,,South Shore,South Shore,3:00 P.M.,,0
2026-09-24,149128,UPCOMING,Scituate,4343,,,Marshfield,4234,,,Patriot,Patriot,3:30 P.M.,,0
2026-09-24,149159,UPCOMING,Hingham,4171,,,Silver Lake,4349,,,Patriot,Patriot,3:30 P.M.,,0
2026-09-24,149205,UPCOMING,Catholic Memorial,4080,,,Xaverian,4446,,,Catholic Conference,Catholic Conference,3:20 P.M.,,0
2026-09-24,149228,UPCOMING,South Shore Voc-Tech,4356,,,Norfolk Aggie,4458,,,Mayflower,Mayflower,3:00 P.M.,,0
2026-09-24,149387,UPCOMING,Springfield Central,4360,,,Easthampton,4130,,,Bi-County,Bi-County,3:00 P.M.,,0
2026-09-24,149417,UPCOMING,Frontier,4146,,,West Springfield,4417,,,Suburban,Valley League,3:00 P.M.,,0
2026-09-24,149448,UPCOMING,Maynard,4239,,,Gardner,4147,,,Mid-Wach,Mid-Wach,3:30 P.M.,,0
2026-09-24,149491,UPCOMING,Amherst-Pelham,4008,,,Hampshire,4518,,,Suburban,Suburban,3:30 P.M.,,0
2026-09-24,149522,UPCOMING,Leicester,4207,,,Bartlett,4026,,,CMAC,CMAC,3:30 P.M.,,0
2026-09-24,149541,UPCOMING,Marlborough,4233,,,Leominster,4208,,,Mid-Wach,Mid-Wach,4:00 P.M.,,0
2026-09-24,149612,UPCOMING,Mt. Greylock,4262,,,Pittsfield,4314,,,Berkshire,Berkshire,3:30 P.M.,,0
2026-09-24,149635,UPCOMING,Oxford,4303,,,Bay Path,4027,,,CMAC,CMAC,3:15 P.M.,,0
2026-09-24,149663,UPCOMING,Minnechaug,4254,,,Pope Francis,4796,,,Valley League,Valley League,3:30 P.M.,,0
2026-09-24,150194,UPCOMING,Tantasqua,4387,,,Quaboag,4510,,,CMAC,CMAC,3:30 P.M.,,0
2026-09-24,150240,UPCOMING,Westfield Tech,4420,,,Smith Voc.,4539,,,Bi-County,Independent,3:00 P.M.,,0
2026-09-24,150271,UPCOMING,South Hadley,4353,,,Agawam,4004,,,Suburban,Valley League,3:00 P.M.,,0
2026-09-24,150292,UPCOMING,Ludlow,4218,,,Southwick,4519,,,Valley League,Valley League,3:00 P.M.,,0
2026-09-24,151083,UPCOMING,Mashpee,4237,,,Norwell,4296,,,South Shore,South Shore,,,0
2026-09-25,146320,UPCOMING,Bay Path,4027,,,Doherty,4116,,,CMAC,CMAC,3:00 P.M.,,0
2026-09-25,147107,UPCOMING,Monty Tech,4259,,,St. Paul,4954,,,CMAC,CMAC,4:00 P.M.,,0
2026-09-25,147198,UPCOMING,King Philip,4197,,,Canton,4071,,,Hockomock,Hockomock,3:15 P.M.,,0
2026-09-25,148069,UPCOMING,East Bridgewater,4126,,,Cardinal Spellman,4075,,,South Shore,Catholic Central,3:30 P.M.,,0
2026-09-25,148427,UPCOMING,Greater New Bedford,4156,,,Somerset Berkley,4350,,,South Coast,South Coast,3:15 P.M.,,0
2026-09-25,148647,UPCOMING,Methuen,4246,,,Triton,4395,,,Merrimack Valley,Cape Ann,3:00 P.M.,,0
2026-09-25,149234,UPCOMING,Abington,4002,,,South Shore Voc-Tech,4356,,,South Shore,Mayflower,3:30 P.M.,,0
2026-09-25,149267,UPCOMING,Southeastern,4358,,,Mansfield,4230,,,Mayflower,Hockomock,2:00 P.M.,,0
2026-09-25,149418,UPCOMING,Frontier,4146,,,Southwick,4519,,,Suburban,Valley League,3:00 P.M.,,0
2026-09-25,149452,UPCOMING,Athol,4017,,,Gardner,4147,,,Independent,Mid-Wach,3:00 P.M.,,0
2026-09-25,149493,UPCOMING,Pioneer Valley,4536,,,Hampshire,4518,,,Bi-County,Suburban,3:00 P.M.,,0
2026-09-25,149567,UPCOMING,Monument Mtn.,4260,,,Lee,4206,,,Berkshire,Berkshire,4:00 P.M.,,0
2026-09-25,149637,UPCOMING,Oxford,4303,,,David Prouty,4106,,,CMAC,CMAC,3:00 P.M.,,0
2026-09-25,149666,UPCOMING,Pope Francis,4796,,,East Longmeadow,4127,,,Valley League,Valley League,2:20 P.M.,,0
2026-09-25,149690,UPCOMING,Quabbin,4325,,,Tyngsborough,4397,,,Mid-Wach,Mid-Wach,3:00 P.M.,,0
2026-09-25,150216,UPCOMING,North Middlesex,4286,,,St. Bernard’s,4365,,,Mid-Wach,CMAC,3:30 P.M.,,0
2026-09-25,150323,UPCOMING,Hoosac Valley/Drury,4178,,,Wahconah,4401,,,Berkshire,Berkshire,3:30 P.M.,,0
2026-09-27,146994,UPCOMING,Medway,4243,,,Medfield,4241,,,Tri-Valley,Tri-Valley,3:00 P.M.,,0
2026-09-27,148860,UPCOMING,Bellingham,4033,,,Norton,4295,,,Tri-Valley,Tri-Valley,3:15 P.M.,,0
2026-09-28,146098,UPCOMING,Acton-Boxborough,4003,,,Newton South,4280,,,Dual County,Dual County,3:30 P.M.,,0
2026-09-28,146211,UPCOMING,Algonquin,4005,,,Auburn,4019,,,Mid-Wach,CMAC,3:30 P.M.,,0
2026-09-28,146237,UPCOMING,Attleboro,4018,,,Sharon,4345,,,Hockomock,Independent,2:20 P.M.,,0
2026-09-28,146322,UPCOMING,Doherty,4116,,,St. Paul,4954,,,CMAC,CMAC,3:00 P.M.,,0
2026-09-28,146338,UPCOMING,Milton,4252,,,Framingham,4143,,,Bay State,Bay State,3:15 P.M.,,0
2026-09-28,146709,UPCOMING,Bedford,4031,,,Lincoln-Sudbury,4211,,,Dual County,Dual County,3:30 P.M.,,0
2026-09-28,146729,UPCOMING,Blackstone Valley,4046,,,Nipmuc,4281,,,CMAC,CMAC,3:00 P.M.,,0
2026-09-28,146757,UPCOMING,Blue Hills,4047,,,South Shore Voc-Tech,4356,,,Mayflower,Mayflower,2:30 P.M.,,0
2026-09-28,146868,UPCOMING,Holliston,4174,,,Norwood,4297,,,Tri-Valley,Tri-Valley,3:00 P.M.,,0
2026-09-28,146935,UPCOMING,Milford,4249,,,Franklin,4144,,,Hockomock,Hockomock,3:00 P.M.,,0
2026-09-28,147000,UPCOMING,Medfield,4241,,,Westwood,4424,,,Tri-Valley,Tri-Valley,4:00 P.M.,,0
2026-09-28,147086,UPCOMING,Ashland,4015,,,Norwood,4297,,,Tri-Valley,Tri-Valley,3:15 P.M.,,0
2026-09-28,147147,UPCOMING,Westford,4421,,,Wayland,4411,,,Dual County,Dual County,3:30 P.M.,,0
2026-09-28,147303,UPCOMING,Burlington,4065,,,Winchester,4434,,,Middlesex,Middlesex,3:30 P.M.,,0
2026-09-28,147333,UPCOMING,Oliver Ames,4302,,,Canton,4071,,,Hockomock,Hockomock,3:00 P.M.,,0
2026-09-28,147376,UPCOMING,Danvers,4103,,,Swampscott,4383,,,Northeastern,Northeastern,4:00 P.M.,,0
2026-09-28,147478,UPCOMING,Masconomet,4236,,,Gloucester,4150,,,Northeastern,Northeastern,4:00 P.M.,,0
2026-09-28,147567,UPCOMING,Stoneham,4380,,,Melrose,4244,,,Middlesex,Middlesex,3:30 P.M.,,0
2026-09-28,147577,UPCOMING,North Attleborough,4284,,,Mansfield,4230,,,Hockomock,Hockomock,3:00 P.M.,,0
2026-09-28,147648,UPCOMING,Peabody,4306,,,Winthrop,4437,,,Northeastern,Northeastern,4:00 P.M.,,0
2026-09-28,147682,UPCOMING,St. Mary’s,4374,,,Amesbury,4007,,,Catholic Central,Cape Ann,3:00 P.M.,,0
2026-09-28,147700,UPCOMING,Leominster,4208,,,Shrewsbury,4348,,,Mid-Wach,Mid-Wach,3:30 P.M.,,0
2026-09-28,147739,UPCOMING,Southeastern,4358,,,Tri-County,4392,,,Mayflower,Mayflower,2:00 P.M.,,0
2026-09-28,148056,UPCOMING,Cape Cod Tech,4073,,,Upper Cape,4457,,,Mayflower,Mayflower,3:00 P.M.,,0
2026-09-28,148070,UPCOMING,Cardinal Spellman,4075,,,Martha’s Vineyard,4235,,,Catholic Central,Cape & Islands,3:15 P.M.,,0
2026-09-28,148110,UPCOMING,BC High,4029,,,Belmont,4034,,,Catholic Conference,Middlesex,3:30 P.M.,,0
2026-09-28,148149,UPCOMING,Beverly,4038,,,Saugus,4341,,,Northeastern,Northeastern,4:30 P.M.,,0
2026-09-28,148157,UPCOMING,Hingham,4171,,,Duxbury,4123,,,Patriot,Patriot,3:30 P.M.,,0
2026-09-28,148239,UPCOMING,Salem,4336,,,Everett,4132,,,Northeastern,Greater Boston,4:00 P.M.,,0
2026-09-28,148416,UPCOMING,Stoughton,4381,,,Foxborough,4142,,,Hockomock,Hockomock,3:00 P.M.,,0
2026-09-28,148441,UPCOMING,Chelmsford,4085,,,Haverhill,4167,,,Merrimack Valley,Merrimack Valley,3:00 P.M.,,0
2026-09-28,148717,UPCOMING,Bridgewater-Raynham,4053,,,Barnstable,4024,,,Pioneer,Pioneer,3:15 P.M.,,0
2026-09-28,148846,UPCOMING,Middleborough,4247,,,Abington,4002,,,South Shore,South Shore,3:30 P.M.,,0
2026-09-28,149097,UPCOMING,Pembroke,4308,,,Quincy,4326,,,Patriot,Patriot,3:30 P.M.,,0
2026-09-28,149114,UPCOMING,Plymouth South,4316,,,North Quincy,4287,,,Patriot,Patriot,4:00 P.M.,,0
2026-09-28,149161,UPCOMING,Whitman-Hanson,4427,,,Silver Lake,4349,,,Patriot,Patriot,3:30 P.M.,,0
2026-09-28,149178,UPCOMING,Somerset Berkley,4350,,,Durfee,4122,,,South Coast,Big Three,2:30 P.M.,,0
2026-09-28,149190,UPCOMING,Brockton,4058,,,New Bedford,4273,,,Big Three,Big Three,3:15 P.M.,,0
2026-09-28,149279,UPCOMING,Marshfield,4234,,,Plymouth North,4315,,,Patriot,Patriot,3:30 P.M.,,0
2026-09-28,149287,UPCOMING,Wellesley,4413,,,Natick,4270,,,Bay State,Bay State,3:30 P.M.,,0
2026-09-28,149341,UPCOMING,Hampshire,4518,,,Belchertown,4032,,,Suburban,Suburban,3:00 P.M.,,0
2026-09-28,149419,UPCOMING,Frontier,4146,,,Ludlow,4218,,,Suburban,Valley League,3:00 P.M.,,0
2026-09-28,149570,UPCOMING,Pittsfield,4314,,,Monument Mtn.,4260,,,Berkshire,Berkshire,3:30 P.M.,,0
2026-09-28,149639,UPCOMING,Tantasqua,4387,,,Oxford,4303,,,CMAC,CMAC,3:30 P.M.,,0
2026-09-28,149693,UPCOMING,Quabbin,4325,,,Wachusett,4400,,,Mid-Wach,Mid-Wach,3:00 P.M.,,0
2026-09-28,150241,UPCOMING,Smith Voc.,4539,,,Franklin County Tech,4145,,,Independent,Bi-County,2:45 P.M.,,0
2026-09-28,150244,UPCOMING,Smith Voc.,4539,,,Westfield Tech,4420,,,Independent,Bi-County,2:45 P.M.,,0
2026-09-28,150272,UPCOMING,South Hadley,4353,,,Longmeadow,4214,,,Suburban,Valley League,3:00 P.M.,,0
2026-09-28,150293,UPCOMING,Amherst-Pelham,4008,,,Southwick,4519,,,Suburban,Valley League,3:30 P.M.,,0
2026-09-28,150332,UPCOMING,St. John’s (Shrewsbury),4368,,,Xaverian,4446,,,Catholic Conference,Catholic Conference,3:15 P.M.,,0
2026-09-29,146002,UPCOMING,Archbishop Williams,4012,,,Cardinal Spellman,4075,,,Catholic Central,Catholic Central,3:45 P.M.,,0
2026-09-29,146123,UPCOMING,Acton-Boxborough,4003,,,Shrewsbury,4348,,,Dual County,Mid-Wach,3:30 P.M.,,0
2026-09-29,146213,UPCOMING,Nashoba,4267,,,Algonquin,4005,,,Mid-Wach,Mid-Wach,3:30 P.M.,,0
2026-09-29,146238,UPCOMING,King Philip,4197,,,Attleboro,4018,,,Hockomock,Hockomock,3:15 P.M.,,0
2026-09-29,146292,UPCOMING,Concord-Carlisle,4097,,,Wellesley,4413,,,Dual County,Bay State,3:30 P.M.,,0
2026-09-29,146323,UPCOMING,Shepherd Hill,4347,,,Doherty,4116,,,Mid-Wach,CMAC,3:00 P.M.,,0
2026-09-29,146371,UPCOMING,Ashland,4015,,,Holliston,4174,,,Tri-Valley,Tri-Valley,3:00 P.M.,,0
2026-09-29,146711,UPCOMING,Norwood,4297,,,Bedford,4031,,,Tri-Valley,Dual County,4:00 P.M.,,0
2026-09-29,146731,UPCOMING,Bay Path,4027,,,Blackstone Valley,4046,,,CMAC,CMAC,3:15 P.M.,,0
2026-09-29,146841,UPCOMING,Leominster,4208,,,Groton-Dunstable,4160,,,Mid-Wach,Mid-Wach,3:30 P.M.,,0
2026-09-29,146871,UPCOMING,Holliston,4174,,,Westwood,4424,,,Tri-Valley,Tri-Valley,3:00 P.M.,,0
2026-09-29,146890,UPCOMING,Hopedale,4507,,,Keefe Tech,4191,,,CMAC,CMAC,3:00 P.M.,,0
2026-09-29,146922,UPCOMING,Lowell Catholic,4217,,,Greater Lowell,4155,,,Independent,Commonwealth,3:30 P.M.,,0
2026-09-29,146969,UPCOMING,Shepherd Hill,4347,,,Marlborough,4233,,,Mid-Wach,Mid-Wach,3:30 P.M.,,0
2026-09-29,147038,UPCOMING,Norton,4295,,,Medway,4243,,,Tri-Valley,Tri-Valley,,,0
2026-09-29,147132,UPCOMING,Minuteman,4255,,,Shawsheen,4346,,,Independent,Commonwealth,2:40 P.M.,,0
2026-09-29,147150,UPCOMING,Weston,4423,,,Wayland,4411,,,Dual County,Dual County,3:30 P.M.,,0
2026-09-29,147181,UPCOMING,Whitinsville Christian,4487,,,Advanced Math and Science,4595,,,CMAC,CMAC,3:30 P.M.,,0
2026-09-29,147228,UPCOMING,Reading,4328,,,Lexington,4209,,,Middlesex,Middlesex,3:30 P.M.,,0
2026-09-29,147335,UPCOMING,Canton,4071,,,Mansfield,4230,,,Hockomock,Hockomock,3:15 P.M.,,0
2026-09-29,147413,UPCOMING,Foxborough,4142,,,Milford,4249,,,Hockomock,Hockomock,3:00 P.M.,,0
2026-09-29,147430,UPCOMING,Dracut,4119,,,Tewksbury,4389,,,Merrimack Valley,Merrimack Valley,3:00 P.M.,,0
2026-09-29,147450,UPCOMING,Hamilton-Wenham,4163,,,Essex Tech,4745,,,Cape Ann,Cape Ann,3:30 P.M.,,0
2026-09-29,147479,UPCOMING,Saugus,4341,,,Gloucester,4150,,,Northeastern,Northeastern,3:00 P.M.,,0
2026-09-29,147509,UPCOMING,Masconomet,4236,,,Marblehead,4231,,,Northeastern,Northeastern,4:00 P.M.,,0
2026-09-29,147570,UPCOMING,Melrose,4244,,,Wilmington,4432,,,Middlesex,Middlesex,3:30 P.M.,,0
2026-09-29,147580,UPCOMING,North Attleborough,4284,,,Oliver Ames,4302,,,Hockomock,Hockomock,3:00 P.M.,,0
2026-09-29,147600,UPCOMING,Weymouth,4425,,,Milton,4252,,,Bay State,Bay State,,,0
2026-09-29,147630,UPCOMING,Manchester Essex,4229,,,Newburyport,4276,,,Cape Ann,Cape Ann,3:30 P.M.,,0
2026-09-29,147683,UPCOMING,St. Mary’s,4374,,,Bishop Stang,4045,,,Catholic Central,Catholic Central,3:15 P.M.,,0
2026-09-29,147717,UPCOMING,Belmont,4034,,,Wakefield,4402,,,Middlesex,Middlesex,3:30 P.M.,,0
2026-09-29,147768,UPCOMING,Westborough,4418,,,Wachusett,4400,,,Mid-Wach,Mid-Wach,3:30 P.M.,,0
2026-09-29,147814,UPCOMING,Woburn,4438,,,Arlington,4013,,,Middlesex,Middlesex,3:30 P.M.,,0
2026-09-29,147832,UPCOMING,Apponequet,4011,,,Greater New Bedford,4156,,,South Coast,South Coast,3:00 P.M.,,0
2026-09-29,147843,UPCOMING,Methuen,4246,,,Andover,4009,,,Merrimack Valley,Merrimack Valley,3:00 P.M.,,0
2026-09-29,147882,UPCOMING,Upper Cape,4457,,,Bristol-Plymouth,4057,,,Mayflower,Mayflower,3:00 P.M.,,0
2026-09-29,147884,UPCOMING,Bristol-Plymouth,4057,,,South Shore Voc-Tech,4356,,,Mayflower,Mayflower,3:00 P.M.,,0
2026-09-29,148092,UPCOMING,Dartmouth,4105,,,New Bedford,4273,,,Pioneer,Big Three,3:15 P.M.,,0
2026-09-29,148158,UPCOMING,Duxbury,4123,,,Quincy,4326,,,Patriot,Patriot,3:10 P.M.,,0
2026-09-29,148186,UPCOMING,BC High,4029,,,St. John’s (Shrewsbury),4368,,,Catholic Conference,Catholic Conference,3:30 P.M.,,0
2026-09-29,148214,UPCOMING,Brookline,4059,,,Wellesley,4413,,,Bay State,Bay State,3:45 P.M.,,0
2026-09-29,148680,UPCOMING,Newton South,4280,,,Newton North,4279,,,Dual County,Bay State,2:30 P.M.,,0
2026-09-29,148691,UPCOMING,Methuen,4246,,,North Andover,4283,,,Merrimack Valley,Merrimack Valley,3:00 P.M.,,0
2026-09-29,148697,UPCOMING,St. John’s Prep,4369,,,Catholic Memorial,4080,,,Catholic Conference,Catholic Conference,,,0
2026-09-29,148704,UPCOMING,Stoneham,4380,,,Winchester,4434,,,Middlesex,Middlesex,3:30 P.M.,,0
2026-09-29,148719,UPCOMING,Barnstable,4024,,,Monomoy,4706,,,Pioneer,Cape & Islands,3:30 P.M.,,0
2026-09-29,148740,UPCOMING,Natick,4270,,,Braintree,4051,,,Bay State,Bay State,3:30 P.M.,,0
2026-09-29,148815,UPCOMING,Marshfield,4234,,,Hanover,4164,,,Patriot,Patriot,3:30 P.M.,,0
2026-09-29,149099,UPCOMING,Silver Lake,4349,,,Pembroke,4308,,,Patriot,Patriot,3:30 P.M.,,0
2026-09-29,149116,UPCOMING,Plymouth South,4316,,,Hingham,4171,,,Patriot,Patriot,4:00 P.M.,,0
2026-09-29,149130,UPCOMING,Whitman-Hanson,4427,,,Scituate,4343,,,Patriot,Patriot,3:30 P.M.,,0
2026-09-29,149182,UPCOMING,Westport,4461,,,Somerset Berkley,4350,,,Mayflower,South Coast,3:30 P.M.,,0
2026-09-29,149231,UPCOMING,Diman,4115,,,Durfee,4122,,,Mayflower,Big Three,2:45 P.M.,,0
2026-09-29,149356,UPCOMING,Taunton,4388,,,Stoughton,4381,,,Hockomock,Hockomock,3:00 P.M.,,0
2026-09-29,149390,UPCOMING,Ware,4406,,,Easthampton,4130,,,Suburban,Bi-County,3:30 P.M.,,0
2026-09-29,149453,UPCOMING,Gardner,4147,,,Tahanto,4513,,,Mid-Wach,Mid-Wach,3:30 P.M.,,0
2026-09-29,149525,UPCOMING,David Prouty,4106,,,Leicester,4207,,,CMAC,CMAC,3:30 P.M.,,0
2026-09-29,149571,UPCOMING,Lenox,4532,,,Monument Mtn.,4260,,,Berkshire,Berkshire,3:30 P.M.,,0
2026-09-29,149614,UPCOMING,Wahconah,4401,,,Mt. Greylock,4262,,,Berkshire,Berkshire,3:30 P.M.,,0
2026-09-29,149641,UPCOMING,Oxford,4303,,,Uxbridge,4398,,,CMAC,CMAC,3:00 P.M.,,0
2026-09-29,150218,UPCOMING,St. Bernard’s,4365,,,Assabet,4016,,,CMAC,CMAC,4:00 P.M.,,0
2026-09-29,150306,UPCOMING,Tantasqua,4387,,,Auburn,4019,,,CMAC,CMAC,3:30 P.M.,,0
2026-09-29,151084,UPCOMING,Abington,4002,,,Norwell,4296,,,South Shore,South Shore,3:30 P.M.,,0
