date,game_id,status,home_team,home_team_id,home_score,home_outcome,visitor_team,visitor_team_id,visitor_score,visitor_outcome,home_conference,visitor_conference,time,overtime,is_shootout_win
2026-08-26,136852,UPCOMING,Blue Hills,4047,,,Dedham,4108,,,Mayflower,Tri-Valley,8:30 A.M.,,0
2026-08-27,138117,UPCOMING,Marlborough,4233,,,Bromfield,4505,,,Mid-Wach,Mid-Wach,6:00 P.M.,,0
2026-08-27,139274,UPCOMING,Falmouth,4134,,,Silver Lake,4349,,,Cape & Islands,Patriot,4:30 P.M.,,0
2026-08-28,134375,UPCOMING,Advanced Math and Science,4595,,,Whitinsville Christian,4487,,,CMAC,CMAC,3:30 P.M.,,0
2026-08-28,136394,UPCOMING,Holyoke,4176,,,Bay Path,4027,,,Holley,CMAC,3:30 P.M.,,0
2026-08-28,136869,UPCOMING,Blue Hills,4047,,,Avon,4460,,,Mayflower,Mayflower,8:30 A.M.,,0
2026-08-28,138281,UPCOMING,Carver,4077,,,Whitman-Hanson,4427,,,South Shore,Patriot,5:00 P.M.,,0
2026-08-28,139460,UPCOMING,Pope Francis,4796,,,Frontier,4146,,,Smith,Moriarty,5:00 P.M.,,0
2026-08-29,136675,UPCOMING,Millbury,4250,,,Blackstone-Millville,4486,,,CMAC,CMAC,9:30 P.M.,,0
2026-08-29,138606,UPCOMING,Barnstable,4024,,,Cohasset,4094,,,Pioneer,South Shore,8:00 A.M.,,0
2026-08-31,134301,UPCOMING,Abington,4002,,,Apponequet,4011,,,South Shore,South Coast,3:30 P.M.,,0
2026-08-31,136678,UPCOMING,Bellingham,4033,,,Blackstone-Millville,4486,,,Tri-Valley,CMAC,4:00 P.M.,,0
2026-08-31,138514,UPCOMING,Auburn,4019,,,Clinton,4093,,,CMAC,Mid-Wach,5:15 P.M.,,0
2026-08-31,138619,UPCOMING,Hanover,4164,,,Cohasset,4094,,,Patriot,South Shore,4:00 P.M.,,0
2026-08-31,139282,UPCOMING,Falmouth,4134,,,Plymouth North,4315,,,Cape & Islands,Patriot,4:00 P.M.,,0
2026-09-01,134458,UPCOMING,Lowell Catholic,4217,,,Amesbury,4007,,,Commonwealth,Cape Ann,4:00 P.M.,,0
2026-09-01,138123,UPCOMING,Bromfield,4505,,,Millis,4251,,,Mid-Wach,Tri-Valley,4:00 P.M.,,0
2026-09-01,139431,UPCOMING,Norwood,4297,,,Foxborough,4142,,,Tri-Valley,Hockomock,4:00 P.M.,,0
2026-09-02,134302,UPCOMING,Abington,4002,,,Fairhaven,4133,,,South Shore,South Coast,3:30 P.M.,,0
2026-09-02,134415,UPCOMING,Leicester,4207,,,Advanced Math and Science,4595,,,CMAC,CMAC,4:00 P.M.,,0
2026-09-02,138516,UPCOMING,Clinton,4093,,,Assabet,4016,,,Mid-Wach,CMAC,3:30 P.M.,,0
2026-09-02,138911,UPCOMING,Boston Latin,4049,,,Excel Academy,4969,,,Dual County,Charter School Athletic,4:00 P.M.,,0
2026-09-03,131760,UPCOMING,Concord-Carlisle,4097,,,Arlington,4013,,,Dual County,Middlesex,4:15 P.M.,,0
2026-09-03,138129,UPCOMING,Ayer Shirley,4022,,,Bromfield,4505,,,Mid-Wach,Mid-Wach,3:30 P.M.,,0
2026-09-03,138294,UPCOMING,Carver,4077,,,St. John Paul II,4689,,,South Shore,Cape & Islands,3:00 P.M.,,0
2026-09-03,138789,UPCOMING,Gateway,4517,,,Easthampton,4130,,,Bi-County,Moriarty,4:00 P.M.,,0
2026-09-03,139440,UPCOMING,Medway,4243,,,Foxborough,4142,,,Tri-Valley,Hockomock,4:00 P.M.,,0
2026-09-03,139467,UPCOMING,East Longmeadow,4127,,,Frontier,4146,,,Smith,Moriarty,7:00 P.M.,,0
2026-09-04,134308,UPCOMING,Abington,4002,,,Apponequet,4011,,,South Shore,South Coast,10:00 A.M.,,0
2026-09-04,136397,UPCOMING,Oxford,4303,,,Bay Path,4027,,,CMAC,CMAC,10:00 A.M.,,0
2026-09-04,136880,UPCOMING,Blue Hills,4047,,,Archbishop Williams,4012,,,Mayflower,Catholic Central,8:30 P.M.,,0
2026-09-05,139472,UPCOMING,Deerfield,4110,,,Frontier,4146,,,Independent,Moriarty,6:00 P.M.,,0
2026-09-06,129664,FINAL,Revere,4329,2.0,0.0,Central Catholic,4081,3.0,1.0,Greater Boston,Merrimack Valley,12:00 P.M.,,0
2026-09-07,130334,FINAL,Framingham,4143,4.0,1.0,Boston International,4547,2.0,0.0,Bay State,Boston City,1:00 P.M.,,0
2026-09-07,130595,FINAL,Oliver Ames,4302,3.0,1.0,Taunton,4388,0.0,0.0,Hockomock,Hockomock,4:00 P.M.,,0
2026-09-07,131070,FINAL,Longmeadow,4214,1.0,0.0,Amherst-Pelham,4008,4.0,1.0,Smith,Churchill,4:00 P.M.,,0
2026-09-07,131129,FINAL,Chicopee,4088,0.0,0.0,Northampton,4291,5.0,1.0,Holley,Churchill,6:00 P.M.,,0
2026-09-07,132019,FINAL,New Bedford,4273,2.0,2.0,Bishop Feehan,4042,2.0,2.0,Big Three,Catholic Central,10:00 A.M.,,0
2026-09-07,133380,FINAL,Joseph Case,4078,0.0,0.0,Fairhaven,4133,3.0,1.0,South Coast,South Coast,3:45 P.M.,,0
2026-09-07,150060,FINAL,Mt. Greylock,4262,2.0,2.0,South Hadley,4353,2.0,2.0,Churchill,Moriarty,4:30 P.M.,,0
2026-09-08,129603,FINAL,Brockton,4058,1.0,0.0,Abington,4002,4.0,1.0,Big Three,South Shore,6:00 P.M.,,0
2026-09-08,129667,FINAL,Chelsea,4086,1.0,0.0,Revere,4329,2.0,1.0,Greater Boston,Greater Boston,4:15 P.M.,,0
2026-09-08,129675,FINAL,Burlington,4065,1.0,0.0,Lexington,4209,3.0,1.0,Middlesex,Middlesex,4:15 P.M.,,0
2026-09-08,129702,FINAL,North Quincy,4287,0.0,0.0,Hingham,4171,7.0,1.0,Patriot,Patriot,4:00 P.M.,,0
2026-09-08,129795,FINAL,Newton South,4280,0.0,0.0,BC High,4029,2.0,1.0,Dual County,Catholic Conference,4:30 P.M.,,0
2026-09-08,129849,FINAL,Quincy,4326,3.0,0.0,Plymouth North,4315,6.0,1.0,Patriot,Patriot,4:00 P.M.,,0
2026-09-08,129924,FINAL,Billerica,4040,2.0,0.0,Bedford,4031,3.0,1.0,Merrimack Valley,Dual County,6:00 P.M.,,0
2026-09-08,129980,FINAL,Marshfield,4234,3.0,1.0,Pembroke,4308,0.0,0.0,Patriot,Patriot,4:00 P.M.,,0
2026-09-08,130006,FINAL,Brookline,4059,1.0,2.0,Cambridge,4067,1.0,2.0,Bay State,Dual County,4:30 P.M.,,0
2026-09-08,130032,FINAL,Mansfield,4230,2.0,1.0,Sharon,4345,1.0,0.0,Hockomock,Hockomock,7:00 P.M.,,0
2026-09-08,130163,FINAL,King Philip,4197,1.0,2.0,Franklin,4144,1.0,2.0,Hockomock,Hockomock,3:45 P.M.,,0
2026-09-08,130270,FINAL,St. Mary’s,4374,1.0,1.0,Lynn Classical,4220,0.0,0.0,Catholic Central,Greater Boston,6:30 P.M.,,0
2026-09-08,130471,FINAL,Lawrence,4203,7.0,1.0,Innovation Academy,4690,1.0,0.0,Merrimack Valley,Commonwealth,5:30 P.M.,,0
2026-09-08,130513,FINAL,Millbury,4250,0.0,0.0,Shrewsbury,4348,3.0,1.0,CMAC,Mid-Wach,4:00 P.M.,,0
2026-09-08,130546,FINAL,North Attleborough,4284,0.0,0.0,Milford,4249,1.0,1.0,Hockomock,Hockomock,7:00 P.M.,,0
2026-09-08,130725,FINAL,West Springfield,4417,1.0,1.0,Agawam,4004,0.0,0.0,Smith,Churchill,5:00 P.M.,,0
2026-09-08,130801,FINAL,Hanover,4164,2.0,1.0,Silver Lake,4349,1.0,0.0,Patriot,Patriot,4:00 P.M.,,0
2026-09-08,130827,FINAL,Plymouth South,4316,1.0,0.0,Whitman-Hanson,4427,5.0,1.0,Patriot,Patriot,4:00 P.M.,,0
2026-09-08,130850,FINAL,Peabody,4306,2.0,0.0,Masconomet,4236,3.0,1.0,Northeastern,Northeastern,4:00 P.M.,,0
2026-09-08,130904,FINAL,Minnechaug,4254,1.0,0.0,East Longmeadow,4127,4.0,1.0,Churchill,Smith,6:45 P.M.,,0
2026-09-08,130933,POSTPONED,Putnam,4362,,,Pioneer Valley Christian,4535,,,Bi-County,Bi-County,4:00 P.M.,,0
2026-09-08,131041,FINAL,Dartmouth,4105,5.0,1.0,Bishop Stang,4045,4.0,0.0,Pioneer,Catholic Central,3:30 P.M.,,0
2026-09-08,131073,FINAL,Longmeadow,4214,3.0,1.0,Belchertown,4032,1.0,0.0,Smith,Smith,4:00 P.M.,,0
2026-09-08,131096,FINAL,Shepherd Hill,4347,2.0,2.0,Sutton,4512,2.0,2.0,Mid-Wach,CMAC,4:00 P.M.,,0
2026-09-08,131185,FINAL,Grafton,4153,0.0,0.0,Auburn,4019,2.0,1.0,Mid-Wach,CMAC,4:00 P.M.,,0
2026-09-08,131302,FINAL,Marblehead,4231,7.0,1.0,Danvers,4103,0.0,0.0,Northeastern,Northeastern,4:00 P.M.,,0
2026-09-08,131352,FINAL,Duxbury,4123,1.0,0.0,Scituate,4343,3.0,1.0,Patriot,Patriot,4:00 P.M.,,0
2026-09-08,131454,FINAL,Foxborough,4142,2.0,1.0,Attleboro,4018,1.0,0.0,Hockomock,Hockomock,3:30 P.M.,,0
2026-09-08,131520,FINAL,Marlborough,4233,1.0,0.0,Wachusett,4400,4.0,1.0,Mid-Wach,Mid-Wach,7:00 P.M.,,0
2026-09-08,131575,FINAL,Nashoba,4267,3.0,1.0,Tantasqua,4387,1.0,0.0,Mid-Wach,CMAC,4:00 P.M.,,0
2026-09-08,131624,FINAL,Natick,4270,1.0,0.0,Wayland,4411,6.0,1.0,Bay State,Dual County,6:00 P.M.,,0
2026-09-08,131660,FINAL,Amherst-Pelham,4008,1.0,2.0,Monument Mtn.,4260,1.0,2.0,Churchill,Churchill,4:15 P.M.,,0
2026-09-08,131727,FINAL,Haverhill,4167,0.0,0.0,Methuen,4246,2.0,1.0,Merrimack Valley,Merrimack Valley,6:30 P.M.,,0
2026-09-08,131776,FINAL,Middleborough,4247,11.0,1.0,Rising Tide Charter,4746,3.0,0.0,South Shore,Cape & Islands,4:00 P.M.,,0
2026-09-08,131790,FINAL,Westford,4421,1.0,0.0,Boston Latin,4049,4.0,1.0,Dual County,Dual County,4:00 P.M.,,0
2026-09-08,131817,FINAL,Newburyport,4276,4.0,1.0,Lynnfield,4223,0.0,0.0,Cape Ann,Cape Ann,6:00 P.M.,,0
2026-09-08,131887,FINAL,Cohasset,4094,2.0,1.0,Weymouth,4425,0.0,0.0,South Shore,Bay State,4:00 P.M.,,0
2026-09-08,131920,FINAL,Archbishop Williams,4012,0.0,0.0,Rockland,4331,1.0,1.0,Catholic Central,South Shore,4:00 P.M.,,0
2026-09-08,132037,FINAL,Durfee,4122,3.0,1.0,Westport,4461,1.0,0.0,Big Three,Mayflower,6:00 P.M.,,0
2026-09-08,132045,UPCOMING,Dracut,4119,,,Greater Lowell,4155,,,Merrimack Valley,Commonwealth,6:30 P.M.,,0
2026-09-08,132069,FINAL,Xaverian,4446,1.0,2.0,Bridgewater-Raynham,4053,1.0,2.0,Catholic Conference,Pioneer,4:00 P.M.,,0
2026-09-08,132127,FINAL,St. John’s (Shrewsbury),4368,4.0,1.0,Algonquin,4005,0.0,0.0,Catholic Conference,Mid-Wach,4:00 P.M.,,0
2026-09-08,132146,FINAL,Essex Tech,4745,6.0,1.0,Triton,4395,2.0,0.0,Cape Ann,Cape Ann,4:00 P.M.,,0
2026-09-08,132259,FINAL,Minuteman,4255,1.0,1.0,Whittier,4428,0.0,0.0,Commonwealth,Commonwealth,4:00 P.M.,,0
2026-09-08,132291,FINAL,Everett,4132,1.0,0.0,Waltham,4405,4.0,1.0,Greater Boston,Dual County,4:30 P.M.,,0
2026-09-08,132319,FINAL,Shawsheen,4346,1.0,2.0,Northeast,4293,1.0,2.0,Commonwealth,Commonwealth,5:00 P.M.,,0
2026-09-08,132395,FINAL,North Andover,4283,4.0,1.0,Beverly,4038,0.0,0.0,Merrimack Valley,Northeastern,6:15 P.M.,,0
2026-09-08,132465,FINAL,Blackstone Valley,4046,2.0,2.0,Advanced Math and Science,4595,2.0,2.0,CMAC,CMAC,3:30 P.M.,,0
2026-09-08,132485,FINAL,Concord-Carlisle,4097,1.0,1.0,Dearborn STEM,5016,0.0,0.0,Dual County,Boston City,4:30 P.M.,,0
2026-09-08,132682,FINAL,Lynn Tech,4222,1.0,2.0,Lynn English,4221,1.0,2.0,Commonwealth,Greater Boston,4:30 P.M.,,0
2026-09-08,132723,FINAL,Medford,4242,0.0,0.0,Somerville,4351,3.0,1.0,Greater Boston,Greater Boston,4:30 P.M.,,0
2026-09-08,132775,FINAL,Lunenburg,4219,2.0,0.0,North Middlesex,4286,3.0,1.0,Mid-Wach,Mid-Wach,5:30 P.M.,,0
2026-09-08,132865,FINAL,Norwell,4296,2.0,1.0,Catholic Memorial,4080,1.0,0.0,South Shore,Catholic Conference,4:00 P.M.,,0
2026-09-08,132929,FINAL,Pittsfield,4314,0.0,0.0,Pope Francis,4796,2.0,1.0,Churchill,Smith,4:00 P.M.,,0
2026-09-08,132986,FINAL,Gloucester,4150,1.0,1.0,Swampscott,4383,0.0,0.0,Northeastern,Northeastern,4:30 P.M.,,0
2026-09-08,133106,FINAL,Groton-Dunstable,4160,0.0,0.0,Littleton,4212,3.0,1.0,Mid-Wach,Mid-Wach,4:00 P.M.,,0
2026-09-08,133131,FINAL,St. John Paul II,4689,3.0,1.0,East Bridgewater,4126,2.0,0.0,Cape & Islands,South Shore,4:00 P.M.,,0
2026-09-08,133174,FINAL,Uxbridge,4398,2.0,0.0,Quabbin,4325,5.0,1.0,CMAC,Mid-Wach,4:30 P.M.,,0
2026-09-08,133242,FINAL,Weston,4423,2.0,1.0,Maynard,4239,0.0,0.0,Dual County,Mid-Wach,4:15 P.M.,,0
2026-09-08,133369,FINAL,Salem,4336,1.0,1.0,Saugus,4341,0.0,0.0,Northeastern,Northeastern,4:30 P.M.,,0
2026-09-08,133447,FINAL,Pentucket,4309,1.0,0.0,North Reading,4288,3.0,1.0,Cape Ann,Cape Ann,4:30 P.M.,,0
2026-09-08,133495,FINAL,Gardner,4147,3.0,1.0,Oakmont,4299,2.0,0.0,Mid-Wach,Mid-Wach,7:00 P.M.,,0
2026-09-08,133534,FINAL,Drury,4120,1.0,0.0,Taconic,4385,2.0,1.0,Bi-County,Bi-County,4:30 P.M.,,0
2026-09-08,133674,UPCOMING,Pioneer Valley Chinese Immersion,4955,,,Wilmington,4432,,,Tri-County,Middlesex,4:30 P.M.,,0
2026-09-08,134459,FINAL,Amesbury,4007,1.0,0.0,Hamilton-Wenham,4163,2.0,1.0,Cape Ann,Cape Ann,4:00 P.M.,,0
2026-09-08,134746,FINAL,Franklin County Tech,4145,4.0,1.0,Athol,4017,3.0,0.0,Tri-County,Schmid,7:00 P.M.,,0
2026-09-08,134784,FINAL,Collegiate Charter,4986,1.0,1.0,Ayer Shirley,4022,0.0,0.0,Charter School Athletic,Mid-Wach,6:00 P.M.,,0
2026-09-08,136681,FINAL,Blackstone-Millville,4486,2.0,2.0,Douglas,4506,2.0,2.0,CMAC,CMAC,4:00 P.M.,,0
2026-09-08,138299,FINAL,Carver,4077,2.0,1.0,Sturgis East,4456,0.0,0.0,South Shore,Cape & Islands,4:00 P.M.,,0
2026-09-08,138518,FINAL,Whitinsville Christian,4487,1.0,0.0,Clinton,4093,8.0,1.0,CMAC,Mid-Wach,4:00 P.M.,,0
2026-09-08,138919,FINAL,Excel Academy,4969,4.0,1.0,Pioneer Charter I,4701,0.0,0.0,Charter School Athletic,Charter School Athletic,5:15 P.M.,,0
2026-09-08,150062,FINAL,Georgetown,4148,0.0,0.0,Ipswich,4190,3.0,1.0,Cape Ann,Cape Ann,4:00 P.M.,,0
2026-09-08,150080,FINAL,Manchester Essex,4229,3.0,1.0,Rockport,4490,1.0,0.0,Cape Ann,Cape Ann,,,0
2026-09-08,150083,FINAL,Malden,4227,4.0,1.0,Malden Catholic,4228,1.0,0.0,Greater Boston,Catholic Conference,4:00 P.M.,,0
2026-09-08,150095,FINAL,West Bridgewater,4415,2.0,1.0,Seekonk,4344,0.0,0.0,South Coast,South Coast,,,0
2026-09-08,150097,FINAL,O’Bryant,4298,5.0,1.0,Roxbury Prep,4847,1.0,0.0,Boston City,Charter School Athletic,4:00 P.M.,,0
2026-09-08,150098,FINAL,Granby,4520,2.0,1.0,Monson,4429,1.0,0.0,Schmid,Holley,,,0
2026-09-08,150101,FINAL,Hull,4184,9.0,1.0,Norfolk Aggie,4458,1.0,0.0,South Shore,Mayflower,5:30 P.M.,,0
2026-09-08,150163,FINAL,Fitchburg,4139,11.0,1.0,St. Bernard’s,4365,0.0,0.0,Mid-Wach,CMAC,6:00 P.M.,,0
2026-09-08,150168,FINAL,Mahar,4226,1.0,0.0,Springfield International,4480,6.0,1.0,Moriarty,Schmid,,,0
2026-09-08,150170,FINAL,Hampden Charter East,4712,8.0,1.0,Renaissance,4664,0.0,0.0,Tri-County,Schmid,,,0
2026-09-08,150172,FINAL,St. Mary (Westfield),4537,4.0,0.0,Springfield Sci-Tech,4363,9.0,1.0,Tri-County,Independent,,,0
2026-09-08,150175,FINAL,Smith Academy,4538,1.0,0.0,Westfield Tech,4420,9.0,1.0,Schmid,Bi-County,,,0
2026-09-08,150178,FINAL,Lenox,4532,3.0,0.0,Southwick,4519,4.0,1.0,Moriarty,Holley,,,0
2026-09-08,150180,FINAL,Pathfinder,4305,0.0,0.0,McCann Tech,4240,1.0,1.0,Tri-County,Bi-County,,,0
2026-09-08,150182,FINAL,Tyngsborough,4397,4.0,1.0,Tahanto,4513,1.0,0.0,Mid-Wach,Mid-Wach,,,0
2026-09-09,129593,FINAL,Randolph,4327,1.0,0.0,Southeastern,4358,3.0,1.0,South Shore,Mayflower,4:00 P.M.,,0
2026-09-09,130096,FINAL,Burncoat,4066,0.0,2.0,South High,4962,0.0,2.0,CMAC,Independent,3:30 P.M.,,0
2026-09-09,130223,FINAL,Barnstable,4024,1.0,0.0,New Bedford,4273,5.0,1.0,Pioneer,Big Three,4:00 P.M.,,0
2026-09-09,130425,FINAL,Melrose,4244,1.0,0.0,Reading,4328,3.0,1.0,Middlesex,Middlesex,4:15 P.M.,,0
2026-09-09,130598,FINAL,Oliver Ames,4302,4.0,1.0,Needham,4272,0.0,0.0,Hockomock,Bay State,4:00 P.M.,,0
2026-09-09,130675,FINAL,South Hadley,4353,7.0,1.0,Chicopee Comprehensive,4089,1.0,0.0,Moriarty,Holley,6:00 P.M.,,0
2026-09-09,130751,FINAL,Canton,4071,0.0,0.0,Stoughton,4381,5.0,1.0,Hockomock,Hockomock,7:00 P.M.,,0
2026-09-09,130989,FINAL,West Bridgewater,4415,1.0,0.0,Somerset Berkley,4350,3.0,1.0,South Coast,South Coast,3:45 P.M.,,0
2026-09-09,131149,FINAL,Norwood,4297,1.0,0.0,Westwood,4424,4.0,1.0,Tri-Valley,Tri-Valley,4:30 P.M.,,0
2026-09-09,131326,FINAL,Westfield,4419,2.0,1.0,Springfield Central,4360,0.0,0.0,Churchill,Holley,4:00 P.M.,,0
2026-09-09,131478,FINAL,Medfield,4241,8.0,1.0,Ashland,4015,0.0,0.0,Tri-Valley,Tri-Valley,6:30 P.M.,,0
2026-09-09,131511,FINAL,Wakefield,4402,2.0,1.0,Woburn,4438,0.0,0.0,Middlesex,Middlesex,4:15 P.M.,,0
2026-09-09,131687,FINAL,Holliston,4174,0.0,0.0,Hopkinton,4180,1.0,1.0,Tri-Valley,Tri-Valley,4:00 P.M.,,0
2026-09-09,131761,FINAL,Wilmington,4432,1.0,0.0,Arlington,4013,2.0,1.0,Middlesex,Middlesex,7:00 P.M.,,0
2026-09-09,132104,FINAL,Joseph Case,4078,1.0,0.0,Greater New Bedford,4156,2.0,1.0,South Coast,South Coast,3:45 P.M.,,0
2026-09-09,132164,FINAL,Watertown,4409,2.0,0.0,Belmont,4034,3.0,1.0,Middlesex,Middlesex,7:00 P.M.,,0
2026-09-09,132407,FINAL,Stoneham,4380,1.0,0.0,Winchester,4434,5.0,1.0,Middlesex,Middlesex,4:15 P.M.,,0
2026-09-09,132541,FINAL,Assabet,4016,4.0,1.0,Hopedale,4507,1.0,0.0,CMAC,CMAC,3:30 P.M.,,0
2026-09-09,132811,FINAL,Dedham,4108,1.0,1.0,Dover-Sherborn,4118,0.0,0.0,Tri-Valley,Tri-Valley,4:15 P.M.,,0
2026-09-09,133017,FINAL,Cardinal Spellman,4075,8.0,1.0,Cathedral,4079,0.0,0.0,Catholic Central,Catholic Central,3:30 P.M.,,0
2026-09-09,133124,FINAL,Fairhaven,4133,1.0,1.0,Apponequet,4011,0.0,0.0,South Coast,South Coast,3:45 P.M.,,0
2026-09-09,133178,FINAL,Millis,4251,2.0,0.0,Norton,4295,3.0,1.0,Tri-Valley,Tri-Valley,4:00 P.M.,,0
2026-09-09,133327,UPCOMING,Commerce,4361,,,Duggan Academy,4843,,,Bi-County,Tri-County,4:00 P.M.,,0
2026-09-09,133434,FINAL,Easthampton,4130,3.0,1.0,Holyoke,4176,1.0,0.0,Moriarty,Holley,5:00 P.M.,,0
2026-09-09,133481,FINAL,Chicopee,4088,6.0,1.0,Frontier,4146,2.0,0.0,Holley,Moriarty,6:00 P.M.,,0
2026-09-09,133547,FINAL,Medway,4243,0.0,0.0,Bellingham,4033,4.0,1.0,Tri-Valley,Tri-Valley,3:45 P.M.,,0
2026-09-09,133575,FINAL,Bourne,4050,1.0,0.0,Dighton-Rehoboth,4114,5.0,1.0,South Coast,South Coast,3:45 P.M.,,0
2026-09-09,133578,FINAL,Seekonk,4344,0.0,0.0,Old Rochester,4301,3.0,1.0,South Coast,South Coast,3:45 P.M.,,0
2026-09-09,134749,FINAL,Athol,4017,5.0,1.0,Mahar,4226,0.0,0.0,Schmid,Moriarty,7:00 P.M.,,0
2026-09-09,136400,FINAL,Keefe Tech,4191,5.0,1.0,Bay Path,4027,0.0,0.0,CMAC,CMAC,4:00 P.M.,,0
2026-09-09,150378,FINAL,Parker Charter,4483,1.0,0.0,Abby Kelley Foster,4503,3.0,1.0,CMAC,CMAC,,,0
2026-09-09,150380,FINAL,Tri-County,4392,6.0,1.0,Old Colony,4300,1.0,0.0,Mayflower,Mayflower,,,0
2026-09-09,150383,FINAL,Smith Voc.,4539,2.0,0.0,Franklin County Tech,4145,3.0,1.0,Tri-County,Tri-County,,,0
2026-09-09,150386,FINAL,Hampshire,4518,4.0,1.0,Hopkins,4531,0.0,0.0,Holley,Schmid,,,0
2026-09-09,150387,FINAL,Quaboag,4510,0.0,0.0,Leicester,4207,7.0,1.0,CMAC,CMAC,,,0
2026-09-10,129609,FINAL,Attleboro,4018,0.0,0.0,Brockton,4058,1.0,1.0,Hockomock,Big Three,3:45 P.M.,,0
2026-09-10,129678,FINAL,Lexington,4209,1.0,1.0,Natick,4270,0.0,0.0,Middlesex,Bay State,4:15 P.M.,,0
2026-09-10,129703,FINAL,North Quincy,4287,1.0,0.0,Hanover,4164,9.0,1.0,Patriot,Patriot,4:00 P.M.,,0
2026-09-10,129757,FINAL,Durfee,4122,4.0,1.0,Diman,4115,0.0,0.0,Big Three,Mayflower,6:00 P.M.,,0
2026-09-10,129797,FINAL,BC High,4029,2.0,1.0,Weymouth,4425,0.0,0.0,Catholic Conference,Bay State,6:00 P.M.,,0
2026-09-10,129856,FINAL,Pembroke,4308,8.0,1.0,Quincy,4326,1.0,0.0,Patriot,Patriot,4:00 P.M.,,0
2026-09-10,129928,FINAL,Billerica,4040,1.0,1.0,Haverhill,4167,0.0,0.0,Merrimack Valley,Merrimack Valley,6:00 P.M.,,0
2026-09-10,129984,FINAL,Marshfield,4234,2.0,1.0,Plymouth North,4315,0.0,0.0,Patriot,Patriot,4:00 P.M.,,0
2026-09-10,130109,FINAL,Westford,4421,1.0,2.0,Lowell,4216,1.0,2.0,Dual County,Merrimack Valley,5:00 P.M.,,0
2026-09-10,130168,FINAL,King Philip,4197,1.0,1.0,Bridgewater-Raynham,4053,0.0,0.0,Hockomock,Pioneer,6:00 P.M.,,0
2026-09-10,130246,FINAL,Newton North,4279,2.0,2.0,Cambridge,4067,2.0,2.0,Bay State,Dual County,4:30 P.M.,,0
2026-09-10,130337,FINAL,Framingham,4143,0.0,0.0,Concord-Carlisle,4097,4.0,1.0,Bay State,Dual County,4:30 P.M.,,0
2026-09-10,130368,FINAL,St. John’s (Shrewsbury),4368,3.0,1.0,Doherty,4116,0.0,0.0,Catholic Conference,CMAC,4:00 P.M.,,0
2026-09-10,130453,FINAL,Hingham,4171,2.0,2.0,Silver Lake,4349,2.0,2.0,Patriot,Patriot,4:00 P.M.,,0
2026-09-10,130476,FINAL,North Andover,4283,7.0,1.0,Lawrence,4203,0.0,0.0,Merrimack Valley,Merrimack Valley,4:30 P.M.,,0
2026-09-10,130514,FINAL,Algonquin,4005,2.0,2.0,Shrewsbury,4348,2.0,2.0,Mid-Wach,Mid-Wach,6:00 P.M.,,0
2026-09-10,130620,FINAL,Advanced Math and Science,4595,2.0,0.0,Worcester North,4443,4.0,1.0,CMAC,CMAC,3:30 P.M.,,0
2026-09-10,130752,UPCOMING,Stoughton,4381,,,Walpole,4404,,,Hockomock,Bay State,5:30 P.M.,,0
2026-09-10,130763,FINAL,Amherst-Pelham,4008,2.0,2.0,Agawam,4004,2.0,2.0,Churchill,Churchill,6:00 P.M.,,0
2026-09-10,130830,FINAL,Scituate,4343,4.0,1.0,Plymouth South,4316,1.0,0.0,Patriot,Patriot,4:00 P.M.,,0
2026-09-10,130883,UPCOMING,Whitman-Hanson,4427,,,Duxbury,4123,,,Patriot,Patriot,4:00 P.M.,,0
2026-09-10,130907,FINAL,Northampton,4291,6.0,1.0,Minnechaug,4254,2.0,0.0,Churchill,Churchill,6:30 P.M.,,0
2026-09-10,131098,FINAL,Shepherd Hill,4347,2.0,0.0,Oakmont,4299,4.0,1.0,Mid-Wach,Mid-Wach,4:00 P.M.,,0
2026-09-10,131190,FINAL,Westborough,4418,3.0,1.0,Grafton,4153,1.0,0.0,Mid-Wach,Mid-Wach,6:00 P.M.,,0
2026-09-10,131424,FINAL,Waltham,4405,2.0,1.0,Bedford,4031,1.0,0.0,Dual County,Dual County,4:00 P.M.,,0
2026-09-10,131462,FINAL,Newton South,4280,0.0,0.0,Belmont,4034,1.0,1.0,Dual County,Middlesex,4:30 P.M.,,0
2026-09-10,131527,FINAL,Leominster,4208,0.0,0.0,Wachusett,4400,2.0,1.0,Mid-Wach,Mid-Wach,7:00 P.M.,,0
2026-09-10,131578,FINAL,Nashoba,4267,2.0,1.0,Marlborough,4233,0.0,0.0,Mid-Wach,Mid-Wach,4:00 P.M.,,0
2026-09-10,131668,FINAL,Dracut,4119,1.0,0.0,Andover,4009,4.0,1.0,Merrimack Valley,Merrimack Valley,6:30 P.M.,,0
2026-09-10,131728,FINAL,Central Catholic,4081,3.0,1.0,Methuen,4246,0.0,0.0,Merrimack Valley,Merrimack Valley,7:00 P.M.,,0
2026-09-10,131777,FINAL,Middleborough,4247,4.0,1.0,Mashpee,4237,2.0,0.0,South Shore,South Shore,4:00 P.M.,,0
2026-09-10,131818,FINAL,Newburyport,4276,2.0,1.0,North Reading,4288,0.0,0.0,Cape Ann,Cape Ann,4:30 P.M.,,0
2026-09-10,131961,FINAL,Bishop Stang,4045,2.0,2.0,Westport,4461,2.0,2.0,Catholic Central,Mayflower,3:30 P.M.,,0
2026-09-10,132048,FINAL,Greater Lowell,4155,3.0,1.0,Northeast,4293,2.0,0.0,Commonwealth,Commonwealth,5:00 P.M.,,0
2026-09-10,132077,FINAL,Xaverian,4446,0.0,0.0,Bishop Feehan,4042,4.0,1.0,Catholic Conference,Catholic Central,4:00 P.M.,,0
2026-09-10,132147,FINAL,Essex Tech,4745,1.0,0.0,Pentucket,4309,2.0,1.0,Cape Ann,Cape Ann,5:00 P.M.,,0
2026-09-10,132262,UPCOMING,Whittier,4428,,,Nashoba Valley Tech,4268,,,Commonwealth,Commonwealth,5:00 P.M.,,0
2026-09-10,132322,FINAL,KIPP,4703,1.0,0.0,Shawsheen,4346,3.0,1.0,Commonwealth,Commonwealth,7:30 P.M.,,0
2026-09-10,132376,FINAL,Tewksbury,4389,2.0,1.0,Chelmsford,4085,1.0,0.0,Merrimack Valley,Merrimack Valley,4:00 P.M.,,0
2026-09-10,132433,FINAL,Malden,4227,4.0,1.0,Lynn English,4221,0.0,0.0,Greater Boston,Greater Boston,4:15 P.M.,,0
2026-09-10,132489,FINAL,Tantasqua,4387,1.0,0.0,Auburn,4019,3.0,1.0,CMAC,CMAC,3:30 P.M.,,0
2026-09-10,132629,FINAL,Fitchburg,4139,3.0,1.0,Tyngsborough,4397,0.0,0.0,Mid-Wach,Mid-Wach,7:00 P.M.,,0
2026-09-10,132724,FINAL,Somerville,4351,5.0,1.0,Brighton,4055,3.0,0.0,Greater Boston,Boston City,4:15 P.M.,,0
2026-09-10,132734,FINAL,Nauset,4271,1.0,1.0,Dennis-Yarmouth,4111,0.0,0.0,Cape & Islands,Cape & Islands,4:00 P.M.,,0
2026-09-10,132778,FINAL,North Middlesex,4286,1.0,0.0,Groton,4544,2.0,1.0,Mid-Wach,ISL,6:00 P.M.,,0
2026-09-10,132914,UPCOMING,Greater Lawrence,4154,,,Lynn Tech,4222,,,Commonwealth,Commonwealth,4:30 P.M.,,0
2026-09-10,132944,FINAL,Saugus,4341,1.0,0.0,Bishop Fenwick,4043,6.0,1.0,Northeastern,Catholic Central,7:00 P.M.,,0
2026-09-10,132989,FINAL,Winthrop,4437,5.0,1.0,Gloucester,4150,2.0,0.0,Northeastern,Northeastern,4:30 P.M.,,0
2026-09-10,133030,FINAL,Falmouth,4134,2.0,0.0,Nantucket,4265,4.0,1.0,Cape & Islands,Cape & Islands,3:30 P.M.,,0
2026-09-10,133132,FINAL,East Bridgewater,4126,1.0,0.0,Rockland,4331,3.0,1.0,South Shore,South Shore,4:00 P.M.,,0
2026-09-10,133176,UPCOMING,West Boylston,4414,,,Quabbin,4325,,,Mid-Wach,Mid-Wach,3:30 P.M.,,0
2026-09-10,133220,FINAL,Triton,4395,1.0,0.0,Lynnfield,4223,4.0,1.0,Cape Ann,Cape Ann,6:00 P.M.,,0
2026-09-10,133329,FINAL,Renaissance,4664,2.0,1.0,Commerce,4361,1.0,0.0,Schmid,Bi-County,4:00 P.M.,,0
2026-09-10,133412,FINAL,Pittsfield,4314,0.0,0.0,Monument Mtn.,4260,5.0,1.0,Churchill,Churchill,4:00 P.M.,,0
2026-09-10,133537,UPCOMING,Taconic,4385,,,Lenox,4532,,,Bi-County,Moriarty,6:00 P.M.,,0
2026-09-10,133612,FINAL,Martha’s Vineyard,4235,3.0,1.0,Monomoy,4706,1.0,0.0,Cape & Islands,Cape & Islands,3:15 P.M.,,0
2026-09-10,133638,UPCOMING,Hudson,4182,,,Lunenburg,4219,,,Mid-Wach,Mid-Wach,5:00 P.M.,,0
2026-09-10,134462,FINAL,Amesbury,4007,3.0,0.0,Manchester Essex,4229,5.0,1.0,Cape Ann,Cape Ann,4:00 P.M.,,0
2026-09-10,134785,FINAL,Ayer Shirley,4022,2.0,0.0,Clinton,4093,4.0,1.0,Mid-Wach,Mid-Wach,3:45 P.M.,,0
2026-09-10,137702,FINAL,Blue Hills,4047,5.0,1.0,South Shore Voc-Tech,4356,2.0,0.0,Mayflower,Mayflower,3:30 P.M.,,0
2026-09-10,138302,FINAL,Carver,4077,3.0,1.0,Wareham,4407,0.0,0.0,South Shore,Mayflower,5:30 P.M.,,0
2026-09-10,138627,FINAL,Dearborn STEM,5016,0.0,0.0,Cohasset,4094,2.0,1.0,Boston City,South Shore,6:00 P.M.,,0
2026-09-10,138684,FINAL,Tahanto,4513,3.0,1.0,Douglas,4506,0.0,0.0,Mid-Wach,CMAC,4:00 P.M.,,0
2026-09-10,138926,FINAL,Excel Academy,4969,12.0,1.0,Community Charter,4587,0.0,0.0,Charter School Athletic,Charter School Athletic,5:15 P.M.,,0
2026-09-10,150064,FINAL,Hamilton-Wenham,4163,3.0,1.0,Georgetown,4148,1.0,0.0,Cape Ann,Cape Ann,4:00 P.M.,,0
2026-09-10,150401,FINAL,Ipswich,4190,0.0,0.0,Rockport,4490,2.0,1.0,Cape Ann,Cape Ann,4:00 P.M.,,0
2026-09-10,150475,FINAL,St. John’s Prep,4369,2.0,1.0,La Salle (R.I.),4201,1.0,0.0,Catholic Conference,Independent,4:00 P.M.,,0
2026-09-10,150493,FINAL,O’Bryant,4298,3.0,1.0,TechBoston,4117,0.0,0.0,Boston City,Boston City,4:00 P.M.,,0
2026-09-11,129595,FINAL,Seekonk,4344,1.0,0.0,Southeastern,4358,4.0,1.0,South Coast,Mayflower,3:30 P.M.,,0
2026-09-11,129670,UPCOMING,Revere,4329,,,Bishop Fenwick,4043,,,Greater Boston,Catholic Central,4:15 P.M.,,0
2026-09-11,129706,FINAL,Archbishop Williams,4012,5.0,1.0,North Quincy,4287,0.0,0.0,Catholic Central,Patriot,6:00 P.M.,,0
2026-09-11,129796,UPCOMING,Old Colony,4300,,,Bristol-Plymouth,4057,,,Mayflower,Mayflower,3:30 P.M.,,0
2026-09-11,129990,FINAL,Needham,4272,1.0,2.0,Marshfield,4234,1.0,2.0,Bay State,Patriot,4:00 P.M.,,0
2026-09-11,130009,FINAL,Brookline,4059,4.0,1.0,Braintree,4051,1.0,0.0,Bay State,Bay State,4:00 P.M.,,0
2026-09-11,130224,UPCOMING,Barnstable,4024,,,Latin Academy,4202,,,Pioneer,Boston City,4:00 P.M.,,0
2026-09-11,130677,UPCOMING,Chicopee Comprehensive,4089,,,Westfield,4419,,,Holley,Churchill,7:00 P.M.,,0
2026-09-11,130726,UPCOMING,West Springfield,4417,,,Ludlow,4218,,,Smith,Smith,7:00 P.M.,,0
2026-09-11,130936,UPCOMING,Putnam,4362,,,Duggan Academy,4843,,,Bi-County,Tri-County,4:00 P.M.,,0
2026-09-11,130992,UPCOMING,Somerset Berkley,4350,,,Dighton-Rehoboth,4114,,,South Coast,South Coast,3:45 P.M.,,0
2026-09-11,131076,UPCOMING,Pope Francis,4796,,,Longmeadow,4214,,,Smith,Smith,4:00 P.M.,,0
2026-09-11,131259,UPCOMING,East Boston,4125,,,Chelsea,4086,,,Boston City,Greater Boston,4:00 P.M.,,0
2026-09-11,131370,UPCOMING,Burlington,4065,,,Whittier,4428,,,Middlesex,Commonwealth,4:30 P.M.,,0
2026-09-11,131513,FINAL,Weston,4423,2.0,1.0,Wakefield,4402,0.0,0.0,Dual County,Middlesex,4:15 P.M.,,0
2026-09-11,131626,UPCOMING,Norton,4295,,,Taunton,4388,,,Tri-Valley,Hockomock,3:45 P.M.,,0
2026-09-11,131627,FINAL,Dedham,4108,1.0,0.0,Wayland,4411,6.0,1.0,Tri-Valley,Dual County,4:30 P.M.,,0
2026-09-11,131794,FINAL,Watertown,4409,1.0,2.0,Boston Latin,4049,1.0,2.0,Middlesex,Dual County,7:00 P.M.,,0
2026-09-11,131901,UPCOMING,East Longmeadow,4127,,,Belchertown,4032,,,Smith,Smith,7:00 P.M.,,0
2026-09-11,132203,UPCOMING,Monty Tech,4259,,,Trivium,4686,,,CMAC,Worcester County,4:00 P.M.,,0
2026-09-11,132508,UPCOMING,Springfield Central,4360,,,Chicopee,4088,,,Holley,Holley,4:00 P.M.,,0
2026-09-11,132542,FINAL,Assabet,4016,3.0,1.0,Keefe Tech,4191,1.0,0.0,CMAC,CMAC,3:30 P.M.,,0
2026-09-11,132586,FINAL,Beverly,4038,2.0,1.0,Peabody,4306,0.0,0.0,Northeastern,Northeastern,4:00 P.M.,,0
2026-09-11,132740,FINAL,Charlestown,4084,2.0,0.0,Medford,4242,4.0,1.0,Boston City,Greater Boston,4:00 P.M.,,0
2026-09-11,133049,FINAL,Arlington Catholic,4014,1.0,0.0,Winthrop,4437,7.0,1.0,Catholic Central,Northeastern,4:00 P.M.,,0
2026-09-11,133233,UPCOMING,Worcester Tech,4445,,,David Prouty,4106,,,Independent,CMAC,3:30 P.M.,,0
2026-09-11,133261,UPCOMING,Nipmuc,4281,,,Hopedale,4507,,,CMAC,CMAC,7:00 P.M.,,0
2026-09-11,133332,UPCOMING,Commerce,4361,,,Ware,4406,,,Bi-County,Tri-County,4:00 P.M.,,0
2026-09-11,133438,UPCOMING,Southwick,4519,,,Holyoke,4176,,,Holley,Holley,5:30 P.M.,,0
2026-09-11,134750,FINAL,Hopkins,4531,1.0,2.0,Athol,4017,1.0,2.0,Schmid,Schmid,4:00 P.M.,,0
2026-09-11,136401,FINAL,Bay Path,4027,5.0,1.0,Blackstone-Millville,4486,1.0,0.0,CMAC,CMAC,7:00 P.M.,,0
2026-09-11,138319,UPCOMING,South Shore Charter,4589,,,Carver,4077,,,Charter School Athletic,South Shore,3:30 P.M.,,0
2026-09-11,139291,UPCOMING,Falmouth Academy,4135,,,Cape Cod Academy,4072,,,Cape & Islands,Cape & Islands,4:00 P.M.,,0
2026-09-11,139292,UPCOMING,Falmouth Academy,4135,,,Cape Cod Tech,4073,,,Cape & Islands,Mayflower,3:30 P.M.,,0
2026-09-11,139494,UPCOMING,Frontier,4146,,,South Hadley,4353,,,Moriarty,Moriarty,4:00 P.M.,,0
2026-09-11,150528,FINAL,Smith Academy,4538,0.0,0.0,Granby,4520,3.0,1.0,Schmid,Schmid,,,0
2026-09-11,150541,FINAL,Holbrook,4172,5.0,1.0,New Heights Charter,5088,2.0,0.0,Mayflower,Charter School Athletic,,,0
2026-09-11,150542,FINAL,Oxford,4303,1.0,2.0,Leicester,4207,1.0,2.0,CMAC,CMAC,,,0
2026-09-11,150544,FINAL,Franklin County Tech,4145,2.0,1.0,Pioneer Valley,4536,1.0,0.0,Tri-County,Schmid,,,0
2026-09-11,150546,FINAL,Smith Voc.,4539,2.0,0.0,Pathfinder,4305,3.0,1.0,Tri-County,Tri-County,,,0
2026-09-11,150549,FINAL,Blackstone Valley,4046,5.0,1.0,Northbridge,4292,0.0,0.0,CMAC,CMAC,,,0
2026-09-11,150551,FINAL,Middlesex,4248,7.0,1.0,Concord Academy,4096,2.0,0.0,ISL,EIL,,,0
2026-09-11,150555,FINAL,Hull,4184,7.0,1.0,Tri-County,4392,1.0,0.0,South Shore,Mayflower,,,0
2026-09-12,129802,FINAL,Lowell,4216,0.0,0.0,BC High,4029,3.0,1.0,Merrimack Valley,Catholic Conference,11:00 A.M.,,0
2026-09-12,130276,UPCOMING,St. Mary’s,4374,,,Lynn Classical,4220,,,Catholic Central,Greater Boston,10:45 A.M.,,0
2026-09-12,131556,FINAL,Leominster,4208,1.0,0.0,St. John’s (Shrewsbury),4368,3.0,1.0,Mid-Wach,Catholic Conference,7:00 P.M.,,0
2026-09-12,131730,FINAL,Methuen,4246,1.0,1.0,Everett,4132,0.0,0.0,Merrimack Valley,Greater Boston,10:00 A.M.,,0
2026-09-12,131964,FINAL,New Bedford,4273,2.0,1.0,Bishop Stang,4045,0.0,0.0,Big Three,Catholic Central,10:00 A.M.,,0
2026-09-12,132265,UPCOMING,Westford,4421,,,Chelmsford,4085,,,Dual County,Merrimack Valley,11:00 A.M.,,0
2026-09-12,132660,FINAL,Nauset,4271,0.0,2.0,Scituate,4343,0.0,2.0,Cape & Islands,Patriot,11:00 A.M.,,0
2026-09-12,133077,UPCOMING,St. Mary’s,4374,,,Lynn Classical,4220,,,Catholic Central,Greater Boston,2:15 P.M.,,0
2026-09-12,133108,UPCOMING,Lunenburg,4219,,,Groton-Dunstable,4160,,,Mid-Wach,Mid-Wach,12:00 P.M.,,0
2026-09-12,133376,UPCOMING,Winthrop,4437,,,Saugus,4341,,,Northeastern,Northeastern,12:30 P.M.,,0
2026-09-12,133413,FINAL,Pittsfield,4314,3.0,1.0,Wahconah,4401,1.0,0.0,Churchill,Moriarty,1:00 P.M.,,0
2026-09-12,133423,FINAL,Martha’s Vineyard,4235,1.0,0.0,Nantucket,4265,2.0,1.0,Cape & Islands,Cape & Islands,1:00 P.M.,,0
2026-09-12,133541,FINAL,Mt. Everett,4533,1.0,0.0,Taconic,4385,3.0,1.0,Moriarty,Bi-County,2:00 P.M.,,0
2026-09-12,150578,FINAL,Woburn,4438,1.0,0.0,Malden,4227,2.0,1.0,Middlesex,Greater Boston,,,0
2026-09-12,150584,FINAL,St. Mary’s,4374,3.0,1.0,Lynn Tech,4222,2.0,0.0,Catholic Central,Commonwealth,2:15 P.M.,,0
2026-09-13,132900,UPCOMING,Boston International,4547,,,Ludlow,4218,,,Boston City,Smith,1:00 P.M.,,0
2026-09-14,130033,FINAL,Sharon,4345,4.0,1.0,Attleboro,4018,2.0,0.0,Hockomock,Hockomock,3:45 P.M.,,0
2026-09-14,130098,FINAL,Worcester South,4444,4.0,1.0,Quabbin,4325,2.0,0.0,CMAC,Mid-Wach,6:30 P.M.,,0
2026-09-14,130225,UPCOMING,Barnstable,4024,,,Falmouth,4134,,,Pioneer,Cape & Islands,3:30 P.M.,,0
2026-09-14,130359,FINAL,Cambridge,4067,2.0,1.0,Boston Latin,4049,1.0,0.0,Dual County,Dual County,4:30 P.M.,,0
2026-09-14,130370,FINAL,Worcester North,4443,2.0,0.0,Doherty,4116,3.0,1.0,CMAC,CMAC,3:30 P.M.,,0
2026-09-14,130547,FINAL,Franklin,4144,1.0,1.0,Milford,4249,0.0,0.0,Hockomock,Hockomock,4:00 P.M.,,0
2026-09-14,130601,FINAL,Oliver Ames,4302,6.0,1.0,Canton,4071,0.0,0.0,Hockomock,Hockomock,6:00 P.M.,,0
2026-09-14,130679,FINAL,Chicopee Comprehensive,4089,11.0,1.0,Mohawk Trail,4258,0.0,0.0,Holley,Tri-County,6:00 P.M.,,0
2026-09-14,130727,FINAL,Longmeadow,4214,2.0,1.0,West Springfield,4417,1.0,0.0,Smith,Smith,7:00 P.M.,,0
2026-09-14,130755,FINAL,Stoughton,4381,1.0,2.0,Taunton,4388,1.0,2.0,Hockomock,Hockomock,5:30 P.M.,,0
2026-09-14,130765,FINAL,Agawam,4004,1.0,0.0,Northampton,4291,3.0,1.0,Churchill,Churchill,6:00 P.M.,,0
2026-09-14,130851,FINAL,Masconomet,4236,6.0,1.0,Gloucester,4150,2.0,0.0,Northeastern,Northeastern,4:00 P.M.,,0
2026-09-14,130910,FINAL,Minnechaug,4254,1.0,0.0,Pittsfield,4314,3.0,1.0,Churchill,Churchill,5:30 P.M.,,0
2026-09-14,130994,FINAL,Old Rochester,4301,1.0,1.0,Somerset Berkley,4350,0.0,0.0,South Coast,South Coast,3:45 P.M.,,0
2026-09-14,131150,FINAL,Westwood,4424,3.0,0.0,Hopkinton,4180,4.0,1.0,Tri-Valley,Tri-Valley,6:00 P.M.,,0
2026-09-14,131225,FINAL,Norwood,4297,0.0,0.0,Medfield,4241,6.0,1.0,Tri-Valley,Tri-Valley,4:30 P.M.,,0
2026-09-14,131304,FINAL,Marblehead,4231,2.0,1.0,Swampscott,4383,0.0,0.0,Northeastern,Northeastern,7:00 P.M.,,0
2026-09-14,131428,FINAL,Concord-Carlisle,4097,2.0,1.0,Bedford,4031,0.0,0.0,Dual County,Dual County,4:00 P.M.,,0
2026-09-14,131463,FINAL,Newton South,4280,4.0,1.0,Weston,4423,0.0,0.0,Dual County,Dual County,4:30 P.M.,,0
2026-09-14,131481,FINAL,Ashland,4015,2.0,0.0,Holliston,4174,3.0,1.0,Tri-Valley,Tri-Valley,5:45 P.M.,,0
2026-09-14,131577,FINAL,Lincoln-Sudbury,4211,3.0,2.0,Acton-Boxborough,4003,3.0,2.0,Dual County,Dual County,4:00 P.M.,,0
2026-09-14,131629,FINAL,Wayland,4411,4.0,1.0,Sutton,4512,0.0,0.0,Dual County,CMAC,4:00 P.M.,,0
2026-09-14,131663,FINAL,Monument Mtn.,4260,2.0,0.0,Amherst-Pelham,4008,3.0,1.0,Churchill,Churchill,6:00 P.M.,,0
2026-09-14,131853,FINAL,Winthrop,4437,7.0,1.0,Danvers,4103,0.0,0.0,Northeastern,Northeastern,4:00 P.M.,,0
2026-09-14,131904,FINAL,Ludlow,4218,3.0,2.0,East Longmeadow,4127,3.0,2.0,Smith,Smith,6:00 P.M.,,0
2026-09-14,131923,FINAL,Archbishop Williams,4012,2.0,2.0,St. John Paul II,4689,2.0,2.0,Catholic Central,Cape & Islands,4:00 P.M.,,0
2026-09-14,131967,FINAL,Cardinal Spellman,4075,2.0,2.0,Bishop Stang,4045,2.0,2.0,Catholic Central,Catholic Central,3:30 P.M.,,0
2026-09-14,132107,FINAL,Dighton-Rehoboth,4114,0.0,0.0,Greater New Bedford,4156,2.0,1.0,South Coast,South Coast,3:45 P.M.,,0
2026-09-14,132206,FINAL,St. Bernard’s,4365,2.0,2.0,Monty Tech,4259,2.0,2.0,CMAC,CMAC,4:00 P.M.,,0
2026-09-14,132264,FINAL,Mystic Valley,4264,8.0,1.0,Whittier,4428,0.0,0.0,Commonwealth,Commonwealth,4:30 P.M.,,0
2026-09-14,132266,FINAL,Waltham,4405,3.0,1.0,Westford,4421,0.0,0.0,Dual County,Dual County,4:00 P.M.,,0
2026-09-14,132326,FINAL,St. Mary’s,4374,5.0,1.0,Shawsheen,4346,0.0,0.0,Catholic Central,Commonwealth,4:00 P.M.,,0
2026-09-14,132466,FINAL,Auburn,4019,0.0,0.0,Blackstone Valley,4046,4.0,1.0,CMAC,CMAC,5:30 P.M.,,0
2026-09-14,132491,FINAL,Northbridge,4292,0.0,0.0,Tantasqua,4387,2.0,1.0,CMAC,CMAC,4:00 P.M.,,0
2026-09-14,132510,FINAL,Springfield Central,4360,3.0,1.0,Springfield Sci-Tech,4363,1.0,0.0,Holley,Independent,6:00 P.M.,,0
2026-09-14,132583,FINAL,Keefe Tech,4191,7.0,1.0,Burncoat,4066,0.0,0.0,CMAC,CMAC,3:30 P.M.,,0
2026-09-14,132590,FINAL,Salem,4336,0.0,0.0,Beverly,4038,4.0,1.0,Northeastern,Northeastern,4:00 P.M.,,0
2026-09-14,132639,FINAL,Peabody,4306,4.0,1.0,Saugus,4341,1.0,0.0,Northeastern,Northeastern,4:00 P.M.,,0
2026-09-14,132812,FINAL,Bellingham,4033,0.0,0.0,Dedham,4108,1.0,1.0,Tri-Valley,Tri-Valley,4:30 P.M.,,0
2026-09-14,132930,FINAL,Belchertown,4032,0.0,0.0,Pope Francis,4796,3.0,1.0,Smith,Smith,4:00 P.M.,,0
2026-09-14,132945,FINAL,Arlington Catholic,4014,1.0,0.0,Bishop Fenwick,4043,7.0,1.0,Catholic Central,Catholic Central,3:00 P.M.,,0
2026-09-14,133125,FINAL,Bourne,4050,1.0,0.0,Apponequet,4011,2.0,1.0,South Coast,South Coast,4:00 P.M.,,0
2026-09-14,133135,UPCOMING,East Bridgewater,4126,,,Upper Cape,4457,,,South Shore,Mayflower,4:00 P.M.,,0
2026-09-14,133193,FINAL,Norton,4295,1.0,1.0,Dover-Sherborn,4118,0.0,0.0,Tri-Valley,Tri-Valley,6:15 P.M.,,0
2026-09-14,133302,UPCOMING,Dennis-Yarmouth,4111,,,Sturgis West,4735,,,Cape & Islands,Cape & Islands,4:00 P.M.,,0
2026-09-14,133382,FINAL,Fairhaven,4133,5.0,1.0,Joseph Case,4078,1.0,0.0,South Coast,South Coast,3:45 P.M.,,0
2026-09-14,133424,FINAL,Norwell,4296,2.0,1.0,Nantucket,4265,1.0,0.0,South Shore,Cape & Islands,3:30 P.M.,,0
2026-09-14,133639,FINAL,Millis,4251,5.0,1.0,Medway,4243,4.0,0.0,Tri-Valley,Tri-Valley,4:00 P.M.,,0
2026-09-14,134317,FINAL,Mashpee,4237,0.0,0.0,Abington,4002,2.0,1.0,South Shore,South Shore,4:30 P.M.,,0
2026-09-14,136404,FINAL,Quaboag,4510,1.0,0.0,Bay Path,4027,5.0,1.0,CMAC,CMAC,6:30 P.M.,,0
2026-09-14,136683,FINAL,University Park,4514,4.0,1.0,Blackstone-Millville,4486,1.0,0.0,CMAC,CMAC,5:15 P.M.,,0
2026-09-14,137732,SUSPENDED,Holbrook,4172,,,Blue Hills,4047,,,Mayflower,Mayflower,3:30 P.M.,,0
2026-09-14,138631,FINAL,Cohasset,4094,6.0,1.0,Monomoy,4706,0.0,0.0,South Shore,Cape & Islands,4:00 P.M.,,0
2026-09-14,138688,FINAL,Southbridge,4357,0.0,0.0,Douglas,4506,8.0,1.0,CMAC,CMAC,3:30 P.M.,,0
2026-09-14,139500,FINAL,Frontier,4146,2.0,1.0,Westfield,4419,1.0,0.0,Moriarty,Churchill,4:00 P.M.,,0
2026-09-14,150682,FINAL,O’Bryant,4298,7.0,1.0,Charlestown,4084,1.0,0.0,Boston City,Boston City,,,0
2026-09-14,150685,FINAL,Westfield Tech,4420,5.0,1.0,Granby,4520,0.0,0.0,Bi-County,Schmid,4:00 P.M.,,0
2026-09-14,150688,FINAL,Seekonk,4344,0.0,0.0,West Bridgewater,4415,3.0,1.0,South Coast,South Coast,4:00 P.M.,,0
2026-09-14,150698,FINAL,Phillips Andover,4310,2.0,1.0,BB&N,4028,0.0,0.0,Independent,ISL,,,0
2026-09-14,150991,FINAL,Millbury,4250,4.0,1.0,Whitinsville Christian,4487,1.0,0.0,CMAC,CMAC,,,0
2026-09-15,129597,FINAL,Southeastern,4358,0.0,2.0,Diman,4115,0.0,2.0,Mayflower,Mayflower,3:30 P.M.,,0
2026-09-15,129612,UPCOMING,Barnstable,4024,,,Brockton,4058,,,Pioneer,Big Three,4:00 P.M.,,0
2026-09-15,129672,FINAL,Revere,4329,3.0,1.0,Lynn English,4221,1.0,0.0,Greater Boston,Greater Boston,4:15 P.M.,,0
2026-09-15,129683,FINAL,Lexington,4209,1.0,2.0,Reading,4328,1.0,2.0,Middlesex,Middlesex,4:15 P.M.,,0
2026-09-15,129708,FINAL,Whitman-Hanson,4427,4.0,1.0,North Quincy,4287,2.0,0.0,Patriot,Patriot,6:00 P.M.,,0
2026-09-15,129801,FINAL,Bristol-Plymouth,4057,0.0,2.0,Upper Cape,4457,0.0,2.0,Mayflower,Mayflower,4:00 P.M.,,0
2026-09-15,129817,FINAL,BC High,4029,1.0,2.0,Catholic Memorial,4080,1.0,2.0,Catholic Conference,Catholic Conference,6:00 P.M.,,0
2026-09-15,129862,FINAL,Quincy,4326,2.0,1.0,Silver Lake,4349,0.0,0.0,Patriot,Patriot,4:00 P.M.,,0
2026-09-15,129918,FINAL,St. John’s Prep,4369,1.0,0.0,St. John’s (Shrewsbury),4368,2.0,1.0,Catholic Conference,Catholic Conference,4:00 P.M.,,0
2026-09-15,129930,FINAL,Billerica,4040,3.0,1.0,Lawrence,4203,0.0,0.0,Merrimack Valley,Merrimack Valley,6:00 P.M.,,0
2026-09-15,129992,FINAL,Scituate,4343,1.0,0.0,Marshfield,4234,2.0,1.0,Patriot,Patriot,4:00 P.M.,,0
2026-09-15,130012,FINAL,Brookline,4059,1.0,1.0,Milton,4252,0.0,0.0,Bay State,Bay State,4:00 P.M.,,0
2026-09-15,130115,FINAL,Methuen,4246,0.0,0.0,Lowell,4216,1.0,1.0,Merrimack Valley,Merrimack Valley,6:00 P.M.,,0
2026-09-15,130172,FINAL,Mansfield,4230,2.0,1.0,King Philip,4197,0.0,0.0,Hockomock,Hockomock,6:45 P.M.,,0
2026-09-15,130251,FINAL,Newton North,4279,0.0,2.0,Wellesley,4413,0.0,2.0,Bay State,Bay State,4:00 P.M.,,0
2026-09-15,130281,FINAL,Lynn Classical,4220,0.0,0.0,Medford,4242,3.0,1.0,Greater Boston,Greater Boston,6:30 P.M.,,0
2026-09-15,130340,FINAL,Framingham,4143,1.0,2.0,Natick,4270,1.0,2.0,Bay State,Bay State,4:00 P.M.,,0
2026-09-15,130456,FINAL,Hanover,4164,1.0,0.0,Hingham,4171,2.0,1.0,Patriot,Patriot,4:00 P.M.,,0
2026-09-15,130515,FINAL,Shrewsbury,4348,0.0,2.0,Grafton,4153,0.0,2.0,Mid-Wach,Mid-Wach,6:00 P.M.,,0
2026-09-15,130652,FINAL,North Attleborough,4284,0.0,0.0,Foxborough,4142,2.0,1.0,Hockomock,Hockomock,6:30 P.M.,,0
2026-09-15,130831,FINAL,Duxbury,4123,8.0,1.0,Plymouth South,4316,1.0,0.0,Patriot,Patriot,4:00 P.M.,,0
2026-09-15,130964,FINAL,Burlington,4065,3.0,1.0,Melrose,4244,2.0,0.0,Middlesex,Middlesex,4:15 P.M.,,0
2026-09-15,131019,FINAL,Braintree,4051,3.0,1.0,Walpole,4404,2.0,0.0,Bay State,Bay State,4:00 P.M.,,0
2026-09-15,131042,FINAL,Dartmouth,4105,5.0,1.0,Durfee,4122,2.0,0.0,Pioneer,Big Three,4:00 P.M.,,0
2026-09-15,131100,FINAL,Shepherd Hill,4347,2.0,1.0,Nashoba,4267,0.0,0.0,Mid-Wach,Mid-Wach,4:00 P.M.,,0
2026-09-15,131262,FINAL,Everett,4132,1.0,0.0,Chelsea,4086,5.0,1.0,Greater Boston,Greater Boston,4:15 P.M.,,0
2026-09-15,131516,FINAL,Stoneham,4380,1.0,0.0,Wakefield,4402,2.0,1.0,Middlesex,Middlesex,4:15 P.M.,,0
2026-09-15,131530,FINAL,Wachusett,4400,3.0,0.0,Algonquin,4005,4.0,1.0,Mid-Wach,Mid-Wach,6:00 P.M.,,0
2026-09-15,131559,FINAL,Westborough,4418,2.0,1.0,Leominster,4208,0.0,0.0,Mid-Wach,Mid-Wach,4:00 P.M.,,0
2026-09-15,131670,FINAL,Tewksbury,4389,0.0,0.0,Andover,4009,4.0,1.0,Merrimack Valley,Merrimack Valley,4:00 P.M.,,0
2026-09-15,131748,FINAL,Weymouth,4425,0.0,0.0,Needham,4272,4.0,1.0,Bay State,Bay State,4:00 P.M.,,0
2026-09-15,131762,FINAL,Arlington,4013,1.0,2.0,Belmont,4034,1.0,2.0,Middlesex,Middlesex,4:30 P.M.,,0
2026-09-15,131820,FINAL,Pentucket,4309,1.0,2.0,Newburyport,4276,1.0,2.0,Cape Ann,Cape Ann,6:00 P.M.,,0
2026-09-15,131997,FINAL,Chelmsford,4085,2.0,1.0,Haverhill,4167,0.0,0.0,Merrimack Valley,Merrimack Valley,5:30 P.M.,,0
2026-09-15,132021,FINAL,New Bedford,4273,4.0,1.0,Bridgewater-Raynham,4053,3.0,0.0,Big Three,Pioneer,4:00 P.M.,,0
2026-09-15,132053,FINAL,Greater Lowell,4155,3.0,1.0,Greater Lawrence,4154,1.0,0.0,Commonwealth,Commonwealth,4:00 P.M.,,0
2026-09-15,132080,FINAL,Xaverian,4446,2.0,1.0,Malden Catholic,4228,1.0,0.0,Catholic Conference,Catholic Conference,4:00 P.M.,,0
2026-09-15,132151,FINAL,Essex Tech,4745,0.0,0.0,Lynnfield,4223,1.0,1.0,Cape Ann,Cape Ann,7:00 P.M.,,0
2026-09-15,132397,FINAL,North Andover,4283,0.0,0.0,Dracut,4119,3.0,1.0,Merrimack Valley,Merrimack Valley,6:15 P.M.,,0
2026-09-15,132410,FINAL,Winchester,4434,5.0,1.0,Woburn,4438,0.0,0.0,Middlesex,Middlesex,4:15 P.M.,,0
2026-09-15,132435,FINAL,Malden,4227,1.0,1.0,Somerville,4351,0.0,0.0,Greater Boston,Greater Boston,4:15 P.M.,,0
2026-09-15,132515,UPCOMING,Latin Academy,4202,,,Brighton,4055,,,Boston City,Boston City,4:00 P.M.,,0
2026-09-15,132623,FINAL,Pembroke,4308,6.0,1.0,Plymouth North,4315,2.0,0.0,Patriot,Patriot,4:00 P.M.,,0
2026-09-15,132632,FINAL,Maynard,4239,3.0,0.0,Fitchburg,4139,4.0,1.0,Mid-Wach,Mid-Wach,4:00 P.M.,,0
2026-09-15,132718,FINAL,Bishop Feehan,4042,1.0,2.0,Martha’s Vineyard,4235,1.0,2.0,Catholic Central,Cape & Islands,4:00 P.M.,,0
2026-09-15,132780,FINAL,Oakmont,4299,2.0,1.0,North Middlesex,4286,0.0,0.0,Mid-Wach,Mid-Wach,4:00 P.M.,,0
2026-09-15,132850,FINAL,Marlborough,4233,4.0,1.0,Groton-Dunstable,4160,2.0,0.0,Mid-Wach,Mid-Wach,7:00 P.M.,,0
2026-09-15,133011,FINAL,Wilmington,4432,1.0,2.0,Watertown,4409,1.0,2.0,Middlesex,Middlesex,5:00 P.M.,,0
2026-09-15,133081,UPCOMING,TechBoston,4117,,,East Boston,4125,,,Boston City,Boston City,4:00 P.M.,,0
2026-09-15,133221,UPCOMING,North Reading,4288,,,Triton,4395,,,Cape Ann,Cape Ann,4:45 P.M.,,0
2026-09-15,133334,FINAL,Commerce,4361,0.0,0.0,Southwick,4519,3.0,1.0,Bi-County,Holley,4:00 P.M.,,0
2026-09-15,133441,FINAL,Holyoke,4176,1.0,2.0,Pathfinder,4305,1.0,2.0,Holley,Tri-County,4:00 P.M.,,0
2026-09-15,133544,FINAL,Easthampton,4130,0.0,0.0,Taconic,4385,1.0,1.0,Moriarty,Bi-County,4:00 P.M.,,0
2026-09-15,133640,FINAL,Bromfield,4505,5.0,1.0,Hudson,4182,0.0,0.0,Mid-Wach,Mid-Wach,4:00 P.M.,,0
2026-09-15,134465,FINAL,Amesbury,4007,2.0,0.0,Georgetown,4148,3.0,1.0,Cape Ann,Cape Ann,4:00 P.M.,,0
2026-09-15,137737,FINAL,Tri-County,4392,1.0,0.0,Blue Hills,4047,6.0,1.0,Mayflower,Mayflower,3:30 P.M.,,0
2026-09-15,138930,FINAL,Pioneer Charter I,4701,1.0,0.0,Excel Academy,4969,2.0,1.0,Charter School Athletic,Charter School Athletic,6:30 P.M.,,0
2026-09-15,139573,UPCOMING,Gardner,4147,,,Tahanto,4513,,,Mid-Wach,Mid-Wach,7:00 P.M.,,0
2026-09-15,150867,FINAL,Hamilton-Wenham,4163,4.0,1.0,Rockport,4490,2.0,0.0,Cape Ann,Cape Ann,,,0
2026-09-15,150869,FINAL,Manchester Essex,4229,0.0,2.0,Ipswich,4190,0.0,2.0,Cape Ann,Cape Ann,,,0
2026-09-15,150887,FINAL,Old Colony,4300,14.0,1.0,Bristol Aggie,4463,1.0,0.0,Mayflower,Mayflower,,,0
2026-09-15,150890,FINAL,Westport,4461,10.0,1.0,Avon,4460,0.0,0.0,Mayflower,Mayflower,,,0
2026-09-15,150927,FINAL,McCann Tech,4240,5.0,1.0,Pioneer Valley Chinese Immersion,4955,1.0,0.0,Bi-County,Tri-County,,,0
2026-09-15,150929,FINAL,Advanced Math and Science,4595,3.0,1.0,St. Paul,4954,0.0,0.0,CMAC,CMAC,,,0
2026-09-15,150932,FINAL,Smith Academy,4538,0.0,0.0,Springfield International,4480,4.0,1.0,Schmid,Schmid,,,0
2026-09-15,150935,FINAL,Hampden Charter East,4712,5.0,1.0,Pioneer Valley Christian,4535,1.0,0.0,Tri-County,Bi-County,,,0
2026-09-15,150937,FINAL,Duggan Academy,4843,3.0,2.0,St. Mary (Westfield),4537,3.0,2.0,Tri-County,Tri-County,,,0
2026-09-15,150940,FINAL,Monson,4429,0.0,2.0,Mahar,4226,0.0,2.0,Holley,Moriarty,,,0
2026-09-15,150942,FINAL,Ware,4406,1.0,0.0,Smith Voc.,4539,9.0,1.0,Tri-County,Tri-County,,,0
2026-09-15,150943,FINAL,Franklin County Tech,4145,4.0,1.0,Hopkins,4531,1.0,0.0,Tri-County,Schmid,,,0
2026-09-15,150945,FINAL,Littleton,4212,4.0,1.0,Lunenburg,4219,1.0,0.0,Mid-Wach,Mid-Wach,,,0
2026-09-16,130100,FINAL,Blackstone Valley,4046,3.0,1.0,Worcester South,4444,2.0,0.0,CMAC,CMAC,3:30 P.M.,,0
2026-09-16,130362,FINAL,Concord-Carlisle,4097,1.0,2.0,Cambridge,4067,1.0,2.0,Dual County,Dual County,4:30 P.M.,,0
2026-09-16,130373,FINAL,Doherty,4116,3.0,1.0,Tantasqua,4387,0.0,0.0,CMAC,CMAC,5:00 P.M.,,0
2026-09-16,130484,FINAL,Lawrence,4203,1.0,0.0,Andover,4009,5.0,1.0,Merrimack Valley,Merrimack Valley,6:15 P.M.,,0
2026-09-16,130681,UPCOMING,Chicopee Comprehensive,4089,,,Frontier,4146,,,Holley,Moriarty,4:00 P.M.,,0
2026-09-16,130997,FINAL,Apponequet,4011,4.0,1.0,Somerset Berkley,4350,1.0,0.0,South Coast,South Coast,4:00 P.M.,,0
2026-09-16,131078,FINAL,Ludlow,4218,0.0,0.0,Longmeadow,4214,1.0,1.0,Smith,Smith,4:00 P.M.,,0
2026-09-16,131130,FINAL,Northampton,4291,3.0,1.0,Monument Mtn.,4260,1.0,0.0,Churchill,Churchill,6:30 P.M.,,0
2026-09-16,131151,FINAL,Westwood,4424,1.0,0.0,Medfield,4241,2.0,1.0,Tri-Valley,Tri-Valley,6:00 P.M.,,0
2026-09-16,131228,UPCOMING,Holliston,4174,,,Norwood,4297,,,Tri-Valley,Tri-Valley,5:00 P.M.,,0
2026-09-16,131306,FINAL,Peabody,4306,3.0,0.0,Marblehead,4231,4.0,1.0,Northeastern,Northeastern,4:00 P.M.,,0
2026-09-16,131327,FINAL,Westfield,4419,0.0,0.0,Chicopee,4088,6.0,1.0,Churchill,Holley,4:00 P.M.,,0
2026-09-16,131432,FINAL,Newton South,4280,2.0,1.0,Bedford,4031,0.0,0.0,Dual County,Dual County,4:30 P.M.,,0
2026-09-16,131485,FINAL,Ashland,4015,1.0,0.0,Hopkinton,4180,3.0,1.0,Tri-Valley,Tri-Valley,4:00 P.M.,,0
2026-09-16,131580,FINAL,Waltham,4405,2.0,0.0,Acton-Boxborough,4003,4.0,1.0,Dual County,Dual County,4:00 P.M.,,0
2026-09-16,131630,FINAL,Wayland,4411,2.0,1.0,Weston,4423,0.0,0.0,Dual County,Dual County,4:00 P.M.,,0
2026-09-16,131778,FINAL,Middleborough,4247,2.0,0.0,Norwell,4296,6.0,1.0,South Shore,South Shore,4:00 P.M.,,0
2026-09-16,131797,FINAL,Lincoln-Sudbury,4211,5.0,1.0,Boston Latin,4049,1.0,0.0,Dual County,Dual County,4:00 P.M.,,0
2026-09-16,131855,FINAL,Danvers,4103,0.0,0.0,Beverly,4038,5.0,1.0,Northeastern,Northeastern,5:30 P.M.,,0
2026-09-16,131926,FINAL,Archbishop Williams,4012,1.0,2.0,Cardinal Spellman,4075,1.0,2.0,Catholic Central,Catholic Central,7:00 P.M.,,0
2026-09-16,132113,FINAL,West Bridgewater,4415,3.0,1.0,Greater New Bedford,4156,1.0,0.0,South Coast,South Coast,3:45 P.M.,,0
2026-09-16,132210,FINAL,Monty Tech,4259,2.0,1.0,Burncoat,4066,0.0,0.0,CMAC,CMAC,4:00 P.M.,,0
2026-09-16,132513,UPCOMING,Springfield Central,4360,,,South Hadley,4353,,,Holley,Moriarty,5:00 P.M.,,0
2026-09-16,132543,FINAL,Leicester,4207,2.0,1.0,Assabet,4016,1.0,0.0,CMAC,CMAC,3:30 P.M.,,0
2026-09-16,132739,FINAL,Nantucket,4265,3.0,1.0,Nauset,4271,0.0,0.0,Cape & Islands,Cape & Islands,4:00 P.M.,,0
2026-09-16,132815,FINAL,Dedham,4108,7.0,1.0,Millis,4251,3.0,0.0,Tri-Valley,Tri-Valley,4:15 P.M.,,0
2026-09-16,132853,UPCOMING,Algonquin,4005,,,Marlborough,4233,,,Mid-Wach,Mid-Wach,5:00 P.M.,,0
2026-09-16,132939,FINAL,Auburn,4019,5.0,1.0,Douglas,4506,0.0,0.0,CMAC,CMAC,5:00 P.M.,,0
2026-09-16,132950,FINAL,Bishop Fenwick,4043,1.0,2.0,St. Mary’s,4374,1.0,2.0,Catholic Central,Catholic Central,4:00 P.M.,,0
2026-09-16,133037,FINAL,Monomoy,4706,0.0,0.0,Falmouth,4134,2.0,1.0,Cape & Islands,Cape & Islands,4:00 P.M.,,0
2026-09-16,133138,FINAL,Abington,4002,2.0,1.0,East Bridgewater,4126,0.0,0.0,South Shore,South Shore,4:00 P.M.,,0
2026-09-16,133196,FINAL,Norton,4295,1.0,0.0,Medway,4243,2.0,1.0,Tri-Valley,Tri-Valley,6:00 P.M.,,0
2026-09-16,133264,FINAL,Nipmuc,4281,0.0,0.0,Keefe Tech,4191,3.0,1.0,CMAC,CMAC,3:30 P.M.,,0
2026-09-16,133274,FINAL,Saugus,4341,0.0,0.0,Swampscott,4383,2.0,1.0,Northeastern,Northeastern,4:30 P.M.,,0
2026-09-16,133303,UPCOMING,Dennis-Yarmouth,4111,,,Sandwich,4340,,,Cape & Islands,Cape & Islands,4:00 P.M.,,0
2026-09-16,133336,UPCOMING,Commerce,4361,,,Springfield Sci-Tech,4363,,,Bi-County,Independent,4:00 P.M.,,0
2026-09-16,133345,FINAL,Dover-Sherborn,4118,1.0,1.0,Bellingham,4033,0.0,0.0,Tri-Valley,Tri-Valley,4:00 P.M.,,0
2026-09-16,133371,FINAL,Salem,4336,2.0,1.0,Winthrop,4437,1.0,0.0,Northeastern,Northeastern,4:30 P.M.,,0
2026-09-16,133385,FINAL,Bourne,4050,0.0,0.0,Joseph Case,4078,3.0,1.0,South Coast,South Coast,3:45 P.M.,,0
2026-09-16,133520,FINAL,Seekonk,4344,0.0,0.0,Fairhaven,4133,5.0,1.0,South Coast,South Coast,3:45 P.M.,,0
2026-09-16,133579,FINAL,Dighton-Rehoboth,4114,3.0,1.0,Old Rochester,4301,0.0,0.0,South Coast,South Coast,3:45 P.M.,,0
2026-09-16,134751,FINAL,Mohawk Trail,4258,1.0,0.0,Athol,4017,3.0,1.0,Tri-County,Schmid,4:00 P.M.,,0
2026-09-16,136405,FINAL,University Park,4514,0.0,0.0,Bay Path,4027,4.0,1.0,CMAC,CMAC,3:30 P.M.,,0
2026-09-16,136684,FINAL,Blackstone-Millville,4486,0.0,0.0,Oxford,4303,3.0,1.0,CMAC,CMAC,4:00 P.M.,,0
2026-09-16,138324,FINAL,Hull,4184,2.0,2.0,Carver,4077,2.0,2.0,South Shore,South Shore,5:30 P.M.,,0
2026-09-16,138636,FINAL,Mashpee,4237,0.0,0.0,Cohasset,4094,8.0,1.0,South Shore,South Shore,4:30 P.M.,,0
2026-09-16,139296,UPCOMING,Sturgis West,4735,,,Falmouth Academy,4135,,,Cape & Islands,Cape & Islands,4:00 P.M.,,0
2026-09-16,150962,FINAL,Uxbridge,4398,4.0,1.0,Northbridge,4292,3.0,0.0,CMAC,CMAC,,,0
2026-09-16,150963,FINAL,Berwick,4037,5.0,1.0,Pingree,4312,0.0,0.0,EIL,EIL,,,0
2026-09-16,150964,FINAL,Quaboag,4510,0.0,2.0,Abby Kelley Foster,4503,0.0,2.0,CMAC,CMAC,,,0
2026-09-16,150977,FINAL,Austin Prep,4020,1.0,2.0,Thayer,4390,1.0,2.0,Independent,ISL,,,0
2026-09-16,150982,FINAL,BB&N,4028,0.0,0.0,Worcester Academy,4441,1.0,1.0,ISL,Independent,,,0
2026-09-16,150988,FINAL,Worcester Tech,4445,3.0,0.0,Whitinsville Christian,4487,7.0,1.0,Independent,CMAC,,,0
2026-09-16,150996,FINAL,Nobles,4282,0.0,2.0,Phillips Andover,4310,0.0,2.0,ISL,Independent,,,0
2026-09-16,151261,FINAL,Rockland,4331,4.0,1.0,Randolph,4327,0.0,0.0,South Shore,South Shore,,,0
2026-09-17,129598,FINAL,Southeastern,4358,2.0,1.0,Bristol-Plymouth,4057,0.0,0.0,Mayflower,Mayflower,3:30 P.M.,,0
2026-09-17,129615,FINAL,Brockton,4058,0.0,2.0,New Bedford,4273,0.0,2.0,Big Three,Big Three,6:00 P.M.,,0
2026-09-17,129709,FINAL,North Quincy,4287,0.0,0.0,Scituate,4343,7.0,1.0,Patriot,Patriot,4:00 P.M.,,0
2026-09-17,129758,FINAL,Diman,4115,5.0,1.0,Tri-County,4392,1.0,0.0,Mayflower,Mayflower,3:30 P.M.,,0
2026-09-17,129820,FINAL,BC High,4029,4.0,1.0,Xaverian,4446,0.0,0.0,Catholic Conference,Catholic Conference,4:00 P.M.,,0
2026-09-17,129866,FINAL,Plymouth South,4316,0.0,0.0,Quincy,4326,2.0,1.0,Patriot,Patriot,4:00 P.M.,,0
2026-09-17,129919,FINAL,St. John’s Prep,4369,0.0,0.0,Catholic Memorial,4080,1.0,1.0,Catholic Conference,Catholic Conference,7:00 P.M.,,0
2026-09-17,129932,FINAL,Dracut,4119,0.0,0.0,Billerica,4040,1.0,1.0,Merrimack Valley,Merrimack Valley,6:30 P.M.,,0
2026-09-17,129994,FINAL,Marshfield,4234,5.0,1.0,Silver Lake,4349,0.0,0.0,Patriot,Patriot,4:00 P.M.,,0
2026-09-17,130014,FINAL,Brookline,4059,4.0,1.0,Walpole,4404,0.0,0.0,Bay State,Bay State,4:00 P.M.,,0
2026-09-17,130035,FINAL,Sharon,4345,2.0,1.0,King Philip,4197,1.0,0.0,Hockomock,Hockomock,3:45 P.M.,,0
2026-09-17,130120,FINAL,Lowell,4216,2.0,0.0,Tewksbury,4389,3.0,1.0,Merrimack Valley,Merrimack Valley,5:00 P.M.,,0
2026-09-17,130233,FINAL,Barnstable,4024,1.0,0.0,Bishop Feehan,4042,2.0,1.0,Pioneer,Catholic Central,4:00 P.M.,,0
2026-09-17,130257,FINAL,Milton,4252,1.0,1.0,Newton North,4279,0.0,0.0,Bay State,Bay State,4:00 P.M.,,0
2026-09-17,130341,FINAL,Weymouth,4425,1.0,0.0,Framingham,4143,4.0,1.0,Bay State,Bay State,4:00 P.M.,,0
2026-09-17,130457,FINAL,Duxbury,4123,2.0,1.0,Hingham,4171,0.0,0.0,Patriot,Patriot,4:00 P.M.,,0
2026-09-17,130517,FINAL,Leominster,4208,0.0,0.0,Shrewsbury,4348,1.0,1.0,Mid-Wach,Mid-Wach,7:00 P.M.,,0
2026-09-17,130548,FINAL,Milford,4249,1.0,1.0,Mansfield,4230,0.0,0.0,Hockomock,Hockomock,4:00 P.M.,,0
2026-09-17,130603,FINAL,Attleboro,4018,0.0,0.0,Oliver Ames,4302,2.0,1.0,Hockomock,Hockomock,3:45 P.M.,,0
2026-09-17,130655,FINAL,Stoughton,4381,2.0,1.0,North Attleborough,4284,0.0,0.0,Hockomock,Hockomock,6:30 P.M.,,0
2026-09-17,130729,FINAL,West Springfield,4417,5.0,1.0,Belchertown,4032,1.0,0.0,Smith,Smith,7:00 P.M.,,0
2026-09-17,130767,FINAL,Pittsfield,4314,1.0,2.0,Agawam,4004,1.0,2.0,Churchill,Churchill,4:00 P.M.,,0
2026-09-17,130885,FINAL,Plymouth North,4315,0.0,0.0,Whitman-Hanson,4427,2.0,1.0,Patriot,Patriot,4:00 P.M.,,0
2026-09-17,131044,UPCOMING,Dartmouth,4105,,,Bridgewater-Raynham,4053,,,Pioneer,Pioneer,4:00 P.M.,,0
2026-09-17,131058,FINAL,Taunton,4388,0.0,0.0,Canton,4071,1.0,1.0,Hockomock,Hockomock,4:00 P.M.,,0
2026-09-17,131103,FINAL,Marlborough,4233,2.0,2.0,Shepherd Hill,4347,2.0,2.0,Mid-Wach,Mid-Wach,7:00 P.M.,,0
2026-09-17,131133,FINAL,Northampton,4291,4.0,1.0,Amherst-Pelham,4008,0.0,0.0,Churchill,Churchill,6:30 P.M.,,0
2026-09-17,131191,FINAL,Grafton,4153,1.0,2.0,Algonquin,4005,1.0,2.0,Mid-Wach,Mid-Wach,4:00 P.M.,,0
2026-09-17,131265,FINAL,Chelsea,4086,1.0,2.0,Excel Academy,4969,1.0,2.0,Greater Boston,Charter School Athletic,4:15 P.M.,,0
2026-09-17,131381,UPCOMING,Burlington,4065,,,Arlington Catholic,4014,,,Middlesex,Catholic Central,4:15 P.M.,,0
2026-09-17,131534,FINAL,Wachusett,4400,2.0,2.0,Westborough,4418,2.0,2.0,Mid-Wach,Mid-Wach,6:00 P.M.,,0
2026-09-17,131586,FINAL,Nashoba,4267,5.0,1.0,North Middlesex,4286,0.0,0.0,Mid-Wach,Mid-Wach,4:00 P.M.,,0
2026-09-17,131732,FINAL,North Andover,4283,4.0,1.0,Methuen,4246,0.0,0.0,Merrimack Valley,Merrimack Valley,6:15 P.M.,,0
2026-09-17,131750,FINAL,Needham,4272,4.0,2.0,Wellesley,4413,4.0,2.0,Bay State,Bay State,4:00 P.M.,,0
2026-09-17,131823,FINAL,Newburyport,4276,3.0,1.0,Hamilton-Wenham,4163,2.0,0.0,Cape Ann,Cape Ann,4:00 P.M.,,0
2026-09-17,131910,FINAL,Pope Francis,4796,4.0,1.0,East Longmeadow,4127,1.0,0.0,Smith,Smith,4:00 P.M.,,0
2026-09-17,131922,FINAL,Braintree,4051,0.0,0.0,Natick,4270,2.0,1.0,Bay State,Bay State,4:00 P.M.,,0
2026-09-17,131952,UPCOMING,Franklin,4144,,,Foxborough,4142,,,Hockomock,Hockomock,6:00 P.M.,,0
2026-09-17,131968,FINAL,Bishop Stang,4045,1.0,1.0,Durfee,4122,0.0,0.0,Catholic Central,Big Three,3:30 P.M.,,0
2026-09-17,132000,FINAL,Haverhill,4167,2.0,1.0,Central Catholic,4081,0.0,0.0,Merrimack Valley,Merrimack Valley,6:00 P.M.,,0
2026-09-17,132056,FINAL,Greater Lowell,4155,6.0,1.0,Lynn Tech,4222,0.0,0.0,Commonwealth,Commonwealth,5:00 P.M.,,0
2026-09-17,132133,FINAL,St. John’s (Shrewsbury),4368,1.0,2.0,Malden Catholic,4228,1.0,2.0,Catholic Conference,Catholic Conference,4:00 P.M.,,0
2026-09-17,132160,FINAL,Essex Tech,4745,8.0,1.0,Amesbury,4007,0.0,0.0,Cape Ann,Cape Ann,5:00 P.M.,,0
2026-09-17,132172,FINAL,Somerville,4351,2.0,0.0,Belmont,4034,3.0,1.0,Greater Boston,Middlesex,4:15 P.M.,,0
2026-09-17,132327,FINAL,Malden,4227,0.0,0.0,Everett,4132,2.0,1.0,Greater Boston,Greater Boston,4:15 P.M.,,0
2026-09-17,132354,FINAL,Chelmsford,4085,3.0,1.0,Wilmington,4432,1.0,0.0,Merrimack Valley,Middlesex,4:00 P.M.,,0
2026-09-17,132518,FINAL,East Boston,4125,0.0,2.0,Latin Academy,4202,0.0,2.0,Boston City,Boston City,4:00 P.M.,,0
2026-09-17,132634,FINAL,Fitchburg,4139,2.0,2.0,Bromfield,4505,2.0,2.0,Mid-Wach,Mid-Wach,7:00 P.M.,,0
2026-09-17,132867,FINAL,Hanover,4164,0.0,0.0,Pembroke,4308,6.0,1.0,Patriot,Patriot,4:00 P.M.,,0
2026-09-17,133109,UPCOMING,Oakmont,4299,,,Groton,4544,,,Mid-Wach,ISL,7:00 P.M.,,0
2026-09-17,133179,FINAL,Athol,4017,0.0,0.0,Quabbin,4325,5.0,1.0,Schmid,Mid-Wach,6:00 P.M.,,0
2026-09-17,133223,FINAL,Triton,4395,2.0,0.0,Rockport,4490,4.0,1.0,Cape Ann,Cape Ann,4:00 P.M.,,0
2026-09-17,133373,POSTPONED,KIPP,4703,,,Salem,4336,,,Commonwealth,Northeastern,4:00 P.M.,,0
2026-09-17,133450,FINAL,Pentucket,4309,0.0,2.0,Manchester Essex,4229,0.0,2.0,Cape Ann,Cape Ann,4:30 P.M.,,0
2026-09-17,133501,FINAL,Georgetown,4148,0.0,0.0,Lynnfield,4223,3.0,1.0,Cape Ann,Cape Ann,4:00 P.M.,,0
2026-09-17,133548,FINAL,Hampshire,4518,3.0,1.0,Taconic,4385,0.0,0.0,Holley,Bi-County,7:00 P.M.,,0
2026-09-17,133645,FINAL,Hudson,4182,2.0,0.0,Littleton,4212,4.0,1.0,Mid-Wach,Mid-Wach,4:00 P.M.,,0
2026-09-17,133655,FINAL,North Reading,4288,2.0,1.0,Ipswich,4190,0.0,0.0,Cape Ann,Cape Ann,4:45 P.M.,,0
2026-09-17,134786,UPCOMING,Maynard,4239,,,Ayer Shirley,4022,,,Mid-Wach,Mid-Wach,4:00 P.M.,,0
2026-09-17,137823,FINAL,Upper Cape,4457,1.0,1.0,Blue Hills,4047,0.0,0.0,Mayflower,Mayflower,3:30 P.M.,,0
2026-09-17,138792,FINAL,Lenox,4532,1.0,0.0,Easthampton,4130,2.0,1.0,Moriarty,Moriarty,4:30 P.M.,,0
2026-09-17,139581,UPCOMING,West Boylston,4414,,,Gardner,4147,,,Mid-Wach,Mid-Wach,5:00 P.M.,,0
2026-09-17,151040,FINAL,Wareham,4407,0.0,0.0,Westport,4461,5.0,1.0,Mayflower,Mayflower,3:45 P.M.,,0
2026-09-17,151043,FINAL,Rising Tide Charter,4746,0.0,0.0,St. John Paul II,4689,8.0,1.0,Cape & Islands,Cape & Islands,4:00 P.M.,,0
2026-09-17,151053,FINAL,Boston Prep,4655,1.0,0.0,Brooke Charter,5071,2.0,1.0,Charter School Athletic,Charter School Athletic,4:30 P.M.,,0
2026-09-17,151071,FINAL,Norfolk Aggie,4458,1.0,0.0,Old Colony,4300,5.0,1.0,Mayflower,Mayflower,3:30 P.M.,,0
2026-09-17,151072,FINAL,Northeast,4293,1.0,1.0,Mystic Valley,4264,0.0,0.0,Commonwealth,Commonwealth,4:30 P.M.,,0
2026-09-17,151074,FINAL,Holliston,4174,4.0,1.0,Norwood,4297,0.0,0.0,Tri-Valley,Tri-Valley,5:00 P.M.,,0
2026-09-17,151095,FINAL,Springfield International,4480,3.0,1.0,Granby,4520,1.0,0.0,Schmid,Schmid,4:00 P.M.,,0
2026-09-17,151107,FINAL,New Mission/English High,4494,1.0,0.0,O’Bryant,4298,3.0,1.0,Boston City,Boston City,4:00 P.M.,,0
2026-09-17,151112,FINAL,Boston International,4547,10.0,1.0,TechBoston,4117,0.0,0.0,Boston City,Boston City,4:00 P.M.,,0
2026-09-17,151113,FINAL,Brighton,4055,0.0,0.0,Dearborn STEM,5016,1.0,1.0,Boston City,Boston City,3:30 P.M.,,0
2026-09-17,151116,FINAL,Mt. Greylock,4262,1.0,1.0,Wahconah,4401,0.0,0.0,Churchill,Moriarty,6:00 P.M.,,0
2026-09-17,151119,FINAL,Argosy Collegiate,5032,0.0,0.0,Neighborhood House Charter,5035,8.0,1.0,Charter School Athletic,Charter School Athletic,5:30 P.M.,,0
2026-09-17,151154,FINAL,Oakmont,4299,1.0,2.0,Groton-Dunstable,4160,1.0,2.0,Mid-Wach,Mid-Wach,7:00 P.M.,,0
2026-09-17,151155,FINAL,Gateway,4517,8.0,1.0,St. Mary (Westfield),4537,0.0,0.0,Bi-County,Tri-County,6:00 P.M.,,0
2026-09-17,151160,FINAL,Tahanto,4513,1.0,0.0,Clinton,4093,5.0,1.0,Mid-Wach,Mid-Wach,,,0
2026-09-17,151955,FINAL,Monson,4429,1.0,0.0,Westfield Tech,4420,3.0,1.0,Holley,Bi-County,,,0
2026-09-18,129673,UPCOMING,Haverhill,4167,,,Revere,4329,,,Merrimack Valley,Greater Boston,6:30 P.M.,,0
2026-09-18,129688,FINAL,Lexington,4209,3.0,1.0,Waltham,4405,0.0,0.0,Middlesex,Dual County,4:15 P.M.,,0
2026-09-18,130101,UPCOMING,Worcester South,4444,,,Sutton,4512,,,CMAC,CMAC,6:30 P.M.,,0
2026-09-18,130375,FINAL,Doherty,4116,3.0,2.0,Blackstone Valley,4046,3.0,2.0,CMAC,CMAC,5:00 P.M.,,0
2026-09-18,130621,FINAL,Assabet,4016,3.0,1.0,Worcester North,4443,1.0,0.0,CMAC,CMAC,3:30 P.M.,,0
2026-09-18,130684,UPCOMING,Springfield Central,4360,,,Chicopee Comprehensive,4089,,,Holley,Holley,4:00 P.M.,,0
2026-09-18,130833,FINAL,Nauset,4271,1.0,1.0,Plymouth South,4316,0.0,0.0,Cape & Islands,Patriot,4:00 P.M.,,0
2026-09-18,130854,FINAL,Masconomet,4236,5.0,1.0,Whittier,4428,0.0,0.0,Northeastern,Commonwealth,4:00 P.M.,,0
2026-09-18,130939,FINAL,Putnam,4362,4.0,1.0,Renaissance,4664,1.0,0.0,Bi-County,Schmid,4:00 P.M.,,0
2026-09-18,131330,UPCOMING,Frontier,4146,,,Westfield,4419,,,Moriarty,Churchill,4:00 P.M.,,0
2026-09-18,131780,UPCOMING,Middleborough,4247,,,Joseph Case,4078,,,South Shore,South Coast,4:00 P.M.,,0
2026-09-18,131858,FINAL,Danvers,4103,0.0,0.0,Pioneer Charter II,4964,4.0,1.0,Northeastern,Charter School Athletic,4:00 P.M.,,0
2026-09-18,131930,FINAL,Archbishop Williams,4012,0.0,0.0,East Bridgewater,4126,2.0,1.0,Catholic Central,South Shore,5:00 P.M.,,0
2026-09-18,132211,FINAL,Trivium,4686,1.0,0.0,Monty Tech,4259,7.0,1.0,Worcester County,CMAC,3:30 P.M.,,0
2026-09-18,132223,FINAL,Lincoln-Sudbury,4211,1.0,0.0,Concord-Carlisle,4097,2.0,1.0,Dual County,Dual County,4:00 P.M.,,0
2026-09-18,132588,UPCOMING,Burncoat,4066,,,Quaboag,4510,,,CMAC,CMAC,3:30 P.M.,,0
2026-09-18,132662,FINAL,Scituate,4343,3.0,1.0,Cohasset,4094,2.0,0.0,Patriot,South Shore,4:00 P.M.,,0
2026-09-18,132886,FINAL,Malden Catholic,4228,2.0,1.0,Saugus,4341,1.0,0.0,Catholic Conference,Northeastern,6:00 P.M.,,0
2026-09-18,132941,FINAL,Hudson,4182,1.0,0.0,Auburn,4019,5.0,1.0,Mid-Wach,CMAC,4:00 P.M.,,0
2026-09-18,133040,UPCOMING,Falmouth,4134,,,Sandwich,4340,,,Cape & Islands,Cape & Islands,4:00 P.M.,,0
2026-09-18,133306,FINAL,Martha’s Vineyard,4235,2.0,1.0,Dennis-Yarmouth,4111,1.0,0.0,Cape & Islands,Cape & Islands,3:15 P.M.,,0
2026-09-18,133338,UPCOMING,Pathfinder,4305,,,Commerce,4361,,,Tri-County,Bi-County,4:00 P.M.,,0
2026-09-18,133426,FINAL,Monomoy,4706,1.0,0.0,Nantucket,4265,6.0,1.0,Cape & Islands,Cape & Islands,4:00 P.M.,,0
2026-09-18,133442,FINAL,Smith Voc.,4539,2.0,2.0,Holyoke,4176,2.0,2.0,Tri-County,Holley,5:00 P.M.,,0
2026-09-18,133484,UPCOMING,Chicopee,4088,,,South Hadley,4353,,,Holley,Moriarty,6:00 P.M.,,0
2026-09-18,133642,FINAL,Medway,4243,2.0,0.0,Hopedale,4507,6.0,1.0,Tri-Valley,CMAC,4:00 P.M.,,0
2026-09-18,134422,UPCOMING,Advanced Math and Science,4595,,,Keefe Tech,4191,,,CMAC,CMAC,3:30 P.M.,,0
2026-09-18,136407,FINAL,Bay Path,4027,4.0,1.0,Northbridge,4292,1.0,0.0,CMAC,CMAC,3:30 P.M.,,0
2026-09-18,137987,UPCOMING,Bourne,4050,,,Sturgis West,4735,,,South Coast,Cape & Islands,3:45 P.M.,,0
2026-09-18,138329,UPCOMING,Sturgis East,4456,,,Carver,4077,,,Cape & Islands,South Shore,4:45 P.M.,,0
2026-09-18,151174,FINAL,West Bridgewater,4415,2.0,1.0,Rockland,4331,0.0,0.0,South Coast,South Shore,,,0
2026-09-18,151187,FINAL,Thayer,4390,2.0,2.0,Dexter Southfield,4113,2.0,2.0,ISL,Independent,,,0
2026-09-18,151200,FINAL,David Prouty,4106,6.0,1.0,Southbridge,4357,1.0,0.0,CMAC,CMAC,,,0
2026-09-18,151203,FINAL,Oxford,4303,8.0,1.0,Abby Kelley Foster,4503,0.0,0.0,CMAC,CMAC,,,0
2026-09-18,151206,FINAL,Old Colony,4300,1.0,2.0,Seekonk,4344,1.0,2.0,Mayflower,South Coast,,,0
2026-09-18,151209,FINAL,Mashpee,4237,2.0,1.0,Cape Cod Tech,4073,1.0,0.0,South Shore,Mayflower,,,0
2026-09-18,151211,FINAL,Uxbridge,4398,1.0,1.0,Whitinsville Christian,4487,0.0,0.0,CMAC,CMAC,,,0
2026-09-18,151212,FINAL,Minuteman,4255,3.0,1.0,Tri-County,4392,1.0,0.0,Commonwealth,Mayflower,,,0
2026-09-18,151215,FINAL,Duggan Academy,4843,0.0,0.0,Hampden Charter East,4712,5.0,1.0,Tri-County,Tri-County,,,0
2026-09-18,151218,FINAL,Southwick,4519,7.0,1.0,Ware,4406,1.0,0.0,Holley,Tri-County,,,0
2026-09-18,151221,FINAL,Drury,4120,2.0,1.0,Pioneer Valley,4536,0.0,0.0,Bi-County,Schmid,,,0
2026-09-18,151223,FINAL,Madison Park,4225,1.0,2.0,Neighborhood House Charter,5035,1.0,2.0,Boston City,Charter School Athletic,,,0
2026-09-18,151225,FINAL,Lowell Catholic,4217,1.0,0.0,Prospect Hill,4593,7.0,1.0,Commonwealth,Charter School Athletic,,,0
2026-09-18,151226,FINAL,Governor’s Academy,4152,3.0,1.0,Concord Academy,4096,2.0,0.0,ISL,EIL,,,0
2026-09-19,129760,FINAL,Taunton,4388,2.0,1.0,Diman,4115,0.0,0.0,Hockomock,Mayflower,4:00 P.M.,,0
2026-09-19,129793,FINAL,Bristol-Plymouth,4057,0.0,0.0,Acton-Boxborough,4003,7.0,1.0,Mayflower,Dual County,4:30 P.M.,,0
2026-09-19,129922,FINAL,St. John’s Prep,4369,2.0,2.0,Brookline,4059,2.0,2.0,Catholic Conference,Bay State,10:00 A.M.,,0
2026-09-19,130175,FINAL,Norwell,4296,5.0,1.0,King Philip,4197,0.0,0.0,South Shore,Hockomock,4:00 P.M.,,0
2026-09-19,130235,FINAL,North Attleborough,4284,2.0,0.0,Barnstable,4024,4.0,1.0,Hockomock,Pioneer,11:00 A.M.,,0
2026-09-19,130273,FINAL,Belmont,4034,2.0,1.0,Newton North,4279,1.0,0.0,Middlesex,Bay State,7:00 P.M.,,0
2026-09-19,130286,FINAL,Lynn Tech,4222,0.0,0.0,Lynn Classical,4220,2.0,1.0,Commonwealth,Greater Boston,4:00 P.M.,,0
2026-09-19,130342,FINAL,Holliston,4174,1.0,2.0,Framingham,4143,1.0,2.0,Tri-Valley,Bay State,10:00 A.M.,,0
2026-09-19,130426,FINAL,Wayland,4411,4.0,1.0,Reading,4328,3.0,0.0,Dual County,Middlesex,10:00 A.M.,,0
2026-09-19,130491,FINAL,Everett,4132,3.0,1.0,Lawrence,4203,1.0,0.0,Greater Boston,Merrimack Valley,10:00 A.M.,,0
2026-09-19,130550,FINAL,Milford,4249,3.0,1.0,Xaverian,4446,1.0,0.0,Hockomock,Catholic Conference,11:00 A.M.,,0
2026-09-19,130567,FINAL,West Springfield,4417,1.0,1.0,Milton,4252,0.0,0.0,Smith,Bay State,1:00 P.M.,,0
2026-09-19,130606,FINAL,Oliver Ames,4302,4.0,1.0,East Longmeadow,4127,1.0,0.0,Hockomock,Smith,2:30 P.M.,,0
2026-09-19,130706,FINAL,Mansfield,4230,0.0,2.0,Bridgewater-Raynham,4053,0.0,2.0,Hockomock,Pioneer,4:00 P.M.,,0
2026-09-19,130887,FINAL,Randolph,4327,1.0,1.0,Whitman-Hanson,4427,0.0,0.0,South Shore,Patriot,5:30 P.M.,,0
2026-09-19,131060,FINAL,Canton,4071,2.0,1.0,Braintree,4051,1.0,0.0,Hockomock,Bay State,5:00 P.M.,,0
2026-09-19,131080,FINAL,St. Mary’s,4374,0.0,2.0,Longmeadow,4214,0.0,2.0,Catholic Central,Smith,1:00 P.M.,,0
2026-09-19,131308,FINAL,North Andover,4283,1.0,1.0,Marblehead,4231,0.0,0.0,Merrimack Valley,Northeastern,3:00 P.M.,,0
2026-09-19,131455,FINAL,Durfee,4122,1.0,1.0,Attleboro,4018,0.0,0.0,Big Three,Hockomock,2:00 P.M.,,0
2026-09-19,131464,FINAL,Natick,4270,1.0,0.0,Newton South,4280,2.0,1.0,Bay State,Dual County,12:30 P.M.,,0
2026-09-19,131517,FINAL,Wakefield,4402,0.0,2.0,Andover,4009,0.0,2.0,Middlesex,Merrimack Valley,10:00 A.M.,,0
2026-09-19,131536,FINAL,Westford,4421,0.0,0.0,Wachusett,4400,1.0,1.0,Dual County,Mid-Wach,12:00 P.M.,,0
2026-09-19,131588,FINAL,Nashoba,4267,2.0,2.0,Bromfield,4505,2.0,2.0,Mid-Wach,Mid-Wach,11:00 A.M.,,0
2026-09-19,131802,UPCOMING,O’Bryant,4298,,,Boston Latin,4049,,,Boston City,Dual County,11:00 A.M.,,0
2026-09-19,131958,FINAL,Franklin,4144,1.0,2.0,St. John’s (Shrewsbury),4368,1.0,2.0,Hockomock,Catholic Conference,11:30 A.M.,,0
2026-09-19,132332,FINAL,Shawsheen,4346,2.0,0.0,Excel Academy,4969,4.0,1.0,Commonwealth,Charter School Athletic,11:00 A.M.,,0
2026-09-19,132358,FINAL,Chelmsford,4085,1.0,1.0,Groton-Dunstable,4160,0.0,0.0,Merrimack Valley,Mid-Wach,9:00 A.M.,,0
2026-09-19,132415,FINAL,Winchester,4434,1.0,1.0,Beverly,4038,0.0,0.0,Middlesex,Northeastern,10:00 A.M.,,0
2026-09-19,132446,FINAL,Bishop Feehan,4042,3.0,1.0,Hopkinton,4180,2.0,0.0,Catholic Central,Tri-Valley,1:00 P.M.,,0
2026-09-19,132708,FINAL,Woburn,4438,2.0,0.0,Tewksbury,4389,4.0,1.0,Middlesex,Merrimack Valley,11:00 A.M.,,0
2026-09-19,132796,FINAL,Medford,4242,3.0,1.0,Wilmington,4432,2.0,0.0,Greater Boston,Middlesex,6:00 P.M.,,0
2026-09-19,132818,FINAL,North Reading,4288,1.0,0.0,Dedham,4108,2.0,1.0,Cape Ann,Tri-Valley,3:00 P.M.,,0
2026-09-19,133014,FINAL,Watertown,4409,0.0,0.0,Weston,4423,2.0,1.0,Middlesex,Dual County,6:00 P.M.,,0
2026-09-19,133056,FINAL,Stoneham,4380,5.0,1.0,Arlington Catholic,4014,0.0,0.0,Middlesex,Catholic Central,11:00 A.M.,,0
2026-09-19,133083,UPCOMING,New Mission/English High,4494,,,East Boston,4125,,,Boston City,Boston City,10:00 A.M.,,0
2026-09-19,133110,UPCOMING,Chelmsford,4085,,,Groton,4544,,,Merrimack Valley,ISL,9:00 A.M.,,0
2026-09-19,133265,FINAL,Douglas,4506,0.0,0.0,Nipmuc,4281,2.0,1.0,CMAC,CMAC,10:00 A.M.,,0
2026-09-19,133496,FINAL,Tyngsborough,4397,2.0,1.0,Oakmont,4299,0.0,0.0,Mid-Wach,Mid-Wach,10:00 A.M.,,0
2026-09-19,134753,FINAL,Gardner,4147,6.0,1.0,Athol,4017,1.0,0.0,Mid-Wach,Schmid,2:00 P.M.,,0
2026-09-19,134797,UPCOMING,Ayer Shirley,4022,,,Lunenburg,4219,,,Mid-Wach,Mid-Wach,12:00 P.M.,,0
2026-09-19,138532,FINAL,Maynard,4239,4.0,1.0,Clinton,4093,1.0,0.0,Mid-Wach,Mid-Wach,12:00 P.M.,,0
2026-09-19,151239,FINAL,Northeast,4293,8.0,1.0,KIPP,4703,0.0,0.0,Commonwealth,Commonwealth,,,0
2026-09-19,151242,FINAL,Phillips Andover,4310,3.0,1.0,Belmont Hill,4035,0.0,0.0,Independent,ISL,,,0
2026-09-19,151244,FINAL,Franklin County Tech,4145,9.0,1.0,Mohawk Trail,4258,0.0,0.0,Tri-County,Tri-County,,,0
2026-09-19,151257,FINAL,Lawrence Academy,4204,0.0,0.0,Proctor,4321,2.0,1.0,ISL,Independent,,,0
2026-09-21,130104,UPCOMING,Worcester South,4444,,,Advanced Math and Science,4595,,,CMAC,CMAC,6:30 P.M.,,0
2026-09-21,130378,FINAL,Doherty,4116,4.0,1.0,Fitchburg,4139,0.0,0.0,CMAC,Mid-Wach,5:00 P.M.,,0
2026-09-21,130730,UPCOMING,East Longmeadow,4127,,,West Springfield,4417,,,Smith,Smith,7:00 P.M.,,0
2026-09-21,130770,FINAL,Minnechaug,4254,0.0,0.0,Agawam,4004,3.0,1.0,Churchill,Churchill,6:45 P.M.,,0
2026-09-21,130856,FINAL,Danvers,4103,0.0,0.0,Masconomet,4236,7.0,1.0,Northeastern,Northeastern,4:00 P.M.,,0
2026-09-21,130999,UPCOMING,Dighton-Rehoboth,4114,,,Somerset Berkley,4350,,,South Coast,South Coast,3:45 P.M.,,0
2026-09-21,131332,FINAL,Westfield,4419,2.0,1.0,Belchertown,4032,0.0,0.0,Churchill,Smith,4:00 P.M.,,0
2026-09-21,131385,FINAL,Wilmington,4432,3.0,1.0,Burlington,4065,0.0,0.0,Middlesex,Middlesex,7:00 P.M.,,0
2026-09-21,131931,FINAL,Archbishop Williams,4012,3.0,1.0,Bishop Stang,4045,2.0,0.0,Catholic Central,Catholic Central,4:00 P.M.,,0
2026-09-21,132058,FINAL,Greater Lowell,4155,4.0,1.0,Shawsheen,4346,0.0,0.0,Commonwealth,Commonwealth,4:00 P.M.,,0
2026-09-21,132087,UPCOMING,Xaverian,4446,,,Peabody,4306,,,Catholic Conference,Northeastern,4:00 P.M.,,0
2026-09-21,132116,FINAL,Greater New Bedford,4156,3.0,1.0,Apponequet,4011,1.0,0.0,South Coast,South Coast,3:45 P.M.,,0
2026-09-21,132213,FINAL,Oxford,4303,2.0,1.0,Monty Tech,4259,0.0,0.0,CMAC,CMAC,3:30 P.M.,,0
2026-09-21,132469,FINAL,Blackstone Valley,4046,2.0,0.0,Tantasqua,4387,4.0,1.0,CMAC,CMAC,4:00 P.M.,,0
2026-09-21,132519,FINAL,Latin Academy,4202,8.0,1.0,TechBoston,4117,1.0,0.0,Boston City,Boston City,4:00 P.M.,,0
2026-09-21,132546,FINAL,Easthampton,4130,0.0,0.0,Springfield Central,4360,4.0,1.0,Moriarty,Holley,4:00 P.M.,,0
2026-09-21,132592,FINAL,Burncoat,4066,3.0,1.0,West Boylston,4414,2.0,0.0,CMAC,Mid-Wach,3:30 P.M.,,0
2026-09-21,132719,FINAL,Cardinal Spellman,4075,0.0,0.0,Bishop Feehan,4042,6.0,1.0,Catholic Central,Catholic Central,3:30 P.M.,,0
2026-09-21,132870,FINAL,Watertown,4409,0.0,0.0,Catholic Memorial,4080,4.0,1.0,Middlesex,Catholic Conference,7:00 P.M.,,0
2026-09-21,132903,FINAL,Pope Francis,4796,3.0,1.0,Ludlow,4218,2.0,0.0,Smith,Smith,5:00 P.M.,,0
2026-09-21,132917,FINAL,Greater Lawrence,4154,0.0,0.0,Malden Catholic,4228,3.0,1.0,Commonwealth,Catholic Conference,4:00 P.M.,,0
2026-09-21,132990,FINAL,Gloucester,4150,2.0,1.0,Salem,4336,1.0,0.0,Northeastern,Northeastern,4:30 P.M.,,0
2026-09-21,133059,FINAL,St. Mary’s,4374,8.0,1.0,Arlington Catholic,4014,0.0,0.0,Catholic Central,Catholic Central,4:00 P.M.,,0
2026-09-21,133086,FINAL,Dearborn STEM,5016,1.0,2.0,East Boston,4125,1.0,2.0,Boston City,Boston City,4:00 P.M.,,0
2026-09-21,133197,FINAL,Norton,4295,8.0,1.0,Foxborough Charter,4588,1.0,0.0,Tri-Valley,Charter School Athletic,3:45 P.M.,,0
2026-09-21,133256,FINAL,Assabet,4016,6.0,1.0,Worcester Tech,4445,2.0,0.0,CMAC,Independent,5:30 P.M.,,0
2026-09-21,133339,SUSPENDED,Commerce,4361,,,Renaissance,4664,,,Bi-County,Schmid,4:00 P.M.,,0
2026-09-21,133377,FINAL,Saugus,4341,2.0,0.0,Winthrop,4437,3.0,1.0,Northeastern,Northeastern,4:00 P.M.,,0
2026-09-21,133387,FINAL,Joseph Case,4078,3.0,1.0,Seekonk,4344,0.0,0.0,South Coast,South Coast,3:45 P.M.,,0
2026-09-21,133444,FINAL,Mohawk Trail,4258,2.0,0.0,Holyoke,4176,5.0,1.0,Tri-County,Holley,7:00 P.M.,,0
2026-09-21,133521,FINAL,Fairhaven,4133,5.0,1.0,Old Rochester,4301,1.0,0.0,South Coast,South Coast,3:45 P.M.,,0
2026-09-21,136408,FINAL,Bay Path,4027,4.0,1.0,Whitinsville Christian,4487,1.0,0.0,CMAC,CMAC,3:30 P.M.,,0
2026-09-21,137990,POSTPONED,West Bridgewater,4415,,,Bourne,4050,,,South Coast,South Coast,3:45 P.M.,,0
2026-09-21,138540,FINAL,Clinton,4093,0.0,0.0,Melrose,4244,3.0,1.0,Mid-Wach,Middlesex,4:30 P.M.,,0
2026-09-21,138692,FINAL,Douglas,4506,3.0,1.0,University Park,4514,0.0,0.0,CMAC,CMAC,3:30 P.M.,,0
2026-09-21,138944,FINAL,Excel Academy,4969,10.0,1.0,Boston Collegiate,4592,0.0,0.0,Charter School Athletic,Charter School Athletic,5:15 P.M.,,0
2026-09-21,151286,FINAL,West Springfield,4417,1.0,1.0,East Longmeadow,4127,0.0,0.0,Smith,Smith,3:30 P.M.,,0
2026-09-21,151289,FINAL,Bartlett,4026,4.0,0.0,David Prouty,4106,8.0,1.0,CMAC,CMAC,3:30 P.M.,,0
2026-09-21,151292,FINAL,Southbridge,4357,0.0,0.0,St. Paul,4954,11.0,1.0,CMAC,CMAC,3:30 P.M.,,0
2026-09-21,151294,UPCOMING,Trivium,4686,,,Nashoba Valley Tech,4268,,,Worcester County,Commonwealth,3:30 P.M.,,0
2026-09-21,151298,FINAL,Boston International,4547,4.0,1.0,Brighton,4055,2.0,0.0,Boston City,Boston City,4:00 P.M.,,0
2026-09-21,151301,FINAL,Hopedale,4507,1.0,2.0,Sutton,4512,1.0,2.0,CMAC,CMAC,4:00 P.M.,,0
2026-09-21,151304,FINAL,Mashpee,4237,0.0,0.0,Monomoy,4706,2.0,1.0,South Shore,Cape & Islands,6:00 P.M.,,0
2026-09-21,151435,FINAL,New Mission/English High,4494,1.0,0.0,Neighborhood House Charter,5035,5.0,1.0,Boston City,Charter School Athletic,4:00 P.M.,,0
2026-09-21,151449,FINAL,Southwick,4519,4.0,1.0,Smith Voc.,4539,0.0,0.0,Holley,Tri-County,4:00 P.M.,,0
2026-09-21,151455,FINAL,Drury,4120,0.0,0.0,Gateway,4517,1.0,1.0,Bi-County,Bi-County,5:00 P.M.,,0
2026-09-22,129601,FINAL,Blue Hills,4047,3.0,0.0,Southeastern,4358,8.0,1.0,Mayflower,Mayflower,3:30 P.M.,,0
2026-09-22,129617,FINAL,Brockton,4058,0.0,0.0,BC High,4029,2.0,1.0,Big Three,Catholic Conference,6:00 P.M.,,0
2026-09-22,129677,FINAL,Everett,4132,3.0,0.0,Revere,4329,5.0,1.0,Greater Boston,Greater Boston,4:15 P.M.,,0
2026-09-22,129731,FINAL,North Quincy,4287,1.0,0.0,Duxbury,4123,10.0,1.0,Patriot,Patriot,4:00 P.M.,,0
2026-09-22,129761,FINAL,Bristol-Plymouth,4057,1.0,1.0,Diman,4115,0.0,0.0,Mayflower,Mayflower,4:00 P.M.,,0
2026-09-22,129868,FINAL,Hingham,4171,3.0,1.0,Quincy,4326,1.0,0.0,Patriot,Patriot,3:45 P.M.,,0
2026-09-22,129951,FINAL,Framingham,4143,1.0,2.0,St. John’s Prep,4369,1.0,2.0,Bay State,Catholic Conference,4:00 P.M.,,0
2026-09-22,129998,FINAL,Plymouth South,4316,2.0,0.0,Marshfield,4234,7.0,1.0,Patriot,Patriot,4:00 P.M.,,0
2026-09-22,130036,FINAL,Franklin,4144,1.0,0.0,Sharon,4345,3.0,1.0,Hockomock,Hockomock,6:00 P.M.,,0
2026-09-22,130124,FINAL,Lowell,4216,2.0,1.0,Haverhill,4167,0.0,0.0,Merrimack Valley,Merrimack Valley,5:00 P.M.,,0
2026-09-22,130183,FINAL,King Philip,4197,1.0,0.0,Foxborough,4142,2.0,1.0,Hockomock,Hockomock,3:30 P.M.,,0
2026-09-22,130290,FINAL,Lynn Classical,4220,0.0,0.0,Somerville,4351,1.0,1.0,Greater Boston,Greater Boston,5:45 P.M.,,0
2026-09-22,130365,FINAL,Cambridge,4067,1.0,1.0,Wellesley,4413,0.0,0.0,Dual County,Bay State,4:30 P.M.,,0
2026-09-22,130492,FINAL,Lawrence,4203,0.0,0.0,Central Catholic,4081,4.0,1.0,Merrimack Valley,Merrimack Valley,6:15 P.M.,,0
2026-09-22,130519,FINAL,Shrewsbury,4348,4.0,1.0,Westborough,4418,1.0,0.0,Mid-Wach,Mid-Wach,6:00 P.M.,,0
2026-09-22,130552,FINAL,Taunton,4388,2.0,0.0,Milford,4249,5.0,1.0,Hockomock,Hockomock,3:45 P.M.,,0
2026-09-22,130709,FINAL,Canton,4071,0.0,0.0,Mansfield,4230,5.0,1.0,Hockomock,Hockomock,6:30 P.M.,,0
2026-09-22,130733,FINAL,Northampton,4291,3.0,1.0,West Springfield,4417,0.0,0.0,Churchill,Smith,6:30 P.M.,,0
2026-09-22,130756,FINAL,Attleboro,4018,3.0,1.0,Stoughton,4381,1.0,0.0,Hockomock,Hockomock,3:45 P.M.,,0
2026-09-22,130803,FINAL,Silver Lake,4349,2.0,0.0,Pembroke,4308,3.0,1.0,Patriot,Patriot,4:00 P.M.,,0
2026-09-22,130892,FINAL,Whitman-Hanson,4427,0.0,0.0,Hanover,4164,2.0,1.0,Patriot,Patriot,6:00 P.M.,,0
2026-09-22,130940,FINAL,St. Mary (Westfield),4537,0.0,0.0,Putnam,4362,4.0,1.0,Tri-County,Bi-County,4:00 P.M.,,0
2026-09-22,131046,FINAL,Dartmouth,4105,1.0,2.0,New Bedford,4273,1.0,2.0,Pioneer,Big Three,4:00 P.M.,,0
2026-09-22,131106,FINAL,North Middlesex,4286,1.0,0.0,Shepherd Hill,4347,2.0,1.0,Mid-Wach,Mid-Wach,6:00 P.M.,,0
2026-09-22,131194,FINAL,Grafton,4153,1.0,2.0,Wachusett,4400,1.0,2.0,Mid-Wach,Mid-Wach,4:00 P.M.,,0
2026-09-22,131269,FINAL,Chelsea,4086,1.0,1.0,Lynn English,4221,0.0,0.0,Greater Boston,Greater Boston,4:15 P.M.,,0
2026-09-22,131433,FINAL,Bedford,4031,1.0,0.0,Lincoln-Sudbury,4211,2.0,1.0,Dual County,Dual County,4:00 P.M.,,0
2026-09-22,131466,FINAL,Newton South,4280,6.0,1.0,Acton-Boxborough,4003,1.0,0.0,Dual County,Dual County,4:30 P.M.,,0
2026-09-22,131562,FINAL,Algonquin,4005,2.0,1.0,Leominster,4208,0.0,0.0,Mid-Wach,Mid-Wach,6:00 P.M.,,0
2026-09-22,131594,FINAL,Groton-Dunstable,4160,0.0,0.0,Nashoba,4267,3.0,1.0,Mid-Wach,Mid-Wach,4:00 P.M.,,0
2026-09-22,131666,FINAL,Amherst-Pelham,4008,2.0,0.0,Pittsfield,4314,4.0,1.0,Churchill,Churchill,4:15 P.M.,,0
2026-09-22,131676,UPCOMING,Andover,4009,,,Methuen,4246,,,Merrimack Valley,Merrimack Valley,7:00 P.M.,,0
2026-09-22,131783,FINAL,Middleborough,4247,3.0,1.0,Carver,4077,2.0,0.0,South Shore,South Shore,4:00 P.M.,,0
2026-09-22,131806,FINAL,Boston Latin,4049,0.0,0.0,Concord-Carlisle,4097,4.0,1.0,Dual County,Dual County,4:00 P.M.,,0
2026-09-22,131826,FINAL,Ipswich,4190,0.0,0.0,Newburyport,4276,5.0,1.0,Cape Ann,Cape Ann,4:00 P.M.,,0
2026-09-22,131988,FINAL,Braintree,4051,1.0,1.0,Dover-Sherborn,4118,0.0,0.0,Bay State,Tri-Valley,4:00 P.M.,,0
2026-09-22,132039,FINAL,Durfee,4122,0.0,0.0,Bridgewater-Raynham,4053,2.0,1.0,Big Three,Pioneer,6:00 P.M.,,0
2026-09-22,132161,FINAL,Georgetown,4148,1.0,0.0,Essex Tech,4745,4.0,1.0,Cape Ann,Cape Ann,4:00 P.M.,,0
2026-09-22,132300,FINAL,Weston,4423,1.0,0.0,Waltham,4405,2.0,1.0,Dual County,Dual County,4:00 P.M.,,0
2026-09-22,132359,FINAL,Chelmsford,4085,0.0,0.0,Dracut,4119,2.0,1.0,Merrimack Valley,Merrimack Valley,5:30 P.M.,,0
2026-09-22,132399,FINAL,Tewksbury,4389,1.0,0.0,North Andover,4283,4.0,1.0,Merrimack Valley,Merrimack Valley,4:00 P.M.,,0
2026-09-22,132411,FINAL,Lynn Tech,4222,0.0,2.0,Shawsheen,4346,0.0,2.0,Commonwealth,Commonwealth,7:30 P.M.,,0
2026-09-22,132436,FINAL,Malden,4227,3.0,1.0,Medford,4242,2.0,0.0,Greater Boston,Greater Boston,4:15 P.M.,,0
2026-09-22,132628,FINAL,Scituate,4343,0.0,2.0,Plymouth North,4315,0.0,2.0,Patriot,Patriot,4:00 P.M.,,0
2026-09-22,132855,FINAL,Oakmont,4299,0.0,0.0,Marlborough,4233,2.0,1.0,Mid-Wach,Mid-Wach,7:00 P.M.,,0
2026-09-22,132918,FINAL,Greater Lawrence,4154,0.0,0.0,Northeast,4293,3.0,1.0,Commonwealth,Commonwealth,5:00 P.M.,,0
2026-09-22,133042,FINAL,Dennis-Yarmouth,4111,1.0,2.0,Falmouth,4134,1.0,2.0,Cape & Islands,Cape & Islands,4:00 P.M.,,0
2026-09-22,133140,FINAL,East Bridgewater,4126,2.0,1.0,Mashpee,4237,0.0,0.0,South Shore,South Shore,4:00 P.M.,,0
2026-09-22,133181,UPCOMING,Gardner,4147,,,Quabbin,4325,,,Mid-Wach,Mid-Wach,5:00 P.M.,,0
2026-09-22,133225,UPCOMING,Amesbury,4007,,,Triton,4395,,,Cape Ann,Cape Ann,4:00 P.M.,,0
2026-09-22,133267,FINAL,Nipmuc,4281,1.0,0.0,Northbridge,4292,2.0,1.0,CMAC,CMAC,4:00 P.M.,,0
2026-09-22,133453,FINAL,Rockport,4490,1.0,0.0,Pentucket,4309,4.0,1.0,Cape Ann,Cape Ann,4:00 P.M.,,0
2026-09-22,133507,FINAL,Hamilton-Wenham,4163,4.0,1.0,Lynnfield,4223,1.0,0.0,Cape Ann,Cape Ann,4:00 P.M.,,0
2026-09-22,133554,UPCOMING,Taconic,4385,,,Mt. Greylock,4262,,,Bi-County,Churchill,4:00 P.M.,,0
2026-09-22,133611,FINAL,Abington,4002,1.0,0.0,Norwell,4296,2.0,1.0,South Shore,South Shore,4:00 P.M.,,0
2026-09-22,133649,FINAL,Hudson,4182,2.0,0.0,Maynard,4239,4.0,1.0,Mid-Wach,Mid-Wach,4:00 P.M.,,0
2026-09-22,133656,FINAL,Manchester Essex,4229,0.0,0.0,North Reading,4288,2.0,1.0,Cape Ann,Cape Ann,4:30 P.M.,,0
2026-09-22,138155,FINAL,Lunenburg,4219,2.0,2.0,Bromfield,4505,2.0,2.0,Mid-Wach,Mid-Wach,5:30 P.M.,,0
2026-09-22,138648,FINAL,Randolph,4327,0.0,0.0,Cohasset,4094,6.0,1.0,South Shore,South Shore,4:30 P.M.,,0
2026-09-22,138795,FINAL,Wahconah,4401,2.0,1.0,Easthampton,4130,1.0,0.0,Moriarty,Moriarty,4:00 P.M.,,0
2026-09-22,139301,FINAL,St. John Paul II,4689,5.0,1.0,Falmouth Academy,4135,0.0,0.0,Cape & Islands,Cape & Islands,4:00 P.M.,,0
2026-09-22,151465,FINAL,Westport,4461,5.0,1.0,Holbrook,4172,0.0,0.0,Mayflower,Mayflower,3:30 P.M.,,0
2026-09-22,151468,FINAL,Pioneer Valley Christian,4535,5.0,1.0,Renaissance,4664,2.0,0.0,Bi-County,Schmid,4:00 P.M.,,0
2026-09-22,151469,FINAL,Hopkins,4531,2.0,1.0,Pioneer Valley,4536,1.0,0.0,Schmid,Schmid,4:00 P.M.,,0
2026-09-22,151470,FINAL,New Heights Charter,5088,1.0,2.0,Brooke Charter,5071,1.0,2.0,Charter School Athletic,Charter School Athletic,4:00 P.M.,,0
2026-09-22,151473,FINAL,Tri-County,4392,0.0,0.0,Upper Cape,4457,5.0,1.0,Mayflower,Mayflower,3:45 P.M.,,0
2026-09-22,151481,FINAL,Sandwich,4340,0.0,0.0,Nauset,4271,3.0,1.0,Cape & Islands,Cape & Islands,4:30 P.M.,,0
2026-09-22,151482,FINAL,Avon,4460,0.0,0.0,Wareham,4407,6.0,1.0,Mayflower,Mayflower,3:45 P.M.,,0
2026-09-22,151488,FINAL,Mahar,4226,0.0,0.0,Granby,4520,4.0,1.0,Moriarty,Schmid,4:00 P.M.,,0
2026-09-22,151493,FINAL,Salem,4336,3.0,1.0,Whittier,4428,0.0,0.0,Northeastern,Commonwealth,5:00 P.M.,,0
2026-09-22,151496,FINAL,Charlestown,4084,0.0,0.0,New Mission/English High,4494,8.0,1.0,Boston City,Boston City,4:00 P.M.,,0
2026-09-22,151499,FINAL,Madison Park,4225,5.0,1.0,Boston Collegiate,4592,1.0,0.0,Boston City,Charter School Athletic,4:00 P.M.,,0
2026-09-22,151502,FINAL,Fenway,4492,1.0,0.0,O’Bryant,4298,2.0,1.0,Boston City,Boston City,4:00 P.M.,,0
2026-09-22,151542,FINAL,Old Colony,4300,1.0,0.0,Cape Cod Tech,4073,3.0,1.0,Mayflower,Mayflower,3:30 P.M.,,0
2026-09-22,151543,FINAL,Smith Academy,4538,0.0,0.0,Monson,4429,3.0,1.0,Schmid,Holley,4:00 P.M.,,0
2026-09-22,151551,FINAL,Mt. Everett,4533,1.0,0.0,McCann Tech,4240,3.0,1.0,Moriarty,Bi-County,4:30 P.M.,,0
2026-09-22,151574,FINAL,Rockland,4331,1.0,1.0,Hull,4184,0.0,0.0,South Shore,South Shore,,,0
2026-09-22,151599,FINAL,Ware,4406,0.0,0.0,Pathfinder,4305,10.0,1.0,Tri-County,Tri-County,7:00 P.M.,,0
2026-09-22,151604,FINAL,Lowell Catholic,4217,3.0,0.0,Mystic Valley,4264,6.0,1.0,Commonwealth,Commonwealth,,,0
2026-09-22,151607,FINAL,Collegiate Charter,4986,1.0,0.0,Pioneer Charter I,4701,3.0,1.0,Charter School Athletic,Charter School Athletic,,,0
2026-09-23,129698,FINAL,Lexington,4209,7.0,1.0,Wilmington,4432,0.0,0.0,Middlesex,Middlesex,4:15 P.M.,,0
2026-09-23,130106,FINAL,Worcester South,4444,2.0,0.0,Doherty,4116,3.0,1.0,CMAC,CMAC,6:30 P.M.,,0
2026-09-23,130427,FINAL,Reading,4328,3.0,1.0,Stoneham,4380,1.0,0.0,Middlesex,Middlesex,4:15 P.M.,,0
2026-09-23,130608,FINAL,North Attleborough,4284,0.0,0.0,Oliver Ames,4302,1.0,1.0,Hockomock,Hockomock,7:00 P.M.,,0
2026-09-23,130623,FINAL,Worcester North,4443,4.0,1.0,Millbury,4250,2.0,0.0,CMAC,CMAC,3:30 P.M.,,0
2026-09-23,130685,UPCOMING,Chicopee,4088,,,Chicopee Comprehensive,4089,,,Holley,Holley,6:00 P.M.,,0
2026-09-23,130857,FINAL,Winthrop,4437,1.0,0.0,Masconomet,4236,2.0,1.0,Northeastern,Northeastern,4:30 P.M.,,0
2026-09-23,130915,UPCOMING,Amherst-Pelham,4008,,,Minnechaug,4254,,,Churchill,Churchill,5:00 P.M.,,0
2026-09-23,130943,UPCOMING,Renaissance,4664,,,Putnam,4362,,,Schmid,Bi-County,4:00 P.M.,,0
2026-09-23,130966,FINAL,Winchester,4434,5.0,1.0,Melrose,4244,0.0,0.0,Middlesex,Middlesex,4:15 P.M.,,0
2026-09-23,131001,UPCOMING,Somerset Berkley,4350,,,Bourne,4050,,,South Coast,South Coast,3:45 P.M.,,0
2026-09-23,131153,FINAL,Ashland,4015,4.0,1.0,Westwood,4424,1.0,0.0,Tri-Valley,Tri-Valley,6:30 P.M.,,0
2026-09-23,131230,FINAL,Norwood,4297,1.0,0.0,Hopkinton,4180,4.0,1.0,Tri-Valley,Tri-Valley,4:30 P.M.,,0
2026-09-23,131334,FINAL,South Hadley,4353,1.0,2.0,Westfield,4419,1.0,2.0,Moriarty,Churchill,4:00 P.M.,,0
2026-09-23,131388,FINAL,Arlington,4013,3.0,1.0,Burlington,4065,0.0,0.0,Middlesex,Middlesex,4:30 P.M.,,0
2026-09-23,131519,FINAL,Belmont,4034,1.0,2.0,Wakefield,4402,1.0,2.0,Middlesex,Middlesex,4:30 P.M.,,0
2026-09-23,131699,FINAL,Medfield,4241,1.0,0.0,Holliston,4174,2.0,1.0,Tri-Valley,Tri-Valley,4:30 P.M.,,0
2026-09-23,131860,FINAL,Saugus,4341,1.0,0.0,Danvers,4103,2.0,1.0,Northeastern,Northeastern,4:30 P.M.,,0
2026-09-23,131933,FINAL,St. Mary’s,4374,3.0,1.0,Archbishop Williams,4012,0.0,0.0,Catholic Central,Catholic Central,4:00 P.M.,,0
2026-09-23,131974,FINAL,Bishop Stang,4045,2.0,2.0,Bishop Fenwick,4043,2.0,2.0,Catholic Central,Catholic Central,3:30 P.M.,,0
2026-09-23,132120,FINAL,Greater New Bedford,4156,1.0,2.0,Seekonk,4344,1.0,2.0,South Coast,South Coast,6:00 P.M.,,0
2026-09-23,132267,UPCOMING,Salem,4336,,,Whittier,4428,,,Northeastern,Commonwealth,5:00 P.M.,,0
2026-09-23,132497,FINAL,Sutton,4512,3.0,1.0,Tantasqua,4387,1.0,0.0,CMAC,CMAC,4:00 P.M.,,0
2026-09-23,132522,UPCOMING,Latin Academy,4202,,,Boston International,4547,,,Boston City,Boston City,4:00 P.M.,,0
2026-09-23,132547,UPCOMING,Springfield Central,4360,,,Frontier,4146,,,Holley,Moriarty,4:00 P.M.,,0
2026-09-23,132595,FINAL,Beverly,4038,2.0,1.0,Gloucester,4150,1.0,0.0,Northeastern,Northeastern,4:00 P.M.,,0
2026-09-23,132597,FINAL,Burncoat,4066,2.0,2.0,Abby Kelley Foster,4503,2.0,2.0,CMAC,CMAC,3:30 P.M.,,0
2026-09-23,132645,FINAL,Swampscott,4383,2.0,1.0,Peabody,4306,1.0,0.0,Northeastern,Northeastern,4:30 P.M.,,0
2026-09-23,132711,FINAL,Woburn,4438,2.0,2.0,Watertown,4409,2.0,2.0,Middlesex,Middlesex,4:30 P.M.,,0
2026-09-23,132819,FINAL,Medway,4243,1.0,0.0,Dedham,4108,3.0,1.0,Tri-Valley,Tri-Valley,4:30 P.M.,,0
2026-09-23,132904,FINAL,Belchertown,4032,2.0,0.0,Ludlow,4218,3.0,1.0,Smith,Smith,6:30 P.M.,,0
2026-09-23,132948,FINAL,Auburn,4019,2.0,1.0,Advanced Math and Science,4595,1.0,0.0,CMAC,CMAC,5:15 P.M.,,0
2026-09-23,133020,FINAL,Arlington Catholic,4014,1.0,0.0,Cardinal Spellman,4075,4.0,1.0,Catholic Central,Catholic Central,4:00 P.M.,,0
2026-09-23,133113,FINAL,Groton-Dunstable,4160,0.0,0.0,Ayer Shirley,4022,2.0,1.0,Mid-Wach,Mid-Wach,4:00 P.M.,,0
2026-09-23,133126,FINAL,Apponequet,4011,1.0,1.0,Joseph Case,4078,0.0,0.0,South Coast,South Coast,3:45 P.M.,,0
2026-09-23,133199,FINAL,Bellingham,4033,3.0,1.0,Norton,4295,2.0,0.0,Tri-Valley,Tri-Valley,4:00 P.M.,,0
2026-09-23,133340,UPCOMING,Commerce,4361,,,Holyoke,4176,,,Bi-County,Holley,5:00 P.M.,,0
2026-09-23,133347,FINAL,Millis,4251,1.0,0.0,Dover-Sherborn,4118,4.0,1.0,Tri-Valley,Tri-Valley,4:00 P.M.,,0
2026-09-23,133523,UPCOMING,Dighton-Rehoboth,4114,,,Fairhaven,4133,,,South Coast,South Coast,3:45 P.M.,,0
2026-09-23,133598,FINAL,Old Rochester,4301,0.0,0.0,West Bridgewater,4415,5.0,1.0,South Coast,South Coast,3:45 P.M.,,0
2026-09-23,134760,FINAL,Hampden Charter East,4712,4.0,1.0,Athol,4017,1.0,0.0,Tri-County,Schmid,4:00 P.M.,,0
2026-09-23,136410,FINAL,Uxbridge,4398,1.0,1.0,Bay Path,4027,0.0,0.0,CMAC,CMAC,3:30 P.M.,,0
2026-09-23,136715,FINAL,Blackstone-Millville,4486,2.0,1.0,Quaboag,4510,0.0,0.0,CMAC,CMAC,4:00 P.M.,,0
2026-09-23,138693,FINAL,Keefe Tech,4191,4.0,1.0,Douglas,4506,1.0,0.0,CMAC,CMAC,4:00 P.M.,,0
2026-09-23,151690,FINAL,Northbridge,4292,5.0,1.0,Worcester Tech,4445,1.0,0.0,CMAC,Independent,,,0
2026-09-23,151722,FINAL,Hopedale,4507,3.0,1.0,Leicester,4207,0.0,0.0,CMAC,CMAC,,,0
2026-09-23,151770,FINAL,Sturgis West,4735,2.0,1.0,Old Colony,4300,0.0,0.0,Cape & Islands,Mayflower,,,0
2026-09-23,151772,FINAL,St. Bernard’s,4365,3.0,1.0,Parker Charter,4483,2.0,0.0,CMAC,CMAC,,,0
2026-09-23,151774,FINAL,Pathfinder,4305,3.0,1.0,Neighborhood House Charter,5035,0.0,0.0,Tri-County,Charter School Athletic,,,0
2026-09-23,151776,FINAL,Whitinsville Christian,4487,0.0,0.0,University Park,4514,1.0,1.0,CMAC,CMAC,,,0
2026-09-23,151778,FINAL,Smith Voc.,4539,6.0,1.0,Mohawk Trail,4258,0.0,0.0,Tri-County,Tri-County,,,0
2026-09-23,151780,FINAL,Brooke Charter,5071,2.0,0.0,Cathedral,4079,3.0,1.0,Charter School Athletic,Catholic Central,,,0
2026-09-23,151782,FINAL,Franklin County Tech,4145,5.0,1.0,Mt. Everett,4533,0.0,0.0,Tri-County,Moriarty,,,0
2026-09-23,151791,FINAL,Middlesex,4248,3.0,1.0,Dexter Southfield,4113,0.0,0.0,ISL,Independent,,,0
2026-09-23,152014,FINAL,St. Paul,4954,1.0,0.0,David Prouty,4106,2.0,1.0,CMAC,CMAC,,,0
2026-09-24,129606,FINAL,Southeastern,4358,7.0,1.0,Tri-County,4392,1.0,0.0,Mayflower,Mayflower,3:30 P.M.,,0
2026-09-24,129763,UPCOMING,Diman,4115,,,Upper Cape,4457,,,Mayflower,Mayflower,3:30 P.M.,,0
2026-09-24,129804,FINAL,Bristol-Plymouth,4057,3.0,2.0,Blue Hills,4047,3.0,2.0,Mayflower,Mayflower,4:00 P.M.,,0
2026-09-24,129935,FINAL,Billerica,4040,3.0,1.0,Methuen,4246,0.0,0.0,Merrimack Valley,Merrimack Valley,6:00 P.M.,,0
2026-09-24,129999,FINAL,Marshfield,4234,8.0,1.0,Whitman-Hanson,4427,0.0,0.0,Patriot,Patriot,4:00 P.M.,,0
2026-09-24,130041,FINAL,Framingham,4143,2.0,1.0,Brookline,4059,1.0,0.0,Bay State,Bay State,4:00 P.M.,,0
2026-09-24,130130,UPCOMING,Dracut,4119,,,Lowell,4216,,,Merrimack Valley,Merrimack Valley,6:30 P.M.,,0
2026-09-24,130238,FINAL,Barnstable,4024,3.0,1.0,Dartmouth,4105,2.0,0.0,Pioneer,Pioneer,4:00 P.M.,,0
2026-09-24,130283,FINAL,Newton North,4279,3.0,1.0,Braintree,4051,0.0,0.0,Bay State,Bay State,4:00 P.M.,,0
2026-09-24,130292,FINAL,Lynn Classical,4220,2.0,1.0,Lynn English,4221,0.0,0.0,Greater Boston,Greater Boston,4:00 P.M.,,0
2026-09-24,130460,FINAL,Plymouth North,4315,2.0,2.0,Hingham,4171,2.0,2.0,Patriot,Patriot,4:00 P.M.,,0
2026-09-24,130494,UPCOMING,Chelmsford,4085,,,Lawrence,4203,,,Merrimack Valley,Merrimack Valley,5:30 P.M.,,0
2026-09-24,130568,FINAL,Milton,4252,1.0,2.0,Needham,4272,1.0,2.0,Bay State,Bay State,4:00 P.M.,,0
2026-09-24,130736,FINAL,West Springfield,4417,1.0,0.0,Pope Francis,4796,2.0,1.0,Smith,Smith,7:00 P.M.,,0
2026-09-24,130773,FINAL,Agawam,4004,3.0,1.0,Monument Mtn.,4260,1.0,0.0,Churchill,Churchill,4:00 P.M.,,0
2026-09-24,130805,FINAL,Silver Lake,4349,1.0,0.0,Duxbury,4123,2.0,1.0,Patriot,Patriot,4:00 P.M.,,0
2026-09-24,130835,FINAL,Pembroke,4308,5.0,1.0,Plymouth South,4316,0.0,0.0,Patriot,Patriot,4:00 P.M.,,0
2026-09-24,131021,FINAL,Walpole,4404,0.0,0.0,Weymouth,4425,1.0,1.0,Bay State,Bay State,4:00 P.M.,,0
2026-09-24,131063,FINAL,Canton,4071,2.0,1.0,Attleboro,4018,1.0,0.0,Hockomock,Hockomock,7:00 P.M.,,0
2026-09-24,131081,FINAL,East Longmeadow,4127,1.0,1.0,Longmeadow,4214,0.0,0.0,Smith,Smith,7:00 P.M.,,0
2026-09-24,131107,FINAL,Wachusett,4400,5.0,1.0,Shepherd Hill,4347,2.0,0.0,Mid-Wach,Mid-Wach,6:00 P.M.,,0
2026-09-24,131135,FINAL,Pittsfield,4314,1.0,0.0,Northampton,4291,3.0,1.0,Churchill,Churchill,4:00 P.M.,,0
2026-09-24,131270,FINAL,Malden,4227,1.0,1.0,Chelsea,4086,0.0,0.0,Greater Boston,Greater Boston,4:15 P.M.,,0
2026-09-24,131563,UPCOMING,St. John’s Prep,4369,,,Leominster,4208,,,Catholic Conference,Mid-Wach,4:00 P.M.,,0
2026-09-24,131829,FINAL,Newburyport,4276,2.0,1.0,Essex Tech,4745,0.0,0.0,Cape Ann,Cape Ann,4:00 P.M.,,0
2026-09-24,131851,UPCOMING,Boston Latin,4049,,,Catholic Memorial,4080,,,Dual County,Catholic Conference,6:00 P.M.,,0
2026-09-24,131927,FINAL,Natick,4270,6.0,1.0,Wellesley,4413,3.0,0.0,Bay State,Bay State,6:00 P.M.,,0
2026-09-24,132002,FINAL,Haverhill,4167,1.0,2.0,North Andover,4283,1.0,2.0,Merrimack Valley,Merrimack Valley,6:00 P.M.,,0
2026-09-24,132024,FINAL,New Bedford,4273,0.0,2.0,Durfee,4122,0.0,2.0,Big Three,Big Three,6:00 P.M.,,0
2026-09-24,132063,UPCOMING,Greater Lowell,4155,,,KIPP,4703,,,Commonwealth,Commonwealth,4:00 P.M.,,0
2026-09-24,132273,FINAL,Whittier,4428,2.0,1.0,Lowell Catholic,4217,1.0,0.0,Commonwealth,Commonwealth,5:00 P.M.,,0
2026-09-24,132305,FINAL,Somerville,4351,2.0,0.0,Waltham,4405,3.0,1.0,Greater Boston,Dual County,4:15 P.M.,,0
2026-09-24,132386,FINAL,Bridgewater-Raynham,4053,0.0,0.0,Dighton-Rehoboth,4114,1.0,1.0,Pioneer,South Coast,4:00 P.M.,,0
2026-09-24,132413,FINAL,Shawsheen,4346,3.0,1.0,Greater Lawrence,4154,2.0,0.0,Commonwealth,Commonwealth,4:00 P.M.,,0
2026-09-24,132471,FINAL,Blackstone Valley,4046,4.0,1.0,Marlborough,4233,1.0,0.0,CMAC,Mid-Wach,4:00 P.M.,,0
2026-09-24,132572,FINAL,Tewksbury,4389,2.0,2.0,Central Catholic,4081,2.0,2.0,Merrimack Valley,Merrimack Valley,4:00 P.M.,,0
2026-09-24,132635,FINAL,Fitchburg,4139,2.0,1.0,Lunenburg,4219,0.0,0.0,Mid-Wach,Mid-Wach,7:00 P.M.,,0
2026-09-24,132663,FINAL,Scituate,4343,1.0,1.0,Hanover,4164,0.0,0.0,Patriot,Patriot,4:00 P.M.,,0
2026-09-24,132741,POSTPONED,Martha’s Vineyard,4235,,,Nauset,4271,,,Cape & Islands,Cape & Islands,3:15 P.M.,,0
2026-09-24,132889,FINAL,Bishop Fenwick,4043,1.0,0.0,Malden Catholic,4228,2.0,1.0,Catholic Central,Catholic Conference,4:00 P.M.,,0
2026-09-24,133045,FINAL,Mashpee,4237,0.0,0.0,Falmouth,4134,2.0,1.0,South Shore,Cape & Islands,4:00 P.M.,,0
2026-09-24,133087,FINAL,Brighton,4055,1.0,2.0,East Boston,4125,1.0,2.0,Boston City,Boston City,3:45 P.M.,,0
2026-09-24,133182,FINAL,Quabbin,4325,0.0,0.0,Clinton,4093,4.0,1.0,Mid-Wach,Mid-Wach,4:00 P.M.,,0
2026-09-24,133228,FINAL,Triton,4395,0.0,0.0,Pentucket,4309,7.0,1.0,Cape Ann,Cape Ann,4:00 P.M.,,0
2026-09-24,133308,FINAL,Dennis-Yarmouth,4111,2.0,2.0,St. John Paul II,4689,2.0,2.0,Cape & Islands,Cape & Islands,4:00 P.M.,,0
2026-09-24,133509,FINAL,Lynnfield,4223,1.0,0.0,North Reading,4288,2.0,1.0,Cape Ann,Cape Ann,6:00 P.M.,,0
2026-09-24,133557,FINAL,Wahconah,4401,1.0,1.0,Taconic,4385,0.0,0.0,Moriarty,Bi-County,4:00 P.M.,,0
2026-09-24,133600,FINAL,Westport,4461,2.0,2.0,Old Rochester,4301,2.0,2.0,Mayflower,South Coast,3:30 P.M.,,0
2026-09-24,133651,FINAL,Minuteman,4255,1.0,0.0,Hudson,4182,3.0,1.0,Commonwealth,Mid-Wach,4:30 P.M.,,0
2026-09-24,134320,FINAL,Abington,4002,5.0,1.0,O’Bryant,4298,0.0,0.0,South Shore,Boston City,4:00 P.M.,,0
2026-09-24,134467,FINAL,Amesbury,4007,1.0,2.0,Rockport,4490,1.0,2.0,Cape Ann,Cape Ann,6:00 P.M.,,0
2026-09-24,138174,FINAL,Bromfield,4505,3.0,1.0,Littleton,4212,0.0,0.0,Mid-Wach,Mid-Wach,4:00 P.M.,,0
2026-09-24,138949,FINAL,Excel Academy,4969,0.0,2.0,Collegiate Charter,4986,0.0,2.0,Charter School Athletic,Charter School Athletic,5:15 P.M.,,0
2026-09-24,139587,UPCOMING,Trivium,4686,,,Gardner,4147,,,Worcester County,Mid-Wach,3:30 P.M.,,0
2026-09-24,150065,FINAL,Manchester Essex,4229,4.0,1.0,Georgetown,4148,0.0,0.0,Cape Ann,Cape Ann,4:00 P.M.,,0
2026-09-24,151816,FINAL,Hamilton-Wenham,4163,3.0,1.0,Ipswich,4190,0.0,0.0,Cape Ann,Cape Ann,4:00 P.M.,,0
2026-09-24,151902,FINAL,New Mission/English High,4494,5.0,1.0,Fenway,4492,0.0,0.0,Boston City,Boston City,4:00 P.M.,,0
2026-09-24,151915,FINAL,Pioneer Charter I,4701,0.0,0.0,Mystic Valley,4264,2.0,1.0,Charter School Athletic,Commonwealth,7:00 P.M.,,0
2026-09-24,151916,FINAL,Lynn Tech,4222,0.0,0.0,Northeast,4293,2.0,1.0,Commonwealth,Commonwealth,7:30 P.M.,,0
2026-09-25,129619,FINAL,Cohasset,4094,1.0,0.0,Brockton,4058,3.0,1.0,South Shore,Big Three,6:00 P.M.,,0
2026-09-25,129680,UPCOMING,Revere,4329,,,Watertown,4409,,,Greater Boston,Middlesex,4:15 P.M.,,0
2026-09-25,129765,POSTPONED,Diman,4115,,,West Bridgewater,4415,,,Mayflower,South Coast,3:30 P.M.,,0
2026-09-25,130038,FINAL,Foxborough,4142,0.0,0.0,Sharon,4345,2.0,1.0,Hockomock,Hockomock,3:30 P.M.,,0
2026-09-25,130184,FINAL,King Philip,4197,1.0,1.0,Milford,4249,0.0,0.0,Hockomock,Hockomock,3:45 P.M.,,0
2026-09-25,130239,UPCOMING,Barnstable,4024,,,Barrington (R.I.),4025,,,Pioneer,Independent,5:00 P.M.,,0
2026-09-25,130381,FINAL,Sutton,4512,0.0,2.0,Doherty,4116,0.0,2.0,CMAC,CMAC,4:00 P.M.,,0
2026-09-25,130495,UPCOMING,Lowell Catholic,4217,,,Lawrence,4203,,,Commonwealth,Merrimack Valley,5:00 P.M.,,0
2026-09-25,130609,FINAL,Oliver Ames,4302,3.0,1.0,Franklin,4144,1.0,0.0,Hockomock,Hockomock,3:45 P.M.,,0
2026-09-25,130626,FINAL,Worcester North,4443,1.0,2.0,Shepherd Hill,4347,1.0,2.0,CMAC,Mid-Wach,3:30 P.M.,,0
2026-09-25,130686,FINAL,Wahconah,4401,4.0,1.0,Chicopee Comprehensive,4089,0.0,0.0,Moriarty,Holley,7:00 P.M.,,0
2026-09-25,130711,FINAL,Mansfield,4230,0.0,2.0,Stoughton,4381,0.0,2.0,Hockomock,Hockomock,5:30 P.M.,,0
2026-09-25,130775,FINAL,Agawam,4004,2.0,1.0,Frontier,4146,0.0,0.0,Churchill,Moriarty,4:00 P.M.,,0
2026-09-25,130859,FINAL,Manchester Essex,4229,1.0,2.0,Masconomet,4236,1.0,2.0,Cape Ann,Northeastern,4:00 P.M.,,0
2026-09-25,130946,FINAL,Hampden Charter East,4712,4.0,1.0,Putnam,4362,0.0,0.0,Tri-County,Bi-County,4:00 P.M.,,0
2026-09-25,131156,FINAL,Westwood,4424,0.0,0.0,Holliston,4174,2.0,1.0,Tri-Valley,Tri-Valley,4:30 P.M.,,0
2026-09-25,131197,FINAL,Tantasqua,4387,1.0,0.0,Grafton,4153,2.0,1.0,CMAC,Mid-Wach,4:00 P.M.,,0
2026-09-25,131233,FINAL,Ashland,4015,4.0,1.0,Norwood,4297,0.0,0.0,Tri-Valley,Tri-Valley,5:00 P.M.,,0
2026-09-25,131272,FINAL,Boston International,4547,2.0,1.0,Chelsea,4086,1.0,0.0,Boston City,Greater Boston,4:00 P.M.,,0
2026-09-25,131309,FINAL,Beverly,4038,1.0,1.0,Marblehead,4231,0.0,0.0,Northeastern,Northeastern,6:00 P.M.,,0
2026-09-25,131597,FINAL,Nashoba,4267,3.0,1.0,Algonquin,4005,1.0,0.0,Mid-Wach,Mid-Wach,5:00 P.M.,,0
2026-09-25,131765,FINAL,Everett,4132,2.0,0.0,Arlington,4013,4.0,1.0,Greater Boston,Middlesex,4:15 P.M.,,0
2026-09-25,131785,UPCOMING,Joseph Case,4078,,,Middleborough,4247,,,South Coast,South Shore,4:00 P.M.,,0
2026-09-25,131938,UPCOMING,Monomoy,4706,,,Archbishop Williams,4012,,,Cape & Islands,Catholic Central,6:00 P.M.,,0
2026-09-25,132090,FINAL,Bishop Feehan,4042,4.0,1.0,Xaverian,4446,2.0,0.0,Catholic Central,Catholic Conference,7:00 P.M.,,0
2026-09-25,132180,FINAL,Belmont,4034,3.0,1.0,Weston,4423,0.0,0.0,Middlesex,Dual County,11:00 A.M.,,0
2026-09-25,132216,FINAL,Quaboag,4510,0.0,0.0,Monty Tech,4259,2.0,1.0,CMAC,CMAC,4:00 P.M.,,0
2026-09-25,132276,FINAL,Whittier,4428,0.0,0.0,Pentucket,4309,3.0,1.0,Commonwealth,Cape Ann,4:00 P.M.,,0
2026-09-25,132599,FINAL,Burncoat,4066,0.0,2.0,Oxford,4303,0.0,2.0,CMAC,CMAC,3:30 P.M.,,0
2026-09-25,132822,FINAL,Norton,4295,0.0,0.0,Dedham,4108,3.0,1.0,Tri-Valley,Tri-Valley,6:00 P.M.,,0
2026-09-25,132905,FINAL,Chicopee,4088,1.0,0.0,Ludlow,4218,2.0,1.0,Holley,Smith,6:00 P.M.,,0
2026-09-25,132949,FINAL,Nipmuc,4281,3.0,1.0,Auburn,4019,1.0,0.0,CMAC,CMAC,4:00 P.M.,,0
2026-09-25,133061,FINAL,Arlington Catholic,4014,0.0,0.0,Salem,4336,4.0,1.0,Catholic Central,Northeastern,4:00 P.M.,,0
2026-09-25,133342,UPCOMING,Springfield Sci-Tech,4363,,,Commerce,4361,,,Independent,Bi-County,4:00 P.M.,,0
2026-09-25,133350,FINAL,Dover-Sherborn,4118,3.0,1.0,Medway,4243,0.0,0.0,Tri-Valley,Tri-Valley,4:00 P.M.,,0
2026-09-25,133499,FINAL,Bromfield,4505,3.0,1.0,Oakmont,4299,0.0,0.0,Mid-Wach,Mid-Wach,4:00 P.M.,,0
2026-09-25,133549,FINAL,Bellingham,4033,2.0,1.0,Millis,4251,1.0,0.0,Tri-Valley,Tri-Valley,4:00 P.M.,,0
2026-09-25,133562,FINAL,Belchertown,4032,2.0,1.0,South Hadley,4353,1.0,0.0,Smith,Moriarty,4:00 P.M.,,0
2026-09-25,133654,FINAL,Clinton,4093,8.0,1.0,Hudson,4182,2.0,0.0,Mid-Wach,Mid-Wach,3:30 P.M.,,0
2026-09-25,134427,FINAL,Advanced Math and Science,4595,2.0,1.0,Douglas,4506,1.0,0.0,CMAC,CMAC,3:30 P.M.,,0
2026-09-25,134800,UPCOMING,Ayer Shirley,4022,,,Tahanto,4513,,,Mid-Wach,Mid-Wach,3:45 P.M.,,0
2026-09-25,137836,FINAL,Randolph,4327,1.0,1.0,Blue Hills,4047,0.0,0.0,South Shore,Mayflower,4:00 P.M.,,0
2026-09-25,138799,UPCOMING,Hampshire,4518,,,Easthampton,4130,,,Holley,Moriarty,5:00 P.M.,,0
2026-09-25,151936,FINAL,West Boylston,4414,0.0,0.0,Bay Path,4027,4.0,1.0,Mid-Wach,CMAC,,,0
2026-09-25,151946,FINAL,Monson,4429,3.0,1.0,Granby,4520,1.0,0.0,Holley,Schmid,,,0
2026-09-25,151958,FINAL,Northbridge,4292,2.0,1.0,University Park,4514,0.0,0.0,CMAC,CMAC,,,0
2026-09-25,151977,FINAL,Dexter Southfield,4113,4.0,1.0,Austin Prep,4020,2.0,0.0,Independent,Independent,,,0
2026-09-25,151980,FINAL,Middlesex,4248,3.0,1.0,St. Mark’s,4372,0.0,0.0,ISL,ISL,,,0
2026-09-25,151987,FINAL,Governor’s Academy,4152,0.0,0.0,Thayer,4390,6.0,1.0,ISL,ISL,,,0
2026-09-25,151995,FINAL,Nobles,4282,2.0,2.0,St. Sebastian’s,4378,2.0,2.0,ISL,ISL,,,0
2026-09-26,129957,POSTPONED,Needham,4272,,,St. John’s Prep,4369,,,Bay State,Catholic Conference,10:00 A.M.,,0
2026-09-26,130401,POSTPONED,Newton South,4280,,,Cambridge,4067,,,Dual County,Dual County,4:15 P.M.,,0
2026-09-26,130429,POSTPONED,Arlington,4013,,,Reading,4328,,,Middlesex,Middlesex,12:15 P.M.,,0
2026-09-26,130521,UPCOMING,Shrewsbury,4348,,,St. John’s (Shrewsbury),4368,,,Mid-Wach,Catholic Conference,12:00 P.M.,,0
2026-09-26,130658,POSTPONED,North Attleborough,4284,,,Taunton,4388,,,Hockomock,Hockomock,10:00 A.M.,,0
2026-09-26,130890,UPCOMING,Walpole,4404,,,Whitman-Hanson,4427,,,Bay State,Patriot,11:00 A.M.,,0
2026-09-26,130913,FINAL,Monument Mtn.,4260,2.0,1.0,Minnechaug,4254,1.0,0.0,Churchill,Churchill,12:00 P.M.,,0
2026-09-26,131312,UPCOMING,Marblehead,4231,,,Central Catholic,4081,,,Northeastern,Merrimack Valley,6:30 P.M.,,0
2026-09-26,131389,POSTPONED,Burlington,4065,,,Wakefield,4402,,,Middlesex,Middlesex,10:00 A.M.,,0
2026-09-26,131598,UPCOMING,Westborough,4418,,,Nashoba,4267,,,Mid-Wach,Mid-Wach,11:00 A.M.,,0
2026-09-26,131632,UPCOMING,Westford,4421,,,Wayland,4411,,,Dual County,Dual County,7:00 P.M.,,0
2026-09-26,131682,UPCOMING,Andover,4009,,,Amesbury,4007,,,Merrimack Valley,Cape Ann,1:00 P.M.,,0
2026-09-26,131734,UPCOMING,Stoneham,4380,,,Methuen,4246,,,Middlesex,Merrimack Valley,10:00 A.M.,,0
2026-09-26,131992,POSTPONED,Braintree,4051,,,Norwell,4296,,,Bay State,South Shore,11:00 A.M.,,0
2026-09-26,132238,UPCOMING,Lincoln-Sudbury,4211,,,Concord-Carlisle,4097,,,Dual County,Dual County,7:00 P.M.,,0
2026-09-26,132390,POSTPONED,Apponequet,4011,,,Bridgewater-Raynham,4053,,,South Coast,Pioneer,11:00 A.M.,,0
2026-09-26,132449,POSTPONED,Medfield,4241,,,Hopkinton,4180,,,Tri-Valley,Tri-Valley,6:00 P.M.,,0
2026-09-26,132552,UPCOMING,Maynard,4239,,,Assabet,4016,,,Mid-Wach,CMAC,10:00 A.M.,,0
2026-09-26,132732,UPCOMING,Dearborn STEM,5016,,,Somerville,4351,,,Boston City,Greater Boston,12:00 P.M.,,0
2026-09-26,132797,UPCOMING,Medford,4242,,,Pioneer Charter I,4701,,,Greater Boston,Charter School Athletic,6:00 P.M.,,0
2026-09-26,132872,POSTPONED,O’Bryant,4298,,,Catholic Memorial,4080,,,Boston City,Catholic Conference,10:00 A.M.,,0
2026-09-26,133072,POSTPONED,Falmouth,4134,,,Old Rochester,4301,,,Cape & Islands,South Coast,12:00 P.M.,,0
2026-09-26,133114,UPCOMING,Groton,4544,,,Billerica,4040,,,ISL,Merrimack Valley,4:00 P.M.,,0
2026-09-26,133309,UPCOMING,Dennis-Yarmouth,4111,,,St. John Paul II,4689,,,Cape & Islands,Cape & Islands,10:00 A.M.,,0
2026-09-26,133416,UPCOMING,Pittsfield,4314,,,Mt. Greylock,4262,,,Churchill,Churchill,6:00 P.M.,,0
2026-09-26,133608,FINAL,Mount Anthony (Vt.),4728,1.0,0.0,Taconic,4385,2.0,1.0,Independent,Bi-County,11:00 A.M.,,0
2026-09-26,133626,UPCOMING,Cape Cod Tech,4073,,,Martha’s Vineyard,4235,,,Mayflower,Cape & Islands,11:00 A.M.,,0
2026-09-26,133679,POSTPONED,Wilmington,4432,,,Pioneer Valley Chinese Immersion,4955,,,Middlesex,Tri-County,1:00 P.M.,,0
2026-09-26,134763,FINAL,Athol,4017,3.0,1.0,Pioneer Valley,4536,1.0,0.0,Schmid,Schmid,10:00 A.M.,,0
2026-09-26,152010,FINAL,Loomis Chaffee (Conn.),4215,1.0,1.0,Phillips Andover,4310,0.0,0.0,Independent,Independent,,,0
2026-09-28,129809,FINAL,Blue Hills,4047,3.0,2.0,Bristol-Plymouth,4057,3.0,2.0,Mayflower,Mayflower,3:30 P.M.,,0
2026-09-28,130044,UPCOMING,Sharon,4345,,,Taunton,4388,,,Hockomock,Hockomock,6:30 P.M.,,0
2026-09-28,130111,FINAL,Tantasqua,4387,3.0,0.0,Worcester South,4444,4.0,1.0,CMAC,CMAC,4:00 P.M.,,0
2026-09-28,130191,FINAL,Oliver Ames,4302,5.0,1.0,King Philip,4197,0.0,0.0,Hockomock,Hockomock,5:00 P.M.,,0
2026-09-28,130553,FINAL,Milford,4249,5.0,1.0,Stoughton,4381,2.0,0.0,Hockomock,Hockomock,4:00 P.M.,,0
2026-09-28,130629,FINAL,Worcester North,4443,4.0,1.0,Leicester,4207,1.0,0.0,CMAC,CMAC,5:15 P.M.,,0
2026-09-28,130661,UPCOMING,Canton,4071,,,North Attleborough,4284,,,Hockomock,Hockomock,3:45 P.M.,,0
2026-09-28,130687,FINAL,Chicopee Comprehensive,4089,0.0,0.0,South Hadley,4353,4.0,1.0,Holley,Moriarty,7:00 P.M.,,0
2026-09-28,130712,FINAL,Foxborough,4142,1.0,2.0,Mansfield,4230,1.0,2.0,Hockomock,Hockomock,3:30 P.M.,,0
2026-09-28,130738,FINAL,West Springfield,4417,3.0,1.0,Amherst-Pelham,4008,1.0,0.0,Smith,Churchill,7:00 P.M.,,0
2026-09-28,131003,FINAL,Somerset Berkley,4350,0.0,0.0,Greater New Bedford,4156,5.0,1.0,South Coast,South Coast,3:45 P.M.,,0
2026-09-28,131159,FINAL,Dover-Sherborn,4118,1.0,1.0,Westwood,4424,0.0,0.0,Tri-Valley,Tri-Valley,4:00 P.M.,,0
2026-09-28,131238,FINAL,Norton,4295,8.0,1.0,Norwood,4297,1.0,0.0,Tri-Valley,Tri-Valley,6:30 P.M.,,0
2026-09-28,131313,FINAL,Marblehead,4231,5.0,1.0,Salem,4336,0.0,0.0,Northeastern,Northeastern,4:00 P.M.,,0
2026-09-28,131337,FINAL,Springfield Central,4360,2.0,1.0,Westfield,4419,0.0,0.0,Holley,Churchill,5:15 P.M.,,0
2026-09-28,131434,FINAL,Acton-Boxborough,4003,1.0,1.0,Bedford,4031,0.0,0.0,Dual County,Dual County,4:00 P.M.,,0
2026-09-28,131456,FINAL,Attleboro,4018,0.0,0.0,Franklin,4144,2.0,1.0,Hockomock,Hockomock,3:45 P.M.,,0
2026-09-28,131490,FINAL,Dedham,4108,1.0,2.0,Ashland,4015,1.0,2.0,Tri-Valley,Tri-Valley,4:30 P.M.,,0
2026-09-28,131702,FINAL,Medway,4243,0.0,0.0,Holliston,4174,5.0,1.0,Tri-Valley,Tri-Valley,4:00 P.M.,,0
2026-09-28,131866,FINAL,Danvers,4103,0.0,0.0,Peabody,4306,3.0,1.0,Northeastern,Northeastern,6:00 P.M.,,0
2026-09-28,131940,FINAL,Bishop Fenwick,4043,1.0,0.0,Archbishop Williams,4012,5.0,1.0,Catholic Central,Catholic Central,4:00 P.M.,,0
2026-09-28,131978,FINAL,Arlington Catholic,4014,1.0,0.0,Bishop Stang,4045,4.0,1.0,Catholic Central,Catholic Central,4:00 P.M.,,0
2026-09-28,132005,UPCOMING,Haverhill,4167,,,Shawsheen,4346,,,Merrimack Valley,Commonwealth,4:00 P.M.,,0
2026-09-28,132065,SUSPENDED,KIPP,4703,,,Greater Lowell,4155,,,Commonwealth,Commonwealth,4:00 P.M.,,0
2026-09-28,132219,SUSPENDED,Abby Kelley Foster,4503,,,Monty Tech,4259,,,CMAC,CMAC,3:30 P.M.,,0
2026-09-28,132270,FINAL,Westford,4421,1.0,0.0,North Andover,4283,6.0,1.0,Dual County,Merrimack Valley,4:30 P.M.,,0
2026-09-28,132743,FINAL,Nauset,4271,0.0,2.0,Monomoy,4706,0.0,2.0,Cape & Islands,Cape & Islands,4:00 P.M.,,0
2026-09-28,132840,FINAL,Bellingham,4033,1.0,0.0,Medfield,4241,7.0,1.0,Tri-Valley,Tri-Valley,6:00 P.M.,,0
2026-09-28,132951,POSTPONED,Keefe Tech,4191,,,Auburn,4019,,,CMAC,CMAC,4:00 P.M.,,0
2026-09-28,132992,FINAL,Saugus,4341,0.0,0.0,Gloucester,4150,1.0,1.0,Northeastern,Northeastern,5:00 P.M.,,0
2026-09-28,133023,FINAL,Cardinal Spellman,4075,2.0,0.0,St. Mary’s,4374,3.0,1.0,Catholic Central,Catholic Central,3:30 P.M.,,0
2026-09-28,133046,FINAL,Falmouth,4134,3.0,1.0,St. John Paul II,4689,2.0,0.0,Cape & Islands,Cape & Islands,3:30 P.M.,,0
2026-09-28,133128,POSTPONED,Old Rochester,4301,,,Apponequet,4011,,,South Coast,South Coast,3:45 P.M.,,0
2026-09-28,133141,FINAL,East Bridgewater,4126,0.0,0.0,Norwell,4296,4.0,1.0,South Shore,South Shore,4:00 P.M.,,0
2026-09-28,133281,FINAL,Swampscott,4383,2.0,0.0,Winthrop,4437,3.0,1.0,Northeastern,Northeastern,4:30 P.M.,,0
2026-09-28,133393,UPCOMING,Joseph Case,4078,,,West Bridgewater,4415,,,South Coast,South Coast,3:45 P.M.,,0
2026-09-28,133446,FINAL,Holyoke,4176,4.0,1.0,Ware,4406,2.0,0.0,Holley,Tri-County,4:00 P.M.,,0
2026-09-28,133488,FINAL,Frontier,4146,3.0,0.0,Chicopee,4088,6.0,1.0,Moriarty,Holley,7:00 P.M.,,0
2026-09-28,133525,FINAL,Fairhaven,4133,8.0,1.0,Bourne,4050,4.0,0.0,South Coast,South Coast,3:45 P.M.,,0
2026-09-28,134324,FINAL,Abington,4002,0.0,0.0,Cohasset,4094,4.0,1.0,South Shore,South Shore,4:00 P.M.,,0
2026-09-28,138338,FINAL,Carver,4077,1.0,2.0,Rockland,4331,1.0,2.0,South Shore,South Shore,4:00 P.M.,,0
2026-09-28,138802,UPCOMING,Hopkins,4531,,,Easthampton,4130,,,Schmid,Moriarty,4:00 P.M.,,0
2026-09-28,139309,POSTPONED,Sturgis West,4735,,,Falmouth Academy,4135,,,Cape & Islands,Cape & Islands,4:00 P.M.,,0
2026-09-28,152041,FINAL,O’Bryant,4298,2.0,2.0,Madison Park,4225,2.0,2.0,Boston City,Boston City,3:30 P.M.,,0
2026-09-28,152044,FINAL,Whitinsville Christian,4487,0.0,0.0,Northbridge,4292,2.0,1.0,CMAC,CMAC,,,0
2026-09-28,152053,FINAL,Fenway,4492,3.0,1.0,Charlestown,4084,2.0,0.0,Boston City,Boston City,,,0
2026-09-28,152082,FINAL,Hull,4184,1.0,2.0,Mashpee,4237,1.0,2.0,South Shore,South Shore,5:30 P.M.,,0
2026-09-28,152086,FINAL,Worcester South,4444,0.0,0.0,Uxbridge,4398,2.0,1.0,CMAC,CMAC,4:00 P.M.,,0
2026-09-28,152093,FINAL,Lenox,4532,2.0,1.0,Mt. Everett,4533,1.0,0.0,Moriarty,Moriarty,,,0
2026-09-28,152119,FINAL,Phillips Andover,4310,0.0,0.0,Brooks,4060,2.0,1.0,Independent,ISL,,,0
2026-09-29,129620,FINAL,Durfee,4122,0,2,Brockton,4058,0,2,Big Three,Big Three,6:00 P.M.,,0
2026-09-29,129622,POSTPONED,Upper Cape,4457,,,Southeastern,4358,,,Mayflower,Mayflower,3:30 P.M.,,0
2026-09-29,129682,UPCOMING,Revere,4329,,,Lynn Classical,4220,,,Greater Boston,Greater Boston,4:15 P.M.,,0
2026-09-29,129699,FINAL,Melrose,4244,2,0,Lexington,4209,3,1,Middlesex,Middlesex,4:15 P.M.,,0
2026-09-29,129734,FINAL,North Quincy,4287,1,0,Marshfield,4234,10,1,Patriot,Patriot,4:00 P.M.,,0
2026-09-29,129767,FINAL,Blue Hills,4047,2,0,Diman,4115,3,1,Mayflower,Mayflower,3:30 P.M.,,0
2026-09-29,129811,FINAL,Tri-County,4392,0,0,Bristol-Plymouth,4057,6,1,Mayflower,Mayflower,3:30 P.M.,,0
2026-09-29,129827,FINAL,St. John’s (Shrewsbury),4368,1,0,BC High,4029,3,1,Catholic Conference,Catholic Conference,4:00 P.M.,,0
2026-09-29,129872,FINAL,Quincy,4326,3,1,Whitman-Hanson,4427,1,0,Patriot,Patriot,4:00 P.M.,,0
2026-09-29,129940,FINAL,Tewksbury,4389,3,1,Billerica,4040,2,0,Merrimack Valley,Merrimack Valley,4:00 P.M.,,0
2026-09-29,129962,FINAL,Malden Catholic,4228,0,2,St. John’s Prep,4369,0,2,Catholic Conference,Catholic Conference,6:00 P.M.,,0
2026-09-29,130050,FINAL,Brookline,4059,0,2,Newton South,4280,0,2,Bay State,Dual County,4:00 P.M.,,0
2026-09-29,130135,FINAL,Lawrence,4203,1,0,Lowell,4216,3,1,Merrimack Valley,Merrimack Valley,6:15 P.M.,,0
2026-09-29,130243,FINAL,Bridgewater-Raynham,4053,0,0,Barnstable,4024,1,1,Pioneer,Pioneer,4:00 P.M.,,0
2026-09-29,130289,FINAL,Lincoln-Sudbury,4211,1,1,Newton North,4279,0,0,Dual County,Bay State,4:30 P.M.,,0
2026-09-29,130345,FINAL,Wellesley,4413,2,0,Framingham,4143,3,1,Bay State,Bay State,4:00 P.M.,,0
2026-09-29,130383,FINAL,Doherty,4116,2,2,Shrewsbury,4348,2,2,CMAC,Mid-Wach,5:00 P.M.,,0
2026-09-29,130432,FINAL,Watertown,4409,0,0,Reading,4328,3,1,Middlesex,Middlesex,7:00 P.M.,,0
2026-09-29,130463,FINAL,Hingham,4171,0,0,Pembroke,4308,1,1,Patriot,Patriot,4:00 P.M.,,0
2026-09-29,130574,FINAL,Braintree,4051,2,1,Milton,4252,0,0,Bay State,Bay State,4:00 P.M.,,0
2026-09-29,130777,FINAL,Agawam,4004,1,2,Amherst-Pelham,4008,1,2,Churchill,Churchill,4:00 P.M.,,0
2026-09-29,130807,FINAL,Scituate,4343,2,1,Silver Lake,4349,1,0,Patriot,Patriot,4:00 P.M.,,0
2026-09-29,130836,FINAL,Plymouth North,4315,5,1,Plymouth South,4316,2,0,Patriot,Patriot,4:00 P.M.,,0
2026-09-29,130918,FINAL,Minnechaug,4254,1,0,Northampton,4291,2,1,Churchill,Churchill,6:45 P.M.,,0
2026-09-29,130947,UPCOMING,Putnam,4362,,,Springfield Sci-Tech,4363,,,Bi-County,Independent,4:00 P.M.,,0
2026-09-29,131023,FINAL,Needham,4272,4,1,Walpole,4404,0,0,Bay State,Bay State,4:00 P.M.,,0
2026-09-29,131084,FINAL,Longmeadow,4214,0,0,Pope Francis,4796,2,1,Smith,Smith,4:00 P.M.,,0
2026-09-29,131275,FINAL,Somerville,4351,0,0,Chelsea,4086,3,1,Greater Boston,Greater Boston,4:15 P.M.,,0
2026-09-29,131355,FINAL,Hanover,4164,1,2,Duxbury,4123,1,2,Patriot,Patriot,4:00 P.M.,,0
2026-09-29,131394,FINAL,Burlington,4065,1,0,Belmont,4034,5,1,Middlesex,Middlesex,4:15 P.M.,,0
2026-09-29,131521,FINAL,Wakefield,4402,2,1,Winchester,4434,0,0,Middlesex,Middlesex,4:15 P.M.,,0
2026-09-29,131543,FINAL,Wachusett,4400,3,1,Nashoba,4267,2,0,Mid-Wach,Mid-Wach,6:00 P.M.,,0
2026-09-29,131564,FINAL,Ludlow,4218,2,1,Leominster,4208,0,0,Smith,Mid-Wach,4:00 P.M.,,0
2026-09-29,131685,UPCOMING,Andover,4009,,,Haverhill,4167,,,Merrimack Valley,Merrimack Valley,7:00 P.M.,,0
2026-09-29,131736,FINAL,Methuen,4246,1,0,Chelmsford,4085,3,1,Merrimack Valley,Merrimack Valley,6:00 P.M.,,0
2026-09-29,131766,FINAL,Stoneham,4380,1,0,Arlington,4013,5,1,Middlesex,Middlesex,4:15 P.M.,,0
2026-09-29,131832,FINAL,Triton,4395,0,0,Newburyport,4276,6,1,Cape Ann,Cape Ann,4:00 P.M.,,0
2026-09-29,131895,FINAL,Natick,4270,5,1,Weymouth,4425,0,0,Bay State,Bay State,6:00 P.M.,,0
2026-09-29,131912,FINAL,Belchertown,4032,0,0,East Longmeadow,4127,1,1,Smith,Smith,6:30 P.M.,,0
2026-09-29,132066,FINAL,Greater Lawrence,4154,3,0,Greater Lowell,4155,7,1,Commonwealth,Commonwealth,4:00 P.M.,,0
2026-09-29,132094,FINAL,Catholic Memorial,4080,3,1,Xaverian,4446,1,0,Catholic Conference,Catholic Conference,7:00 P.M.,,0
2026-09-29,132163,FINAL,North Reading,4288,2,1,Essex Tech,4745,0,0,Cape Ann,Cape Ann,4:45 P.M.,,0
2026-09-29,132280,FINAL,Nashoba Valley Tech,4268,4,1,Whittier,4428,0,0,Commonwealth,Commonwealth,4:30 P.M.,,0
2026-09-29,132416,FINAL,Northeast,4293,4,1,Shawsheen,4346,3,0,Commonwealth,Commonwealth,5:00 P.M.,,0
2026-09-29,132524,FINAL,Latin Academy,4202,0,2,Dearborn STEM,5016,0,2,Boston City,Boston City,4:00 P.M.,,0
2026-09-29,132556,FINAL,Millbury,4250,1,0,Assabet,4016,4,1,CMAC,CMAC,3:30 P.M.,,0
2026-09-29,132575,FINAL,Central Catholic,4081,4,1,Dracut,4119,0,0,Merrimack Valley,Merrimack Valley,7:00 P.M.,,0
2026-09-29,132636,FINAL,Hudson,4182,0,2,Fitchburg,4139,0,2,Mid-Wach,Mid-Wach,4:00 P.M.,,0
2026-09-29,132672,FINAL,Algonquin,4005,2,0,Marlborough,4233,3,1,Mid-Wach,Mid-Wach,6:00 P.M.,,0
2026-09-29,132685,FINAL,Lynn English,4221,2,0,Medford,4242,5,1,Greater Boston,Greater Boston,6:00 P.M.,,0
2026-09-29,132702,FINAL,Westborough,4418,7,1,Oakmont,4299,0,0,Mid-Wach,Mid-Wach,4:00 P.M.,,0
2026-09-29,132713,FINAL,Wilmington,4432,3,1,Woburn,4438,0,0,Middlesex,Middlesex,7:00 P.M.,,0
2026-09-29,132783,UPCOMING,Littleton,4212,,,North Middlesex,4286,,,Mid-Wach,Mid-Wach,7:00 P.M.,,0
2026-09-29,133088,FINAL,Boston International,4547,0,0,East Boston,4125,1,1,Boston City,Boston City,4:00 P.M.,,0
2026-09-29,133184,FINAL,Quabbin,4325,2,1,Ayer Shirley,4022,0,0,Mid-Wach,Mid-Wach,4:00 P.M.,,0
2026-09-29,133270,UPCOMING,Advanced Math and Science,4595,,,Nipmuc,4281,,,CMAC,CMAC,3:30 P.M.,,0
2026-09-29,133419,FINAL,Monument Mtn.,4260,3,1,Pittsfield,4314,0,0,Churchill,Churchill,4:30 P.M.,,0
2026-09-29,133456,FINAL,Pentucket,4309,2,1,Lynnfield,4223,0,0,Cape Ann,Cape Ann,4:00 P.M.,,0
2026-09-29,133580,FINAL,Seekonk,4344,0,0,Dighton-Rehoboth,4114,1,1,South Coast,South Coast,3:45 P.M.,,0
2026-09-29,134469,POSTPONED,Amesbury,4007,,,Ipswich,4190,,,Cape Ann,Cape Ann,4:00 P.M.,,0
2026-09-29,134767,FINAL,Mahar,4226,3,1,Athol,4017,1,0,Moriarty,Schmid,4:00 P.M.,,0
2026-09-29,134770,UPCOMING,Athol,4017,,,Pioneer Valley Christian,4535,,,Schmid,Bi-County,6:00 P.M.,,0
2026-09-29,136412,FINAL,Worcester Tech,4445,3,0,Bay Path,4027,4,1,Independent,CMAC,3:30 P.M.,,0
2026-09-29,138185,FINAL,Bromfield,4505,0,0,Tyngsborough,4397,2,1,Mid-Wach,Mid-Wach,4:00 P.M.,,0
2026-09-29,138552,FINAL,Clinton,4093,4,1,Gardner,4147,1,0,Mid-Wach,Mid-Wach,4:00 P.M.,,0
2026-09-29,139319,UPCOMING,Sturgis East,4456,,,Falmouth Academy,4135,,,Cape & Islands,Cape & Islands,4:00 P.M.,,0
2026-09-29,150068,FINAL,Rockport,4490,5,1,Georgetown,4148,3,0,Cape Ann,Cape Ann,4:00 P.M.,,0
2026-09-29,152184,FINAL,Hamilton-Wenham,4163,0,0,Manchester Essex,4229,4,1,Cape Ann,Cape Ann,4:00 P.M.,,0
2026-09-29,152214,FINAL,Malden,4227,0.0,2.0,St. John’s Prep,4369,0.0,2.0,Greater Boston,Catholic Conference,,,0
2026-09-29,152221,FINAL,TechBoston,4117,0,0,Brighton,4055,5,1,Boston City,Boston City,,,0
2026-09-29,152229,FINAL,Westfield Tech,4420,4,2,Franklin County Tech,4145,4,2,Bi-County,Tri-County,4:00 P.M.,,0
2026-09-29,152231,FINAL,Hampden Charter East,4712,11,1,St. Mary (Westfield),4537,2,0,Tri-County,Tri-County,4:00 P.M.,,0
2026-09-29,152234,FINAL,Maynard,4239,2,1,Lunenburg,4219,0,0,Mid-Wach,Mid-Wach,,,0
2026-09-29,152237,FINAL,Atlantis Charter,4818,2,0,Westport,4461,3,1,Mayflower,Mayflower,,,0
2026-09-30,130047,FINAL,Sharon,4345,0,0,Oliver Ames,4302,3,1,Hockomock,Hockomock,3:45 P.M.,,0
2026-09-30,130193,FINAL,Stoughton,4381,6,1,King Philip,4197,5,0,Hockomock,Hockomock,5:30 P.M.,,0
2026-09-30,130404,UPCOMING,Newton South,4280,,,Cambridge,4067,,,Dual County,Dual County,4:30 P.M.,,0
2026-09-30,130554,FINAL,Milford,4249,3,1,Foxborough,4142,0,0,Hockomock,Hockomock,4:00 P.M.,,0
2026-09-30,130632,FINAL,Hopedale,4507,3,1,Worcester North,4443,2,0,CMAC,CMAC,4:00 P.M.,,0
2026-09-30,130662,FINAL,Attleboro,4018,1,1,North Attleborough,4284,0,0,Hockomock,Hockomock,3:45 P.M.,,0
2026-09-30,130689,FINAL,Chicopee Comprehensive,4089,6,1,Pioneer Valley,4536,0,0,Holley,Schmid,4:00 P.M.,,0
2026-09-30,130714,FINAL,Taunton,4388,1,0,Mansfield,4230,2,1,Hockomock,Hockomock,3:45 P.M.,,0
2026-09-30,130861,FINAL,Masconomet,4236,3,1,Peabody,4306,0,0,Northeastern,Northeastern,4:00 P.M.,,0
2026-09-30,131005,FINAL,Somerset Berkley,4350,1,0,Joseph Case,4078,2,1,South Coast,South Coast,6:00 P.M.,,0
2026-09-30,131065,FINAL,Franklin,4144,4,1,Canton,4071,1,0,Hockomock,Hockomock,4:00 P.M.,,0
2026-09-30,131087,UPCOMING,Longmeadow,4214,,,Northampton,4291,,,Smith,Churchill,4:00 P.M.,,0
2026-09-30,131108,UPCOMING,Tantasqua,4387,,,Shepherd Hill,4347,,,CMAC,Mid-Wach,6:00 P.M.,,0
2026-09-30,131162,FINAL,Westwood,4424,1,1,Medway,4243,0,0,Tri-Valley,Tri-Valley,6:00 P.M.,,0
2026-09-30,131241,FINAL,Norwood,4297,2,1,Dedham,4108,1,0,Tri-Valley,Tri-Valley,4:00 P.M.,,0
2026-09-30,131315,FINAL,Danvers,4103,0,0,Marblehead,4231,7,1,Northeastern,Northeastern,5:30 P.M.,,0
2026-09-30,131339,FINAL,Holyoke,4176,1,0,Westfield,4419,4,1,Holley,Churchill,6:00 P.M.,,0
2026-09-30,131436,FINAL,Wayland,4411,2,1,Bedford,4031,0,0,Dual County,Dual County,4:00 P.M.,,0
2026-09-30,131494,FINAL,Ashland,4015,3,1,Dover-Sherborn,4118,1,0,Tri-Valley,Tri-Valley,5:45 P.M.,,0
2026-09-30,131583,FINAL,Westford,4421,1,0,Acton-Boxborough,4003,2,1,Dual County,Dual County,4:00 P.M.,,0
2026-09-30,131708,FINAL,Holliston,4174,9,1,Millis,4251,0,0,Tri-Valley,Tri-Valley,4:00 P.M.,,0
2026-09-30,131789,FINAL,Hull,4184,2,2,Middleborough,4247,2,2,South Shore,South Shore,4:00 P.M.,,0
2026-09-30,132121,FINAL,Greater New Bedford,4156,4,1,Old Rochester,4301,0,0,South Coast,South Coast,6:00 P.M.,,0
2026-09-30,132186,UPCOMING,Wilbraham & Monson,4545,,,Belmont,4034,,,Independent,Middlesex,3:00 P.M.,,0
2026-09-30,132220,UPCOMING,Monty Tech,4259,,,University Park,4514,,,CMAC,CMAC,4:00 P.M.,,0
2026-09-30,132451,FINAL,Hopkinton,4180,7,1,Bellingham,4033,2,0,Tri-Valley,Tri-Valley,4:00 P.M.,,0
2026-09-30,132473,FINAL,Sutton,4512,3,1,Blackstone Valley,4046,1,0,CMAC,CMAC,3:30 P.M.,,0
2026-09-30,132474,UPCOMING,Blackstone Valley,4046,,,Northbridge,4292,,,CMAC,CMAC,3:30 P.M.,,0
2026-09-30,132561,FINAL,Uxbridge,4398,0,0,Assabet,4016,4,1,CMAC,CMAC,3:30 P.M.,,0
2026-09-30,132746,FINAL,Falmouth,4134,0,0,Nauset,4271,1,1,Cape & Islands,Cape & Islands,4:00 P.M.,,0
2026-09-30,132842,FINAL,Medfield,4241,8,1,Norton,4295,1,0,Tri-Valley,Tri-Valley,4:30 P.M.,,0
2026-09-30,132952,FINAL,Auburn,4019,0,2,Weston,4423,0,2,CMAC,Dual County,5:15 P.M.,,0
2026-09-30,132953,FINAL,Bishop Fenwick,4043,3,1,Winthrop,4437,2,0,Catholic Central,Northeastern,6:30 P.M.,,0
2026-09-30,132994,FINAL,Swampscott,4383,1,1,Gloucester,4150,0,0,Northeastern,Northeastern,4:30 P.M.,,0
2026-09-30,133028,FINAL,Cardinal Spellman,4075,6,1,Arlington Catholic,4014,1,0,Catholic Central,Catholic Central,3:30 P.M.,,0
2026-09-30,133130,FINAL,Apponequet,4011,0,0,Dighton-Rehoboth,4114,2,1,South Coast,South Coast,3:45 P.M.,,0
2026-09-30,133143,FINAL,East Bridgewater,4126,0,0,Carver,4077,1,1,South Shore,South Shore,4:00 P.M.,,0
2026-09-30,133275,FINAL,Whitinsville Christian,4487,1,0,Nipmuc,4281,7,1,CMAC,CMAC,3:30 P.M.,,0
2026-09-30,133310,FINAL,Dennis-Yarmouth,4111,2,0,Monomoy,4706,3,1,Cape & Islands,Cape & Islands,4:00 P.M.,,0
2026-09-30,133390,FINAL,Saugus,4341,2,2,Salem,4336,2,2,Northeastern,Northeastern,5:00 P.M.,,0
2026-09-30,133428,FINAL,Nantucket,4265,7,1,Cape Cod Academy,4072,0,0,Cape & Islands,Cape & Islands,4:00 P.M.,,0
2026-09-30,133527,FINAL,West Bridgewater,4415,1,0,Fairhaven,4133,2,1,South Coast,South Coast,3:45 P.M.,,0
2026-09-30,133558,FINAL,Lenox,4532,0,0,Taconic,4385,3,1,Moriarty,Bi-County,4:00 P.M.,,0
2026-09-30,133614,FINAL,Norwell,4296,7,1,Mashpee,4237,0,0,South Shore,South Shore,4:30 P.M.,,0
2026-09-30,133627,FINAL,Sandwich,4340,2,0,Martha’s Vineyard,4235,4,1,Cape & Islands,Cape & Islands,4:00 P.M.,,0
2026-09-30,134332,FINAL,Abington,4002,2,1,Randolph,4327,1,0,South Shore,South Shore,4:00 P.M.,,0
2026-09-30,136414,FINAL,Bay Path,4027,5,1,Douglas,4506,0,0,CMAC,CMAC,3:30 P.M.,,0
2026-09-30,137995,FINAL,Bourne,4050,0,2,Seekonk,4344,0,2,South Coast,South Coast,3:45 P.M.,,0
2026-09-30,138656,FINAL,Rockland,4331,2,2,Cohasset,4094,2,2,South Shore,South Shore,4:00 P.M.,,0
2026-09-30,138806,FINAL,Mt. Greylock,4262,0,2,Easthampton,4130,0,2,Churchill,Moriarty,4:00 P.M.,,0
2026-09-30,152341,FINAL,Rivers,4330,3,1,St. Sebastian’s,4378,0,0,ISL,ISL,,,0
2026-09-30,152365,FINAL,Charlestown,4084,0,0,O’Bryant,4298,9,1,Boston City,Boston City,,,0
2026-09-30,152374,FINAL,Tabor,4384,1,0,Middlesex,4248,5,1,ISL,ISL,,,0
2026-09-30,152376,FINAL,Cushing,4101,0,0,Middlesex,4248,5,1,Independent,ISL,,,0
2026-09-30,152408,FINAL,Abby Kelley Foster,4503,4,1,Trivium,4686,2,0,CMAC,Worcester County,,,0
2026-09-30,152409,FINAL,South Shore Charter,4589,7,1,Argosy Collegiate,5032,0,0,Charter School Athletic,Charter School Athletic,,,0
2026-09-30,152411,FINAL,Worcester Tech,4445,2,1,David Prouty,4106,1,0,Independent,CMAC,,,0
2026-09-30,152415,FINAL,South Hadley,4353,2,1,Frontier,4146,1,0,Moriarty,Moriarty,,,0
2026-09-30,152417,FINAL,St. John Paul II,4689,1,0,Sturgis West,4735,2,1,Cape & Islands,Cape & Islands,,,0
2026-09-30,152420,FINAL,Pathfinder,4305,2,1,Smith Voc.,4539,1,0,Tri-County,Tri-County,,,0
2026-09-30,152421,FINAL,Mt. Everett,4533,2,1,Hampden Charter East,4712,0,0,Moriarty,Tri-County,,,0
2026-09-30,152444,FINAL,English High,4048,0,0,Boston Prep,4655,1,1,Boston City,Charter School Athletic,,,0
2026-09-30,152447,FINAL,Fenway,4492,1,0,Roxbury Prep,4847,2,1,Boston City,Charter School Athletic,4:00 P.M.,,0
2026-10-01,129623,FINAL,Diman,4115,0,0,Southeastern,4358,4,1,Mayflower,Mayflower,3:30 P.M.,,0
2026-10-01,129712,FINAL,Winchester,4434,1,2,Lexington,4209,1,2,Middlesex,Middlesex,4:15 P.M.,,0
2026-10-01,129735,FINAL,Pembroke,4308,4,1,North Quincy,4287,0,0,Patriot,Patriot,4:00 P.M.,,0
2026-10-01,129814,FINAL,Upper Cape,4457,2,2,Bristol-Plymouth,4057,2,2,Mayflower,Mayflower,3:30 P.M.,,0
2026-10-01,129834,FINAL,St. John’s Prep,4369,0,2,BC High,4029,0,2,Catholic Conference,Catholic Conference,4:00 P.M.,,0
2026-10-01,129876,FINAL,Quincy,4326,0,0,Scituate,4343,1,1,Patriot,Patriot,4:00 P.M.,,0
2026-10-01,129942,FINAL,Billerica,4040,1,2,Lowell,4216,1,2,Merrimack Valley,Merrimack Valley,6:00 P.M.,,0
2026-10-01,130003,FINAL,Marshfield,4234,2,1,Hingham,4171,0,0,Patriot,Patriot,4:00 P.M.,,0
2026-10-01,130056,FINAL,Brookline,4059,1,0,Natick,4270,3,1,Bay State,Bay State,4:00 P.M.,,0
2026-10-01,130295,FINAL,Malden,4227,2,2,Lynn Classical,4220,2,2,Greater Boston,Greater Boston,4:15 P.M.,,0
2026-10-01,130301,FINAL,Framingham,4143,1,2,Newton North,4279,1,2,Bay State,Bay State,4:00 P.M.,,0
2026-10-01,130497,FINAL,Haverhill,4167,3,1,Lawrence,4203,2,0,Merrimack Valley,Merrimack Valley,6:00 P.M.,,0
2026-10-01,130523,FINAL,Wachusett,4400,1,0,Shrewsbury,4348,2,1,Mid-Wach,Mid-Wach,6:00 P.M.,,0
2026-10-01,130575,FINAL,Wellesley,4413,3,1,Milton,4252,2,0,Bay State,Bay State,4:00 P.M.,,0
2026-10-01,130741,FINAL,Ludlow,4218,1,2,West Springfield,4417,1,2,Smith,Smith,4:00 P.M.,,0
2026-10-01,130778,FINAL,Agawam,4004,1,0,Pope Francis,4796,2,1,Churchill,Smith,7:00 P.M.,,0
2026-10-01,130810,FINAL,Whitman-Hanson,4427,3,1,Silver Lake,4349,1,0,Patriot,Patriot,6:00 P.M.,,0
2026-10-01,130839,FINAL,Plymouth South,4316,1,0,Hanover,4164,3,1,Patriot,Patriot,4:00 P.M.,,0
2026-10-01,130860,FINAL,Masconomet,4236,2,1,Beverly,4038,1,0,Northeastern,Northeastern,4:30 P.M.,,0
2026-10-01,130967,FINAL,Melrose,4244,1,1,Wilmington,4432,0,0,Middlesex,Middlesex,4:15 P.M.,,0
2026-10-01,131025,FINAL,Walpole,4404,2,0,Braintree,4051,3,1,Bay State,Bay State,4:00 P.M.,,0
2026-10-01,131047,FINAL,Durfee,4122,0,0,Dartmouth,4105,1,1,Big Three,Pioneer,6:00 P.M.,,0
2026-10-01,131111,FINAL,Groton-Dunstable,4160,0,0,Shepherd Hill,4347,2,1,Mid-Wach,Mid-Wach,6:00 P.M.,,0
2026-10-01,131199,FINAL,Leominster,4208,1,1,Grafton,4153,0,0,Mid-Wach,Mid-Wach,7:00 P.M.,,0
2026-10-01,131356,FINAL,Duxbury,4123,2,2,Plymouth North,4315,2,2,Patriot,Patriot,4:00 P.M.,,0
2026-10-01,131606,FINAL,Nashoba,4267,1,2,Oakmont,4299,1,2,Mid-Wach,Mid-Wach,4:00 P.M.,,0
2026-10-01,131689,FINAL,Andover,4009,1,0,North Andover,4283,2,1,Merrimack Valley,Merrimack Valley,5:00 P.M.,,0
2026-10-01,131739,FINAL,Methuen,4246,0,0,Tewksbury,4389,2,1,Merrimack Valley,Merrimack Valley,5:30 P.M.,,0
2026-10-01,131753,FINAL,Needham,4272,1,1,Weymouth,4425,0,0,Bay State,Bay State,4:00 P.M.,,0
2026-10-01,131768,FINAL,Somerville,4351,2,0,Arlington,4013,3,1,Greater Boston,Middlesex,4:15 P.M.,,0
2026-10-01,131833,FINAL,Newburyport,4276,0,2,Manchester Essex,4229,0,2,Cape Ann,Cape Ann,4:00 P.M.,,0
2026-10-01,131854,FINAL,Boston Latin,4049,0,2,Waltham,4405,0,2,Dual County,Dual County,4:00 P.M.,,0
2026-10-01,132097,FINAL,Xaverian,4446,1,1,St. John’s (Shrewsbury),4368,0,0,Catholic Conference,Catholic Conference,4:00 P.M.,,0
2026-10-01,132167,FINAL,Essex Tech,4745,2,1,Hamilton-Wenham,4163,1,0,Cape Ann,Cape Ann,5:00 P.M.,,0
2026-10-01,132189,FINAL,Belmont,4034,4,1,Woburn,4438,0,0,Middlesex,Middlesex,6:00 P.M.,,0
2026-10-01,132285,FINAL,Lowell Catholic,4217,2,2,Whittier,4428,2,2,Commonwealth,Commonwealth,7:00 P.M.,,0
2026-10-01,132335,FINAL,Everett,4132,4,1,Lynn English,4221,0,0,Greater Boston,Greater Boston,4:15 P.M.,,0
2026-10-01,132366,FINAL,Chelmsford,4085,3,1,Central Catholic,4081,1,0,Merrimack Valley,Merrimack Valley,5:30 P.M.,,0
2026-10-01,132419,FINAL,Shawsheen,4346,1,2,Lynn Tech,4222,1,2,Commonwealth,Commonwealth,4:30 P.M.,,0
2026-10-01,132488,FINAL,Bishop Feehan,4042,0,0,Concord-Carlisle,4097,4,1,Catholic Central,Dual County,4:30 P.M.,,0
2026-10-01,132526,FINAL,Brighton,4055,3,1,Latin Academy,4202,2,0,Boston City,Boston City,4:00 P.M.,,0
2026-10-01,132549,FINAL,Chicopee,4088,1,1,Springfield Central,4360,0,0,Holley,Holley,6:00 P.M.,,0
2026-10-01,132605,FINAL,Burncoat,4066,5,1,St. Bernard’s,4365,3,0,CMAC,CMAC,4:00 P.M.,,0
2026-10-01,132637,FINAL,Fitchburg,4139,5,1,Littleton,4212,0,0,Mid-Wach,Mid-Wach,7:00 P.M.,,0
2026-10-01,132674,FINAL,Westborough,4418,3,1,Algonquin,4005,1,0,Mid-Wach,Mid-Wach,6:00 P.M.,,0
2026-10-01,132785,FINAL,Marlborough,4233,1,1,North Middlesex,4286,0,0,Mid-Wach,Mid-Wach,5:30 P.M.,,0
2026-10-01,132875,FINAL,Malden Catholic,4228,0,0,Catholic Memorial,4080,9,1,Catholic Conference,Catholic Conference,6:00 P.M.,,0
2026-10-01,132920,FINAL,Greater Lawrence,4154,5,1,KIPP,4703,2,0,Commonwealth,Commonwealth,4:00 P.M.,,0
2026-10-01,133016,FINAL,Watertown,4409,3,1,Stoneham,4380,1,0,Middlesex,Middlesex,4:30 P.M.,,0
2026-10-01,133091,FINAL,East Boston,4125,3,1,TechBoston,4117,1,0,Boston City,Boston City,4:00 P.M.,,0
2026-10-01,133230,FINAL,Triton,4395,0,0,Georgetown,4148,1,1,Cape Ann,Cape Ann,1:00 P.M.,,0
2026-10-01,133313,FINAL,Dennis-Yarmouth,4111,3,1,Barnstable,4024,2,0,Cape & Islands,Pioneer,4:00 P.M.,,0
2026-10-01,133346,FINAL,Ware,4406,0,0,Commerce,4361,10,1,Tri-County,Bi-County,7:00 P.M.,,0
2026-10-01,133459,FINAL,Pentucket,4309,4,1,Amesbury,4007,0,0,Cape Ann,Cape Ann,4:30 P.M.,,0
2026-10-01,133463,FINAL,Holyoke,4176,0,0,Southwick,4519,1,1,Holley,Holley,4:00 P.M.,,0
2026-10-01,133511,FINAL,Lynnfield,4223,2,2,Ipswich,4190,2,2,Cape Ann,Cape Ann,4:00 P.M.,,0
2026-10-01,133566,FINAL,Granby,4520,0,0,Belchertown,4032,8,1,Schmid,Smith,4:00 P.M.,,0
2026-10-01,133657,FINAL,North Reading,4288,1,1,Rockport,4490,0,0,Cape Ann,Cape Ann,4:45 P.M.,,0
2026-10-01,133660,UPCOMING,Tyngsborough,4397,,,Hudson,4182,,,Mid-Wach,Mid-Wach,4:00 P.M.,,0
2026-10-01,134771,FINAL,Athol,4017,2,0,Franklin County Tech,4145,6,1,Schmid,Tri-County,6:00 P.M.,,0
2026-10-01,134806,UPCOMING,Ayer Shirley,4022,,,Gardner,4147,,,Mid-Wach,Mid-Wach,6:45 P.M.,,0
2026-10-01,137841,FINAL,Blue Hills,4047,1,0,Tri-County,4392,3,1,Mayflower,Mayflower,3:30 P.M.,,0
2026-10-01,138191,FINAL,Maynard,4239,2,0,Bromfield,4505,3,1,Mid-Wach,Mid-Wach,4:00 P.M.,,0
2026-10-01,138565,FINAL,West Boylston,4414,0,0,Clinton,4093,3,1,Mid-Wach,Mid-Wach,3:30 P.M.,,0
2026-10-01,152465,FINAL,Westport,4461,9,1,Avon,4460,0,0,Mayflower,Mayflower,3:30 P.M.,,0
2026-10-01,152467,FINAL,Leicester,4207,5,1,David Prouty,4106,1,0,CMAC,CMAC,,,0
2026-10-01,152470,FINAL,Renaissance,4664,4,1,Hampden Charter East,4712,3,0,Schmid,Tri-County,4:00 P.M.,,0
2026-10-01,152492,FINAL,Boston Prep,4655,3,0,New Heights Charter,5088,5,1,Charter School Athletic,Charter School Athletic,4:00 P.M.,,0
2026-10-01,152527,FINAL,Madison Park,4225,2,2,New Mission/English High,4494,2,2,Boston City,Boston City,4:00 P.M.,,0
2026-10-01,152551,FINAL,Cape Cod Tech,4073,6,1,South Shore Voc-Tech,4356,1,0,Mayflower,Mayflower,3:45 P.M.,,0
2026-10-01,152554,FINAL,Boston International,4547,2,1,Dearborn STEM,5016,1,0,Boston City,Boston City,4:00 P.M.,,0
2026-10-01,152556,FINAL,Medford,4242,1,2,Pioneer Charter I,4701,1,2,Greater Boston,Charter School Athletic,4:00 P.M.,,0
2026-10-01,152561,FINAL,Atlantis Charter,4818,4,1,Holbrook,4172,1,0,Mayflower,Mayflower,3:30 P.M.,,0
2026-10-01,152565,FINAL,Gateway,4517,2,1,Mt. Everett,4533,1,0,Bi-County,Moriarty,6:00 P.M.,,0
2026-10-01,152568,FINAL,Monomoy,4706,1,1,Mashpee,4237,0,0,Cape & Islands,South Shore,6:00 P.M.,,0
2026-10-01,152571,FINAL,Pacific Rim Charter,4478,7,1,Argosy Collegiate,5032,2,0,Charter School Athletic,Charter School Athletic,5:00 P.M.,,0
2026-10-02,129630,FINAL,Norwell,4296,3,1,Brockton,4058,0,0,South Shore,Big Three,4:00 P.M.,,0
2026-10-02,129733,UPCOMING,North Quincy,4287,,,Quincy,4326,,,Patriot,Patriot,5:30 P.M.,,0
2026-10-02,130245,FINAL,Barnstable,4024,1,0,Nauset,4271,3,1,Pioneer,Cape & Islands,6:00 P.M.,,0
2026-10-02,130384,UPCOMING,Hopedale,4507,,,Doherty,4116,,,CMAC,CMAC,4:00 P.M.,,0
2026-10-02,130433,POSTPONED,Reading,4328,,,Marblehead,4231,,,Middlesex,Northeastern,4:30 P.M.,,0
2026-10-02,130691,FINAL,Westfield,4419,3,1,Chicopee Comprehensive,4089,2,0,Churchill,Holley,3:00 P.M.,,0
2026-10-02,130919,FINAL,Minnechaug,4254,1,0,Longmeadow,4214,2,1,Churchill,Smith,6:45 P.M.,,0
2026-10-02,130948,UPCOMING,Putnam,4362,,,Springfield Sci-Tech,4363,,,Bi-County,Independent,4:00 P.M.,,0
2026-10-02,131277,FINAL,Peabody,4306,0,2,Chelsea,4086,0,2,Northeastern,Greater Boston,4:00 P.M.,,0
2026-10-02,131400,FINAL,Arlington Catholic,4014,1,0,Burlington,4065,9,1,Catholic Central,Middlesex,4:15 P.M.,,0
2026-10-02,131457,FINAL,Attleboro,4018,0,0,New Bedford,4273,4,1,Hockomock,Big Three,3:45 P.M.,,0
2026-10-02,131522,FINAL,Wakefield,4402,7,1,Tewksbury,4389,2,0,Middlesex,Merrimack Valley,4:00 P.M.,,0
2026-10-02,131791,FINAL,Middleborough,4247,0,0,Apponequet,4011,1,1,South Shore,South Coast,4:00 P.M.,,0
2026-10-02,131941,FINAL,St. John Paul II,4689,1,0,Archbishop Williams,4012,2,1,Cape & Islands,Catholic Central,3:30 P.M.,,0
2026-10-02,132385,FINAL,Wellesley,4413,2,2,Hopkinton,4180,2,2,Bay State,Tri-Valley,4:00 P.M.,,0
2026-10-02,132763,FINAL,Collegiate Charter,4986,2,2,Dracut,4119,2,2,Charter School Athletic,Merrimack Valley,4:45 P.M.,,0
2026-10-02,132931,FINAL,Pope Francis,4796,2,1,Monument Mtn.,4260,1,0,Smith,Churchill,4:00 P.M.,,0
2026-10-02,133021,FINAL,Hanover,4164,0,2,Rockland,4331,0,2,Patriot,South Shore,4:00 P.M.,,0
2026-10-02,133048,FINAL,Falmouth,4134,0,2,Martha’s Vineyard,4235,0,2,Cape & Islands,Cape & Islands,3:15 P.M.,,0
2026-10-02,133253,FINAL,Bellingham,4033,1,0,Weston,4423,3,1,Tri-Valley,Dual County,4:00 P.M.,,0
2026-10-02,133258,FINAL,Worcester Tech,4445,0,0,Auburn,4019,4,1,Independent,CMAC,3:30 P.M.,,0
2026-10-02,133278,FINAL,Nipmuc,4281,5,1,Advanced Math and Science,4595,4,0,CMAC,CMAC,5:00 P.M.,,0
2026-10-02,133344,FINAL,Smith Voc.,4539,1,2,Commerce,4361,1,2,Tri-County,Bi-County,4:00 P.M.,,0
2026-10-02,133430,FINAL,Sandwich,4340,0,0,Nantucket,4265,2,1,Cape & Islands,Cape & Islands,4:00 P.M.,,0
2026-10-02,133559,UPCOMING,Taconic,4385,,,Easthampton,4130,,,Bi-County,Moriarty,4:00 P.M.,,0
2026-10-02,138659,FINAL,Cohasset,4094,2,1,Excel Academy,4969,1,0,South Shore,Charter School Athletic,6:30 P.M.,,0
2026-10-02,138695,FINAL,Whitinsville Christian,4487,3,0,Douglas,4506,4,1,CMAC,CMAC,4:00 P.M.,,0
2026-10-02,139335,FINAL,Falmouth Academy,4135,1,0,Rising Tide Charter,4746,4,1,Cape & Islands,Cape & Islands,4:00 P.M.,,0
2026-10-02,152625,FINAL,West Bridgewater,4415,3,1,Bourne,4050,2,0,South Coast,South Coast,3:00 P.M.,,0
2026-10-02,152691,FINAL,Neighborhood House Charter,5035,3,1,Fenway,4492,2,0,Charter School Athletic,Boston City,6:30 P.M.,,0
2026-10-02,152694,FINAL,English High,4048,4,1,Boston Collegiate,4592,2,0,Boston City,Charter School Athletic,4:00 P.M.,,0
2026-10-02,153293,FINAL,Sturgis East,4456,1,0,Sturgis West,4735,5,1,Cape & Islands,Cape & Islands,4:00 P.M.,,0
2026-10-03,129686,FINAL,Revere,4329,4,1,Latin Academy,4202,2,0,Greater Boston,Boston City,5:00 P.M.,,0
2026-10-03,129880,FINAL,Quincy,4326,1,0,O’Bryant,4298,2,1,Patriot,Boston City,1:00 P.M.,,0
2026-10-03,129938,FINAL,Groton-Dunstable,4160,1,0,Billerica,4040,2,1,Mid-Wach,Merrimack Valley,3:00 P.M.,,0
2026-10-03,130053,UPCOMING,Sharon,4345,,,Milton,4252,,,Hockomock,Bay State,11:00 A.M.,,0
2026-10-03,130137,FINAL,Lowell,4216,4,1,Westford,4421,1,0,Merrimack Valley,Dual County,11:00 A.M.,,0
2026-10-03,130306,FINAL,Newton South,4280,0,0,Newton North,4279,3,1,Dual County,Bay State,11:00 P.M.,,0
2026-10-03,130500,UPCOMING,Greater Lawrence,4154,,,Lawrence,4203,,,Commonwealth,Merrimack Valley,12:00 P.M.,,0
2026-10-03,130524,FINAL,Acton-Boxborough,4003,3,1,Shrewsbury,4348,1,0,Dual County,Mid-Wach,6:00 P.M.,,0
2026-10-03,130556,FINAL,Methuen,4246,0,0,Milford,4249,3,1,Merrimack Valley,Hockomock,10:00 A.M.,,0
2026-10-03,130742,FINAL,Belchertown,4032,1,2,West Springfield,4417,1,2,Smith,Smith,11:00 A.M.,,0
2026-10-03,130779,FINAL,East Longmeadow,4127,1,1,Agawam,4004,0,0,Smith,Churchill,4:00 P.M.,,0
2026-10-03,131027,FINAL,Walpole,4404,3,0,Foxborough,4142,4,1,Bay State,Hockomock,1:00 P.M.,,0
2026-10-03,131067,UPCOMING,Canton,4071,,,Duxbury,4123,,,Hockomock,Patriot,6:00 P.M.,,0
2026-10-03,131202,FINAL,Sutton,4512,2,0,Grafton,4153,3,1,CMAC,Mid-Wach,2:30 P.M.,,0
2026-10-03,131280,FINAL,Chelsea,4086,0,2,Northeast,4293,0,2,Greater Boston,Commonwealth,11:30 A.M.,,0
2026-10-03,131438,FINAL,Dover-Sherborn,4118,0,0,Bedford,4031,1,1,Tri-Valley,Dual County,3:00 P.M.,,0
2026-10-03,131692,FINAL,Andover,4009,2,1,Beverly,4038,0,0,Merrimack Valley,Northeastern,4:00 P.M.,,0
2026-10-03,131935,UPCOMING,Algonquin,4005,,,Natick,4270,,,Mid-Wach,Bay State,4:00 P.M.,,0
2026-10-03,132008,FINAL,Ipswich,4190,3,1,Haverhill,4167,1,0,Cape Ann,Merrimack Valley,10:00 A.M.,,0
2026-10-03,132137,FINAL,St. John’s (Shrewsbury),4368,4,1,Marlborough,4233,1,0,Catholic Conference,Mid-Wach,10:00 A.M.,,0
2026-10-03,132193,FINAL,Concord-Carlisle,4097,2,1,Belmont,4034,0,0,Dual County,Middlesex,3:00 P.M.,,0
2026-10-03,132221,FINAL,Blackstone-Millville,4486,1,1,Monty Tech,4259,0,0,CMAC,CMAC,4:00 P.M.,,0
2026-10-03,132245,FINAL,Boston International,4547,0,0,Lincoln-Sudbury,4211,3,1,Boston City,Dual County,12:00 P.M.,,0
2026-10-03,132289,FINAL,Triton,4395,3,1,Whittier,4428,1,0,Cape Ann,Commonwealth,11:00 A.M.,,0
2026-10-03,132369,FINAL,Chelmsford,4085,2,1,Bishop Feehan,4042,1,0,Merrimack Valley,Catholic Central,11:00 A.M.,,0
2026-10-03,132737,UPCOMING,Brighton,4055,,,Somerville,4351,,,Boston City,Greater Boston,12:00 P.M.,,0
2026-10-03,132956,FINAL,Hamilton-Wenham,4163,0,0,Bishop Fenwick,4043,1,1,Cape Ann,Catholic Central,4:00 P.M.,,0
2026-10-03,133080,UPCOMING,St. Mary’s,4374,,,Nantucket,4265,,,Catholic Central,Cape & Islands,2:00 P.M.,,0
2026-10-03,133396,FINAL,Salem,4336,2,1,Amesbury,4007,1,0,Northeastern,Cape Ann,10:00 A.M.,,0
2026-10-03,133602,FINAL,Saugus,4341,0,0,Tyngsborough,4397,1,1,Northeastern,Mid-Wach,4:00 P.M.,,0
2026-10-03,138211,FINAL,Bromfield,4505,1,0,Dearborn STEM,5016,2,1,Mid-Wach,Boston City,2:00 P.M.,,0
2026-10-03,152705,FINAL,Millbury,4250,4,1,Hampshire,4518,1,0,CMAC,Holley,,,0
2026-10-03,152710,FINAL,Thayer,4390,1,1,Roxbury Latin,4334,0,0,ISL,ISL,,,0
2026-10-03,152715,FINAL,Phillips Andover,4310,0,0,Taft,4386,1,1,Independent,Independent,,,0
2026-10-03,152716,FINAL,Belmont Hill,4035,7,1,Tabor,4384,0,0,ISL,ISL,,,0
2026-10-03,152741,FINAL,Mystic Valley,4264,2,1,Pioneer Valley,4536,1,0,Commonwealth,Schmid,,,0
2026-10-03,152742,FINAL,Lawrence Academy,4204,4,1,St. Mark’s,4372,0,0,ISL,ISL,,,0
2026-10-03,152748,FINAL,Pingree,4312,4,1,Bancroft,4023,2,0,EIL,EIL,,,0
2026-10-03,152817,FINAL,Winchester,4434,5,1,Woburn,4438,0,0,Middlesex,Middlesex,,,0
2026-10-04,131083,UPCOMING,Wachusett,4400,,,Longmeadow,4214,,,Mid-Wach,Smith,11:00 A.M.,,0
2026-10-05,129636,FINAL,Brockton,4058,1,0,Franklin,4144,2,1,Big Three,Hockomock,6:00 P.M.,,0
2026-10-05,129713,FINAL,Lexington,4209,4,1,Stoneham,4380,0,0,Middlesex,Middlesex,4:15 P.M.,,0
2026-10-05,130058,FINAL,Sharon,4345,1,2,Bishop Feehan,4042,1,2,Hockomock,Catholic Central,3:45 P.M.,,0
2026-10-05,130114,FINAL,Worcester South,4444,3,2,Blackstone Valley,4046,3,2,CMAC,CMAC,6:30 P.M.,,0
2026-10-05,130386,FINAL,Tantasqua,4387,1,2,Doherty,4116,1,2,CMAC,CMAC,4:00 P.M.,,0
2026-10-05,130434,FINAL,Reading,4328,2,1,Wakefield,4402,0,0,Middlesex,Middlesex,4:15 P.M.,,0
2026-10-05,130465,FINAL,New Bedford,4273,2,1,Hingham,4171,1,0,Big Three,Patriot,4:00 P.M.,,0
2026-10-05,130634,FINAL,Collegiate Charter,4986,3,0,Worcester North,4443,4,1,Charter School Athletic,CMAC,6:00 P.M.,,0
2026-10-05,130694,FINAL,Frontier,4146,2,1,Chicopee Comprehensive,4089,0,0,Moriarty,Holley,4:00 P.M.,,0
2026-10-05,130863,FINAL,Masconomet,4236,3,1,Saugus,4341,0,0,Northeastern,Northeastern,4:30 P.M.,,0
2026-10-05,130921,FINAL,Pope Francis,4796,7,1,Minnechaug,4254,0,0,Smith,Churchill,5:00 P.M.,,0
2026-10-05,130950,UPCOMING,Duggan Academy,4843,,,Putnam,4362,,,Tri-County,Bi-County,4:00 P.M.,,0
2026-10-05,130970,FINAL,Arlington,4013,1,1,Melrose,4244,0,0,Middlesex,Middlesex,4:30 P.M.,,0
2026-10-05,131007,FINAL,Somerset Berkley,4350,0,2,Apponequet,4011,0,2,South Coast,South Coast,3:45 P.M.,,0
2026-10-05,131136,FINAL,Ludlow,4218,1,2,Northampton,4291,1,2,Smith,Churchill,6:00 P.M.,,0
2026-10-05,131165,FINAL,Millis,4251,0,0,Westwood,4424,1,1,Tri-Valley,Tri-Valley,5:00 P.M.,,0
2026-10-05,131242,FINAL,Dover-Sherborn,4118,5,1,Norwood,4297,2,0,Tri-Valley,Tri-Valley,4:00 P.M.,,0
2026-10-05,131283,FINAL,Brighton,4055,0,0,Chelsea,4086,3,1,Boston City,Greater Boston,4:15 P.M.,,0
2026-10-05,131318,FINAL,Gloucester,4150,0,0,Marblehead,4231,2,1,Northeastern,Northeastern,4:00 P.M.,,0
2026-10-05,131340,FINAL,Chicopee,4088,6,1,Westfield,4419,0,0,Holley,Churchill,6:00 P.M.,,0
2026-10-05,131403,FINAL,Woburn,4438,0,0,Burlington,4065,2,1,Middlesex,Middlesex,4:15 P.M.,,0
2026-10-05,131495,FINAL,Medway,4243,1,0,Ashland,4015,5,1,Tri-Valley,Tri-Valley,4:30 P.M.,,0
2026-10-05,131711,FINAL,Bellingham,4033,1,0,Holliston,4174,3,1,Tri-Valley,Tri-Valley,6:00 P.M.,,0
2026-10-05,131798,FINAL,Rockland,4331,2,2,Middleborough,4247,2,2,South Shore,South Shore,4:00 P.M.,,0
2026-10-05,131867,FINAL,Danvers,4103,0,0,Swampscott,4383,3,1,Northeastern,Northeastern,6:30 P.M.,,0
2026-10-05,131946,FINAL,Archbishop Williams,4012,6,1,Arlington Catholic,4014,1,0,Catholic Central,Catholic Central,7:00 P.M.,,0
2026-10-05,131979,FINAL,Bishop Stang,4045,3,0,St. Mary’s,4374,4,1,Catholic Central,Catholic Central,3:30 P.M.,,0
2026-10-05,132122,FINAL,Greater New Bedford,4156,2,1,Fairhaven,4133,1,0,South Coast,South Coast,6:00 P.M.,,0
2026-10-05,132196,FINAL,Belmont,4034,5,1,Wilmington,4432,0,0,Middlesex,Middlesex,4:30 P.M.,,0
2026-10-05,132226,FINAL,Burncoat,4066,1,2,Monty Tech,4259,1,2,CMAC,CMAC,3:30 P.M.,,0
2026-10-05,132422,UPCOMING,Woburn,4438,,,Winchester,4434,,,Middlesex,Middlesex,4:30 P.M.,,0
2026-10-05,132425,FINAL,Winchester,4434,5,1,Watertown,4409,0,0,Middlesex,Middlesex,4:15 P.M.,,0
2026-10-05,132453,FINAL,Norton,4295,0,0,Hopkinton,4180,4,1,Tri-Valley,Tri-Valley,6:00 P.M.,,0
2026-10-05,132528,FINAL,Latin Academy,4202,2,1,East Boston,4125,0,0,Boston City,Boston City,4:00 P.M.,,0
2026-10-05,132551,FINAL,Springfield Central,4360,1,2,South Hadley,4353,1,2,Holley,Moriarty,4:00 P.M.,,0
2026-10-05,132563,FINAL,Assabet,4016,3,1,Leicester,4207,0,0,CMAC,CMAC,3:30 P.M.,,0
2026-10-05,132602,FINAL,Beverly,4038,3,1,Winthrop,4437,0,0,Northeastern,Northeastern,6:00 P.M.,,0
2026-10-05,132649,FINAL,Peabody,4306,1,1,Salem,4336,0,0,Northeastern,Northeastern,4:00 P.M.,,0
2026-10-05,132824,FINAL,Dedham,4108,0,0,Medfield,4241,6,1,Tri-Valley,Tri-Valley,4:30 P.M.,,0
2026-10-05,132957,FINAL,Bishop Fenwick,4043,0,2,Cardinal Spellman,4075,0,2,Catholic Central,Catholic Central,4:00 P.M.,,0
2026-10-05,132960,FINAL,Douglas,4506,0,0,Auburn,4019,1,1,CMAC,CMAC,3:30 P.M.,,0
2026-10-05,133146,FINAL,East Bridgewater,4126,1,1,Randolph,4327,0,0,South Shore,South Shore,4:30 P.M.,,0
2026-10-05,133279,FINAL,Keefe Tech,4191,1,0,Nipmuc,4281,2,1,CMAC,CMAC,3:30 P.M.,,0
2026-10-05,133348,FINAL,Southwick,4519,1,0,Commerce,4361,2,1,Holley,Bi-County,4:00 P.M.,,0
2026-10-05,133398,FINAL,Seekonk,4344,0,0,Joseph Case,4078,2,1,South Coast,South Coast,3:45 P.M.,,0
2026-10-05,133465,FINAL,Pathfinder,4305,2,0,Holyoke,4176,3,1,Tri-County,Holley,5:00 P.M.,,0
2026-10-05,133591,FINAL,Old Rochester,4301,3,1,Dighton-Rehoboth,4114,0,0,South Coast,South Coast,3:45 P.M.,,0
2026-10-05,133616,FINAL,Cohasset,4094,2,1,Norwell,4296,1,0,South Shore,South Shore,4:00 P.M.,,0
2026-10-05,134335,FINAL,Abington,4002,2,1,Hull,4184,1,0,South Shore,South Shore,5:00 P.M.,,0
2026-10-05,134774,FINAL,Athol,4017,2,1,Hopkins,4531,1,0,Schmid,Schmid,6:00 P.M.,,0
2026-10-05,136416,FINAL,Bay Path,4027,6,1,University Park,4514,0,0,CMAC,CMAC,3:30 P.M.,,0
2026-10-05,136717,FINAL,Oxford,4303,2,1,Blackstone-Millville,4486,0,0,CMAC,CMAC,4:00 P.M.,,0
2026-10-05,137863,FINAL,Bristol Aggie,4463,1,0,Blue Hills,4047,7,1,Mayflower,Mayflower,3:30 P.M.,,0
2026-10-05,137998,FINAL,Bourne,4050,0,0,West Bridgewater,4415,4,1,South Coast,South Coast,3:45 P.M.,,0
2026-10-05,138349,FINAL,Carver,4077,3,1,Mashpee,4237,1,0,South Shore,South Shore,4:00 P.M.,,0
2026-10-05,138866,FINAL,Easthampton,4130,2,2,Mt. Greylock,4262,2,2,Moriarty,Churchill,4:00 P.M.,,0
2026-10-05,139595,POSTPONED,Tahanto,4513,,,Gardner,4147,,,Mid-Wach,Mid-Wach,4:00 P.M.,,0
2026-10-05,152777,FINAL,TechBoston,4117,0,0,Boston International,4547,3,1,Boston City,Boston City,,,0
2026-10-05,152779,FINAL,English High,4048,0,0,Brooke Charter,5071,4,1,Boston City,Charter School Athletic,,,0
2026-10-06,129625,FINAL,Bristol-Plymouth,4057,0,0,Southeastern,4358,1,1,Mayflower,Mayflower,3:30 P.M.,,0
2026-10-06,129690,FINAL,Medford,4242,0,0,Revere,4329,3,1,Greater Boston,Greater Boston,4:30 P.M.,,0
2026-10-06,129736,FINAL,Plymouth North,4315,2,1,North Quincy,4287,0,0,Patriot,Patriot,5:30 P.M.,,0
2026-10-06,129840,FINAL,BC High,4029,7,1,Malden Catholic,4228,1,0,Catholic Conference,Catholic Conference,4:00 P.M.,,0
2026-10-06,129882,FINAL,Duxbury,4123,4,1,Quincy,4326,2,0,Patriot,Patriot,4:00 P.M.,,0
2026-10-06,129944,FINAL,Andover,4009,1,1,Billerica,4040,0,0,Merrimack Valley,Merrimack Valley,7:00 P.M.,,0
2026-10-06,129971,FINAL,Xaverian,4446,2,1,St. John’s Prep,4369,1,0,Catholic Conference,Catholic Conference,4:00 P.M.,,0
2026-10-06,130004,FINAL,Marshfield,4234,3,1,Hanover,4164,1,0,Patriot,Patriot,6:00 P.M.,,0
2026-10-06,130059,FINAL,Stoughton,4381,5,1,Sharon,4345,4,0,Hockomock,Hockomock,5:30 P.M.,,0
2026-10-06,130061,FINAL,Brookline,4059,3,2,Wellesley,4413,3,2,Bay State,Bay State,4:00 P.M.,,0
2026-10-06,130142,FINAL,Lowell,4216,1,2,Chelmsford,4085,1,2,Merrimack Valley,Merrimack Valley,5:00 P.M.,,0
2026-10-06,130196,FINAL,King Philip,4197,1,2,North Attleborough,4284,1,2,Hockomock,Hockomock,3:45 P.M.,,0
2026-10-06,130313,FINAL,Newton North,4279,2,0,Natick,4270,3,1,Bay State,Bay State,4:00 P.M.,,0
2026-10-06,130348,FINAL,Walpole,4404,1,0,Framingham,4143,4,1,Bay State,Bay State,4:00 P.M.,,0
2026-10-06,130405,FINAL,Cambridge,4067,2,0,Lincoln-Sudbury,4211,3,1,Dual County,Dual County,4:30 P.M.,,0
2026-10-06,130468,FINAL,Hingham,4171,4,1,Scituate,4343,3,0,Patriot,Patriot,4:00 P.M.,,0
2026-10-06,130503,FINAL,Dracut,4119,2,1,Lawrence,4203,0,0,Merrimack Valley,Merrimack Valley,6:30 P.M.,,0
2026-10-06,130525,FINAL,Shrewsbury,4348,3,1,Algonquin,4005,0,0,Mid-Wach,Mid-Wach,6:00 P.M.,,0
2026-10-06,130558,FINAL,Milford,4249,3,1,Attleboro,4018,1,0,Hockomock,Hockomock,4:00 P.M.,,0
2026-10-06,130578,UPCOMING,Weymouth,4425,,,Milton,4252,,,Bay State,Bay State,4:00 P.M.,,0
2026-10-06,130612,FINAL,Mansfield,4230,0,2,Oliver Ames,4302,0,2,Hockomock,Hockomock,7:00 P.M.,,0
2026-10-06,130744,FINAL,West Springfield,4417,1,1,Longmeadow,4214,0,0,Smith,Smith,7:00 P.M.,,0
2026-10-06,130780,FINAL,Northampton,4291,1,1,Agawam,4004,0,0,Churchill,Churchill,6:30 P.M.,,0
2026-10-06,130812,FINAL,Silver Lake,4349,5,1,Plymouth South,4316,2,0,Patriot,Patriot,4:00 P.M.,,0
2026-10-06,130895,FINAL,Pembroke,4308,2,2,Whitman-Hanson,4427,2,2,Patriot,Patriot,4:00 P.M.,,0
2026-10-06,130922,FINAL,Pittsfield,4314,4,1,Minnechaug,4254,1,0,Churchill,Churchill,6:00 P.M.,,0
2026-10-06,130952,UPCOMING,Commerce,4361,,,Putnam,4362,,,Bi-County,Bi-County,4:00 P.M.,,0
2026-10-06,131068,FINAL,Foxborough,4142,1,1,Canton,4071,0,0,Hockomock,Hockomock,3:45 P.M.,,0
2026-10-06,131113,FINAL,Oakmont,4299,1,0,Shepherd Hill,4347,4,1,Mid-Wach,Mid-Wach,4:00 P.M.,,0
2026-10-06,131203,FINAL,Grafton,4153,1,0,Westborough,4418,2,1,Mid-Wach,Mid-Wach,4:00 P.M.,,0
2026-10-06,131289,FINAL,Chelsea,4086,2,1,Malden,4227,1,0,Greater Boston,Greater Boston,4:15 P.M.,,0
2026-10-06,131439,FINAL,Bedford,4031,1,1,Waltham,4405,0,0,Dual County,Dual County,4:00 P.M.,,0
2026-10-06,131467,FINAL,Boston Latin,4049,1,2,Newton South,4280,1,2,Dual County,Dual County,4:00 P.M.,,0
2026-10-06,131545,FINAL,Wachusett,4400,2,1,Leominster,4208,1,0,Mid-Wach,Mid-Wach,6:00 P.M.,,0
2026-10-06,131591,FINAL,Acton-Boxborough,4003,1,0,Wayland,4411,2,1,Dual County,Dual County,4:30 P.M.,,0
2026-10-06,131609,FINAL,Marlborough,4233,1,0,Nashoba,4267,3,1,Mid-Wach,Mid-Wach,7:00 P.M.,,0
2026-10-06,131641,FINAL,Taunton,4388,0,0,Franklin,4144,1,1,Hockomock,Hockomock,3:45 P.M.,,0
2026-10-06,131755,FINAL,Braintree,4051,6,1,Needham,4272,3,0,Bay State,Bay State,4:00 P.M.,,0
2026-10-06,131834,FINAL,Lynnfield,4223,0,0,Newburyport,4276,3,1,Cape Ann,Cape Ann,4:00 P.M.,,0
2026-10-06,131914,FINAL,East Longmeadow,4127,2,1,Ludlow,4218,0,0,Smith,Smith,7:00 P.M.,,0
2026-10-06,132010,FINAL,Haverhill,4167,1,0,Tewksbury,4389,3,1,Merrimack Valley,Merrimack Valley,6:30 P.M.,,0
2026-10-06,132042,FINAL,Bridgewater-Raynham,4053,1,2,Durfee,4122,1,2,Pioneer,Big Three,4:00 P.M.,,0
2026-10-06,132079,UPCOMING,Lynn Tech,4222,,,Greater Lowell,4155,,,Commonwealth,Commonwealth,7:30 P.M.,,0
2026-10-06,132140,FINAL,Catholic Memorial,4080,3,1,St. John’s (Shrewsbury),4368,2,0,Catholic Conference,Catholic Conference,7:00 P.M.,,0
2026-10-06,132169,FINAL,Triton,4395,1,0,Essex Tech,4745,3,1,Cape Ann,Cape Ann,4:00 P.M.,,0
2026-10-06,132283,FINAL,Weston,4423,2,1,Westford,4421,1,0,Dual County,Dual County,4:00 P.M.,,0
2026-10-06,132296,FINAL,Whittier,4428,0,0,Mystic Valley,4264,3,1,Commonwealth,Commonwealth,4:30 P.M.,,0
2026-10-06,132401,FINAL,North Andover,4283,2,1,Central Catholic,4081,0,0,Merrimack Valley,Merrimack Valley,6:15 P.M.,,0
2026-10-06,132423,FINAL,Greater Lawrence,4154,1,2,Shawsheen,4346,1,2,Commonwealth,Commonwealth,4:00 P.M.,,0
2026-10-06,132494,FINAL,Concord-Carlisle,4097,2,1,Bromfield,4505,0,0,Dual County,Mid-Wach,4:00 P.M.,,0
2026-10-06,132638,FINAL,Tyngsborough,4397,2,1,Fitchburg,4139,1,0,Mid-Wach,Mid-Wach,4:00 P.M.,,0
2026-10-06,132688,FINAL,Somerville,4351,5,1,Lynn English,4221,1,0,Greater Boston,Greater Boston,4:15 P.M.,,0
2026-10-06,132748,FINAL,Dennis-Yarmouth,4111,0,0,Nauset,4271,5,1,Cape & Islands,Cape & Islands,4:00 P.M.,,0
2026-10-06,132788,FINAL,North Middlesex,4286,9,1,Groton,4544,2,0,Mid-Wach,ISL,4:00 P.M.,,0
2026-10-06,132934,FINAL,Pope Francis,4796,0,0,Belchertown,4032,2,1,Smith,Smith,4:00 P.M.,,0
2026-10-06,133052,FINAL,Nantucket,4265,2,1,Falmouth,4134,1,0,Cape & Islands,Cape & Islands,4:00 P.M.,,0
2026-10-06,133186,FINAL,Quabbin,4325,5,1,West Boylston,4414,0,0,Mid-Wach,Mid-Wach,3:30 P.M.,,0
2026-10-06,133461,FINAL,North Reading,4288,0,0,Pentucket,4309,2,1,Cape Ann,Cape Ann,4:45 P.M.,,0
2026-10-06,133631,FINAL,Monomoy,4706,1,2,Martha’s Vineyard,4235,1,2,Cape & Islands,Cape & Islands,4:00 P.M.,,0
2026-10-06,133665,FINAL,Lunenburg,4219,2,0,Hudson,4182,6,1,Mid-Wach,Mid-Wach,5:30 P.M.,,0
2026-10-06,134429,FINAL,Advanced Math and Science,4595,3,1,Sutton,4512,2,0,CMAC,CMAC,4:00 P.M.,,0
2026-10-06,134472,FINAL,Hamilton-Wenham,4163,2,0,Amesbury,4007,3,1,Cape Ann,Cape Ann,4:00 P.M.,,0
2026-10-06,134807,FINAL,Clinton,4093,3,1,Ayer Shirley,4022,0,0,Mid-Wach,Mid-Wach,6:00 P.M.,,0
2026-10-06,137870,FINAL,Blue Hills,4047,0,0,Upper Cape,4457,3,1,Mayflower,Mayflower,3:30 P.M.,,0
2026-10-06,138955,UPCOMING,Salem Academy,4604,,,Excel Academy,4969,,,Charter School Athletic,Charter School Athletic,5:00 P.M.,,0
2026-10-06,150071,FINAL,Ipswich,4190,3,1,Georgetown,4148,2,0,Cape Ann,Cape Ann,4:00 P.M.,,0
2026-10-06,152891,FINAL,St. John Paul II,4689,4,1,Sturgis East,4456,0,0,Cape & Islands,Cape & Islands,4:00 P.M.,,0
2026-10-06,152893,FINAL,Westport,4461,6,1,Wareham,4407,0,0,Mayflower,Mayflower,3:45 P.M.,,0
2026-10-06,152916,FINAL,Auburn,4019,3,1,Northbridge,4292,0,0,CMAC,CMAC,5:30 P.M.,,0
2026-10-06,152926,FINAL,Phillips Andover,4310,5,1,Brighton,4055,4,0,Independent,Boston City,,,0
2026-10-06,152934,FINAL,Rockport,4490,0,0,Manchester Essex,4229,2,1,Cape Ann,Cape Ann,6:00 P.M.,,0
2026-10-06,152946,FINAL,Bristol Aggie,4463,0,0,Cape Cod Tech,4073,9,1,Mayflower,Mayflower,3:30 P.M.,,0
2026-10-06,152949,FINAL,Littleton,4212,2,1,Maynard,4239,1,0,Mid-Wach,Mid-Wach,4:00 P.M.,,0
2026-10-06,152951,FINAL,Lowell Catholic,4217,4,0,Innovation Academy,4690,5,1,Commonwealth,Commonwealth,5:00 P.M.,,0
2026-10-06,152952,FINAL,Pioneer Charter I,4701,1,2,Northeast,4293,1,2,Charter School Athletic,Commonwealth,6:30 P.M.,,0
2026-10-06,152963,FINAL,Fenway,4492,2,1,Madison Park,4225,1,0,Boston City,Boston City,4:00 P.M.,,0
2026-10-06,152966,FINAL,O’Bryant,4298,1,2,New Mission/English High,4494,1,2,Boston City,Boston City,4:00 P.M.,,0
2026-10-06,152967,FINAL,Charlestown,4084,3,1,Boston Collegiate,4592,2,0,Boston City,Charter School Athletic,4:00 P.M.,,0
2026-10-07,129640,FINAL,Dearborn STEM,5016,1,0,Brockton,4058,2,1,Boston City,Big Three,6:00 P.M.,,0
2026-10-07,129716,FINAL,Lexington,4209,0,0,Belmont,4034,1,1,Middlesex,Middlesex,4:15 P.M.,,0
2026-10-07,129738,FINAL,Plymouth South,4316,2,1,North Quincy,4287,0,0,Patriot,Patriot,6:30 P.M.,,0
2026-10-07,129769,FINAL,Tri-County,4392,2,0,Diman,4115,4,1,Mayflower,Mayflower,3:30 P.M.,,0
2026-10-07,130297,FINAL,Lynn Classical,4220,0,2,Everett,4132,0,2,Greater Boston,Greater Boston,4:30 P.M.,,0
2026-10-07,130388,FINAL,Doherty,4116,6,1,Burncoat,4066,0,0,CMAC,CMAC,5:15 P.M.,,0
2026-10-07,130435,FINAL,Reading,4328,1,1,Winchester,4434,0,0,Middlesex,Middlesex,4:15 P.M.,,0
2026-10-07,130635,FINAL,Worcester North,4443,2,0,Tantasqua,4387,3,1,CMAC,CMAC,5:15 P.M.,,0
2026-10-07,130866,FINAL,Masconomet,4236,0,0,Marblehead,4231,1,1,Northeastern,Northeastern,4:00 P.M.,,0
2026-10-07,130972,FINAL,Melrose,4244,3,1,Stoneham,4380,1,0,Middlesex,Middlesex,4:15 P.M.,,0
2026-10-07,131009,FINAL,Somerset Berkley,4350,0,0,Old Rochester,4301,3,1,South Coast,South Coast,3:45 P.M.,,0
2026-10-07,131168,FINAL,Westwood,4424,1,1,Bellingham,4033,0,0,Tri-Valley,Tri-Valley,6:00 P.M.,,0
2026-10-07,131243,FINAL,Norwood,4297,0,0,Medway,4243,1,1,Tri-Valley,Tri-Valley,4:00 P.M.,,0
2026-10-07,131341,FINAL,Westfield,4419,0,0,Frontier,4146,1,1,Churchill,Moriarty,6:15 P.M.,,0
2026-10-07,131405,FINAL,Burlington,4065,2,2,Wilmington,4432,2,2,Middlesex,Middlesex,4:15 P.M.,,0
2026-10-07,131498,FINAL,Ashland,4015,13,1,Millis,4251,0,0,Tri-Valley,Tri-Valley,4:00 P.M.,,0
2026-10-07,131525,UPCOMING,Watertown,4409,,,Wakefield,4402,,,Middlesex,Middlesex,4:30 P.M.,,0
2026-10-07,131712,FINAL,Holliston,4174,6,1,Norton,4295,0,0,Tri-Valley,Tri-Valley,4:00 P.M.,,0
2026-10-07,131770,FINAL,Woburn,4438,0,0,Arlington,4013,2,1,Middlesex,Middlesex,4:30 P.M.,,0
2026-10-07,131788,FINAL,Randolph,4327,0,2,Middleborough,4247,0,2,South Shore,South Shore,4:00 P.M.,,0
2026-10-07,131982,FINAL,Bishop Stang,4045,4,1,Cardinal Spellman,4075,2,0,Catholic Central,Catholic Central,3:30 P.M.,,0
2026-10-07,132123,UPCOMING,Greater New Bedford,4156,,,Dighton-Rehoboth,4114,,,South Coast,South Coast,6:00 P.M.,,0
2026-10-07,132175,FINAL,Saugus,4341,0,2,Essex Tech,4745,0,2,Northeastern,Cape Ann,4:00 P.M.,,0
2026-10-07,132455,FINAL,Hopkinton,4180,0,2,Dedham,4108,0,2,Tri-Valley,Tri-Valley,4:30 P.M.,,0
2026-10-07,132530,FINAL,TechBoston,4117,0,0,Latin Academy,4202,6,1,Boston City,Boston City,4:00 P.M.,,0
2026-10-07,132608,FINAL,Peabody,4306,0,0,Beverly,4038,3,1,Northeastern,Northeastern,4:00 P.M.,,0
2026-10-07,132844,FINAL,Medfield,4241,3,1,Dover-Sherborn,4118,0,0,Tri-Valley,Tri-Valley,4:30 P.M.,,0
2026-10-07,132963,FINAL,Auburn,4019,3,1,Northbridge,4292,0,0,CMAC,CMAC,5:00 P.M.,,0
2026-10-07,132966,FINAL,Bishop Fenwick,4043,7,1,Arlington Catholic,4014,0,0,Catholic Central,Catholic Central,4:00 P.M.,,0
2026-10-07,132996,FINAL,Gloucester,4150,3,1,Winthrop,4437,0,0,Northeastern,Northeastern,4:30 P.M.,,0
2026-10-07,133094,FINAL,Rockland,4331,0,0,East Boston,4125,3,1,South Shore,Boston City,6:00 P.M.,,0
2026-10-07,133165,FINAL,Apponequet,4011,1,0,West Bridgewater,4415,3,1,South Coast,South Coast,3:45 P.M.,,0
2026-10-07,133284,FINAL,Salem,4336,0,2,Swampscott,4383,0,2,Northeastern,Northeastern,4:30 P.M.,,0
2026-10-07,133397,FINAL,Joseph Case,4078,4,1,Bourne,4050,1,0,South Coast,South Coast,3:45 P.M.,,0
2026-10-07,133468,UPCOMING,Springfield International,4480,,,Holyoke,4176,,,Schmid,Holley,5:00 P.M.,,0
2026-10-07,133528,FINAL,Fairhaven,4133,0,2,Seekonk,4344,0,2,South Coast,South Coast,3:45 P.M.,,0
2026-10-07,133565,FINAL,Taconic,4385,1,0,Hampshire,4518,2,1,Bi-County,Holley,4:00 P.M.,,0
2026-10-07,134776,FINAL,Athol,4017,6,1,Mohawk Trail,4258,3,0,Schmid,Tri-County,6:00 P.M.,,0
2026-10-07,136728,FINAL,Blackstone-Millville,4486,3,1,Bartlett,4026,1,0,CMAC,CMAC,4:00 P.M.,,0
2026-10-07,138698,FINAL,Douglas,4506,0,0,Oxford,4303,2,1,CMAC,CMAC,3:30 P.M.,,0
2026-10-07,138873,UPCOMING,Easthampton,4130,,,Lenox,4532,,,Moriarty,Moriarty,4:00 P.M.,,0
2026-10-07,139608,FINAL,Mahar,4226,0,0,Gardner,4147,9,1,Moriarty,Mid-Wach,4:00 P.M.,,0
2026-10-07,152981,FINAL,St. Sebastian’s,4378,7,1,Governor’s Academy,4152,0,0,ISL,ISL,,,0
2026-10-07,152993,FINAL,St. John Paul II,4689,3,1,Sandwich,4340,1,0,Cape & Islands,Cape & Islands,,,0
2026-10-07,152995,FINAL,Uxbridge,4398,6,1,Worcester Tech,4445,0,0,CMAC,Independent,,,0
2026-10-07,153017,FINAL,Whitinsville Christian,4487,4,1,David Prouty,4106,2,0,CMAC,CMAC,,,0
2026-10-07,153033,FINAL,Thayer,4390,2,1,Brooks,4060,1,0,ISL,ISL,,,0
2026-10-07,153077,FINAL,Millbury,4250,3,1,Tahanto,4513,1,0,CMAC,Mid-Wach,,,0
2026-10-07,153082,FINAL,Tabor,4384,0,0,Nobles,4282,4,1,ISL,ISL,,,0
2026-10-07,153084,FINAL,Ware,4406,2,0,Granby,4520,7,1,Tri-County,Schmid,,,0
2026-10-07,153086,FINAL,Brighton,4055,1,1,Somerville,4351,0,0,Boston City,Greater Boston,,,0
2026-10-07,153089,FINAL,Cathedral,4079,0,0,English High,4048,2,1,Catholic Central,Boston City,,,0
2026-10-07,153147,FINAL,Middlesex,4248,2,2,Lawrence Academy,4204,2,2,ISL,ISL,,,0
2026-10-08,129626,FINAL,Southeastern,4358,3,1,Seekonk,4344,0,0,Mayflower,South Coast,5:30 P.M.,,0
2026-10-08,129772,FINAL,Diman,4115,0,0,Bristol-Plymouth,4057,2,1,Mayflower,Mayflower,3:30 P.M.,,0
2026-10-08,129851,FINAL,Catholic Memorial,4080,1,2,BC High,4029,1,2,Catholic Conference,Catholic Conference,7:00 P.M.,,0
2026-10-08,129885,FINAL,Hanover,4164,0,2,Quincy,4326,0,2,Patriot,Patriot,4:00 P.M.,,0
2026-10-08,129947,FINAL,Billerica,4040,0,0,Chelmsford,4085,1,1,Merrimack Valley,Merrimack Valley,6:00 P.M.,,0
2026-10-08,129973,FINAL,St. John’s (Shrewsbury),4368,3,1,St. John’s Prep,4369,2,0,Catholic Conference,Catholic Conference,4:00 P.M.,,0
2026-10-08,130008,FINAL,Marshfield,4234,3,1,Duxbury,4123,0,0,Patriot,Patriot,6:00 P.M.,,0
2026-10-08,130064,UPCOMING,Canton,4071,,,Sharon,4345,,,Hockomock,Hockomock,7:00 P.M.,,0
2026-10-08,130068,FINAL,Weymouth,4425,1,0,Brookline,4059,3,1,Bay State,Bay State,4:00 P.M.,,0
2026-10-08,130117,FINAL,Worcester South,4444,1,0,Hopedale,4507,7,1,CMAC,CMAC,6:30 P.M.,,0
2026-10-08,130156,FINAL,Lowell,4216,2,2,North Andover,4283,2,2,Merrimack Valley,Merrimack Valley,5:00 P.M.,,0
2026-10-08,130200,FINAL,King Philip,4197,0,2,Taunton,4388,0,2,Hockomock,Hockomock,3:45 P.M.,,0
2026-10-08,130249,FINAL,Barnstable,4024,1,0,Martha’s Vineyard,4235,3,1,Pioneer,Cape & Islands,4:00 P.M.,,0
2026-10-08,130319,FINAL,Newton North,4279,1,2,Needham,4272,1,2,Bay State,Bay State,4:00 P.M.,,0
2026-10-08,130349,FINAL,Framingham,4143,2,1,Braintree,4051,1,0,Bay State,Bay State,4:00 P.M.,,0
2026-10-08,130406,FINAL,Wayland,4411,1,0,Cambridge,4067,3,1,Dual County,Dual County,4:30 P.M.,,0
2026-10-08,130473,FINAL,Hingham,4171,1,0,Whitman-Hanson,4427,3,1,Patriot,Patriot,4:00 P.M.,,0
2026-10-08,130505,FINAL,Tewksbury,4389,3,1,Lawrence,4203,1,0,Merrimack Valley,Merrimack Valley,7:00 P.M.,,0
2026-10-08,130526,FINAL,Grafton,4153,1,0,Shrewsbury,4348,2,1,Mid-Wach,Mid-Wach,4:00 P.M.,,0
2026-10-08,130559,FINAL,Oliver Ames,4302,3,1,Milford,4249,0,0,Hockomock,Hockomock,5:30 P.M.,,0
2026-10-08,130579,FINAL,Milton,4252,0,2,Natick,4270,0,2,Bay State,Bay State,4:00 P.M.,,0
2026-10-08,130663,FINAL,North Attleborough,4284,0,2,Franklin,4144,0,2,Hockomock,Hockomock,6:30 P.M.,,0
2026-10-08,130697,FINAL,Chicopee Comprehensive,4089,1,0,Springfield Central,4360,3,1,Holley,Holley,4:00 P.M.,,0
2026-10-08,130715,FINAL,Mansfield,4230,1,2,Attleboro,4018,1,2,Hockomock,Hockomock,3:45 P.M.,,0
2026-10-08,130758,FINAL,Foxborough,4142,1,2,Stoughton,4381,1,2,Hockomock,Hockomock,3:30 P.M.,,0
2026-10-08,130813,FINAL,Silver Lake,4349,1,2,Plymouth North,4315,1,2,Patriot,Patriot,4:00 P.M.,,0
2026-10-08,130925,FINAL,Belchertown,4032,1,1,Minnechaug,4254,0,0,Smith,Churchill,6:30 P.M.,,0
2026-10-08,131028,FINAL,Walpole,4404,1,0,Wellesley,4413,6,1,Bay State,Bay State,4:00 P.M.,,0
2026-10-08,131048,FINAL,Bridgewater-Raynham,4053,1,0,Dartmouth,4105,2,1,Pioneer,Pioneer,4:00 P.M.,,0
2026-10-08,131115,FINAL,Nashoba,4267,0,0,Shepherd Hill,4347,2,1,Mid-Wach,Mid-Wach,4:00 P.M.,,0
2026-10-08,131291,FINAL,Chelsea,4086,0,2,Pioneer Charter II,4964,0,2,Greater Boston,Charter School Athletic,4:15 P.M.,,0
2026-10-08,131440,FINAL,Weston,4423,3,1,Bedford,4031,0,0,Dual County,Dual County,4:15 P.M.,,0
2026-10-08,131470,FINAL,Newton South,4280,1,2,Lincoln-Sudbury,4211,1,2,Dual County,Dual County,4:00 P.M.,,0
2026-10-08,131548,FINAL,Algonquin,4005,1,2,Wachusett,4400,1,2,Mid-Wach,Mid-Wach,6:00 P.M.,,0
2026-10-08,131566,FINAL,Leominster,4208,0,2,Westborough,4418,0,2,Mid-Wach,Mid-Wach,7:00 P.M.,,0
2026-10-08,131695,FINAL,Central Catholic,4081,1,0,Andover,4009,3,1,Merrimack Valley,Merrimack Valley,7:00 P.M.,,0
2026-10-08,131741,FINAL,Methuen,4246,2,2,Dracut,4119,2,2,Merrimack Valley,Merrimack Valley,5:30 P.M.,,0
2026-10-08,131837,FINAL,North Reading,4288,0,0,Newburyport,4276,3,1,Cape Ann,Cape Ann,4:30 P.M.,,0
2026-10-08,131916,FINAL,East Longmeadow,4127,1,0,Pope Francis,4796,2,1,Smith,Smith,7:00 P.M.,,0
2026-10-08,131947,FINAL,Randolph,4327,1,2,Archbishop Williams,4012,1,2,South Shore,Catholic Central,4:00 P.M.,,0
2026-10-08,132013,POSTPONED,Shawsheen,4346,,,Haverhill,4167,,,Commonwealth,Merrimack Valley,4:00 P.M.,,0
2026-10-08,132026,FINAL,Durfee,4122,0,0,New Bedford,4273,4,1,Big Three,Big Three,6:00 P.M.,,0
2026-10-08,132101,FINAL,Malden Catholic,4228,0,0,Xaverian,4446,5,1,Catholic Conference,Catholic Conference,6:00 P.M.,,0
2026-10-08,132177,FINAL,Pentucket,4309,1,1,Essex Tech,4745,0,0,Cape Ann,Cape Ann,4:30 P.M.,,0
2026-10-08,132297,FINAL,Innovation Academy,4690,2,0,Whittier,4428,4,1,Commonwealth,Commonwealth,4:00 P.M.,,0
2026-10-08,132318,FINAL,Waltham,4405,2,1,Concord-Carlisle,4097,0,0,Dual County,Dual County,4:00 P.M.,,0
2026-10-08,132640,FINAL,Fitchburg,4139,3,2,Maynard,4239,3,2,Mid-Wach,Mid-Wach,7:00 P.M.,,0
2026-10-08,132750,FINAL,Nauset,4271,0,0,Nantucket,4265,1,1,Cape & Islands,Cape & Islands,4:00 P.M.,,0
2026-10-08,132790,FINAL,North Middlesex,4286,1,1,Oakmont,4299,0,0,Mid-Wach,Mid-Wach,4:00 P.M.,,0
2026-10-08,132799,FINAL,Medford,4242,4,2,Collegiate Charter,4986,4,2,Greater Boston,Charter School Athletic,6:00 P.M.,,0
2026-10-08,132857,FINAL,Groton-Dunstable,4160,1,2,Marlborough,4233,1,2,Mid-Wach,Mid-Wach,4:00 P.M.,,0
2026-10-08,132869,FINAL,Scituate,4343,1,0,Pembroke,4308,3,1,Patriot,Patriot,4:00 P.M.,,0
2026-10-08,132923,UPCOMING,Greater Lawrence,4154,,,Northeast,4293,,,Commonwealth,Commonwealth,5:00 P.M.,,0
2026-10-08,133053,FINAL,Falmouth,4134,0,0,Monomoy,4706,1,1,Cape & Islands,Cape & Islands,4:00 P.M.,,0
2026-10-08,133149,FINAL,East Bridgewater,4126,1,0,St. John Paul II,4689,3,1,South Shore,Cape & Islands,4:00 P.M.,,0
2026-10-08,133232,FINAL,Lynnfield,4223,2,1,Triton,4395,1,0,Cape Ann,Cape Ann,6:00 P.M.,,0
2026-10-08,133314,FINAL,Sandwich,4340,1,2,Dennis-Yarmouth,4111,1,2,Cape & Islands,Cape & Islands,4:00 P.M.,,0
2026-10-08,133352,FINAL,Commerce,4361,2,0,Pathfinder,4305,3,1,Bi-County,Tri-County,4:00 P.M.,,0
2026-10-08,133469,FINAL,Holyoke,4176,1,0,Smith Voc.,4539,5,1,Holley,Tri-County,6:00 P.M.,,0
2026-10-08,133491,FINAL,South Hadley,4353,0,0,Chicopee,4088,5,1,Moriarty,Holley,4:00 P.M.,,0
2026-10-08,133576,FINAL,Old Rochester,4301,6,1,Bourne,4050,3,0,South Coast,South Coast,3:45 P.M.,,0
2026-10-08,133671,FINAL,Hudson,4182,1,0,Bromfield,4505,5,1,Mid-Wach,Mid-Wach,4:00 P.M.,,0
2026-10-08,134340,FINAL,Cohasset,4094,3,1,Abington,4002,1,0,South Shore,South Shore,6:00 P.M.,,0
2026-10-08,134475,FINAL,Manchester Essex,4229,4,1,Amesbury,4007,0,0,Cape Ann,Cape Ann,4:00 P.M.,,0
2026-10-08,134812,FINAL,West Boylston,4414,0,0,Ayer Shirley,4022,1,1,Mid-Wach,Mid-Wach,3:30 P.M.,,0
2026-10-08,138355,UPCOMING,Carver,4077,,,Rising Tide Charter,4746,,,South Shore,Cape & Islands,5:30 P.M.,,0
2026-10-08,138961,FINAL,Excel Academy,4969,13,1,Salem Academy,4604,0,0,Charter School Athletic,Charter School Athletic,5:15 P.M.,,0
2026-10-08,139342,FINAL,Falmouth Academy,4135,0,0,Sturgis West,4735,2,1,Cape & Islands,Cape & Islands,4:00 P.M.,,0
2026-10-08,153214,FINAL,New Heights Charter,5088,3,1,Atlantis Charter,4818,2,0,Charter School Athletic,Mayflower,4:00 P.M.,,0
2026-10-08,153215,FINAL,Drury,4120,3,1,Pioneer Valley,4536,0,0,Bi-County,Schmid,4:00 P.M.,,0
2026-10-08,153223,FINAL,St. Paul,4954,6,1,Parker Charter,4483,0,0,CMAC,CMAC,,,0
2026-10-08,153226,FINAL,Cape Cod Tech,4073,2,1,Old Colony,4300,1,0,Mayflower,Mayflower,3:30 P.M.,,0
2026-10-08,153227,FINAL,O’Bryant,4298,3,1,Fenway,4492,0,0,Boston City,Boston City,,,0
2026-10-08,153233,FINAL,KIPP,4703,0,0,Lynn Tech,4222,1,1,Commonwealth,Commonwealth,4:00 P.M.,,0
2026-10-08,153250,FINAL,Ipswich,4190,3,1,Rockport,4490,1,0,Cape Ann,Cape Ann,,,0
2026-10-08,153256,FINAL,Holbrook,4172,0,0,Westport,4461,1,1,Mayflower,Mayflower,3:30 P.M.,,0
2026-10-08,153259,FINAL,Wareham,4407,3,1,Avon,4460,0,0,Mayflower,Mayflower,3:45 P.M.,,0
2026-10-08,153262,FINAL,Nashoba Valley Tech,4268,2,0,Mystic Valley,4264,5,1,Commonwealth,Commonwealth,4:00 P.M.,,0
2026-10-08,153265,FINAL,Duggan Academy,4843,1,0,Hampden Charter East,4712,4,1,Tri-County,Tri-County,4:00 P.M.,,0
2026-10-08,153266,FINAL,Monson,4429,1,1,Mahar,4226,0,0,Holley,Moriarty,4:00 P.M.,,0
2026-10-08,153267,FINAL,Argosy Collegiate,5032,0,0,Roxbury Prep,4847,7,1,Charter School Athletic,Charter School Athletic,5:30 P.M.,,0
2026-10-08,153274,FINAL,Brighton,4055,1,0,Boston International,4547,3,1,Boston City,Boston City,,,0
2026-10-08,153277,FINAL,New Mission/English High,4494,5,1,Charlestown,4084,0,0,Boston City,Boston City,,,0
2026-10-08,153280,FINAL,Boston Collegiate,4592,1,0,Madison Park,4225,2,1,Charter School Athletic,Boston City,,,0
2026-10-08,153285,FINAL,Lunenburg,4219,2,0,Littleton,4212,4,1,Mid-Wach,Mid-Wach,6:30 P.M.,,0
2026-10-08,153296,FINAL,Atlantis Charter,4818,0,0,Sturgis West,4735,3,1,Mayflower,Cape & Islands,5:30 P.M.,,0
2026-10-09,129692,UPCOMING,Methuen,4246,,,Revere,4329,,,Merrimack Valley,Greater Boston,6:00 P.M.,,0
2026-10-09,129825,UPCOMING,Bristol-Plymouth,4057,,,Middleborough,4247,,,Mayflower,South Shore,4:00 P.M.,,0
2026-10-09,130121,UPCOMING,Sutton,4512,,,Worcester South,4444,,,CMAC,CMAC,3:30 P.M.,,0
2026-10-09,130256,UPCOMING,Milford,4249,,,Barnstable,4024,,,Hockomock,Pioneer,4:00 P.M.,,0
2026-10-09,130298,UPCOMING,Winthrop,4437,,,Lynn Classical,4220,,,Northeastern,Greater Boston,4:30 P.M.,,0
2026-10-09,130390,UPCOMING,Blackstone Valley,4046,,,Doherty,4116,,,CMAC,CMAC,3:30 P.M.,,0
2026-10-09,130636,UPCOMING,Worcester North,4443,,,Assabet,4016,,,CMAC,CMAC,3:30 P.M.,,0
2026-10-09,130781,UPCOMING,Agawam,4004,,,Pittsfield,4314,,,Churchill,Churchill,7:30 P.M.,,0
2026-10-09,130867,UPCOMING,Masconomet,4236,,,Mystic Valley,4264,,,Northeastern,Commonwealth,4:00 P.M.,,0
2026-10-09,130926,UPCOMING,Minnechaug,4254,,,Monument Mtn.,4260,,,Churchill,Churchill,6:45 P.M.,,0
2026-10-09,130955,UPCOMING,Putnam,4362,,,Commerce,4361,,,Bi-County,Bi-County,4:00 P.M.,,0
2026-10-09,130974,UPCOMING,Melrose,4244,,,Somerville,4351,,,Middlesex,Greater Boston,6:00 P.M.,,0
2026-10-09,131089,UPCOMING,Longmeadow,4214,,,Ludlow,4218,,,Smith,Smith,7:00 P.M.,,0
2026-10-09,131139,UPCOMING,Amherst-Pelham,4008,,,Northampton,4291,,,Churchill,Churchill,4:15 P.M.,,0
2026-10-09,131171,UPCOMING,Wellesley,4413,,,Westwood,4424,,,Bay State,Tri-Valley,4:15 P.M.,,0
2026-10-09,131321,UPCOMING,Marblehead,4231,,,Everett,4132,,,Northeastern,Greater Boston,7:00 P.M.,,0
2026-10-09,131411,UPCOMING,Whittier,4428,,,Burlington,4065,,,Commonwealth,Middlesex,4:30 P.M.,,0
2026-10-09,132074,UPCOMING,Northeast,4293,,,Greater Lowell,4155,,,Commonwealth,Commonwealth,5:00 P.M.,,0
2026-10-09,132229,UPCOMING,Monty Tech,4259,,,Blackstone-Millville,4486,,,CMAC,CMAC,4:00 P.M.,,0
2026-10-09,132613,UPCOMING,Quaboag,4510,,,Burncoat,4066,,,CMAC,CMAC,3:30 P.M.,,0
2026-10-09,132726,UPCOMING,Foxborough,4142,,,Fairhaven,4133,,,Hockomock,South Coast,3:45 P.M.,,0
2026-10-09,133096,UPCOMING,East Boston,4125,,,Dearborn STEM,5016,,,Boston City,Boston City,6:00 P.M.,,0
2026-10-09,133188,UPCOMING,Tahanto,4513,,,Quabbin,4325,,,Mid-Wach,Mid-Wach,4:00 P.M.,,0
2026-10-09,133294,UPCOMING,Nipmuc,4281,,,Douglas,4506,,,CMAC,CMAC,4:00 P.M.,,0
2026-10-09,133569,UPCOMING,Mt. Greylock,4262,,,Taconic,4385,,,Churchill,Bi-County,6:00 P.M.,,0
2026-10-09,133673,UPCOMING,Hudson,4182,,,Clinton,4093,,,Mid-Wach,Mid-Wach,4:00 P.M.,,0
2026-10-09,134430,UPCOMING,Keefe Tech,4191,,,Advanced Math and Science,4595,,,CMAC,CMAC,3:30 P.M.,,0
2026-10-09,136419,UPCOMING,Northbridge,4292,,,Bay Path,4027,,,CMAC,CMAC,3:30 P.M.,,0
2026-10-09,137899,UPCOMING,Blue Hills,4047,,,Upper Cape,4457,,,Mayflower,Mayflower,3:30 P.M.,,0
2026-10-09,138358,UPCOMING,Wareham,4407,,,Carver,4077,,,Mayflower,South Shore,3:30 P.M.,,0
2026-10-09,150072,UPCOMING,Georgetown,4148,,,Hamilton-Wenham,4163,,,Cape Ann,Cape Ann,7:00 P.M.,,0
2026-10-10,129949,UPCOMING,Billerica,4040,,,Peabody,4306,,,Merrimack Valley,Northeastern,1:30 P.M.,,0
2026-10-10,130351,UPCOMING,Newton South,4280,,,Framingham,4143,,,Dual County,Bay State,6:00 P.M.,,0
2026-10-10,130506,UPCOMING,Lawrence,4203,,,Tewksbury,4389,,,Merrimack Valley,Merrimack Valley,10:00 A.M.,,0
2026-10-10,130581,UPCOMING,Stoughton,4381,,,Milton,4252,,,Hockomock,Bay State,11:00 A.M.,,0
2026-10-10,130614,UPCOMING,Weymouth,4425,,,Oliver Ames,4302,,,Bay State,Hockomock,6:00 P.M.,,0
2026-10-10,130716,UPCOMING,Bridgewater-Raynham,4053,,,Mansfield,4230,,,Pioneer,Hockomock,4:30 P.M.,,0
2026-10-10,131342,UPCOMING,Westfield,4419,,,Hopkins,4531,,,Churchill,Schmid,11:00 A.M.,,0
2026-10-10,131442,UPCOMING,East Longmeadow,4127,,,Bedford,4031,,,Smith,Dual County,1:30 P.M.,,0
2026-10-10,131696,UPCOMING,Hopkinton,4180,,,Andover,4009,,,Tri-Valley,Merrimack Valley,3:00 P.M.,,0
2026-10-10,131772,UPCOMING,Winchester,4434,,,Arlington,4013,,,Middlesex,Middlesex,1:30 P.M.,,0
2026-10-10,131872,UPCOMING,Bishop Fenwick,4043,,,Danvers,4103,,,Catholic Central,Northeastern,12:00 P.M.,,0
2026-10-10,132028,UPCOMING,Greater New Bedford,4156,,,New Bedford,4273,,,South Coast,Big Three,6:00 P.M.,,0
2026-10-10,132083,UPCOMING,Greater Lowell,4155,,,Stoneham,4380,,,Commonwealth,Middlesex,12:00 P.M.,,0
2026-10-10,132103,UPCOMING,Medfield,4241,,,Xaverian,4446,,,Tri-Valley,Catholic Conference,1:00 P.M.,,0
2026-10-10,132309,UPCOMING,Watertown,4409,,,Waltham,4405,,,Middlesex,Dual County,6:00 P.M.,,0
2026-10-10,132426,UPCOMING,Shawsheen,4346,,,Groton,4544,,,Commonwealth,ISL,10:00 A.M.,,0
2026-10-10,132642,UPCOMING,Oakmont,4299,,,Fitchburg,4139,,,Mid-Wach,Mid-Wach,10:00 A.M.,,0
2026-10-10,132722,UPCOMING,La Salle (R.I.),4201,,,Bishop Feehan,4042,,,Independent,Catholic Central,12:00 P.M.,,0
2026-10-10,132801,UPCOMING,Arlington Catholic,4014,,,Medford,4242,,,Catholic Central,Greater Boston,4:00 P.M.,,0
2026-10-10,132890,UPCOMING,Malden Catholic,4228,,,St. Mary’s,4374,,,Catholic Conference,Catholic Central,2:00 P.M.,,0
2026-10-10,132976,UPCOMING,Bishop Fenwick,4043,,,Arlington Catholic,4014,,,Catholic Central,Catholic Central,10:00 A.M.,,0
2026-10-10,132999,UPCOMING,Gloucester,4150,,,Rockport,4490,,,Northeastern,Cape Ann,6:00 P.M.,,0
2026-10-10,133420,UPCOMING,Taconic,4385,,,Pittsfield,4314,,,Bi-County,Churchill,,,0
2026-10-10,133427,UPCOMING,Nantucket,4265,,,Abington,4002,,,Cape & Islands,South Shore,1:00 P.M.,,0
2026-10-12,129629,UPCOMING,Southeastern,4358,,,North Attleborough,4284,,,Mayflower,Hockomock,12:00 P.M.,,0
2026-10-12,129719,UPCOMING,Wakefield,4402,,,Lexington,4209,,,Middlesex,Middlesex,10:00 P.M.,,0
2026-10-12,129773,UPCOMING,Joseph Case,4078,,,Diman,4115,,,South Coast,Mayflower,3:45 P.M.,,0
2026-10-12,130205,UPCOMING,Bishop Feehan,4042,,,King Philip,4197,,,Catholic Central,Hockomock,10:00 A.M.,,0
2026-10-12,130303,UPCOMING,Lynn Classical,4220,,,Danvers,4103,,,Greater Boston,Northeastern,4:30 P.M.,,0
2026-10-12,130438,UPCOMING,Wilmington,4432,,,Reading,4328,,,Middlesex,Middlesex,10:00 A.M.,,0
2026-10-12,130582,UPCOMING,Milton,4252,,,O’Bryant,4298,,,Bay State,Boston City,,,0
2026-10-12,130700,UPCOMING,Chicopee Comprehensive,4089,,,Chicopee,4088,,,Holley,Holley,4:00 P.M.,,0
2026-10-12,130956,UPCOMING,Renaissance,4664,,,Putnam,4362,,,Schmid,Bi-County,4:00 P.M.,,0
2026-10-12,130977,UPCOMING,Melrose,4244,,,Woburn,4438,,,Middlesex,Middlesex,4:15 P.M.,,0
2026-10-12,131344,UPCOMING,Westfield,4419,,,South Hadley,4353,,,Churchill,Moriarty,4:00 P.M.,,0
2026-10-12,131412,UPCOMING,Burlington,4065,,,Winchester,4434,,,Middlesex,Middlesex,10:00 A.M.,,0
2026-10-12,131774,UPCOMING,Watertown,4409,,,Arlington,4013,,,Middlesex,Middlesex,10:00 A.M.,,0
2026-10-12,131983,UPCOMING,Apponequet,4011,,,Bishop Stang,4045,,,South Coast,Catholic Central,11:00 A.M.,,0
2026-10-12,132016,UPCOMING,Haverhill,4167,,,Pentucket,4309,,,Merrimack Valley,Cape Ann,4:00 P.M.,,0
2026-10-12,132197,UPCOMING,Stoneham,4380,,,Belmont,4034,,,Middlesex,Middlesex,4:15 P.M.,,0
2026-10-12,132555,UPCOMING,Frontier,4146,,,Springfield Central,4360,,,Moriarty,Holley,7:00 P.M.,,0
2026-10-12,132764,UPCOMING,Dracut,4119,,,Tewksbury,4389,,,Merrimack Valley,Merrimack Valley,6:30 P.M.,,0
2026-10-12,133029,UPCOMING,East Bridgewater,4126,,,Cardinal Spellman,4075,,,South Shore,Catholic Central,11:00 P.M.,,0
2026-10-12,133190,UPCOMING,Quabbin,4325,,,Quaboag,4510,,,Mid-Wach,CMAC,4:00 P.M.,,0
2026-10-12,133571,UPCOMING,Taconic,4385,,,McCann Tech,4240,,,Bi-County,Bi-County,4:00 P.M.,,0
2026-10-12,134350,UPCOMING,Rockland,4331,,,Abington,4002,,,South Shore,South Shore,6:00 P.M.,,0
2026-10-13,129631,UPCOMING,Tri-County,4392,,,Southeastern,4358,,,Mayflower,Mayflower,3:30 P.M.,,0
2026-10-13,129647,UPCOMING,Brockton,4058,,,Barnstable,4024,,,Big Three,Pioneer,6:00 P.M.,,0
2026-10-13,129695,UPCOMING,Revere,4329,,,Malden,4227,,,Greater Boston,Greater Boston,4:15 P.M.,,0
2026-10-13,129775,UPCOMING,Upper Cape,4457,,,Diman,4115,,,Mayflower,Mayflower,3:30 P.M.,,0
2026-10-13,129859,UPCOMING,Xaverian,4446,,,BC High,4029,,,Catholic Conference,Catholic Conference,4:00 P.M.,,0
2026-10-13,129954,UPCOMING,North Andover,4283,,,Billerica,4040,,,Merrimack Valley,Merrimack Valley,6:15 P.M.,,0
2026-10-13,129975,UPCOMING,St. John’s Prep,4369,,,Catholic Memorial,4080,,,Catholic Conference,Catholic Conference,4:00 P.M.,,0
2026-10-13,130015,UPCOMING,Whitman-Hanson,4427,,,Marshfield,4234,,,Patriot,Patriot,6:00 P.M.,,0
2026-10-13,130045,UPCOMING,Newton North,4279,,,Brookline,4059,,,Bay State,Bay State,4:00 P.M.,,0
2026-10-13,130162,UPCOMING,Central Catholic,4081,,,Lowell,4216,,,Merrimack Valley,Merrimack Valley,7:00 P.M.,,0
2026-10-13,130408,UPCOMING,Cambridge,4067,,,Waltham,4405,,,Dual County,Dual County,4:30 P.M.,,0
2026-10-13,130479,UPCOMING,Hingham,4171,,,Plymouth North,4315,,,Patriot,Patriot,4:00 P.M.,,0
2026-10-13,130560,UPCOMING,Milford,4249,,,Blackstone Valley,4046,,,Hockomock,CMAC,6:00 P.M.,,0
2026-10-13,130571,UPCOMING,Milton,4252,,,Excel Academy,4969,,,Bay State,Charter School Athletic,4:30 P.M.,,0
2026-10-13,130745,UPCOMING,West Springfield,4417,,,East Longmeadow,4127,,,Smith,Smith,7:00 P.M.,,0
2026-10-13,130782,UPCOMING,Agawam,4004,,,Minnechaug,4254,,,Churchill,Churchill,5:00 P.M.,,0
2026-10-13,130816,UPCOMING,Duxbury,4123,,,Silver Lake,4349,,,Patriot,Patriot,4:00 P.M.,,0
2026-10-13,130840,UPCOMING,Plymouth South,4316,,,Pembroke,4308,,,Patriot,Patriot,4:00 P.M.,,0
2026-10-13,131031,UPCOMING,Walpole,4404,,,Norwood,4297,,,Bay State,Tri-Valley,4:30 P.M.,,0
2026-10-13,131091,UPCOMING,Belchertown,4032,,,Longmeadow,4214,,,Smith,Smith,4:00 P.M.,,0
2026-10-13,131117,UPCOMING,Shepherd Hill,4347,,,Marlborough,4233,,,Mid-Wach,Mid-Wach,4:00 P.M.,,0
2026-10-13,131140,UPCOMING,Monument Mtn.,4260,,,Northampton,4291,,,Churchill,Churchill,4:30 P.M.,,0
2026-10-13,131205,UPCOMING,Algonquin,4005,,,Grafton,4153,,,Mid-Wach,Mid-Wach,6:00 P.M.,,0
2026-10-13,131294,UPCOMING,Medford,4242,,,Chelsea,4086,,,Greater Boston,Greater Boston,4:30 P.M.,,0
2026-10-13,131322,UPCOMING,Marblehead,4231,,,Peabody,4306,,,Northeastern,Northeastern,4:00 P.M.,,0
2026-10-13,131444,UPCOMING,Bedford,4031,,,Westford,4421,,,Dual County,Dual County,4:00 P.M.,,0
2026-10-13,131473,UPCOMING,Concord-Carlisle,4097,,,Newton South,4280,,,Dual County,Dual County,4:30 P.M.,,0
2026-10-13,131551,UPCOMING,Westborough,4418,,,Wachusett,4400,,,Mid-Wach,Mid-Wach,6:00 P.M.,,0
2026-10-13,131595,UPCOMING,Acton-Boxborough,4003,,,Weston,4423,,,Dual County,Dual County,4:30 P.M.,,0
2026-10-13,131612,UPCOMING,North Middlesex,4286,,,Nashoba,4267,,,Mid-Wach,Mid-Wach,6:00 P.M.,,0
2026-10-13,131634,UPCOMING,Boston Latin,4049,,,Wayland,4411,,,Dual County,Dual County,4:00 P.M.,,0
2026-10-13,131648,UPCOMING,Braintree,4051,,,Taunton,4388,,,Bay State,Hockomock,4:00 P.M.,,0
2026-10-13,131672,UPCOMING,Pittsfield,4314,,,Amherst-Pelham,4008,,,Churchill,Churchill,4:00 P.M.,,0
2026-10-13,131705,UPCOMING,Andover,4009,,,Chelmsford,4085,,,Merrimack Valley,Merrimack Valley,7:00 P.M.,,0
2026-10-13,131742,UPCOMING,Methuen,4246,,,Haverhill,4167,,,Merrimack Valley,Merrimack Valley,6:00 P.M.,,0
2026-10-13,131757,UPCOMING,Lincoln-Sudbury,4211,,,Needham,4272,,,Dual County,Bay State,4:30 P.M.,,0
2026-10-13,131840,UPCOMING,Rockport,4490,,,Newburyport,4276,,,Cape Ann,Cape Ann,6:00 P.M.,,0
2026-10-13,132030,UPCOMING,New Bedford,4273,,,Bridgewater-Raynham,4053,,,Big Three,Pioneer,4:00 P.M.,,0
2026-10-13,132085,UPCOMING,Shawsheen,4346,,,Greater Lowell,4155,,,Commonwealth,Commonwealth,4:00 P.M.,,0
2026-10-13,132143,UPCOMING,Malden Catholic,4228,,,St. John’s (Shrewsbury),4368,,,Catholic Conference,Catholic Conference,6:00 P.M.,,0
2026-10-13,132182,UPCOMING,Ipswich,4190,,,Essex Tech,4745,,,Cape Ann,Cape Ann,4:00 P.M.,,0
2026-10-13,132302,UPCOMING,Whittier,4428,,,Minuteman,4255,,,Commonwealth,Commonwealth,4:30 P.M.,,0
2026-10-13,132339,UPCOMING,Somerville,4351,,,Everett,4132,,,Greater Boston,Greater Boston,4:15 P.M.,,0
2026-10-13,132487,UPCOMING,Archbishop Williams,4012,,,Cathedral,4079,,,Catholic Central,Catholic Central,3:30 P.M.,,0
2026-10-13,132532,UPCOMING,Boston International,4547,,,Latin Academy,4202,,,Boston City,Boston City,4:00 P.M.,,0
2026-10-13,132601,UPCOMING,Blackstone-Millville,4486,,,Burncoat,4066,,,CMAC,CMAC,4:00 P.M.,,0
2026-10-13,132648,UPCOMING,Bromfield,4505,,,Fitchburg,4139,,,Mid-Wach,Mid-Wach,4:00 P.M.,,0
2026-10-13,132668,UPCOMING,Hanover,4164,,,Scituate,4343,,,Patriot,Patriot,4:00 P.M.,,0
2026-10-13,132751,UPCOMING,Nauset,4271,,,St. John Paul II,4689,,,Cape & Islands,Cape & Islands,6:00 P.M.,,0
2026-10-13,132908,UPCOMING,Ludlow,4218,,,Pope Francis,4796,,,Smith,Smith,4:00 P.M.,,0
2026-10-13,132924,UPCOMING,Greater Lawrence,4154,,,KIPP,4703,,,Commonwealth,Commonwealth,4:00 P.M.,,0
2026-10-13,133099,UPCOMING,East Boston,4125,,,Brighton,4055,,,Boston City,Boston City,4:00 P.M.,,0
2026-10-13,133117,UPCOMING,Groton,4544,,,Oakmont,4299,,,ISL,Mid-Wach,4:00 P.M.,,0
2026-10-13,133236,UPCOMING,Hamilton-Wenham,4163,,,Triton,4395,,,Cape Ann,Cape Ann,4:00 P.M.,,0
2026-10-13,133240,UPCOMING,Quabbin,4325,,,Worcester Tech,4445,,,Mid-Wach,Independent,3:30 P.M.,,0
2026-10-13,133287,UPCOMING,Swampscott,4383,,,Saugus,4341,,,Northeastern,Northeastern,4:30 P.M.,,0
2026-10-13,133357,UPCOMING,Duggan Academy,4843,,,Commerce,4361,,,Tri-County,Bi-County,6:00 P.M.,,0
2026-10-13,133379,UPCOMING,Winthrop,4437,,,Salem,4336,,,Northeastern,Northeastern,4:30 P.M.,,0
2026-10-13,133473,UPCOMING,Georgetown,4148,,,Pentucket,4309,,,Cape Ann,Cape Ann,4:00 P.M.,,0
2026-10-13,133512,UPCOMING,Manchester Essex,4229,,,Lynnfield,4223,,,Cape Ann,Cape Ann,4:00 P.M.,,0
2026-10-13,133530,UPCOMING,Fairhaven,4133,,,Old Colony,4300,,,South Coast,Mayflower,3:30 P.M.,,0
2026-10-13,133662,UPCOMING,Amesbury,4007,,,North Reading,4288,,,Cape Ann,Cape Ann,4:30 P.M.,,0
2026-10-13,133676,UPCOMING,Littleton,4212,,,Hudson,4182,,,Mid-Wach,Mid-Wach,7:00 P.M.,,0
2026-10-13,137923,UPCOMING,Blue Hills,4047,,,Holbrook,4172,,,Mayflower,Mayflower,6:00 P.M.,,0
2026-10-13,138570,UPCOMING,Clinton,4093,,,Tahanto,4513,,,Mid-Wach,Mid-Wach,3:30 P.M.,,0
2026-10-13,139663,UPCOMING,Gardner,4147,,,West Boylston,4414,,,Mid-Wach,Mid-Wach,7:00 P.M.,,0
2026-10-14,130066,UPCOMING,Sharon,4345,,,Milford,4249,,,Hockomock,Hockomock,3:45 P.M.,,0
2026-10-14,130127,UPCOMING,Doherty,4116,,,Worcester South,4444,,,CMAC,CMAC,5:15 P.M.,,0
2026-10-14,130209,UPCOMING,Canton,4071,,,King Philip,4197,,,Hockomock,Hockomock,7:00 P.M.,,0
2026-10-14,130308,UPCOMING,Lynn Classical,4220,,,Winthrop,4437,,,Greater Boston,Northeastern,6:00 P.M.,,0
2026-10-14,130441,UPCOMING,Reading,4328,,,Woburn,4438,,,Middlesex,Middlesex,4:30 P.M.,,0
2026-10-14,130615,UPCOMING,Oliver Ames,4302,,,Foxborough,4142,,,Hockomock,Hockomock,5:30 P.M.,,0
2026-10-14,130639,UPCOMING,Millbury,4250,,,Worcester North,4443,,,CMAC,CMAC,3:30 P.M.,,0
2026-10-14,130664,UPCOMING,North Attleborough,4284,,,Mansfield,4230,,,Hockomock,Hockomock,7:00 P.M.,,0
2026-10-14,130702,UPCOMING,Chicopee Comprehensive,4089,,,Springfield International,4480,,,Holley,Schmid,4:00 P.M.,,0
2026-10-14,130760,UPCOMING,Franklin,4144,,,Stoughton,4381,,,Hockomock,Hockomock,6:00 P.M.,,0
2026-10-14,130783,UPCOMING,Agawam,4004,,,Chicopee,4088,,,Churchill,Holley,4:00 P.M.,,0
2026-10-14,130958,UPCOMING,Putnam,4362,,,St. Mary (Westfield),4537,,,Bi-County,Tri-County,4:00 P.M.,,0
2026-10-14,130980,UPCOMING,Watertown,4409,,,Melrose,4244,,,Middlesex,Middlesex,6:30 P.M.,,0
2026-10-14,131010,UPCOMING,Greater New Bedford,4156,,,Somerset Berkley,4350,,,South Coast,South Coast,3:45 P.M.,,0
2026-10-14,131173,UPCOMING,Norton,4295,,,Westwood,4424,,,Tri-Valley,Tri-Valley,6:30 P.M.,,0
2026-10-14,131245,UPCOMING,Millis,4251,,,Norwood,4297,,,Tri-Valley,Tri-Valley,5:00 P.M.,,0
2026-10-14,131414,UPCOMING,Stoneham,4380,,,Burlington,4065,,,Middlesex,Middlesex,4:15 P.M.,,0
2026-10-14,131460,UPCOMING,Attleboro,4018,,,Taunton,4388,,,Hockomock,Hockomock,3:45 P.M.,,0
2026-10-14,131500,UPCOMING,Bellingham,4033,,,Ashland,4015,,,Tri-Valley,Tri-Valley,6:00 P.M.,,0
2026-10-14,131531,UPCOMING,Wakefield,4402,,,Wilmington,4432,,,Middlesex,Middlesex,4:15 P.M.,,0
2026-10-14,131717,UPCOMING,Dedham,4108,,,Holliston,4174,,,Tri-Valley,Tri-Valley,4:30 P.M.,,0
2026-10-14,131799,UPCOMING,Middleborough,4247,,,Abington,4002,,,South Shore,South Shore,4:00 P.M.,,0
2026-10-14,131875,UPCOMING,Beverly,4038,,,Danvers,4103,,,Northeastern,Northeastern,4:00 P.M.,,0
2026-10-14,131949,UPCOMING,Cardinal Spellman,4075,,,Archbishop Williams,4012,,,Catholic Central,Catholic Central,3:30 P.M.,,0
2026-10-14,132051,UPCOMING,Durfee,4122,,,Hope (R.I.),4496,,,Big Three,Independent,6:30 P.M.,,0
2026-10-14,132200,UPCOMING,Winchester,4434,,,Belmont,4034,,,Middlesex,Middlesex,6:00 P.M.,,0
2026-10-14,132234,UPCOMING,Monty Tech,4259,,,Oxford,4303,,,CMAC,CMAC,4:00 P.M.,,0
2026-10-14,132458,UPCOMING,Dover-Sherborn,4118,,,Hopkinton,4180,,,Tri-Valley,Tri-Valley,4:00 P.M.,,0
2026-10-14,132499,UPCOMING,Tantasqua,4387,,,Sutton,4512,,,CMAC,CMAC,4:00 P.M.,,0
2026-10-14,132566,UPCOMING,Hopedale,4507,,,Assabet,4016,,,CMAC,CMAC,4:00 P.M.,,0
2026-10-14,132616,UPCOMING,Abby Kelley Foster,4503,,,Burncoat,4066,,,CMAC,CMAC,3:30 P.M.,,0
2026-10-14,132703,UPCOMING,Nipmuc,4281,,,Westborough,4418,,,CMAC,Mid-Wach,4:00 P.M.,,0
2026-10-14,132981,UPCOMING,St. Mary’s,4374,,,Bishop Fenwick,4043,,,Catholic Central,Catholic Central,4:00 P.M.,,0
2026-10-14,133002,UPCOMING,Tewksbury,4389,,,Gloucester,4150,,,Merrimack Valley,Northeastern,7:15 P.M.,,0
2026-10-14,133058,UPCOMING,Sandwich,4340,,,Falmouth,4134,,,Cape & Islands,Cape & Islands,4:00 P.M.,,0
2026-10-14,133152,UPCOMING,Cohasset,4094,,,East Bridgewater,4126,,,South Shore,South Shore,4:00 P.M.,,0
2026-10-14,133167,UPCOMING,Apponequet,4011,,,Old Rochester,4301,,,South Coast,South Coast,3:45 P.M.,,0
2026-10-14,133316,UPCOMING,Dennis-Yarmouth,4111,,,Martha’s Vineyard,4235,,,Cape & Islands,Cape & Islands,4:00 P.M.,,0
2026-10-14,133400,UPCOMING,Dighton-Rehoboth,4114,,,Joseph Case,4078,,,South Coast,South Coast,3:45 P.M.,,0
2026-10-14,133433,UPCOMING,Nantucket,4265,,,Monomoy,4706,,,Cape & Islands,Cape & Islands,4:00 P.M.,,0
2026-10-14,133471,UPCOMING,Holyoke,4176,,,Granby,4520,,,Holley,Schmid,4:00 P.M.,,0
2026-10-14,133532,UPCOMING,Fairhaven,4133,,,West Bridgewater,4415,,,South Coast,South Coast,3:45 P.M.,,0
2026-10-14,133573,UPCOMING,Taconic,4385,,,Wahconah,4401,,,Bi-County,Moriarty,6:00 P.M.,,0
2026-10-14,133619,UPCOMING,Norwell,4296,,,Hull,4184,,,South Shore,South Shore,4:00 P.M.,,0
2026-10-14,133650,UPCOMING,Medway,4243,,,Medfield,4241,,,Tri-Valley,Tri-Valley,4:30 P.M.,,0
2026-10-14,134778,UPCOMING,Turners Falls,4396,,,Athol,4017,,,Independent,Schmid,6:00 P.M.,,0
2026-10-14,136420,UPCOMING,Bay Path,4027,,,Uxbridge,4398,,,CMAC,CMAC,7:00 P.M.,,0
2026-10-14,136737,UPCOMING,Quaboag,4510,,,Blackstone-Millville,4486,,,CMAC,CMAC,3:30 P.M.,,0
2026-10-14,138008,UPCOMING,Seekonk,4344,,,Bourne,4050,,,South Coast,South Coast,6:00 P.M.,,0
2026-10-14,138363,UPCOMING,Randolph,4327,,,Carver,4077,,,South Shore,South Shore,3:30 P.M.,,0
2026-10-14,138702,UPCOMING,Douglas,4506,,,Keefe Tech,4191,,,CMAC,CMAC,4:00 P.M.,,0
2026-10-14,138886,UPCOMING,Easthampton,4130,,,Hampshire,4518,,,Moriarty,Holley,4:00 P.M.,,0
2026-10-15,129633,UPCOMING,Southeastern,4358,,,Upper Cape,4457,,,Mayflower,Mayflower,5:30 P.M.,,0
2026-10-15,129653,UPCOMING,New Bedford,4273,,,Brockton,4058,,,Big Three,Big Three,6:00 P.M.,,0
2026-10-15,129720,UPCOMING,Lexington,4209,,,Arlington,4013,,,Middlesex,Middlesex,6:30 P.M.,,0
2026-10-15,129740,UPCOMING,Hanover,4164,,,North Quincy,4287,,,Patriot,Patriot,4:00 P.M.,,0
2026-10-15,129777,UPCOMING,Diman,4115,,,Blue Hills,4047,,,Mayflower,Mayflower,3:30 P.M.,,0
2026-10-15,129828,UPCOMING,Bristol-Plymouth,4057,,,Tri-County,4392,,,Mayflower,Mayflower,4:00 P.M.,,0
2026-10-15,129863,UPCOMING,BC High,4029,,,St. John’s (Shrewsbury),4368,,,Catholic Conference,Catholic Conference,6:00 P.M.,,0
2026-10-15,129889,UPCOMING,Quincy,4326,,,Pembroke,4308,,,Patriot,Patriot,4:00 P.M.,,0
2026-10-15,129959,UPCOMING,Central Catholic,4081,,,Billerica,4040,,,Merrimack Valley,Merrimack Valley,7:00 P.M.,,0
2026-10-15,129977,UPCOMING,St. John’s Prep,4369,,,Malden Catholic,4228,,,Catholic Conference,Catholic Conference,4:00 P.M.,,0
2026-10-15,130010,UPCOMING,Plymouth North,4315,,,Marshfield,4234,,,Patriot,Patriot,4:00 P.M.,,0
2026-10-15,130072,UPCOMING,Needham,4272,,,Brookline,4059,,,Bay State,Bay State,4:00 P.M.,,0
2026-10-15,130166,UPCOMING,Lowell,4216,,,Andover,4009,,,Merrimack Valley,Merrimack Valley,5:00 P.M.,,0
2026-10-15,130260,UPCOMING,Dartmouth,4105,,,Barnstable,4024,,,Pioneer,Pioneer,4:00 P.M.,,0
2026-10-15,130321,UPCOMING,Wellesley,4413,,,Newton North,4279,,,Bay State,Bay State,4:00 P.M.,,0
2026-10-15,130352,UPCOMING,Natick,4270,,,Framingham,4143,,,Bay State,Bay State,4:00 P.M.,,0
2026-10-15,130411,UPCOMING,Weston,4423,,,Cambridge,4067,,,Dual County,Dual County,4:15 P.M.,,0
2026-10-15,130482,UPCOMING,Silver Lake,4349,,,Hingham,4171,,,Patriot,Patriot,4:00 P.M.,,0
2026-10-15,130508,UPCOMING,Lawrence,4203,,,Methuen,4246,,,Merrimack Valley,Merrimack Valley,6:15 P.M.,,0
2026-10-15,130529,UPCOMING,Shrewsbury,4348,,,Nashoba,4267,,,Mid-Wach,Mid-Wach,6:00 P.M.,,0
2026-10-15,130583,UPCOMING,Milton,4252,,,Walpole,4404,,,Bay State,Bay State,4:00 P.M.,,0
2026-10-15,130843,UPCOMING,Plymouth South,4316,,,Scituate,4343,,,Patriot,Patriot,4:00 P.M.,,0
2026-10-15,130870,UPCOMING,Marblehead,4231,,,Masconomet,4236,,,Northeastern,Northeastern,4:00 P.M.,,0
2026-10-15,130897,UPCOMING,Duxbury,4123,,,Whitman-Hanson,4427,,,Patriot,Patriot,6:00 P.M.,,0
2026-10-15,131120,UPCOMING,Grafton,4153,,,Shepherd Hill,4347,,,Mid-Wach,Mid-Wach,4:00 P.M.,,0
2026-10-15,131248,UPCOMING,Norwood,4297,,,Bellingham,4033,,,Tri-Valley,Tri-Valley,4:00 P.M.,,0
2026-10-15,131475,UPCOMING,Waltham,4405,,,Newton South,4280,,,Dual County,Dual County,4:30 P.M.,,0
2026-10-15,131567,UPCOMING,Marlborough,4233,,,Leominster,4208,,,Mid-Wach,Mid-Wach,7:00 P.M.,,0
2026-10-15,131601,UPCOMING,Acton-Boxborough,4003,,,Boston Latin,4049,,,Dual County,Dual County,4:30 P.M.,,0
2026-10-15,131636,UPCOMING,Wayland,4411,,,Lincoln-Sudbury,4211,,,Dual County,Dual County,4:00 P.M.,,0
2026-10-15,131898,UPCOMING,Braintree,4051,,,Weymouth,4425,,,Bay State,Bay State,4:00 P.M.,,0
2026-10-15,132018,UPCOMING,Haverhill,4167,,,Dracut,4119,,,Merrimack Valley,Merrimack Valley,6:00 P.M.,,0
2026-10-15,132110,UPCOMING,Xaverian,4446,,,Catholic Memorial,4080,,,Catholic Conference,Catholic Conference,4:00 P.M.,,0
2026-10-15,132185,UPCOMING,Lynnfield,4223,,,Essex Tech,4745,,,Cape Ann,Cape Ann,4:00 P.M.,,0
2026-10-15,132287,UPCOMING,Westford,4421,,,Concord-Carlisle,4097,,,Dual County,Dual County,4:30 P.M.,,0
2026-10-15,132307,UPCOMING,Whittier,4428,,,Innovation Academy,4690,,,Commonwealth,Commonwealth,5:00 P.M.,,0
2026-10-15,132343,UPCOMING,Everett,4132,,,Malden,4227,,,Greater Boston,Greater Boston,7:00 P.M.,,0
2026-10-15,132372,UPCOMING,Chelmsford,4085,,,North Andover,4283,,,Merrimack Valley,Merrimack Valley,5:30 P.M.,,0
2026-10-15,132535,UPCOMING,Dearborn STEM,5016,,,Latin Academy,4202,,,Boston City,Boston City,4:00 P.M.,,0
2026-10-15,132650,UPCOMING,North Middlesex,4286,,,Fitchburg,4139,,,Mid-Wach,Mid-Wach,4:00 P.M.,,0
2026-10-15,132677,UPCOMING,Bishop Feehan,4042,,,Algonquin,4005,,,Catholic Central,Mid-Wach,6:00 P.M.,,0
2026-10-15,132691,UPCOMING,Lynn English,4221,,,Lynn Tech,4222,,,Greater Boston,Commonwealth,4:00 P.M.,,0
2026-10-15,132803,UPCOMING,Greater Lawrence,4154,,,Medford,4242,,,Commonwealth,Greater Boston,4:00 P.M.,,0
2026-10-15,132846,UPCOMING,Medfield,4241,,,Millis,4251,,,Tri-Valley,Tri-Valley,4:30 P.M.,,0
2026-10-15,132911,UPCOMING,Ludlow,4218,,,Belchertown,4032,,,Smith,Smith,6:00 P.M.,,0
2026-10-15,132969,UPCOMING,Advanced Math and Science,4595,,,Auburn,4019,,,CMAC,CMAC,3:30 P.M.,,0
2026-10-15,133101,UPCOMING,East Boston,4125,,,Boston International,4547,,,Boston City,Boston City,4:00 P.M.,,0
2026-10-15,133118,UPCOMING,Ayer Shirley,4022,,,Groton,4544,,,Mid-Wach,ISL,6:00 P.M.,,0
2026-10-15,133202,UPCOMING,Quabbin,4325,,,Gardner,4147,,,Mid-Wach,Mid-Wach,5:00 P.M.,,0
2026-10-15,133238,UPCOMING,North Reading,4288,,,Triton,4395,,,Cape Ann,Cape Ann,4:30 P.M.,,0
2026-10-15,133273,UPCOMING,Swampscott,4383,,,Salem,4336,,,Northeastern,Northeastern,4:30 P.M.,,0
2026-10-15,133680,UPCOMING,Maynard,4239,,,Hudson,4182,,,Mid-Wach,Mid-Wach,6:00 P.M.,,0
2026-10-15,134779,UPCOMING,Pioneer Valley,4536,,,Athol,4017,,,Schmid,Schmid,6:30 P.M.,,0
2026-10-15,134814,UPCOMING,Ayer Shirley,4022,,,Groton-Dunstable,4160,,,Mid-Wach,Mid-Wach,6:00 P.M.,,0
2026-10-15,138221,UPCOMING,Bromfield,4505,,,Lunenburg,4219,,,Mid-Wach,Mid-Wach,4:00 P.M.,,0
2026-10-15,138964,UPCOMING,Excel Academy,4969,,,MATCH Charter,4594,,,Charter School Athletic,Charter School Athletic,6:00 P.M.,,0
2026-10-15,139520,UPCOMING,Monument Mtn.,4260,,,Frontier,4146,,,Churchill,Moriarty,4:30 P.M.,,0
2026-10-15,150074,UPCOMING,Georgetown,4148,,,Pioneer Charter I,4701,,,Cape Ann,Charter School Athletic,6:30 P.M.,,0
2026-10-16,130132,UPCOMING,Worcester South,4444,,,Wachusett,4400,,,CMAC,Mid-Wach,6:50 P.M.,,0
2026-10-16,130210,UPCOMING,King Philip,4197,,,Mansfield,4230,,,Hockomock,Hockomock,3:30 P.M.,,0
2026-10-16,130393,UPCOMING,Doherty,4116,,,Sutton,4512,,,CMAC,CMAC,3:30 P.M.,,0
2026-10-16,130642,UPCOMING,Worcester North,4443,,,Hopedale,4507,,,CMAC,CMAC,3:30 P.M.,,0
2026-10-16,130704,UPCOMING,Monson,4429,,,Chicopee Comprehensive,4089,,,Holley,Holley,4:00 P.M.,,0
2026-10-16,130746,UPCOMING,Pope Francis,4796,,,West Springfield,4417,,,Smith,Smith,6:15 P.M.,,0
2026-10-16,130871,UPCOMING,Bishop Fenwick,4043,,,Masconomet,4236,,,Catholic Central,Northeastern,4:00 P.M.,,0
2026-10-16,130960,UPCOMING,Putnam,4362,,,Hampden Charter East,4712,,,Bi-County,Tri-County,4:00 P.M.,,0
2026-10-16,131094,UPCOMING,Longmeadow,4214,,,East Longmeadow,4127,,,Smith,Smith,4:00 P.M.,,0
2026-10-16,131174,UPCOMING,Westwood,4424,,,Dedham,4108,,,Tri-Valley,Tri-Valley,4:15 P.M.,,0
2026-10-16,131399,UPCOMING,Wakefield,4402,,,Burlington,4065,,,Middlesex,Middlesex,5:00 P.M.,,0
2026-10-16,131461,UPCOMING,Bridgewater-Raynham,4053,,,Attleboro,4018,,,Pioneer,Hockomock,3:45 P.M.,,0
2026-10-16,131501,UPCOMING,Ashland,4015,,,Norton,4295,,,Tri-Valley,Tri-Valley,5:00 P.M.,,0
2026-10-16,131655,UPCOMING,Durfee,4122,,,Taunton,4388,,,Big Three,Hockomock,4:00 P.M.,,0
2026-10-16,131720,UPCOMING,Holliston,4174,,,Dover-Sherborn,4118,,,Tri-Valley,Tri-Valley,4:00 P.M.,,0
2026-10-16,131805,UPCOMING,Rising Tide Charter,4746,,,Middleborough,4247,,,Cape & Islands,South Shore,4:00 P.M.,,0
2026-10-16,131878,UPCOMING,Gloucester,4150,,,Danvers,4103,,,Northeastern,Northeastern,4:00 P.M.,,0
2026-10-16,131951,UPCOMING,Arlington Catholic,4014,,,Archbishop Williams,4012,,,Catholic Central,Catholic Central,4:00 P.M.,,0
2026-10-16,131985,UPCOMING,Bishop Stang,4045,,,Fairhaven,4133,,,Catholic Central,South Coast,3:30 P.M.,,0
2026-10-16,132237,UPCOMING,Monty Tech,4259,,,Quaboag,4510,,,CMAC,CMAC,4:00 P.M.,,0
2026-10-16,132344,UPCOMING,Everett,4132,,,Somerville,4351,,,Greater Boston,Greater Boston,4:15 P.M.,,0
2026-10-16,132437,UPCOMING,Malden,4227,,,Watertown,4409,,,Greater Boston,Middlesex,4:15 P.M.,,0
2026-10-16,132461,UPCOMING,Medway,4243,,,Hopkinton,4180,,,Tri-Valley,Tri-Valley,4:00 P.M.,,0
2026-10-16,132476,UPCOMING,Tantasqua,4387,,,Blackstone Valley,4046,,,CMAC,CMAC,4:00 P.M.,,0
2026-10-16,132618,UPCOMING,Oxford,4303,,,Burncoat,4066,,,CMAC,CMAC,3:30 P.M.,,0
2026-10-16,132728,UPCOMING,New Mission/English High,4494,,,Foxborough,4142,,,Boston City,Hockomock,4:00 P.M.,,0
2026-10-16,132752,UPCOMING,Nauset,4271,,,Sandwich,4340,,,Cape & Islands,Cape & Islands,4:00 P.M.,,0
2026-10-16,132972,UPCOMING,Auburn,4019,,,Nipmuc,4281,,,CMAC,CMAC,5:00 P.M.,,0
2026-10-16,133033,UPCOMING,Rockland,4331,,,Cardinal Spellman,4075,,,South Shore,Catholic Central,3:45 P.M.,,0
2026-10-16,133154,UPCOMING,East Bridgewater,4126,,,West Bridgewater,4415,,,South Shore,South Coast,3:30 P.M.,,0
2026-10-16,133363,UPCOMING,Holyoke,4176,,,Commerce,4361,,,Holley,Bi-County,4:00 P.M.,,0
2026-10-16,133421,UPCOMING,Pittsfield,4314,,,Chicopee,4088,,,Churchill,Holley,4:00 P.M.,,0
2026-10-16,134431,UPCOMING,Douglas,4506,,,Advanced Math and Science,4595,,,CMAC,CMAC,4:00 P.M.,,0
2026-10-16,134478,UPCOMING,Georgetown,4148,,,Amesbury,4007,,,Cape Ann,Cape Ann,5:00 P.M.,,0
2026-10-16,136421,UPCOMING,Whitinsville Christian,4487,,,Bay Path,4027,,,CMAC,CMAC,4:00 P.M.,,0
2026-10-16,136767,UPCOMING,Blackstone-Millville,4486,,,Abby Kelley Foster,4503,,,CMAC,CMAC,3:45 P.M.,,0
2026-10-16,138015,UPCOMING,Bourne,4050,,,Randolph,4327,,,South Coast,South Shore,4:30 P.M.,,0
2026-10-16,138893,UPCOMING,South Hadley,4353,,,Easthampton,4130,,,Moriarty,Moriarty,4:00 P.M.,,0
2026-10-16,139528,UPCOMING,Frontier,4146,,,Hampshire,4518,,,Moriarty,Holley,4:00 P.M.,,0
2026-10-17,129780,UPCOMING,Westport,4461,,,Diman,4115,,,Mayflower,Mayflower,12:00 P.M.,,0
2026-10-17,129899,UPCOMING,Marshfield,4234,,,Quincy,4326,,,Patriot,Patriot,1:30 P.M.,,0
2026-10-17,129965,UPCOMING,Billerica,4040,,,Westford,4421,,,Merrimack Valley,Dual County,11:00 A.M.,,0
2026-10-17,129981,UPCOMING,Oliver Ames,4302,,,St. John’s Prep,4369,,,Hockomock,Catholic Conference,1:00 P.M.,,0
2026-10-17,130263,UPCOMING,Falmouth,4134,,,Barnstable,4024,,,Cape & Islands,Pioneer,3:00 P.M.,,0
2026-10-17,130310,UPCOMING,Lynn Classical,4220,,,Lynn Tech,4222,,,Greater Boston,Commonwealth,11:00 A.M.,,0
2026-10-17,130414,UPCOMING,Cambridge,4067,,,Belmont,4034,,,Dual County,Middlesex,6:00 P.M.,,0
2026-10-17,130444,UPCOMING,Bedford,4031,,,Reading,4328,,,Dual County,Middlesex,12:00 P.M.,,0
2026-10-17,130486,UPCOMING,Hingham,4171,,,Norwell,4296,,,Patriot,South Shore,1:00 P.M.,,0
2026-10-17,130563,UPCOMING,St. Mary’s,4374,,,Milford,4249,,,Catholic Central,Hockomock,1:00 P.M.,,0
2026-10-17,130747,UPCOMING,West Springfield,4417,,,Marblehead,4231,,,Smith,Northeastern,4:00 P.M.,,0
2026-10-17,130786,UPCOMING,Monument Mtn.,4260,,,Agawam,4004,,,Churchill,Churchill,6:00 P.M.,,0
2026-10-17,130818,UPCOMING,Weymouth,4425,,,Silver Lake,4349,,,Bay State,Patriot,1:30 P.M.,,0
2026-10-17,130929,UPCOMING,Minnechaug,4254,,,Amherst-Pelham,4008,,,Churchill,Churchill,11:00 A.M.,,0
2026-10-17,130982,UPCOMING,Beverly,4038,,,Melrose,4244,,,Northeastern,Middlesex,10:00 A.M.,,0
2026-10-17,131033,UPCOMING,Canton,4071,,,Walpole,4404,,,Hockomock,Bay State,7:00 P.M.,,0
2026-10-17,131123,UPCOMING,Shepherd Hill,4347,,,Tyngsborough,4397,,,Mid-Wach,Mid-Wach,11:00 A.M.,,0
2026-10-17,131347,UPCOMING,Chelmsford,4085,,,Westfield,4419,,,Merrimack Valley,Churchill,12:30 P.M.,,0
2026-10-17,131482,UPCOMING,Needham,4272,,,Newton South,4280,,,Bay State,Dual County,4:30 P.M.,,0
2026-10-17,131603,UPCOMING,Nashoba,4267,,,Acton-Boxborough,4003,,,Mid-Wach,Dual County,12:00 P.M.,,0
2026-10-17,131639,UPCOMING,Dearborn STEM,5016,,,Wayland,4411,,,Boston City,Dual County,12:00 P.M.,,0
2026-10-17,131841,UPCOMING,Newburyport,4276,,,Pentucket,4309,,,Cape Ann,Cape Ann,5:00 P.M.,,0
2026-10-17,132032,UPCOMING,New Bedford,4273,,,Plymouth North,4315,,,Big Three,Patriot,11:00 A.M.,,0
2026-10-17,132148,UPCOMING,St. John’s (Shrewsbury),4368,,,Bishop Feehan,4042,,,Catholic Conference,Catholic Central,12:00 P.M.,,0
2026-10-17,132231,UPCOMING,Concord-Carlisle,4097,,,Lincoln-Sudbury,4211,,,Dual County,Dual County,6:00 P.M.,,0
2026-10-17,132559,UPCOMING,Springfield Central,4360,,,Taconic,4385,,,Holley,Bi-County,12:00 P.M.,,0
2026-10-17,132569,UPCOMING,Assabet,4016,,,Tahanto,4513,,,CMAC,Mid-Wach,4:00 P.M.,,0
2026-10-17,132806,UPCOMING,Tewksbury,4389,,,Medford,4242,,,Merrimack Valley,Greater Boston,11:00 A.M.,,0
2026-10-17,132877,UPCOMING,Catholic Memorial,4080,,,Old Rochester,4301,,,Catholic Conference,South Coast,12:00 P.M.,,0
2026-10-17,132893,UPCOMING,Malden Catholic,4228,,,Mystic Valley,4264,,,Catholic Conference,Commonwealth,10:00 A.M.,,0
2026-10-17,133071,UPCOMING,Winthrop,4437,,,Arlington Catholic,4014,,,Northeastern,Catholic Central,11:00 A.M.,,0
2026-10-17,133407,UPCOMING,Stoneham,4380,,,Excel Academy,4969,,,Middlesex,Charter School Athletic,11:00 A.M.,,0
2026-10-17,133504,UPCOMING,Oakmont,4299,,,Maynard,4239,,,Mid-Wach,Mid-Wach,11:00 A.M.,,0
2026-10-17,133634,UPCOMING,Martha’s Vineyard,4235,,,Cohasset,4094,,,Cape & Islands,South Shore,5:00 P.M.,,0
2026-10-17,138899,UPCOMING,Easthampton,4130,,,Wahconah,4401,,,Moriarty,Moriarty,7:00 P.M.,,0
2026-10-19,129723,UPCOMING,Lexington,4209,,,Winchester,4434,,,Middlesex,Middlesex,6:30 P.M.,,0
2026-10-19,130134,UPCOMING,Worcester South,4444,,,Tantasqua,4387,,,CMAC,CMAC,6:30 P.M.,,0
2026-10-19,130394,UPCOMING,Doherty,4116,,,Shepherd Hill,4347,,,CMAC,Mid-Wach,6:30 P.M.,,0
2026-10-19,130643,UPCOMING,Leicester,4207,,,Worcester North,4443,,,CMAC,CMAC,3:30 P.M.,,0
2026-10-19,130705,UPCOMING,Chicopee Comprehensive,4089,,,Granby,4520,,,Holley,Schmid,4:00 P.M.,,0
2026-10-19,130788,UPCOMING,Longmeadow,4214,,,Agawam,4004,,,Smith,Churchill,6:30 P.M.,,0
2026-10-19,130873,UPCOMING,Masconomet,4236,,,Swampscott,4383,,,Northeastern,Northeastern,4:00 P.M.,,0
2026-10-19,130930,UPCOMING,Ludlow,4218,,,Minnechaug,4254,,,Smith,Churchill,6:00 P.M.,,0
2026-10-19,130962,UPCOMING,Springfield Sci-Tech,4363,,,Putnam,4362,,,Independent,Bi-County,4:00 P.M.,,0
2026-10-19,131013,UPCOMING,Somerset Berkley,4350,,,Seekonk,4344,,,South Coast,South Coast,3:45 P.M.,,0
2026-10-19,131143,UPCOMING,Northampton,4291,,,Pittsfield,4314,,,Churchill,Churchill,6:30 P.M.,,0
2026-10-19,131176,UPCOMING,Westwood,4424,,,Norwood,4297,,,Tri-Valley,Tri-Valley,6:00 P.M.,,0
2026-10-19,131323,UPCOMING,Marblehead,4231,,,Winthrop,4437,,,Northeastern,Northeastern,7:00 P.M.,,0
2026-10-19,131349,UPCOMING,Westfield,4419,,,Lenox,4532,,,Churchill,Moriarty,4:00 P.M.,,0
2026-10-19,131415,UPCOMING,Burlington,4065,,,Chelmsford,4085,,,Middlesex,Merrimack Valley,4:15 P.M.,,0
2026-10-19,131502,UPCOMING,Ashland,4015,,,Medfield,4241,,,Tri-Valley,Tri-Valley,6:00 P.M.,,0
2026-10-19,131535,UPCOMING,Central Catholic,4081,,,Wakefield,4402,,,Merrimack Valley,Middlesex,7:00 P.M.,,0
2026-10-19,131674,UPCOMING,South Hadley,4353,,,Amherst-Pelham,4008,,,Moriarty,Churchill,4:00 P.M.,,0
2026-10-19,131721,UPCOMING,Hopkinton,4180,,,Holliston,4174,,,Tri-Valley,Tri-Valley,4:00 P.M.,,0
2026-10-19,131745,UPCOMING,Arlington,4013,,,Methuen,4246,,,Middlesex,Merrimack Valley,4:30 P.M.,,0
2026-10-19,131808,UPCOMING,Mashpee,4237,,,Middleborough,4247,,,South Shore,South Shore,4:00 P.M.,,0
2026-10-19,131881,UPCOMING,Danvers,4103,,,Salem,4336,,,Northeastern,Northeastern,5:30 P.M.,,0
2026-10-19,131919,UPCOMING,East Longmeadow,4127,,,Springfield Central,4360,,,Smith,Holley,7:00 P.M.,,0
2026-10-19,131954,UPCOMING,Bishop Stang,4045,,,Archbishop Williams,4012,,,Catholic Central,Catholic Central,4:00 P.M.,,0
2026-10-19,131963,UPCOMING,Franklin,4144,,,Algonquin,4005,,,Hockomock,Mid-Wach,5:00 P.M.,,0
2026-10-19,132089,UPCOMING,Greater Lowell,4155,,,Collegiate Charter,4986,,,Commonwealth,Charter School Athletic,4:00 P.M.,,0
2026-10-19,132126,UPCOMING,Old Rochester,4301,,,Greater New Bedford,4156,,,South Coast,South Coast,3:45 P.M.,,0
2026-10-19,132241,UPCOMING,Monty Tech,4259,,,Abby Kelley Foster,4503,,,CMAC,CMAC,4:00 P.M.,,0
2026-10-19,132472,UPCOMING,Hopedale,4507,,,Blackstone Valley,4046,,,CMAC,CMAC,3:30 P.M.,,0
2026-10-19,132538,UPCOMING,Latin Academy,4202,,,Watertown,4409,,,Boston City,Middlesex,4:15 P.M.,,0
2026-10-19,132574,UPCOMING,Assabet,4016,,,Millbury,4250,,,CMAC,CMAC,3:30 P.M.,,0
2026-10-19,132609,UPCOMING,Beverly,4038,,,Saugus,4341,,,Northeastern,Northeastern,6:00 P.M.,,0
2026-10-19,132620,UPCOMING,Burncoat,4066,,,Blackstone-Millville,4486,,,CMAC,CMAC,3:30 P.M.,,0
2026-10-19,132657,UPCOMING,Gloucester,4150,,,Peabody,4306,,,Northeastern,Northeastern,4:00 P.M.,,0
2026-10-19,132694,UPCOMING,Lynn English,4221,,,KIPP,4703,,,Greater Boston,Commonwealth,4:00 P.M.,,0
2026-10-19,132715,UPCOMING,Tewksbury,4389,,,Woburn,4438,,,Merrimack Valley,Middlesex,7:15 P.M.,,0
2026-10-19,132767,UPCOMING,Dracut,4119,,,Excel Academy,4969,,,Merrimack Valley,Charter School Athletic,5:30 P.M.,,0
2026-10-19,132827,UPCOMING,Dover-Sherborn,4118,,,Dedham,4108,,,Tri-Valley,Tri-Valley,4:00 P.M.,,0
2026-10-19,132860,UPCOMING,Sutton,4512,,,Marlborough,4233,,,CMAC,Mid-Wach,4:00 P.M.,,0
2026-10-19,132896,UPCOMING,Greater Lawrence,4154,,,Malden Catholic,4228,,,Commonwealth,Catholic Conference,6:00 P.M.,,0
2026-10-19,132937,UPCOMING,Pope Francis,4796,,,Chicopee,4088,,,Smith,Holley,4:00 P.M.,,0
2026-10-19,132974,UPCOMING,Auburn,4019,,,Keefe Tech,4191,,,CMAC,CMAC,5:00 P.M.,,0
2026-10-19,132983,UPCOMING,Cardinal Spellman,4075,,,Bishop Fenwick,4043,,,Catholic Central,Catholic Central,3:30 P.M.,,0
2026-10-19,133073,UPCOMING,Arlington Catholic,4014,,,St. Mary’s,4374,,,Catholic Central,Catholic Central,4:00 P.M.,,0
2026-10-19,133156,UPCOMING,Rockland,4331,,,East Bridgewater,4126,,,South Shore,South Shore,4:00 P.M.,,0
2026-10-19,133169,UPCOMING,Dighton-Rehoboth,4114,,,Apponequet,4011,,,South Coast,South Coast,3:45 P.M.,,0
2026-10-19,133200,UPCOMING,Norton,4295,,,Millis,4251,,,Tri-Valley,Tri-Valley,4:00 P.M.,,0
2026-10-19,133366,UPCOMING,Commerce,4361,,,Smith Voc.,4539,,,Bi-County,Tri-County,4:00 P.M.,,0
2026-10-19,133401,UPCOMING,West Bridgewater,4415,,,Joseph Case,4078,,,South Coast,South Coast,12:00 P.M.,,0
2026-10-19,133409,UPCOMING,Stoneham,4380,,,Minuteman,4255,,,Middlesex,Commonwealth,4:15 P.M.,,0
2026-10-19,133474,UPCOMING,Ware,4406,,,Holyoke,4176,,,Tri-County,Holley,7:00 P.M.,,0
2026-10-19,133539,UPCOMING,Bourne,4050,,,Fairhaven,4133,,,South Coast,South Coast,3:45 P.M.,,0
2026-10-19,133552,UPCOMING,Bellingham,4033,,,Medway,4243,,,Tri-Valley,Tri-Valley,3:45 P.M.,,0
2026-10-19,133574,UPCOMING,Frontier,4146,,,Belchertown,4032,,,Moriarty,Smith,6:30 P.M.,,0
2026-10-19,133621,UPCOMING,Norwell,4296,,,Randolph,4327,,,South Shore,South Shore,4:30 P.M.,,0
2026-10-19,134353,UPCOMING,Carver,4077,,,Abington,4002,,,South Shore,South Shore,4:00 P.M.,,0
2026-10-19,134816,UPCOMING,Tahanto,4513,,,Ayer Shirley,4022,,,Mid-Wach,Mid-Wach,4:00 P.M.,,0
2026-10-19,136437,UPCOMING,Bay Path,4027,,,Worcester Tech,4445,,,CMAC,Independent,7:00 P.M.,,0
2026-10-19,138660,UPCOMING,Cohasset,4094,,,Middleborough,4247,,,South Shore,South Shore,4:00 P.M.,,0
2026-10-19,138902,UPCOMING,Easthampton,4130,,,Springfield International,4480,,,Moriarty,Schmid,7:15 P.M.,,0
2026-10-19,139674,UPCOMING,Gardner,4147,,,Trivium,4686,,,Mid-Wach,Worcester County,4:00 P.M.,,0
