date,game_id,status,home_team,home_team_id,home_score,home_outcome,visitor_team,visitor_team_id,visitor_score,visitor_outcome,home_conference,visitor_conference,time,overtime,is_shootout_win
2026-09-07,143768,FINAL,Danvers,4103,2.0,0.0,Marblehead,4231,6.0,1.0,Northeastern,Northeastern,10:00 A.M.,,0
2026-09-07,143875,FINAL,Masconomet,4236,0.0,0.0,Ipswich,4190,1.0,1.0,Northeastern,Cape Ann,10:00 A.M.,,0
2026-09-07,144531,FINAL,Groton-Dunstable,4160,8.0,1.0,Tyngsborough,4397,2.0,0.0,Mid-Wach,Mid-Wach,11:00 A.M.,,0
2026-09-07,144691,FINAL,Swampscott,4383,1.0,0.0,Bishop Fenwick,4043,3.0,1.0,Northeastern,Catholic Central,10:00 A.M.,,0
2026-09-07,145031,POSTPONED,Greenfield,4157,,,Belchertown,4032,,,Suburban,County,1:00 P.M.,,0
2026-09-07,145295,UPCOMING,Bridgewater-Raynham,4053,,,East Bridgewater,4126,,,Pioneer,South Shore,4:00 P.M.,,0
2026-09-08,139135,UPCOMING,Lexington,4209,,,Burlington,4065,,,Middlesex,Middlesex,4:15 P.M.,,0
2026-09-08,139419,POSTPONED,Revere,4329,,,Methuen,4246,,,Greater Boston,Merrimack Valley,4:30 P.M.,,0
2026-09-08,139475,UPCOMING,Newton North,4279,,,Needham,4272,,,Bay State,Bay State,4:30 P.M.,,0
2026-09-08,139584,UPCOMING,Sharon,4345,,,Mansfield,4230,,,Hockomock,Hockomock,3:45 P.M.,,0
2026-09-08,139715,FINAL,Franklin,4144,3.0,1.0,King Philip,4197,2.0,0.0,Hockomock,Hockomock,3:45 P.M.,,0
2026-09-08,139750,UPCOMING,Attleboro,4018,,,Foxborough,4142,,,Hockomock,Hockomock,5:15 P.M.,,0
2026-09-08,139877,FINAL,Reading,4328,4.0,1.0,Melrose,4244,0.0,0.0,Middlesex,Middlesex,4:00 P.M.,,0
2026-09-08,139981,UPCOMING,Milford,4249,,,North Attleborough,4284,,,Hockomock,Hockomock,3:45 P.M.,,0
2026-09-08,140081,UPCOMING,Taunton,4388,,,Oliver Ames,4302,,,Hockomock,Hockomock,3:45 P.M.,,0
2026-09-08,140223,UPCOMING,Arlington,4013,,,Wilmington,4432,,,Middlesex,Middlesex,4:30 P.M.,,0
2026-09-08,140334,FINAL,Stoughton,4381,0.0,0.0,Canton,4071,10.0,1.0,Hockomock,Hockomock,3:45 P.M.,,0
2026-09-08,140342,UPCOMING,Westfield,4419,,,Agawam,4004,,,Valley League,Suburban,4:00 P.M.,,0
2026-09-08,140633,FINAL,North Andover,4283,1.0,2.0,Masconomet,4236,1.0,2.0,Merrimack Valley,Northeastern,4:00 P.M.,,0
2026-09-08,140648,FINAL,Winchester,4434,4.0,1.0,Stoneham,4380,1.0,0.0,Middlesex,Middlesex,4:15 P.M.,,0
2026-09-08,140672,FINAL,Holliston,4174,1.0,2.0,Hopkinton,4180,1.0,2.0,Tri-Valley,Tri-Valley,3:45 P.M.,,0
2026-09-08,140869,UPCOMING,Woburn,4438,,,Wakefield,4402,,,Middlesex,Middlesex,4:00 P.M.,,0
2026-09-08,140885,FINAL,Sandwich,4340,5.0,1.0,Bishop Feehan,4042,1.0,0.0,Cape & Islands,Catholic Central,4:00 P.M.,,0
2026-09-08,140904,FINAL,Malden Catholic,4228,2.0,2.0,Marblehead,4231,2.0,2.0,Catholic Conference,Northeastern,4:00 P.M.,,0
2026-09-08,143629,UPCOMING,North Brookfield,4508,,,Monty Tech,4259,,,Independent,CMAC,4:00 P.M.,,0
2026-09-08,143662,UPCOMING,Quaboag,4510,,,Blackstone Valley,4046,,,CMAC,CMAC,3:30 P.M.,,0
2026-09-08,143770,FINAL,Danvers,4103,4.0,1.0,Hamilton-Wenham,4163,3.0,0.0,Northeastern,Cape Ann,4:00 P.M.,,0
2026-09-08,143801,UPCOMING,Minnechaug,4254,,,East Longmeadow,4127,,,Suburban,Valley League,5:00 P.M.,,0
2026-09-08,143986,FINAL,Nauset,4271,4.0,1.0,St. John Paul II,4689,1.0,0.0,Cape & Islands,Cape & Islands,4:00 P.M.,,0
2026-09-08,144102,FINAL,Dedham,4108,1.0,0.0,Dover-Sherborn,4118,6.0,1.0,Tri-Valley,Tri-Valley,4:15 P.M.,,0
2026-09-08,144128,FINAL,Medfield,4241,2.0,1.0,Ashland,4015,1.0,0.0,Tri-Valley,Tri-Valley,4:30 P.M.,,0
2026-09-08,144249,UPCOMING,Frontier,4146,,,Longmeadow,4214,,,Suburban,Suburban,4:00 P.M.,,0
2026-09-08,144294,FINAL,Northampton,4291,0.0,0.0,Mohawk Trail,4258,1.0,1.0,Valley League,Valley League,4:30 P.M.,,0
2026-09-08,144319,FINAL,Norwood,4297,4.0,2.0,Westwood,4424,4.0,2.0,Tri-Valley,Tri-Valley,4:30 P.M.,,0
2026-09-08,144352,UPCOMING,Bishop Fenwick,4043,,,Gloucester,4150,,,Catholic Central,Northeastern,4:00 P.M.,,0
2026-09-08,144444,FINAL,Norwell,4296,0.0,0.0,Duxbury,4123,9.0,1.0,South Shore,Patriot,4:00 P.M.,,0
2026-09-08,144479,FINAL,Falmouth,4134,1.0,0.0,Cohasset,4094,6.0,1.0,Cape & Islands,South Shore,4:30 P.M.,,0
2026-09-08,144551,FINAL,Apponequet,4011,6.0,1.0,Middleborough,4247,0.0,0.0,South Coast,South Shore,5:30 P.M.,,0
2026-09-08,144670,UPCOMING,Old Rochester,4301,,,Bishop Stang,4045,,,South Coast,Catholic Central,3:30 P.M.,,0
2026-09-08,144737,FINAL,Notre Dame Academy-Worcester,4451,1.0,0.0,Oakmont,4299,2.0,1.0,CMAC,Mid-Wach,4:00 P.M.,,0
2026-09-08,144748,UPCOMING,Dighton-Rehoboth,4114,,,Westport,4461,,,South Coast,Mayflower,3:30 P.M.,,0
2026-09-08,144769,UPCOMING,Wareham/Mashpee,4407,,,Martha’s Vineyard,4235,,,Mayflower,Cape & Islands,3:30 P.M.,,0
2026-09-08,144956,UPCOMING,Medway,4243,,,Bellingham,4033,,,Tri-Valley,Tri-Valley,3:30 P.M.,,0
2026-09-08,145213,FINAL,Sutton,4512,3.0,1.0,Joseph Case,4078,0.0,0.0,CMAC,South Coast,4:00 P.M.,,0
2026-09-08,145304,FINAL,Seekonk,4344,1.0,0.0,West Bridgewater,4415,7.0,1.0,South Coast,South Coast,3:45 P.M.,,0
2026-09-09,139143,FINAL,Brockton,4058,0.0,0.0,Durfee,4122,7.0,1.0,Big Three,Big Three,6:30 P.M.,,0
2026-09-09,139203,FINAL,Milton,4252,2.0,1.0,Brookline,4059,0.0,0.0,Bay State,Bay State,4:30 P.M.,,0
2026-09-09,139207,FINAL,Leominster,4208,1.0,0.0,Notre Dame Academy-Worcester,4451,2.0,1.0,Mid-Wach,CMAC,6:30 P.M.,,0
2026-09-09,139345,POSTPONED,Everett,4132,,,Malden,4227,,,Greater Boston,Greater Boston,4:15 P.M.,,0
2026-09-09,139368,FINAL,Andover,4009,6.0,1.0,Lowell,4216,0.0,0.0,Merrimack Valley,Merrimack Valley,7:00 P.M.,,0
2026-09-09,139423,FINAL,Peabody,4306,3.0,1.0,Revere,4329,1.0,0.0,Northeastern,Greater Boston,4:00 P.M.,,0
2026-09-09,139478,FINAL,Wellesley,4413,2.0,1.0,Newton North,4279,1.0,0.0,Bay State,Bay State,4:30 P.M.,,0
2026-09-09,139514,FINAL,Duxbury,4123,2.0,1.0,Marshfield,4234,1.0,0.0,Patriot,Patriot,4:00 P.M.,,0
2026-09-09,139569,FINAL,Natick,4270,8.0,1.0,Framingham,4143,0.0,0.0,Bay State,Bay State,6:30 P.M.,,0
2026-09-09,139636,FINAL,South High,4962,0.0,0.0,St. Paul,4954,4.0,1.0,Independent,CMAC,3:30 P.M.,,0
2026-09-09,139640,FINAL,Quabbin,4325,3.0,1.0,Shrewsbury,4348,1.0,0.0,Mid-Wach,Mid-Wach,4:00 P.M.,,0
2026-09-09,139764,FINAL,Barnstable,4024,5.0,1.0,Sturgis East,4456,1.0,0.0,Pioneer,Cape & Islands,4:00 P.M.,,0
2026-09-09,139821,FINAL,Doherty,4116,4.0,1.0,Auburn,4019,1.0,0.0,CMAC,CMAC,3:45 P.M.,,0
2026-09-09,139840,FINAL,Weston,4423,4.0,1.0,Newton South,4280,1.0,0.0,Dual County,Dual County,4:15 P.M.,,0
2026-09-09,139915,FINAL,Hingham,4171,6.0,1.0,Hanover,4164,0.0,0.0,Patriot,Patriot,4:00 P.M.,,0
2026-09-09,140009,FINAL,Triton,4395,1.0,0.0,Essex Tech,4745,2.0,1.0,Cape Ann,Cape Ann,4:00 P.M.,,0
2026-09-09,140141,FINAL,Methuen,4246,6.0,1.0,Dracut,4119,0.0,0.0,Merrimack Valley,Merrimack Valley,6:00 P.M.,,0
2026-09-09,140170,UPCOMING,Needham,4272,,,Weymouth,4425,,,Bay State,Bay State,4:00 P.M.,,0
2026-09-09,140400,FINAL,Silver Lake,4349,3.0,1.0,Whitman-Hanson,4427,1.0,0.0,Patriot,Patriot,4:00 P.M.,,0
2026-09-09,140403,FINAL,Walpole,4404,6.0,1.0,Braintree,4051,0.0,0.0,Bay State,Bay State,4:00 P.M.,,0
2026-09-09,140442,FINAL,Chelmsford,4085,7.0,1.0,Haverhill,4167,2.0,0.0,Merrimack Valley,Merrimack Valley,5:30 P.M.,,0
2026-09-09,140486,FINAL,Watertown,4409,1.0,0.0,Belmont,4034,2.0,1.0,Middlesex,Middlesex,4:15 P.M.,,0
2026-09-09,140537,FINAL,Westford,4421,0.0,0.0,Waltham,4405,5.0,1.0,Dual County,Dual County,4:00 P.M.,,0
2026-09-09,140606,UPCOMING,Dartmouth,4105,,,Bridgewater-Raynham,4053,,,Pioneer,Pioneer,4:00 P.M.,,0
2026-09-09,140681,FINAL,Plymouth South,4316,0.0,0.0,Scituate,4343,11.0,1.0,Patriot,Patriot,4:00 P.M.,,0
2026-09-09,140735,FINAL,Bedford,4031,1.0,0.0,Concord-Carlisle,4097,7.0,1.0,Dual County,Dual County,4:00 P.M.,,0
2026-09-09,140745,FINAL,Tewksbury,4389,0.0,0.0,Central Catholic,4081,3.0,1.0,Merrimack Valley,Merrimack Valley,4:00 P.M.,,0
2026-09-09,140788,FINAL,Pembroke,4308,0.0,2.0,Plymouth North,4315,0.0,2.0,Patriot,Patriot,4:00 P.M.,,0
2026-09-09,140825,FINAL,Marlborough,4233,4.0,1.0,Algonquin,4005,1.0,0.0,Mid-Wach,Mid-Wach,4:00 P.M.,,0
2026-09-09,143618,FINAL,Greater Lowell,4155,1.0,0.0,Bay Path/David Prouty,4027,3.0,1.0,Independent,CMAC,4:30 P.M.,,0
2026-09-09,143741,FINAL,Blackstone-Millville,4486,8.0,1.0,Worcester Tech/Worcester North,4445,0.0,0.0,CMAC,CMAC,3:30 P.M.,,0
2026-09-09,144268,FINAL,Shepherd Hill,4347,3.0,1.0,Tyngsborough,4397,2.0,0.0,Mid-Wach,Mid-Wach,4:00 P.M.,,0
2026-09-09,144336,FINAL,Grafton,4153,16.0,1.0,Oxford,4303,0.0,0.0,Mid-Wach,CMAC,4:00 P.M.,,0
2026-09-09,144527,FINAL,Amherst-Pelham,4008,0.0,0.0,Belchertown,4032,6.0,1.0,County,County,6:00 P.M.,,0
2026-09-09,144532,FINAL,Groton-Dunstable,4160,2.0,1.0,Lunenburg,4219,0.0,0.0,Mid-Wach,Mid-Wach,4:00 P.M.,,0
2026-09-09,144634,FINAL,Newburyport,4276,2.0,1.0,Lynnfield,4223,1.0,0.0,Cape Ann,Cape Ann,4:00 P.M.,,0
2026-09-09,144662,FINAL,Notre Dame (Hingham),4449,5.0,1.0,Ursuline,4448,3.0,0.0,Catholic Conference,Catholic Conference,6:00 P.M.,,0
2026-09-09,144717,POSTPONED,Holyoke,4176,,,Southwick,4519,,,County,Valley League,4:30 P.M.,,0
2026-09-09,145053,FINAL,Carver,4077,4.0,1.0,Fairhaven,4133,0.0,0.0,South Shore,South Coast,4:00 P.M.,,0
2026-09-09,145096,FINAL,North Reading,4288,3.0,1.0,Pentucket,4309,2.0,0.0,Cape Ann,Cape Ann,4:00 P.M.,,0
2026-09-09,145170,FINAL,Northbridge,4292,0.0,0.0,Uxbridge,4398,9.0,1.0,CMAC,CMAC,3:30 P.M.,,0
2026-09-09,145256,FINAL,Nipmuc,4281,0.0,0.0,Hopedale,4507,4.0,1.0,CMAC,CMAC,4:00 P.M.,,0
2026-09-09,145312,FINAL,Bromfield,4505,1.0,0.0,Gardner,4147,2.0,1.0,Mid-Wach,Mid-Wach,4:00 P.M.,,0
2026-09-09,145328,FINAL,Smith Academy,4538,0.0,0.0,South Hadley,4353,3.0,1.0,Valley League,Suburban,4:00 P.M.,,0
2026-09-09,145340,FINAL,Littleton,4212,1.0,2.0,Clinton,4093,1.0,2.0,Mid-Wach,Mid-Wach,4:30 P.M.,,0
2026-09-09,145444,FINAL,Rockport,4490,1.0,0.0,Manchester Essex,4229,5.0,1.0,Cape Ann,Cape Ann,6:00 P.M.,,0
2026-09-09,145463,FINAL,Hamilton-Wenham,4163,4.0,1.0,Amesbury,4007,1.0,0.0,Cape Ann,Cape Ann,4:00 P.M.,,0
2026-09-09,145581,FINAL,Narragansett,4266,9.0,1.0,Maynard,4239,0.0,0.0,Mid-Wach,Mid-Wach,4:00 P.M.,,0
2026-09-09,145602,UPCOMING,Tahanto,4513,,,Fitchburg,4139,,,Mid-Wach,Mid-Wach,4:00 P.M.,,0
2026-09-10,139136,FINAL,Lexington,4209,3.0,1.0,Reading,4328,2.0,0.0,Middlesex,Middlesex,4:15 P.M.,,0
2026-09-10,139261,FINAL,New Bedford,4273,0.0,0.0,Westport,4461,2.0,1.0,Big Three,Mayflower,4:00 P.M.,,0
2026-09-10,139311,FINAL,Wareham/Mashpee,4407,5.0,1.0,Southeastern,4358,2.0,0.0,Mayflower,Mayflower,3:30 P.M.,,0
2026-09-10,139351,FINAL,Everett,4132,6.0,1.0,Arlington Catholic,4014,0.0,0.0,Greater Boston,Catholic Central,4:15 P.M.,,0
2026-09-10,139588,FINAL,Attleboro,4018,13.0,1.0,Sharon,4345,0.0,0.0,Hockomock,Hockomock,5:45 P.M.,,0
2026-09-10,139721,FINAL,King Philip,4197,4.0,1.0,Mansfield,4230,1.0,0.0,Hockomock,Hockomock,3:45 P.M.,,0
2026-09-10,139982,FINAL,Milford,4249,0.0,0.0,Franklin,4144,18.0,1.0,Hockomock,Hockomock,3:45 P.M.,,0
2026-09-10,140049,FINAL,Lincoln-Sudbury,4211,5.0,1.0,Acton-Boxborough,4003,0.0,0.0,Dual County,Dual County,4:00 P.M.,,0
2026-09-10,140082,FINAL,Taunton,4388,2.0,2.0,Stoughton,4381,2.0,2.0,Hockomock,Hockomock,3:45 P.M.,,0
2026-09-10,140194,FINAL,Canton,4071,5.0,1.0,Oliver Ames,4302,0.0,0.0,Hockomock,Hockomock,6:30 P.M.,,0
2026-09-10,140227,FINAL,Arlington,4013,1.0,0.0,Belmont,4034,5.0,1.0,Middlesex,Middlesex,4:30 P.M.,,0
2026-09-10,140235,FINAL,Foxborough,4142,4.0,1.0,North Attleborough,4284,1.0,0.0,Hockomock,Hockomock,5:00 P.M.,,0
2026-09-10,140291,FINAL,West Springfield,4417,3.0,1.0,Hampshire,4518,1.0,0.0,Suburban,County,7:00 P.M.,,0
2026-09-10,140349,FINAL,Frontier,4146,3.0,1.0,Agawam,4004,0.0,0.0,Suburban,Suburban,4:00 P.M.,,0
2026-09-10,140649,FINAL,Woburn,4438,0.0,0.0,Winchester,4434,3.0,1.0,Middlesex,Middlesex,4:00 P.M.,,0
2026-09-10,140673,FINAL,Westwood,4424,0.0,0.0,Hopkinton,4180,1.0,1.0,Tri-Valley,Tri-Valley,6:00 P.M.,,0
2026-09-10,140687,UPCOMING,Plymouth South,4316,,,East Bridgewater,4126,,,Patriot,South Shore,4:00 P.M.,,0
2026-09-10,140760,FINAL,Beverly,4038,2.0,1.0,Marblehead,4231,0.0,0.0,Northeastern,Northeastern,6:00 P.M.,,0
2026-09-10,143631,UPCOMING,Monty Tech,4259,,,Quaboag,4510,,,CMAC,CMAC,4:00 P.M.,,0
2026-09-10,143687,UPCOMING,Northbridge,4292,,,Bay Path/David Prouty,4027,,,CMAC,CMAC,4:00 P.M.,,0
2026-09-10,143711,FINAL,Tantasqua,4387,4.0,1.0,Shepherd Hill,4347,0.0,0.0,CMAC,Mid-Wach,4:00 P.M.,,0
2026-09-10,143804,UPCOMING,East Longmeadow,4127,,,Greenfield,4157,,,Valley League,Suburban,7:00 P.M.,,0
2026-09-10,143903,FINAL,Whitman-Hanson,4427,2.0,1.0,Martha’s Vineyard,4235,0.0,0.0,Patriot,Cape & Islands,3:30 P.M.,,0
2026-09-10,143932,UPCOMING,Longmeadow,4214,,,Minnechaug,4254,,,Suburban,Suburban,5:00 P.M.,,0
2026-09-10,143954,FINAL,Burlington,4065,0.0,0.0,Melrose,4244,4.0,1.0,Middlesex,Middlesex,4:15 P.M.,,0
2026-09-10,144104,FINAL,Bellingham,4033,0.0,0.0,Dedham,4108,4.0,1.0,Tri-Valley,Tri-Valley,4:30 P.M.,,0
2026-09-10,144160,FINAL,Apponequet,4011,0.0,0.0,Somerset Berkley,4350,8.0,1.0,South Coast,South Coast,4:00 P.M.,,0
2026-09-10,144354,FINAL,Saugus,4341,1.0,0.0,Gloucester,4150,5.0,1.0,Northeastern,Northeastern,4:30 P.M.,,0
2026-09-10,144373,FINAL,Wilmington,4432,0.0,0.0,Watertown,4409,7.0,1.0,Middlesex,Middlesex,6:00 P.M.,,0
2026-09-10,144484,FINAL,Nantucket,4265,1.0,0.0,Falmouth,4134,4.0,1.0,Cape & Islands,Cape & Islands,3:45 P.M.,,0
2026-09-10,144495,FINAL,Stoneham,4380,5.0,1.0,Wakefield,4402,1.0,0.0,Middlesex,Middlesex,6:00 P.M.,,0
2026-09-10,144705,FINAL,Dover-Sherborn,4118,4.0,1.0,Monomoy,4706,1.0,0.0,Tri-Valley,Cape & Islands,4:00 P.M.,,0
2026-09-10,144983,FINAL,Joseph Case,4078,0.0,0.0,Old Rochester,4301,4.0,1.0,South Coast,South Coast,3:45 P.M.,,0
2026-09-10,145008,FINAL,Turners Falls,4396,0.0,0.0,Franklin County Tech,4145,7.0,1.0,Valley League,County,6:00 P.M.,,0
2026-09-10,145056,FINAL,Fairhaven,4133,1.0,0.0,Seekonk,4344,5.0,1.0,South Coast,South Coast,3:30 P.M.,,0
2026-09-10,145125,FINAL,Cohasset,4094,4.0,1.0,St. Mary’s,4374,1.0,0.0,South Shore,Catholic Central,6:30 P.M.,,0
2026-09-10,145227,UPCOMING,Palmer,4304,,,Mahar,4226,,,County,Valley League,4:00 P.M.,,0
2026-09-10,150411,FINAL,North Andover,4283,2.0,1.0,Malden Catholic,4228,1.0,0.0,Merrimack Valley,Catholic Conference,,,0
2026-09-11,139147,UPCOMING,Stoughton,4381,,,Brockton,4058,,,Hockomock,Big Three,3:45 P.M.,,0
2026-09-11,139216,FINAL,Leominster,4208,0.0,0.0,Lunenburg,4219,2.0,1.0,Mid-Wach,Mid-Wach,6:30 P.M.,,0
2026-09-11,139638,UPCOMING,Monty Tech,4259,,,South High,4962,,,CMAC,Independent,4:00 P.M.,,0
2026-09-11,139765,FINAL,Nauset,4271,2.0,1.0,Barnstable,4024,1.0,0.0,Cape & Islands,Pioneer,4:00 P.M.,,0
2026-09-11,139938,FINAL,Wachusett,4400,4.0,1.0,Minnechaug,4254,0.0,0.0,Mid-Wach,Suburban,6:30 P.M.,,0
2026-09-11,140012,FINAL,Pentucket,4309,0.0,0.0,Essex Tech,4745,1.0,1.0,Cape Ann,Cape Ann,4:00 P.M.,,0
2026-09-11,140143,FINAL,Chelmsford,4085,7.0,1.0,Methuen,4246,2.0,0.0,Merrimack Valley,Merrimack Valley,4:00 P.M.,,0
2026-09-11,140152,FINAL,Milton,4252,3.0,1.0,Notre Dame (Hingham),4449,1.0,0.0,Bay State,Catholic Conference,4:30 P.M.,,0
2026-09-11,140404,FINAL,Silver Lake,4349,0.0,0.0,West Bridgewater,4415,1.0,1.0,Patriot,South Coast,4:00 P.M.,,0
2026-09-11,140539,FINAL,Westford,4421,0.0,0.0,Nashoba,4267,7.0,1.0,Dual County,Mid-Wach,4:00 P.M.,,0
2026-09-11,140564,UPCOMING,Wayland,4411,,,Waltham,4405,,,Dual County,Dual County,4:00 P.M.,,0
2026-09-11,140609,UPCOMING,Plymouth North,4315,,,Bridgewater-Raynham,4053,,,Patriot,Pioneer,4:00 P.M.,,0
2026-09-11,140808,UPCOMING,Peabody,4306,,,Masconomet,4236,,,Northeastern,Northeastern,4:00 P.M.,,0
2026-09-11,140845,FINAL,Westborough,4418,0.0,0.0,Nipmuc,4281,7.0,1.0,Mid-Wach,CMAC,4:00 P.M.,,0
2026-09-11,140907,FINAL,Malden Catholic,4228,2.0,0.0,Bishop Fenwick,4043,5.0,1.0,Catholic Conference,Catholic Central,4:00 P.M.,,0
2026-09-11,143619,FINAL,Blackstone Valley,4046,0.0,0.0,Greater Lowell,4155,9.0,1.0,CMAC,Independent,4:00 P.M.,,0
2026-09-11,143743,UPCOMING,St. Paul,4954,,,Worcester Tech/Worcester North,4445,,,CMAC,CMAC,3:15 P.M.,,0
2026-09-11,143825,UPCOMING,St. Bernard’s,4365,,,Fitchburg,4139,,,CMAC,Mid-Wach,4:00 P.M.,,0
2026-09-11,143857,FINAL,Dennis-Yarmouth,4111,6.0,1.0,Scituate,4343,1.0,0.0,Cape & Islands,Patriot,4:00 P.M.,,0
2026-09-11,143970,FINAL,Hopedale,4507,6.0,1.0,Marlborough,4233,1.0,0.0,CMAC,Mid-Wach,3:30 P.M.,,0
2026-09-11,144055,FINAL,Tewksbury,4389,7.0,1.0,Dracut,4119,0.0,0.0,Merrimack Valley,Merrimack Valley,4:00 P.M.,,0
2026-09-11,144070,FINAL,North Middlesex,4286,0.0,0.0,Tyngsborough,4397,7.0,1.0,Mid-Wach,Mid-Wach,4:00 P.M.,,0
2026-09-11,144129,FINAL,Norwood,4297,1.0,0.0,Medfield,4241,5.0,1.0,Tri-Valley,Tri-Valley,4:30 P.M.,,0
2026-09-11,144202,FINAL,Auburn,4019,1.0,0.0,Grafton,4153,5.0,1.0,CMAC,Mid-Wach,3:30 P.M.,,0
2026-09-11,144203,UPCOMING,Dartmouth,4105,,,Bishop Stang,4045,,,Pioneer,Catholic Central,3:30 P.M.,,0
2026-09-11,144295,FINAL,Amherst-Pelham,4008,0.0,2.0,Northampton,4291,0.0,2.0,County,Valley League,4:15 P.M.,,0
2026-09-11,144446,FINAL,Sandwich,4340,2.0,1.0,Duxbury,4123,0.0,0.0,Cape & Islands,Patriot,4:00 P.M.,,0
2026-09-11,144467,FINAL,Weston,4423,4.0,0.0,Bedford,4031,5.0,1.0,Dual County,Dual County,4:15 P.M.,,0
2026-09-11,144475,UPCOMING,Ashland,4015,,,Holliston,4174,,,Tri-Valley,Tri-Valley,4:30 P.M.,,0
2026-09-11,144719,UPCOMING,Holyoke,4176,,,Smith Academy,4538,,,County,Valley League,4:30 P.M.,,0
2026-09-11,144739,FINAL,Oakmont,4299,5.0,1.0,Narragansett,4266,2.0,0.0,Mid-Wach,Mid-Wach,4:00 P.M.,,0
2026-09-11,145033,FINAL,Southwick,4519,2.0,0.0,Belchertown,4032,6.0,1.0,Valley League,County,4:00 P.M.,,0
2026-09-11,145070,UPCOMING,Triton,4395,,,Lynnfield,4223,,,Cape Ann,Cape Ann,4:00 P.M.,,0
2026-09-11,145181,FINAL,Quabbin,4325,3.0,1.0,Notre Dame Academy-Worcester,4451,1.0,0.0,Mid-Wach,CMAC,3:45 P.M.,,0
2026-09-11,145331,FINAL,Mohawk Trail,4258,0.0,0.0,South Hadley,4353,2.0,1.0,Valley League,Suburban,4:00 P.M.,,0
2026-09-11,145342,FINAL,Bromfield,4505,0.0,2.0,Littleton,4212,0.0,2.0,Mid-Wach,Mid-Wach,3:45 P.M.,,0
2026-09-11,145364,FINAL,Rockport,4490,1.0,0.0,Ipswich,4190,5.0,1.0,Cape Ann,Cape Ann,4:00 P.M.,,0
2026-09-11,145413,UPCOMING,Clinton,4093,,,Tahanto,4513,,,Mid-Wach,Mid-Wach,3:30 P.M.,,0
2026-09-11,145479,FINAL,Manchester Essex,4229,5.0,1.0,Amesbury,4007,0.0,0.0,Cape Ann,Cape Ann,4:00 P.M.,,0
2026-09-11,145523,UPCOMING,Sturgis East,4456,,,Carver,4077,,,Cape & Islands,South Shore,4:30 P.M.,,0
2026-09-11,150519,FINAL,Bishop Feehan,4042,1.0,0.0,La Salle (R.I.),4201,2.0,1.0,Catholic Central,Independent,3:30 P.M.,,0
2026-09-12,139263,UPCOMING,New Bedford,4273,,,Taunton,4388,,,Big Three,Hockomock,10:00 A.M.,,0
2026-09-12,139353,FINAL,Lowell,4216,6.0,1.0,Everett,4132,0.0,0.0,Merrimack Valley,Greater Boston,9:00 A.M.,,0
2026-09-12,140445,FINAL,Wilmington,4432,4.0,1.0,Haverhill,4167,0.0,0.0,Middlesex,Merrimack Valley,2:00 P.M.,,0
2026-09-12,140468,FINAL,Bishop Stang,4045,3.0,1.0,Durfee,4122,2.0,0.0,Catholic Central,Big Three,11:00 A.M.,,0
2026-09-12,144161,FINAL,Somerset Berkley,4350,2.0,0.0,Watertown,4409,3.0,1.0,South Coast,Middlesex,11:00 A.M.,,0
2026-09-12,144355,UPCOMING,Gloucester,4150,,,St. Mary’s,4374,,,Northeastern,Catholic Central,10:00 A.M.,,0
2026-09-12,144772,FINAL,Martha’s Vineyard,4235,0.0,2.0,Nantucket,4265,0.0,2.0,Cape & Islands,Cape & Islands,12:45 P.M.,,0
2026-09-12,145562,FINAL,Oxford,4303,0.0,0.0,Quaboag,4510,7.0,1.0,CMAC,CMAC,1:30 P.M.,,0
2026-09-14,139139,FINAL,Wilmington,4432,0.0,0.0,Lexington,4209,2.0,1.0,Middlesex,Middlesex,6:00 P.M.,,0
2026-09-14,139150,FINAL,Brockton,4058,2.0,1.0,New Bedford,4273,0.0,0.0,Big Three,Big Three,6:30 P.M.,,0
2026-09-14,139204,FINAL,Walpole,4404,1.0,1.0,Brookline,4059,0.0,0.0,Bay State,Bay State,4:30 P.M.,,0
2026-09-14,139223,FINAL,Leominster,4208,2.0,0.0,Grafton,4153,4.0,1.0,Mid-Wach,Mid-Wach,6:30 P.M.,,0
2026-09-14,139314,FINAL,Southeastern,4358,7.0,1.0,Bridgewater-Raynham,4053,1.0,0.0,Mayflower,Pioneer,3:30 P.M.,,0
2026-09-14,139356,FINAL,Everett,4132,0.0,0.0,Saugus,4341,6.0,1.0,Greater Boston,Northeastern,4:15 P.M.,,0
2026-09-14,139371,FINAL,Tewksbury,4389,0.0,2.0,Lowell,4216,0.0,2.0,Merrimack Valley,Merrimack Valley,4:00 P.M.,,0
2026-09-14,139481,FINAL,Malden,4227,0.0,0.0,Bishop Fenwick,4043,9.0,1.0,Greater Boston,Catholic Central,4:15 P.M.,,0
2026-09-14,139511,FINAL,Newton North,4279,1.0,0.0,Milton,4252,4.0,1.0,Bay State,Bay State,4:30 P.M.,,0
2026-09-14,139521,FINAL,Marshfield,4234,1.0,2.0,Whitman-Hanson,4427,1.0,2.0,Patriot,Patriot,4:00 P.M.,,0
2026-09-14,139576,UPCOMING,Framingham,4143,,,Weymouth,4425,,,Bay State,Bay State,4:00 P.M.,,0
2026-09-14,139590,FINAL,King Philip,4197,10.0,1.0,Sharon,4345,0.0,0.0,Hockomock,Hockomock,3:45 P.M.,,0
2026-09-14,139641,FINAL,Nashoba,4267,7.0,1.0,Shrewsbury,4348,0.0,0.0,Mid-Wach,Mid-Wach,4:00 P.M.,,0
2026-09-14,139754,FINAL,Oliver Ames,4302,2.0,0.0,Attleboro,4018,6.0,1.0,Hockomock,Hockomock,3:45 P.M.,,0
2026-09-14,139768,FINAL,Nantucket,4265,3.0,2.0,Barnstable,4024,3.0,2.0,Cape & Islands,Pioneer,3:45 P.M.,,0
2026-09-14,139822,FINAL,Hopedale,4507,1.0,0.0,Doherty,4116,2.0,1.0,CMAC,CMAC,3:30 P.M.,,0
2026-09-14,139881,FINAL,Stoneham,4380,0.0,0.0,Reading,4328,6.0,1.0,Middlesex,Middlesex,6:00 P.M.,,0
2026-09-14,139920,FINAL,Duxbury,4123,0.0,2.0,Hingham,4171,0.0,2.0,Patriot,Patriot,4:00 P.M.,,0
2026-09-14,139941,FINAL,Wachusett,4400,1.0,1.0,Algonquin,4005,0.0,0.0,Mid-Wach,Mid-Wach,6:30 P.M.,,0
2026-09-14,139986,FINAL,Mansfield,4230,8.0,1.0,Milford,4249,0.0,0.0,Hockomock,Hockomock,6:30 P.M.,,0
2026-09-14,140014,FINAL,Essex Tech,4745,2.0,0.0,Lynnfield,4223,3.0,1.0,Cape Ann,Cape Ann,4:00 P.M.,,0
2026-09-14,140084,UPCOMING,Canton,4071,,,Taunton,4388,,,Hockomock,Hockomock,3:45 P.M.,,0
2026-09-14,140103,FINAL,Methuen,4246,0.0,0.0,Andover,4009,6.0,1.0,Merrimack Valley,Merrimack Valley,4:00 P.M.,,0
2026-09-14,140173,FINAL,Wellesley,4413,6.0,1.0,Needham,4272,1.0,0.0,Bay State,Bay State,4:00 P.M.,,0
2026-09-14,140230,FINAL,Burlington,4065,0.0,0.0,Arlington,4013,1.0,1.0,Middlesex,Middlesex,4:15 P.M.,,0
2026-09-14,140242,FINAL,North Attleborough,4284,3.0,2.0,Stoughton,4381,3.0,2.0,Hockomock,Hockomock,7:00 P.M.,,0
2026-09-14,140294,FINAL,West Springfield,4417,7.0,1.0,Amherst-Pelham,4008,1.0,0.0,Suburban,County,6:00 P.M.,,0
2026-09-14,140344,FINAL,Natick,4270,5.0,1.0,Braintree,4051,0.0,0.0,Bay State,Bay State,6:30 P.M.,,0
2026-09-14,140353,FINAL,Longmeadow,4214,2.0,1.0,Agawam,4004,0.0,0.0,Suburban,Suburban,4:00 P.M.,,0
2026-09-14,140380,FINAL,Foxborough,4142,1.0,0.0,Franklin,4144,2.0,1.0,Hockomock,Hockomock,5:30 P.M.,,0
2026-09-14,140412,FINAL,Plymouth South,4316,1.0,2.0,Silver Lake,4349,1.0,2.0,Patriot,Patriot,4:00 P.M.,,0
2026-09-14,140447,FINAL,Haverhill,4167,0.0,0.0,North Andover,4283,2.0,1.0,Merrimack Valley,Merrimack Valley,6:00 P.M.,,0
2026-09-14,140471,FINAL,Durfee,4122,5.0,1.0,Fairhaven,4133,0.0,0.0,Big Three,South Coast,5:15 P.M.,,0
2026-09-14,140488,FINAL,Wakefield,4402,0.0,0.0,Belmont,4034,8.0,1.0,Middlesex,Middlesex,4:15 P.M.,,0
2026-09-14,140542,FINAL,Central Catholic,4081,3.0,1.0,Westford,4421,0.0,0.0,Merrimack Valley,Dual County,7:00 P.M.,,0
2026-09-14,140584,FINAL,Chelmsford,4085,1.0,0.0,Concord-Carlisle,4097,8.0,1.0,Merrimack Valley,Dual County,5:30 P.M.,,0
2026-09-14,140791,UPCOMING,Scituate,4343,,,Plymouth North,4315,,,Patriot,Patriot,6:00 P.M.,,0
2026-09-14,140846,FINAL,Marlborough,4233,8.0,1.0,Westborough,4418,1.0,0.0,Mid-Wach,Mid-Wach,4:00 P.M.,,0
2026-09-14,140870,FINAL,Watertown,4409,7.0,1.0,Woburn,4438,0.0,0.0,Middlesex,Middlesex,4:15 P.M.,,0
2026-09-14,140886,FINAL,Bishop Feehan,4042,4.0,1.0,St. Mary’s,4374,1.0,0.0,Catholic Central,Catholic Central,4:00 P.M.,,0
2026-09-14,143621,UPCOMING,Greater Lowell,4155,,,Dracut,4119,,,Independent,Merrimack Valley,4:30 P.M.,,0
2026-09-14,144073,FINAL,Quabbin,4325,5.0,1.0,North Middlesex,4286,0.0,0.0,Mid-Wach,Mid-Wach,4:00 P.M.,,0
2026-09-14,144164,FINAL,Hanover,4164,5.0,1.0,Pembroke,4308,1.0,0.0,Patriot,Patriot,4:00 P.M.,,0
2026-09-14,144533,FINAL,Groton-Dunstable,4160,6.0,1.0,Oakmont,4299,3.0,0.0,Mid-Wach,Mid-Wach,4:00 P.M.,,0
2026-09-14,144637,FINAL,Pentucket,4309,1.0,0.0,Newburyport,4276,4.0,1.0,Cape Ann,Cape Ann,4:00 P.M.,,0
2026-09-14,144664,FINAL,Ursuline,4448,1.0,1.0,Notre Dame (Hingham),4449,0.0,0.0,Catholic Conference,Catholic Conference,4:00 P.M.,,0
2026-09-14,144751,FINAL,Dighton-Rehoboth,4114,0.0,0.0,Seekonk,4344,3.0,1.0,South Coast,South Coast,3:45 P.M.,,0
2026-09-14,145141,FINAL,Sandwich,4340,4.0,1.0,Cohasset,4094,1.0,0.0,Cape & Islands,South Shore,4:30 P.M.,,0
2026-09-14,145259,FINAL,Nipmuc,4281,0.0,0.0,Sutton,4512,2.0,1.0,CMAC,CMAC,3:30 P.M.,,0
2026-09-14,145269,FINAL,Triton,4395,0.0,0.0,North Reading,4288,2.0,1.0,Cape Ann,Cape Ann,4:00 P.M.,,0
2026-09-14,145301,FINAL,Monomoy,4706,6.0,1.0,St. John Paul II,4689,0.0,0.0,Cape & Islands,Cape & Islands,4:00 P.M.,,0
2026-09-14,145344,FINAL,Littleton,4212,9.0,1.0,Leicester,4207,1.0,0.0,Mid-Wach,CMAC,4:00 P.M.,,0
2026-09-14,145367,FINAL,Manchester Essex,4229,1.0,2.0,Ipswich,4190,1.0,2.0,Cape Ann,Cape Ann,4:00 P.M.,,0
2026-09-14,145448,FINAL,Hamilton-Wenham,4163,5.0,1.0,Rockport,4490,1.0,0.0,Cape Ann,Cape Ann,4:00 P.M.,,0
2026-09-14,145485,FINAL,Narragansett,4266,3.0,1.0,Lunenburg,4219,0.0,0.0,Mid-Wach,Mid-Wach,4:00 P.M.,,0
2026-09-14,145502,FINAL,Tyngsborough,4397,2.0,0.0,Bromfield,4505,4.0,1.0,Mid-Wach,Mid-Wach,4:00 P.M.,,0
2026-09-15,139644,UPCOMING,Worcester South,4444,,,Worcester Tech/Worcester North,4445,,,CMAC,CMAC,3:30 P.M.,,0
2026-09-15,139846,UPCOMING,Bedford,4031,,,Newton South,4280,,,Dual County,Dual County,4:00 P.M.,,0
2026-09-15,140051,FINAL,Acton-Boxborough,4003,2.0,1.0,Waltham,4405,1.0,0.0,Dual County,Dual County,4:00 P.M.,,0
2026-09-15,140651,FINAL,Melrose,4244,3.0,1.0,Winchester,4434,0.0,0.0,Middlesex,Middlesex,4:15 P.M.,,0
2026-09-15,140676,UPCOMING,Hopkinton,4180,,,Ashland,4015,,,Tri-Valley,Tri-Valley,5:30 P.M.,,0
2026-09-15,140761,FINAL,Swampscott,4383,1.0,0.0,Beverly,4038,4.0,1.0,Northeastern,Northeastern,4:30 P.M.,,0
2026-09-15,140809,FINAL,Danvers,4103,8.0,1.0,Peabody,4306,3.0,0.0,Northeastern,Northeastern,4:00 P.M.,,0
2026-09-15,143632,UPCOMING,St. Bernard’s,4365,,,Monty Tech,4259,,,CMAC,CMAC,4:00 P.M.,,0
2026-09-15,143664,UPCOMING,Northbridge,4292,,,Blackstone Valley,4046,,,CMAC,CMAC,3:30 P.M.,,0
2026-09-15,143688,UPCOMING,Bay Path/David Prouty,4027,,,Oxford,4303,,,CMAC,CMAC,3:30 P.M.,,0
2026-09-15,143713,UPCOMING,Tantasqua,4387,,,Blackstone-Millville,4486,,,CMAC,CMAC,4:00 P.M.,,0
2026-09-15,143876,UPCOMING,Saugus,4341,,,Masconomet,4236,,,Northeastern,Northeastern,4:30 P.M.,,0
2026-09-15,143935,UPCOMING,Minnechaug,4254,,,Greenfield,4157,,,Suburban,Suburban,5:00 P.M.,,0
2026-09-15,143990,UPCOMING,Nauset,4271,,,Martha’s Vineyard,4235,,,Cape & Islands,Cape & Islands,4:00 P.M.,,0
2026-09-15,144131,FINAL,Westwood,4424,2.0,1.0,Medfield,4241,1.0,0.0,Tri-Valley,Tri-Valley,5:30 P.M.,,0
2026-09-15,144167,FINAL,Somerset Berkley,4350,9.0,1.0,Joseph Case,4078,0.0,0.0,South Coast,South Coast,3:30 P.M.,,0
2026-09-15,144206,UPCOMING,Quaboag,4510,,,Auburn,4019,,,CMAC,CMAC,3:30 P.M.,,0
2026-09-15,144296,UPCOMING,Belchertown,4032,,,Northampton,4291,,,County,Valley League,4:00 P.M.,,0
2026-09-15,144358,FINAL,Gloucester,4150,1.0,1.0,Marblehead,4231,0.0,0.0,Northeastern,Northeastern,4:30 P.M.,,0
2026-09-15,144387,FINAL,Holliston,4174,1.0,2.0,Norwood,4297,1.0,2.0,Tri-Valley,Tri-Valley,5:00 P.M.,,0
2026-09-15,144428,UPCOMING,Holyoke,4176,,,Westfield,4419,,,County,Valley League,6:00 P.M.,,0
2026-09-15,144516,FINAL,Weston,4423,3.0,2.0,Wayland,4411,3.0,2.0,Dual County,Dual County,4:15 P.M.,,0
2026-09-15,144554,FINAL,West Bridgewater,4415,6.0,1.0,Apponequet,4011,0.0,0.0,South Coast,South Coast,3:45 P.M.,,0
2026-09-15,144615,UPCOMING,Middleborough,4247,,,East Bridgewater,4126,,,South Shore,South Shore,5:30 P.M.,,0
2026-09-15,144706,UPCOMING,Dover-Sherborn,4118,,,Bellingham,4033,,,Tri-Valley,Tri-Valley,4:00 P.M.,,0
2026-09-15,144752,UPCOMING,Fairhaven,4133,,,Dighton-Rehoboth,4114,,,South Coast,South Coast,3:45 P.M.,,0
2026-09-15,144971,FINAL,Carver,4077,1.0,0.0,Norwell,4296,2.0,1.0,South Shore,South Shore,4:00 P.M.,,0
2026-09-15,144985,UPCOMING,Seekonk,4344,,,Old Rochester,4301,,,South Coast,South Coast,3:45 P.M.,,0
2026-09-15,145010,UPCOMING,Palmer,4304,,,Franklin County Tech,4145,,,County,County,4:00 P.M.,,0
2026-09-15,145182,UPCOMING,Notre Dame Academy-Worcester,4451,,,Sutton,4512,,,CMAC,CMAC,3:45 P.M.,,0
2026-09-15,145390,UPCOMING,Mahar,4226,,,Mohawk Trail,4258,,,Valley League,Valley League,4:00 P.M.,,0
2026-09-15,145402,UPCOMING,Turners Falls,4396,,,Hampshire,4518,,,Valley League,County,6:00 P.M.,,0
2026-09-15,145418,UPCOMING,Maynard,4239,,,Clinton,4093,,,Mid-Wach,Mid-Wach,3:30 P.M.,,0
2026-09-15,145429,UPCOMING,Southwick,4519,,,Smith Academy,4538,,,Valley League,Valley League,4:00 P.M.,,0
2026-09-15,145542,UPCOMING,Westport,4461,,,Wareham/Mashpee,4407,,,Mayflower,Mayflower,3:45 P.M.,,0
2026-09-16,139206,FINAL,Brookline,4059,6.0,1.0,Framingham,4143,0.0,0.0,Bay State,Bay State,4:00 P.M.,,0
2026-09-16,139226,FINAL,Algonquin,4005,4.0,1.0,Leominster,4208,0.0,0.0,Mid-Wach,Mid-Wach,4:00 P.M.,,0
2026-09-16,139264,FINAL,New Bedford,4273,1.0,0.0,Bishop Stang,4045,5.0,1.0,Big Three,Catholic Central,4:00 P.M.,,0
2026-09-16,139316,FINAL,Greater Lowell,4155,0.0,0.0,Southeastern,4358,2.0,1.0,Independent,Mayflower,4:30 P.M.,,0
2026-09-16,139377,FINAL,Lowell,4216,2.0,2.0,Methuen,4246,2.0,2.0,Merrimack Valley,Merrimack Valley,4:30 P.M.,,0
2026-09-16,139517,FINAL,Braintree,4051,1.0,1.0,Newton North,4279,0.0,0.0,Bay State,Bay State,4:30 P.M.,,0
2026-09-16,139525,FINAL,Hingham,4171,7.0,1.0,Marshfield,4234,0.0,0.0,Patriot,Patriot,4:00 P.M.,,0
2026-09-16,139597,FINAL,Sharon,4345,0.0,0.0,Franklin,4144,7.0,1.0,Hockomock,Hockomock,3:45 P.M.,,0
2026-09-16,139649,FINAL,Shrewsbury,4348,5.0,1.0,Grafton,4153,1.0,0.0,Mid-Wach,Mid-Wach,6:30 P.M.,,0
2026-09-16,139723,FINAL,Foxborough,4142,2.0,0.0,King Philip,4197,3.0,1.0,Hockomock,Hockomock,5:00 P.M.,,0
2026-09-16,139758,FINAL,Stoughton,4381,1.0,0.0,Attleboro,4018,12.0,1.0,Hockomock,Hockomock,3:45 P.M.,,0
2026-09-16,139772,FINAL,Bishop Feehan,4042,4.0,1.0,Barnstable,4024,1.0,0.0,Catholic Central,Pioneer,4:00 P.M.,,0
2026-09-16,139942,FINAL,Nashoba,4267,6.0,1.0,Wachusett,4400,0.0,0.0,Mid-Wach,Mid-Wach,6:00 P.M.,,0
2026-09-16,139991,FINAL,Milford,4249,0.0,0.0,Taunton,4388,7.0,1.0,Hockomock,Hockomock,4:00 P.M.,,0
2026-09-16,140016,FINAL,Amesbury,4007,1.0,0.0,Essex Tech,4745,3.0,1.0,Cape Ann,Cape Ann,4:00 P.M.,,0
2026-09-16,140105,FINAL,Dracut,4119,0.0,0.0,Andover,4009,6.0,1.0,Merrimack Valley,Merrimack Valley,5:30 P.M.,,0
2026-09-16,140155,FINAL,Needham,4272,2.0,0.0,Milton,4252,5.0,1.0,Bay State,Bay State,4:00 P.M.,,0
2026-09-16,140201,FINAL,Oliver Ames,4302,3.0,1.0,North Attleborough,4284,1.0,0.0,Hockomock,Hockomock,3:45 P.M.,,0
2026-09-16,140266,FINAL,Mansfield,4230,1.0,0.0,Canton,4071,7.0,1.0,Hockomock,Hockomock,3:45 P.M.,,0
2026-09-16,140295,UPCOMING,West Springfield,4417,,,Holyoke,4176,,,Suburban,County,6:00 P.M.,,0
2026-09-16,140346,FINAL,Wellesley,4413,3.0,0.0,Natick,4270,4.0,1.0,Bay State,Bay State,4:00 P.M.,,0
2026-09-16,140415,FINAL,Silver Lake,4349,0.0,2.0,Duxbury,4123,0.0,2.0,Patriot,Patriot,4:00 P.M.,,0
2026-09-16,140448,FINAL,Haverhill,4167,0.0,0.0,Central Catholic,4081,2.0,1.0,Merrimack Valley,Merrimack Valley,4:00 P.M.,,0
2026-09-16,140472,FINAL,Dartmouth,4105,4.0,1.0,Durfee,4122,1.0,0.0,Pioneer,Big Three,5:15 P.M.,,0
2026-09-16,140489,FINAL,Belmont,4034,3.0,1.0,Winchester,4434,1.0,0.0,Middlesex,Middlesex,4:30 P.M.,,0
2026-09-16,140516,FINAL,Lincoln-Sudbury,4211,8.0,1.0,Cohasset,4094,2.0,0.0,Dual County,South Shore,4:15 P.M.,,0
2026-09-16,140544,FINAL,Westford,4421,1.0,0.0,Chelmsford,4085,6.0,1.0,Dual County,Merrimack Valley,4:00 P.M.,,0
2026-09-16,140612,FINAL,Bridgewater-Raynham,4053,0.0,0.0,Ursuline,4448,2.0,1.0,Pioneer,Catholic Conference,4:00 P.M.,,0
2026-09-16,140635,FINAL,North Andover,4283,0.0,2.0,Tewksbury,4389,0.0,2.0,Merrimack Valley,Merrimack Valley,4:00 P.M.,,0
2026-09-16,140692,FINAL,Pembroke,4308,3.0,1.0,Plymouth South,4316,1.0,0.0,Patriot,Patriot,4:00 P.M.,,0
2026-09-16,140792,FINAL,Plymouth North,4315,0.0,0.0,Hanover,4164,8.0,1.0,Patriot,Patriot,4:00 P.M.,,0
2026-09-16,140847,FINAL,Westborough,4418,0.0,0.0,Quabbin,4325,3.0,1.0,Mid-Wach,Mid-Wach,6:00 P.M.,,0
2026-09-16,140909,FINAL,Malden Catholic,4228,2.0,2.0,Stoneham,4380,2.0,2.0,Catholic Conference,Middlesex,4:00 P.M.,,0
2026-09-16,143826,FINAL,Bromfield,4505,6.0,1.0,Fitchburg,4139,3.0,0.0,Mid-Wach,Mid-Wach,3:45 P.M.,,0
2026-09-16,143860,FINAL,Scituate,4343,3.0,1.0,Whitman-Hanson,4427,1.0,0.0,Patriot,Patriot,4:00 P.M.,,0
2026-09-16,143972,UPCOMING,Groton,4544,,,Marlborough,4233,,,ISL,Mid-Wach,4:00 P.M.,,0
2026-09-16,144077,FINAL,North Middlesex,4286,2.0,0.0,Oakmont,4299,4.0,1.0,Mid-Wach,Mid-Wach,4:00 P.M.,,0
2026-09-16,144251,UPCOMING,Hall (Conn.),4838,,,Longmeadow,4214,,,Independent,Suburban,6:30 P.M.,,0
2026-09-16,144271,FINAL,Shepherd Hill,4347,0.0,0.0,Lunenburg,4219,3.0,1.0,Mid-Wach,Mid-Wach,5:00 P.M.,,0
2026-09-16,144455,FINAL,Bishop Fenwick,4043,6.0,1.0,Burlington,4065,0.0,0.0,Catholic Central,Middlesex,6:00 P.M.,,0
2026-09-16,144535,UPCOMING,Groton-Dunstable,4160,,,Marlborough,4233,,,Mid-Wach,Mid-Wach,4:00 P.M.,,0
2026-09-16,144692,FINAL,St. Mary’s,4374,7.0,1.0,Swampscott,4383,0.0,0.0,Catholic Central,Northeastern,5:30 P.M.,,0
2026-09-16,145036,FINAL,Belchertown,4032,1.0,0.0,West Springfield,4417,2.0,1.0,County,Suburban,4:00 P.M.,,0
2026-09-16,145098,FINAL,Manchester Essex,4229,6.0,1.0,Pentucket,4309,0.0,0.0,Cape Ann,Cape Ann,4:00 P.M.,,0
2026-09-16,145245,FINAL,St. John Paul II,4689,0.0,0.0,Dennis-Yarmouth,4111,4.0,1.0,Cape & Islands,Cape & Islands,4:00 P.M.,,0
2026-09-16,145270,FINAL,Rockport,4490,3.0,1.0,Triton,4395,0.0,0.0,Cape Ann,Cape Ann,4:00 P.M.,,0
2026-09-16,145313,UPCOMING,Gardner,4147,,,Narragansett,4266,,,Mid-Wach,Mid-Wach,4:00 P.M.,,0
2026-09-16,145354,FINAL,Tyngsborough,4397,1.0,2.0,Littleton,4212,1.0,2.0,Mid-Wach,Mid-Wach,4:00 P.M.,,0
2026-09-16,145373,FINAL,Ipswich,4190,6.0,1.0,North Reading,4288,2.0,0.0,Cape Ann,Cape Ann,4:15 P.M.,,0
2026-09-16,145595,FINAL,Tahanto,4513,1.0,1.0,Maynard,4239,0.0,0.0,Mid-Wach,Mid-Wach,4:00 P.M.,,0
2026-09-16,150947,FINAL,Nantucket,4265,3.0,1.0,Nauset,4271,1.0,0.0,Cape & Islands,Cape & Islands,,,0
2026-09-17,139483,UPCOMING,Peabody,4306,,,Malden,4227,,,Northeastern,Greater Boston,4:00 P.M.,,0
2026-09-17,139646,FINAL,Bay Path/David Prouty,4027,1.0,0.0,Worcester South,4444,3.0,1.0,CMAC,CMAC,3:30 P.M.,,0
2026-09-17,139823,FINAL,Sutton,4512,1.0,2.0,Doherty,4116,1.0,2.0,CMAC,CMAC,3:30 P.M.,,0
2026-09-17,139851,FINAL,Newton South,4280,0.0,0.0,Beverly,4038,6.0,1.0,Dual County,Northeastern,4:30 P.M.,,0
2026-09-17,139882,FINAL,Reading,4328,0.0,0.0,Watertown,4409,3.0,1.0,Middlesex,Middlesex,4:00 P.M.,,0
2026-09-17,140052,FINAL,Acton-Boxborough,4003,2.0,1.0,Concord-Carlisle,4097,0.0,0.0,Dual County,Dual County,4:00 P.M.,,0
2026-09-17,140231,FINAL,Arlington,4013,1.0,1.0,Stoneham,4380,0.0,0.0,Middlesex,Middlesex,4:30 P.M.,,0
2026-09-17,140269,FINAL,Stoughton,4381,3.0,1.0,Mansfield,4230,2.0,0.0,Hockomock,Hockomock,3:45 P.M.,,0
2026-09-17,140357,FINAL,Agawam,4004,2.0,1.0,Southwick,4519,1.0,0.0,Suburban,Valley League,4:00 P.M.,,0
2026-09-17,140546,FINAL,Westford,4421,5.0,1.0,Tewksbury,4389,0.0,0.0,Dual County,Merrimack Valley,4:00 P.M.,,0
2026-09-17,140677,FINAL,Hopkinton,4180,0.0,0.0,Norwood,4297,2.0,1.0,Tri-Valley,Tri-Valley,4:30 P.M.,,0
2026-09-17,140873,UPCOMING,Woburn,4438,,,Wilmington,4432,,,Middlesex,Middlesex,4:00 P.M.,,0
2026-09-17,143633,UPCOMING,Tantasqua,4387,,,Monty Tech,4259,,,CMAC,CMAC,4:00 P.M.,,0
2026-09-17,143666,FINAL,Blackstone Valley,4046,3.0,1.0,Nipmuc,4281,0.0,0.0,CMAC,CMAC,3:30 P.M.,,0
2026-09-17,143746,FINAL,Worcester Tech/Worcester North,4445,1.0,0.0,Leicester,4207,7.0,1.0,CMAC,CMAC,5:00 P.M.,,0
2026-09-17,143771,FINAL,Danvers,4103,2.0,1.0,Saugus,4341,1.0,0.0,Northeastern,Northeastern,6:00 P.M.,,0
2026-09-17,143810,UPCOMING,East Longmeadow,4127,,,Frontier,4146,,,Valley League,Suburban,7:00 P.M.,,0
2026-09-17,143880,FINAL,Marblehead,4231,3.0,1.0,Masconomet,4236,1.0,0.0,Northeastern,Northeastern,7:30 P.M.,,0
2026-09-17,143937,FINAL,Minnechaug,4254,3.0,1.0,Westfield,4419,0.0,0.0,Suburban,Valley League,6:30 P.M.,,0
2026-09-17,144106,FINAL,Medway,4243,0.0,0.0,Dedham,4108,2.0,1.0,Tri-Valley,Tri-Valley,4:30 P.M.,,0
2026-09-17,144132,FINAL,Medfield,4241,2.0,1.0,Holliston,4174,0.0,0.0,Tri-Valley,Tri-Valley,4:30 P.M.,,0
2026-09-17,144171,FINAL,Seekonk,4344,0.0,0.0,Somerset Berkley,4350,10.0,1.0,South Coast,South Coast,3:30 P.M.,,0
2026-09-17,144252,UPCOMING,Longmeadow,4214,,,Greenfield,4157,,,Suburban,Suburban,4:00 P.M.,,0
2026-09-17,144322,FINAL,Ashland,4015,1.0,2.0,Westwood,4424,1.0,2.0,Tri-Valley,Tri-Valley,4:30 P.M.,,0
2026-09-17,144360,UPCOMING,Swampscott,4383,,,Gloucester,4150,,,Northeastern,Northeastern,8:00 P.M.,,0
2026-09-17,144469,FINAL,Bedford,4031,3.0,1.0,Wayland,4411,1.0,0.0,Dual County,Dual County,4:15 P.M.,,0
2026-09-17,144488,UPCOMING,Falmouth,4134,,,Notre Dame (Hingham),4449,,,Cape & Islands,Catholic Conference,4:00 P.M.,,0
2026-09-17,144556,FINAL,Joseph Case,4078,0.0,0.0,Apponequet,4011,1.0,1.0,South Coast,South Coast,3:45 P.M.,,0
2026-09-17,144616,FINAL,Middleborough,4247,1.0,0.0,Norwell,4296,2.0,1.0,South Shore,South Shore,5:00 P.M.,,0
2026-09-17,144685,FINAL,Weston,4423,2.0,2.0,Waltham,4405,2.0,2.0,Dual County,Dual County,4:00 P.M.,,0
2026-09-17,144755,FINAL,Dighton-Rehoboth,4114,0.0,0.0,Old Rochester,4301,4.0,1.0,South Coast,South Coast,3:30 P.M.,,0
2026-09-17,145011,UPCOMING,Franklin County Tech,4145,,,Hampshire,4518,,,County,County,4:00 P.M.,,0
2026-09-17,145059,FINAL,Fairhaven,4133,0.0,0.0,West Bridgewater,4415,9.0,1.0,South Coast,South Coast,3:30 P.M.,,0
2026-09-17,145171,FINAL,Uxbridge,4398,7.0,1.0,Hopedale,4507,1.0,0.0,CMAC,CMAC,4:30 P.M.,,0
2026-09-17,145297,FINAL,East Bridgewater,4126,0.0,0.0,Cohasset,4094,5.0,1.0,South Shore,South Shore,4:00 P.M.,,0
2026-09-17,145576,FINAL,St. Paul,4954,8.0,1.0,Blackstone-Millville,4486,0.0,0.0,CMAC,CMAC,3:30 P.M.,,0
2026-09-17,151149,FINAL,Lynnfield,4223,2.0,1.0,Hamilton-Wenham,4163,1.0,0.0,Cape Ann,Cape Ann,4:15 P.M.,,0
2026-09-18,139140,FINAL,Lexington,4209,9.0,1.0,Melrose,4244,0.0,0.0,Middlesex,Middlesex,4:15 P.M.,,0
2026-09-18,139230,FINAL,Westborough,4418,2.0,2.0,Leominster,4208,2.0,2.0,Mid-Wach,Mid-Wach,4:00 P.M.,,0
2026-09-18,139322,UPCOMING,Southeastern,4358,,,East Bridgewater,4126,,,Mayflower,South Shore,3:30 P.M.,,0
2026-09-18,139361,FINAL,Amesbury,4007,5.0,1.0,Everett,4132,0.0,0.0,Cape Ann,Greater Boston,4:30 P.M.,,0
2026-09-18,139382,FINAL,Dracut,4119,0.0,0.0,Lowell,4216,6.0,1.0,Merrimack Valley,Merrimack Valley,5:30 P.M.,,0
2026-09-18,139427,UPCOMING,Triton,4395,,,Revere,4329,,,Cape Ann,Greater Boston,4:30 P.M.,,0
2026-09-18,139534,FINAL,Hanover,4164,2.0,1.0,Marshfield,4234,0.0,0.0,Patriot,Patriot,4:00 P.M.,,0
2026-09-18,139600,UPCOMING,Sharon,4345,,,Foxborough,4142,,,Hockomock,Hockomock,5:00 P.M.,,0
2026-09-18,139725,FINAL,Milford,4249,0.0,0.0,King Philip,4197,10.0,1.0,Hockomock,Hockomock,3:45 P.M.,,0
2026-09-18,139761,FINAL,Attleboro,4018,0.0,0.0,Canton,4071,1.0,1.0,Hockomock,Hockomock,3:45 P.M.,,0
2026-09-18,139778,FINAL,St. John Paul II,4689,3.0,1.0,Barnstable,4024,2.0,0.0,Cape & Islands,Pioneer,4:00 P.M.,,0
2026-09-18,139924,FINAL,Hingham,4171,0.0,0.0,Sandwich,4340,1.0,1.0,Patriot,Cape & Islands,3:45 P.M.,,0
2026-09-18,139948,FINAL,Wachusett,4400,0.0,0.0,Bishop Feehan,4042,4.0,1.0,Mid-Wach,Catholic Central,4:00 P.M.,,0
2026-09-18,140086,FINAL,Taunton,4388,1.0,0.0,North Attleborough,4284,2.0,1.0,Hockomock,Hockomock,3:45 P.M.,,0
2026-09-18,140106,FINAL,Andover,4009,4.0,1.0,Central Catholic,4081,2.0,0.0,Merrimack Valley,Merrimack Valley,6:15 P.M.,,0
2026-09-18,140146,FINAL,Methuen,4246,5.0,1.0,Haverhill,4167,0.0,0.0,Merrimack Valley,Merrimack Valley,4:00 P.M.,,0
2026-09-18,140176,FINAL,Westwood,4424,2.0,1.0,Needham,4272,1.0,0.0,Tri-Valley,Bay State,4:00 P.M.,,0
2026-09-18,140204,FINAL,Franklin,4144,9.0,1.0,Oliver Ames,4302,0.0,0.0,Hockomock,Hockomock,3:45 P.M.,,0
2026-09-18,140288,FINAL,Pembroke,4308,4.0,1.0,Weymouth,4425,1.0,0.0,Patriot,Bay State,4:00 P.M.,,0
2026-09-18,140296,UPCOMING,Mahar,4226,,,West Springfield,4417,,,Valley League,Suburban,4:00 P.M.,,0
2026-09-18,140490,FINAL,Belmont,4034,7.0,1.0,Burlington,4065,0.0,0.0,Middlesex,Middlesex,4:30 P.M.,,0
2026-09-18,140517,FINAL,Lincoln-Sudbury,4211,3.0,1.0,Wellesley,4413,2.0,0.0,Dual County,Bay State,4:00 P.M.,,0
2026-09-18,140586,FINAL,North Andover,4283,1.0,1.0,Chelmsford,4085,0.0,0.0,Merrimack Valley,Merrimack Valley,4:00 P.M.,,0
2026-09-18,140653,FINAL,Winchester,4434,6.0,1.0,Wakefield,4402,0.0,0.0,Middlesex,Middlesex,4:15 P.M.,,0
2026-09-18,140762,FINAL,Peabody,4306,0.0,0.0,Beverly,4038,7.0,1.0,Northeastern,Northeastern,4:00 P.M.,,0
2026-09-18,143714,FINAL,Tantasqua,4387,0.0,0.0,Oakmont,4299,2.0,1.0,CMAC,Mid-Wach,4:00 P.M.,,0
2026-09-18,143828,FINAL,Littleton,4212,4.0,1.0,Fitchburg,4139,1.0,0.0,Mid-Wach,Mid-Wach,4:00 P.M.,,0
2026-09-18,143863,FINAL,Scituate,4343,1.0,0.0,Monomoy,4706,3.0,1.0,Patriot,Cape & Islands,6:00 P.M.,,0
2026-09-18,143993,UPCOMING,Nantucket,4265,,,Nauset,4271,,,Cape & Islands,Cape & Islands,4:30 P.M.,,0
2026-09-18,144209,FINAL,Northbridge,4292,2.0,0.0,Auburn,4019,3.0,1.0,CMAC,CMAC,3:30 P.M.,,0
2026-09-18,144210,FINAL,Dennis-Yarmouth,4111,6.0,1.0,Dartmouth,4105,0.0,0.0,Cape & Islands,Pioneer,4:00 P.M.,,0
2026-09-18,144272,FINAL,Shepherd Hill,4347,3.0,1.0,Quaboag,4510,2.0,0.0,Mid-Wach,CMAC,3:30 P.M.,,0
2026-09-18,144297,UPCOMING,Southwick,4519,,,Northampton,4291,,,Valley League,Valley League,4:30 P.M.,,0
2026-09-18,144337,POSTPONED,Bellingham,4033,,,Grafton,4153,,,Tri-Valley,Mid-Wach,4:00 P.M.,,0
2026-09-18,144528,UPCOMING,Amherst-Pelham,4008,,,Holyoke,4176,,,County,County,5:00 P.M.,,0
2026-09-18,144640,FINAL,Hamilton-Wenham,4163,2.0,0.0,Newburyport,4276,4.0,1.0,Cape Ann,Cape Ann,4:00 P.M.,,0
2026-09-18,144673,FINAL,Westport,4461,5.0,1.0,Bishop Stang,4045,1.0,0.0,Mayflower,Catholic Central,3:30 P.M.,,0
2026-09-18,144765,UPCOMING,Tiverton (R.I.),4643,,,Dighton-Rehoboth,4114,,,Independent,South Coast,4:30 P.M.,,0
2026-09-18,145038,FINAL,Belchertown,4032,3.0,1.0,South Hadley,4353,1.0,0.0,County,Suburban,4:00 P.M.,,0
2026-09-18,145166,FINAL,Rockport,4490,0.0,0.0,Bishop Fenwick,4043,3.0,1.0,Cape Ann,Catholic Central,4:00 P.M.,,0
2026-09-18,145230,UPCOMING,Palmer,4304,,,Mohawk Trail,4258,,,County,Valley League,4:00 P.M.,,0
2026-09-18,145405,UPCOMING,Turners Falls,4396,,,Frontier,4146,,,Valley League,Suburban,6:00 P.M.,,0
2026-09-18,145486,FINAL,Lunenburg,4219,3.0,1.0,Tahanto,4513,0.0,0.0,Mid-Wach,Mid-Wach,4:00 P.M.,,0
2026-09-18,145504,FINAL,Maynard,4239,2.0,0.0,Tyngsborough,4397,4.0,1.0,Mid-Wach,Mid-Wach,3:30 P.M.,,0
2026-09-18,145526,UPCOMING,Wareham/Mashpee,4407,,,Sturgis East,4456,,,Mayflower,Cape & Islands,3:45 P.M.,,0
2026-09-19,139154,FINAL,Martha’s Vineyard,4235,2.0,1.0,Brockton,4058,0.0,0.0,Cape & Islands,Big Three,11:30 A.M.,,0
2026-09-19,139536,FINAL,Weymouth,4425,0.0,0.0,Marshfield,4234,3.0,1.0,Bay State,Patriot,12:30 P.M.,,0
2026-09-19,139855,FINAL,Newton South,4280,0.0,0.0,Ursuline,4448,4.0,1.0,Dual County,Catholic Conference,2:00 P.M.,,0
2026-09-19,140054,FINAL,Uxbridge,4398,2.0,1.0,Acton-Boxborough,4003,1.0,0.0,CMAC,Dual County,1:00 P.M.,,0
2026-09-19,143813,FINAL,Somerset Berkley,4350,7.0,1.0,East Longmeadow,4127,3.0,0.0,South Coast,Valley League,1:00 P.M.,,0
2026-09-19,144510,FINAL,Notre Dame (Hingham),4449,0.0,0.0,Nashoba,4267,4.0,1.0,Catholic Conference,Mid-Wach,11:00 A.M.,,0
2026-09-19,145013,FINAL,Franklin County Tech,4145,2.0,1.0,Mohawk Trail,4258,1.0,0.0,County,Valley League,12:00 P.M.,,0
2026-09-19,145128,FINAL,Arlington Catholic,4014,0.0,0.0,St. Mary’s,4374,6.0,1.0,Catholic Central,Catholic Central,10:00 A.M.,,0
2026-09-19,145315,FINAL,Gardner,4147,0.0,2.0,Oxford,4303,0.0,2.0,Mid-Wach,CMAC,10:00 A.M.,,0
2026-09-19,151229,FINAL,Worcester Academy,4441,1.0,0.0,Thayer,4390,7.0,1.0,Independent,ISL,,,0
2026-09-19,151247,FINAL,Dexter Southfield,4113,1.0,0.0,Phillips Andover,4310,8.0,1.0,Independent,Independent,,,0
2026-09-19,151248,FINAL,Proctor,4321,1.0,0.0,Lawrence Academy,4204,6.0,1.0,Independent,ISL,,,0
2026-09-20,143667,UPCOMING,Blackstone Valley,4046,,,Sutton,4512,,,CMAC,CMAC,,,0
2026-09-20,151669,FINAL,Framingham,4143,6.0,1.0,Arlington Catholic,4014,0.0,0.0,Bay State,Catholic Central,,,0
2026-09-21,139161,FINAL,Brockton,4058,3.0,1.0,Southeastern,4358,0.0,0.0,Big Three,Mayflower,5:30 P.M.,,0
2026-09-21,139236,FINAL,North Middlesex,4286,2.0,2.0,Leominster,4208,2.0,2.0,Mid-Wach,Mid-Wach,6:00 P.M.,,0
2026-09-21,139268,FINAL,Bridgewater-Raynham,4053,2.0,1.0,New Bedford,4273,1.0,0.0,Pioneer,Big Three,4:00 P.M.,,0
2026-09-21,139362,FINAL,Rockport,4490,5.0,1.0,Everett,4132,0.0,0.0,Cape Ann,Greater Boston,4:00 P.M.,,0
2026-09-21,139390,FINAL,Haverhill,4167,0.0,0.0,Lowell,4216,2.0,1.0,Merrimack Valley,Merrimack Valley,6:00 P.M.,,0
2026-09-21,139434,FINAL,Revere,4329,2.0,2.0,Greater Lowell,4155,2.0,2.0,Greater Boston,Independent,4:30 P.M.,,0
2026-09-21,139538,FINAL,Plymouth South,4316,0.0,0.0,Marshfield,4234,7.0,1.0,Patriot,Patriot,4:00 P.M.,,0
2026-09-21,139651,FINAL,Worcester South,4444,0.0,0.0,Marlborough,4233,9.0,1.0,CMAC,Mid-Wach,4:00 P.M.,,0
2026-09-21,139784,FINAL,Barnstable,4024,3.0,2.0,Dartmouth,4105,3.0,2.0,Pioneer,Pioneer,4:00 P.M.,,0
2026-09-21,139949,UPCOMING,Wachusett,4400,,,Nipmuc,4281,,,Mid-Wach,CMAC,6:30 P.M.,,0
2026-09-21,139992,UPCOMING,Stoughton,4381,,,Milford,4249,,,Hockomock,Hockomock,4:00 P.M.,,0
2026-09-21,140360,FINAL,Agawam,4004,0.0,0.0,East Longmeadow,4127,5.0,1.0,Suburban,Valley League,4:00 P.M.,,0
2026-09-21,140407,FINAL,Braintree,4051,6.0,1.0,Norwell,4296,3.0,0.0,Bay State,South Shore,4:00 P.M.,,0
2026-09-21,140420,FINAL,Silver Lake,4349,1.0,1.0,Pembroke,4308,0.0,0.0,Patriot,Patriot,4:00 P.M.,,0
2026-09-21,140473,FINAL,Durfee,4122,2.0,1.0,Seekonk,4344,1.0,0.0,Big Three,South Coast,5:15 P.M.,,0
2026-09-21,140588,FINAL,Tewksbury,4389,0.0,0.0,Chelmsford,4085,5.0,1.0,Merrimack Valley,Merrimack Valley,4:00 P.M.,,0
2026-09-21,140747,FINAL,Central Catholic,4081,7.0,1.0,Dracut,4119,0.0,0.0,Merrimack Valley,Merrimack Valley,7:00 P.M.,,0
2026-09-21,140763,FINAL,St. Mary’s,4374,4.0,1.0,Beverly,4038,0.0,0.0,Catholic Central,Northeastern,6:00 P.M.,,0
2026-09-21,140794,FINAL,Whitman-Hanson,4427,2.0,1.0,Plymouth North,4315,1.0,0.0,Patriot,Patriot,4:00 P.M.,,0
2026-09-21,140887,FINAL,Bishop Feehan,4042,1.0,0.0,Walpole,4404,2.0,1.0,Catholic Central,Bay State,3:30 P.M.,,0
2026-09-21,143690,FINAL,Bay Path/David Prouty,4027,0.0,0.0,Shepherd Hill,4347,1.0,1.0,CMAC,Mid-Wach,3:30 P.M.,,0
2026-09-21,143773,FINAL,Ipswich,4190,6.0,1.0,Danvers,4103,2.0,0.0,Cape Ann,Northeastern,4:00 P.M.,,0
2026-09-21,143831,UPCOMING,Fitchburg,4139,,,St. Bernard’s,4365,,,Mid-Wach,CMAC,6:00 P.M.,,0
2026-09-21,143865,FINAL,Cohasset,4094,4.0,1.0,Scituate,4343,0.0,0.0,South Shore,Patriot,4:00 P.M.,,0
2026-09-21,143883,FINAL,Manchester Essex,4229,1.0,0.0,Masconomet,4236,2.0,1.0,Cape Ann,Northeastern,4:00 P.M.,,0
2026-09-21,143939,UPCOMING,Minnechaug,4254,,,Frontier,4146,,,Suburban,Suburban,5:00 P.M.,,0
2026-09-21,143998,FINAL,Martha’s Vineyard,4235,1.0,0.0,Nauset,4271,2.0,1.0,Cape & Islands,Cape & Islands,3:00 P.M.,,0
2026-09-21,144390,FINAL,Hanover,4164,0.0,0.0,Duxbury,4123,2.0,1.0,Patriot,Patriot,4:00 P.M.,,0
2026-09-21,144432,FINAL,Greenfield,4157,1.0,1.0,Westfield,4419,0.0,0.0,Suburban,Valley League,5:15 P.M.,,0
2026-09-21,144500,FINAL,Falmouth,4134,0.0,0.0,Monomoy,4706,2.0,1.0,Cape & Islands,Cape & Islands,4:30 P.M.,,0
2026-09-21,144619,FINAL,Middleborough,4247,3.0,1.0,Sturgis East,4456,1.0,0.0,South Shore,Cape & Islands,5:30 P.M.,,0
2026-09-21,144720,UPCOMING,Holyoke,4176,,,Belchertown,4032,,,County,County,6:30 P.M.,,0
2026-09-21,144987,FINAL,Westport,4461,1.0,1.0,Old Rochester,4301,0.0,0.0,Mayflower,South Coast,3:30 P.M.,,0
2026-09-21,145110,FINAL,Nantucket,4265,0.0,0.0,Dennis-Yarmouth,4111,5.0,1.0,Cape & Islands,Cape & Islands,3:45 P.M.,,0
2026-09-21,145183,FINAL,Notre Dame Academy-Worcester,4451,0.0,0.0,Northbridge,4292,3.0,1.0,CMAC,CMAC,3:45 P.M.,,0
2026-09-21,145216,FINAL,Joseph Case,4078,1.0,2.0,East Bridgewater,4126,1.0,2.0,South Coast,South Shore,3:45 P.M.,,0
2026-09-21,145284,FINAL,Quabbin,4325,5.0,1.0,Narragansett,4266,0.0,0.0,Mid-Wach,Mid-Wach,3:30 P.M.,,0
2026-09-21,145407,FINAL,Turners Falls,4396,1.0,1.0,Mahar,4226,0.0,0.0,Valley League,Valley League,6:00 P.M.,,0
2026-09-21,145556,FINAL,Carver,4077,5.0,1.0,Wareham/Mashpee,4407,0.0,0.0,South Shore,Mayflower,4:00 P.M.,,0
2026-09-21,151418,FINAL,Melrose,4244,2.0,2.0,Wilmington,4432,2.0,2.0,Middlesex,Middlesex,4:15 P.M.,,0
2026-09-21,151422,FINAL,Quaboag,4510,3.0,1.0,Blackstone-Millville,4486,1.0,0.0,CMAC,CMAC,,,0
2026-09-22,139141,FINAL,Winchester,4434,3.0,1.0,Lexington,4209,1.0,0.0,Middlesex,Middlesex,4:15 P.M.,,0
2026-09-22,139443,FINAL,Revere,4329,1.0,0.0,Essex Tech,4745,6.0,1.0,Greater Boston,Cape Ann,4:30 P.M.,,0
2026-09-22,139486,FINAL,Malden,4227,0.0,0.0,Arlington Catholic,4014,10.0,1.0,Greater Boston,Catholic Central,4:15 P.M.,,0
2026-09-22,139605,FINAL,Taunton,4388,4.0,1.0,Sharon,4345,1.0,0.0,Hockomock,Hockomock,3:45 P.M.,,0
2026-09-22,139727,FINAL,King Philip,4197,7.0,1.0,Oliver Ames,4302,1.0,0.0,Hockomock,Hockomock,3:45 P.M.,,0
2026-09-22,139767,FINAL,Franklin,4144,8.0,1.0,Attleboro,4018,0.0,0.0,Hockomock,Hockomock,3:45 P.M.,,0
2026-09-22,139824,FINAL,Tantasqua,4387,0.0,0.0,Doherty,4116,2.0,1.0,CMAC,CMAC,4:00 P.M.,,0
2026-09-22,139884,FINAL,Reading,4328,1.0,1.0,Arlington,4013,0.0,0.0,Middlesex,Middlesex,4:00 P.M.,,0
2026-09-22,140244,FINAL,North Attleborough,4284,0.0,0.0,Canton,4071,6.0,1.0,Hockomock,Hockomock,6:30 P.M.,,0
2026-09-22,140271,FINAL,Mansfield,4230,2.0,1.0,Foxborough,4142,1.0,0.0,Hockomock,Hockomock,6:30 P.M.,,0
2026-09-22,140335,FINAL,Bellingham,4033,6.0,1.0,Stoughton,4381,2.0,0.0,Tri-Valley,Hockomock,4:30 P.M.,,0
2026-09-22,140493,FINAL,Belmont,4034,8.0,1.0,Woburn,4438,1.0,0.0,Middlesex,Middlesex,4:30 P.M.,,0
2026-09-22,140599,FINAL,Concord-Carlisle,4097,1.0,2.0,Wellesley,4413,1.0,2.0,Dual County,Bay State,4:30 P.M.,,0
2026-09-22,140680,FINAL,Hopkinton,4180,3.0,1.0,Medfield,4241,2.0,0.0,Tri-Valley,Tri-Valley,6:15 P.M.,,0
2026-09-22,140811,FINAL,Saugus,4341,7.0,1.0,Peabody,4306,0.0,0.0,Northeastern,Northeastern,7:00 P.M.,,0
2026-09-22,140911,FINAL,Gloucester,4150,7.0,1.0,Malden Catholic,4228,2.0,0.0,Northeastern,Catholic Conference,4:30 P.M.,,0
2026-09-22,143691,FINAL,Worcester Tech/Worcester North,4445,1.0,0.0,Bay Path/David Prouty,4027,7.0,1.0,CMAC,CMAC,3:30 P.M.,,0
2026-09-22,143956,UPCOMING,Melrose,4244,,,Wilmington,4432,,,Middlesex,Middlesex,4:15 P.M.,,0
2026-09-22,144109,FINAL,Dedham,4108,5.0,1.0,Ursuline,4448,1.0,0.0,Tri-Valley,Catholic Conference,3:45 P.M.,,0
2026-09-22,144211,FINAL,Auburn,4019,0.0,0.0,Frontier,4146,8.0,1.0,CMAC,Suburban,4:30 P.M.,,0
2026-09-22,144253,UPCOMING,Simsbury (Conn.),4700,,,Longmeadow,4214,,,Independent,Suburban,3:45 P.M.,,0
2026-09-22,144298,FINAL,Northampton,4291,0.0,0.0,South Hadley,4353,4.0,1.0,Valley League,Suburban,4:30 P.M.,,0
2026-09-22,144324,FINAL,Westwood,4424,3.0,1.0,Holliston,4174,0.0,0.0,Tri-Valley,Tri-Valley,5:30 P.M.,,0
2026-09-22,144376,FINAL,Watertown,4409,4.0,1.0,Stoneham,4380,0.0,0.0,Middlesex,Middlesex,4:15 P.M.,,0
2026-09-22,144389,FINAL,Ashland,4015,3.0,1.0,Norwood,4297,2.0,0.0,Tri-Valley,Tri-Valley,4:30 P.M.,,0
2026-09-22,144407,FINAL,Bishop Fenwick,4043,4.0,1.0,Marblehead,4231,2.0,0.0,Catholic Central,Northeastern,4:00 P.M.,,0
2026-09-22,144436,FINAL,Southwick,4519,0.0,0.0,Westfield,4419,1.0,1.0,Valley League,Valley League,5:00 P.M.,,0
2026-09-22,144456,FINAL,Wakefield,4402,1.0,2.0,Burlington,4065,1.0,2.0,Middlesex,Middlesex,4:15 P.M.,,0
2026-09-22,144557,FINAL,Apponequet,4011,2.0,2.0,Seekonk,4344,2.0,2.0,South Coast,South Coast,4:00 P.M.,,0
2026-09-22,144582,FINAL,Smith Academy,4538,0.0,0.0,Amherst-Pelham,4008,1.0,1.0,Valley League,County,4:00 P.M.,,0
2026-09-22,144666,FINAL,Notre Dame (Hingham),4449,0.0,0.0,Sandwich,4340,3.0,1.0,Catholic Conference,Cape & Islands,4:00 P.M.,,0
2026-09-22,144675,FINAL,St. John Paul II,4689,1.0,2.0,Bishop Stang,4045,1.0,2.0,Cape & Islands,Catholic Central,4:00 P.M.,,0
2026-09-22,144708,FINAL,Dover-Sherborn,4118,4.0,1.0,Medway,4243,1.0,0.0,Tri-Valley,Tri-Valley,4:00 P.M.,,0
2026-09-22,144990,FINAL,Fairhaven,4133,0.0,0.0,Old Rochester,4301,2.0,1.0,South Coast,South Coast,3:30 P.M.,,0
2026-09-22,145172,FINAL,Uxbridge,4398,0.0,0.0,Notre Dame Academy-Worcester,4451,6.0,1.0,CMAC,CMAC,7:00 P.M.,,0
2026-09-22,145197,FINAL,St. Paul,4954,1.0,0.0,St. Bernard’s,4365,3.0,1.0,CMAC,CMAC,3:45 P.M.,,0
2026-09-22,145219,FINAL,West Bridgewater,4415,8.0,1.0,Joseph Case,4078,0.0,0.0,South Coast,South Coast,3:45 P.M.,,0
2026-09-22,145419,UPCOMING,Tahanto,4513,,,Clinton,4093,,,Mid-Wach,Mid-Wach,4:00 P.M.,,0
2026-09-22,145532,FINAL,Leicester,4207,0.0,0.0,Oxford,4303,4.0,1.0,CMAC,CMAC,3:30 P.M.,,0
2026-09-22,145551,FINAL,Sutton,4512,2.0,0.0,Hopedale,4507,3.0,1.0,CMAC,CMAC,4:00 P.M.,,0
2026-09-22,151490,FINAL,Worcester South,4444,4.0,1.0,Monty Tech,4259,3.0,0.0,CMAC,CMAC,,,0
2026-09-22,151549,FINAL,Phillips Andover,4310,6.0,1.0,Brooks,4060,0.0,0.0,Independent,ISL,,,0
2026-09-22,151598,FINAL,BB&N,4028,6.0,1.0,Winsor,4436,3.0,0.0,ISL,EIL,,,0
2026-09-23,139208,UPCOMING,Newton North,4279,,,Brookline,4059,,,Bay State,Bay State,4:30 P.M.,,0
2026-09-23,139238,FINAL,Leominster,4208,2.0,0.0,Nashoba,4267,6.0,1.0,Mid-Wach,Mid-Wach,6:30 P.M.,,0
2026-09-23,139271,FINAL,Durfee,4122,1.0,1.0,New Bedford,4273,0.0,0.0,Big Three,Big Three,5:15 P.M.,,0
2026-09-23,139373,FINAL,Malden,4227,0.0,0.0,Everett,4132,2.0,1.0,Greater Boston,Greater Boston,4:15 P.M.,,0
2026-09-23,139540,FINAL,Marshfield,4234,2.0,1.0,Silver Lake,4349,1.0,0.0,Patriot,Patriot,4:00 P.M.,,0
2026-09-23,139580,UPCOMING,Framingham,4143,,,Wellesley,4413,,,Bay State,Bay State,4:00 P.M.,,0
2026-09-23,139656,FINAL,Shrewsbury,4348,0.0,2.0,Wachusett,4400,0.0,2.0,Mid-Wach,Mid-Wach,6:30 P.M.,,0
2026-09-23,139786,FINAL,Bridgewater-Raynham,4053,0.0,0.0,Barnstable,4024,4.0,1.0,Pioneer,Pioneer,4:00 P.M.,,0
2026-09-23,139861,FINAL,Newton South,4280,0.0,0.0,Acton-Boxborough,4003,5.0,1.0,Dual County,Dual County,4:30 P.M.,,0
2026-09-23,139927,FINAL,Hingham,4171,6.0,1.0,Whitman-Hanson,4427,0.0,0.0,Patriot,Patriot,4:00 P.M.,,0
2026-09-23,140147,FINAL,Dracut,4119,0.0,0.0,Methuen,4246,4.0,1.0,Merrimack Valley,Merrimack Valley,5:30 P.M.,,0
2026-09-23,140158,FINAL,Milton,4252,8.0,1.0,Braintree,4051,1.0,0.0,Bay State,Bay State,4:30 P.M.,,0
2026-09-23,140181,UPCOMING,Walpole,4404,,,Needham,4272,,,Bay State,Bay State,4:00 P.M.,,0
2026-09-23,140298,FINAL,West Springfield,4417,8.0,1.0,Palmer,4304,0.0,0.0,Suburban,County,7:00 P.M.,,0
2026-09-23,140301,UPCOMING,Weymouth,4425,,,Natick,4270,,,Bay State,Bay State,4:00 P.M.,,0
2026-09-23,140367,FINAL,Belchertown,4032,1.0,2.0,Agawam,4004,1.0,2.0,County,Suburban,4:00 P.M.,,0
2026-09-23,140450,FINAL,Haverhill,4167,1.0,0.0,Tewksbury,4389,2.0,1.0,Merrimack Valley,Merrimack Valley,6:30 P.M.,,0
2026-09-23,140519,FINAL,Lincoln-Sudbury,4211,8.0,1.0,Bedford,4031,0.0,0.0,Dual County,Dual County,4:00 P.M.,,0
2026-09-23,140548,FINAL,Wayland,4411,5.0,1.0,Westford,4421,1.0,0.0,Dual County,Dual County,4:00 P.M.,,0
2026-09-23,140565,FINAL,Waltham,4405,4.0,1.0,Weston,4423,1.0,0.0,Dual County,Dual County,6:00 P.M.,,0
2026-09-23,140638,FINAL,Central Catholic,4081,1.0,2.0,North Andover,4283,1.0,2.0,Merrimack Valley,Merrimack Valley,7:00 P.M.,,0
2026-09-23,140696,FINAL,Plymouth North,4315,3.0,0.0,Plymouth South,4316,5.0,1.0,Patriot,Patriot,4:00 P.M.,,0
2026-09-23,140828,FINAL,Grafton,4153,3.0,1.0,Algonquin,4005,2.0,0.0,Mid-Wach,Mid-Wach,4:00 P.M.,,0
2026-09-23,140850,FINAL,Westborough,4418,2.0,1.0,Groton-Dunstable,4160,1.0,0.0,Mid-Wach,Mid-Wach,6:00 P.M.,,0
2026-09-23,143834,FINAL,Fitchburg,4139,2.0,0.0,Maynard,4239,3.0,1.0,Mid-Wach,Mid-Wach,6:00 P.M.,,0
2026-09-23,143867,FINAL,Hanover,4164,0.0,0.0,Scituate,4343,2.0,1.0,Patriot,Patriot,4:00 P.M.,,0
2026-09-23,143940,FINAL,Minnechaug,4254,0.0,0.0,Simsbury (Conn.),4700,3.0,1.0,Suburban,Independent,5:30 P.M.,,0
2026-09-23,144001,FINAL,Nauset,4271,3.0,1.0,Dennis-Yarmouth,4111,2.0,0.0,Cape & Islands,Cape & Islands,4:00 P.M.,,0
2026-09-23,144028,FINAL,Marlborough,4233,6.0,1.0,North Middlesex,4286,1.0,0.0,Mid-Wach,Mid-Wach,4:00 P.M.,,0
2026-09-23,144170,FINAL,Duxbury,4123,4.0,1.0,Pembroke,4308,0.0,0.0,Patriot,Patriot,4:00 P.M.,,0
2026-09-23,144301,POSTPONED,Holyoke,4176,,,Northampton,4291,,,County,Valley League,4:30 P.M.,,0
2026-09-23,144503,FINAL,Martha’s Vineyard,4235,1.0,0.0,Falmouth,4134,4.0,1.0,Cape & Islands,Cape & Islands,3:00 P.M.,,0
2026-09-23,144742,FINAL,Oakmont,4299,0.0,0.0,Quabbin,4325,3.0,1.0,Mid-Wach,Mid-Wach,7:00 P.M.,,0
2026-09-23,144972,FINAL,East Bridgewater,4126,2.0,0.0,Norwell,4296,3.0,1.0,South Shore,South Shore,4:00 P.M.,,0
2026-09-23,145073,FINAL,Lynnfield,4223,2.0,1.0,Hamilton-Wenham,4163,1.0,0.0,Cape Ann,Cape Ann,4:00 P.M.,,0
2026-09-23,145099,FINAL,Pentucket,4309,2.0,1.0,Rockport,4490,0.0,0.0,Cape Ann,Cape Ann,4:00 P.M.,,0
2026-09-23,145260,FINAL,Nipmuc,4281,3.0,1.0,Quaboag,4510,0.0,0.0,CMAC,CMAC,4:00 P.M.,,0
2026-09-23,145272,FINAL,Triton,4395,5.0,1.0,Amesbury,4007,3.0,0.0,Cape Ann,Cape Ann,4:00 P.M.,,0
2026-09-23,145318,UPCOMING,Gardner,4147,,,Tahanto,4513,,,Mid-Wach,Mid-Wach,6:00 P.M.,,0
2026-09-23,145376,FINAL,Newburyport,4276,3.0,1.0,Ipswich,4190,0.0,0.0,Cape Ann,Cape Ann,4:00 P.M.,,0
2026-09-23,145488,FINAL,Lunenburg,4219,2.0,1.0,Clinton,4093,1.0,0.0,Mid-Wach,Mid-Wach,4:00 P.M.,,0
2026-09-23,145509,UPCOMING,Cohasset,4094,,,Carver,4077,,,South Shore,South Shore,4:30 P.M.,,0
2026-09-23,145513,FINAL,North Reading,4288,0.0,0.0,Manchester Essex,4229,4.0,1.0,Cape Ann,Cape Ann,4:00 P.M.,,0
2026-09-23,145583,FINAL,Narragansett,4266,5.0,1.0,Bromfield,4505,0.0,0.0,Mid-Wach,Mid-Wach,4:00 P.M.,,0
2026-09-23,151691,FINAL,BB&N,4028,3.0,1.0,Westminster,4422,2.0,0.0,ISL,Independent,,,0
2026-09-23,151719,FINAL,Kents Hill,4194,3.0,1.0,Berwick,4037,2.0,0.0,Independent,EIL,,,0
2026-09-24,139323,FINAL,Southeastern,4358,0.0,0.0,Westport,4461,6.0,1.0,Mayflower,Mayflower,3:30 P.M.,,0
2026-09-24,139358,FINAL,Everett,4132,0.0,0.0,Arlington Catholic,4014,4.0,1.0,Greater Boston,Catholic Central,4:00 P.M.,,0
2026-09-24,139395,FINAL,Lowell,4216,6.0,1.0,Greater Lowell,4155,0.0,0.0,Merrimack Valley,Independent,3:45 P.M.,,0
2026-09-24,139612,FINAL,Oliver Ames,4302,4.0,1.0,Sharon,4345,1.0,0.0,Hockomock,Hockomock,3:45 P.M.,,0
2026-09-24,139654,FINAL,Worcester South,4444,4.0,1.0,Oxford,4303,0.0,0.0,CMAC,CMAC,3:30 P.M.,,0
2026-09-24,139730,FINAL,King Philip,4197,7.0,1.0,Stoughton,4381,0.0,0.0,Hockomock,Hockomock,3:45 P.M.,,0
2026-09-24,139770,FINAL,North Attleborough,4284,0.0,0.0,Attleboro,4018,3.0,1.0,Hockomock,Hockomock,6:00 P.M.,,0
2026-09-24,139827,FINAL,Doherty,4116,5.0,1.0,Notre Dame Academy-Worcester,4451,0.0,0.0,CMAC,CMAC,3:45 P.M.,,0
2026-09-24,139887,FINAL,Reading,4328,1.0,0.0,Belmont,4034,3.0,1.0,Middlesex,Middlesex,4:00 P.M.,,0
2026-09-24,139994,FINAL,Foxborough,4142,8.0,1.0,Milford,4249,0.0,0.0,Hockomock,Hockomock,5:00 P.M.,,0
2026-09-24,140108,UPCOMING,Andover,4009,,,Chelmsford,4085,,,Merrimack Valley,Merrimack Valley,7:00 P.M.,,0
2026-09-24,140233,FINAL,Arlington,4013,1.0,0.0,Malden Catholic,4228,2.0,1.0,Middlesex,Catholic Conference,4:30 P.M.,,0
2026-09-24,140350,FINAL,Watertown,4409,3.0,1.0,Natick,4270,0.0,0.0,Middlesex,Bay State,4:15 P.M.,,0
2026-09-24,140384,FINAL,Canton,4071,1.0,0.0,Franklin,4144,2.0,1.0,Hockomock,Hockomock,3:45 P.M.,,0
2026-09-24,140684,FINAL,Hopkinton,4180,1.0,2.0,Bellingham,4033,1.0,2.0,Tri-Valley,Tri-Valley,4:30 P.M.,,0
2026-09-24,140765,FINAL,Beverly,4038,2.0,1.0,Danvers,4103,0.0,0.0,Northeastern,Northeastern,4:00 P.M.,,0
2026-09-24,140812,FINAL,Gloucester,4150,10.0,1.0,Peabody,4306,0.0,0.0,Northeastern,Northeastern,7:00 P.M.,,0
2026-09-24,140875,UPCOMING,Stoneham,4380,,,Woburn,4438,,,Middlesex,Middlesex,4:00 P.M.,,0
2026-09-24,143636,UPCOMING,Monty Tech,4259,,,St. Paul,4954,,,CMAC,CMAC,4:00 P.M.,,0
2026-09-24,143670,UPCOMING,Hopedale,4507,,,Blackstone Valley,4046,,,CMAC,CMAC,3:45 P.M.,,0
2026-09-24,143693,FINAL,Bay Path/David Prouty,4027,8.0,1.0,Leicester,4207,1.0,0.0,CMAC,CMAC,3:30 P.M.,,0
2026-09-24,143715,FINAL,Tantasqua,4387,0.0,2.0,St. Bernard’s,4365,0.0,2.0,CMAC,CMAC,4:00 P.M.,,0
2026-09-24,143749,UPCOMING,North Brookfield,4508,,,Worcester Tech/North,4445,,,Independent,CMAC,3:45 P.M.,,0
2026-09-24,144112,FINAL,Norwood,4297,3.0,1.0,Dedham,4108,1.0,0.0,Tri-Valley,Tri-Valley,4:00 P.M.,,0
2026-09-24,144174,FINAL,Somerset Berkley,4350,9.0,1.0,Fairhaven,4133,0.0,0.0,South Coast,South Coast,3:30 P.M.,,0
2026-09-24,144214,FINAL,Apponequet,4011,1.0,0.0,Dartmouth,4105,3.0,1.0,South Coast,Pioneer,4:00 P.M.,,0
2026-09-24,144217,FINAL,Auburn,4019,3.0,2.0,Nipmuc,4281,3.0,2.0,CMAC,CMAC,3:30 P.M.,,0
2026-09-24,144273,FINAL,Shepherd Hill,4347,2.0,1.0,Blackstone-Millville,4486,0.0,0.0,Mid-Wach,CMAC,4:00 P.M.,,0
2026-09-24,144410,FINAL,Marblehead,4231,2.0,1.0,Saugus,4341,0.0,0.0,Northeastern,Northeastern,4:00 P.M.,,0
2026-09-24,144457,FINAL,Bedford,4031,7.0,1.0,Burlington,4065,0.0,0.0,Dual County,Middlesex,4:00 P.M.,,0
2026-09-24,144476,FINAL,Ashland,4015,1.0,0.0,Dover-Sherborn,4118,4.0,1.0,Tri-Valley,Tri-Valley,4:30 P.M.,,0
2026-09-24,144585,FINAL,Amherst-Pelham,4008,4.0,1.0,Hampshire,4518,3.0,0.0,County,County,4:30 P.M.,,0
2026-09-24,144676,FINAL,Bishop Stang,4045,10.0,1.0,Dighton-Rehoboth,4114,0.0,0.0,Catholic Central,South Coast,3:30 P.M.,,0
2026-09-24,145007,FINAL,Old Rochester,4301,0.0,2.0,West Bridgewater,4415,0.0,2.0,South Coast,South Coast,3:45 P.M.,,0
2026-09-24,145174,FINAL,Sutton,4512,1.0,0.0,Uxbridge,4398,6.0,1.0,CMAC,CMAC,4:45 P.M.,,0
2026-09-24,145220,FINAL,Seekonk,4344,3.0,1.0,Joseph Case,4078,2.0,0.0,South Coast,South Coast,3:45 P.M.,,0
2026-09-24,145334,FINAL,South Hadley,4353,1.0,1.0,Southwick,4519,0.0,0.0,Suburban,Valley League,4:00 P.M.,,0
2026-09-24,145449,FINAL,Rockport,4490,0.0,2.0,Amesbury,4007,0.0,2.0,Cape Ann,Cape Ann,4:00 P.M.,,0
2026-09-24,145528,FINAL,Sturgis East,4456,1.0,2.0,Wareham/Mashpee,4407,1.0,2.0,Cape & Islands,Mayflower,3:45 P.M.,,0
2026-09-24,151911,FINAL,Wakefield,4402,1.0,0.0,Weston,4423,8.0,1.0,Middlesex,Dual County,,,0
2026-09-25,139145,FINAL,Lexington,4209,2.0,2.0,Brookline,4059,2.0,2.0,Middlesex,Bay State,4:15 P.M.,,0
2026-09-25,139162,UPCOMING,Sharon,4345,,,Brockton,4058,,,Hockomock,Big Three,3:45 P.M.,,0
2026-09-25,139240,FINAL,Leominster,4208,1.0,0.0,Wachusett,4400,2.0,1.0,Mid-Wach,Mid-Wach,6:30 P.M.,,0
2026-09-25,139374,FINAL,Everett,4132,0.0,2.0,Greater Lowell,4155,0.0,2.0,Greater Boston,Independent,4:30 P.M.,,0
2026-09-25,139488,FINAL,Malden,4227,0.0,0.0,Methuen,4246,7.0,1.0,Greater Boston,Merrimack Valley,4:15 P.M.,,0
2026-09-25,139658,FINAL,Algonquin,4005,1.0,0.0,Shrewsbury,4348,2.0,1.0,Mid-Wach,Mid-Wach,4:00 P.M.,,0
2026-09-25,139788,UPCOMING,Barnstable,4024,,,Falmouth,4134,,,Pioneer,Cape & Islands,3:30 P.M.,,0
2026-09-25,140017,FINAL,Newburyport,4276,5.0,1.0,Essex Tech,4745,0.0,0.0,Cape Ann,Cape Ann,4:00 P.M.,,0
2026-09-25,140087,FINAL,Mansfield,4230,0.0,0.0,Taunton,4388,3.0,1.0,Hockomock,Hockomock,7:00 P.M.,,0
2026-09-25,140299,UPCOMING,Mohawk Trail,4258,,,West Springfield,4417,,,Valley League,Suburban,4:00 P.M.,,0
2026-09-25,140305,FINAL,Weymouth,4425,0.0,0.0,Pembroke,4308,2.0,1.0,Bay State,Patriot,4:00 P.M.,,0
2026-09-25,140371,FINAL,Agawam,4004,2.0,2.0,Minnechaug,4254,2.0,2.0,Suburban,Suburban,6:30 P.M.,,0
2026-09-25,140424,FINAL,Carver,4077,0.0,0.0,Silver Lake,4349,4.0,1.0,South Shore,Patriot,5:00 P.M.,,0
2026-09-25,140521,FINAL,Lincoln-Sudbury,4211,4.0,1.0,Waltham,4405,0.0,0.0,Dual County,Dual County,4:15 P.M.,,0
2026-09-25,140614,UPCOMING,Bridgewater-Raynham,4053,,,Plymouth North,4315,,,Pioneer,Patriot,4:00 P.M.,,0
2026-09-25,140852,FINAL,Westborough,4418,0.0,0.0,Oakmont,4299,2.0,1.0,Mid-Wach,Mid-Wach,4:00 P.M.,,0
2026-09-25,140889,FINAL,Bishop Feehan,4042,3.0,1.0,Medfield,4241,0.0,0.0,Catholic Central,Tri-Valley,5:00 P.M.,,0
2026-09-25,143639,UPCOMING,Monty Tech,4259,,,Narragansett,4266,,,CMAC,Mid-Wach,4:00 P.M.,,0
2026-09-25,143836,UPCOMING,Fitchburg,4139,,,Gardner,4147,,,Mid-Wach,Mid-Wach,4:00 P.M.,,0
2026-09-25,143869,UPCOMING,Notre Dame (Hingham),4449,,,Scituate,4343,,,Catholic Conference,Patriot,4:00 P.M.,,0
2026-09-25,143884,UPCOMING,Masconomet,4236,,,Swampscott,4383,,,Northeastern,Northeastern,4:30 P.M.,,0
2026-09-25,144083,FINAL,Groton-Dunstable,4160,1.0,2.0,North Middlesex,4286,1.0,2.0,Mid-Wach,Mid-Wach,4:00 P.M.,,0
2026-09-25,144137,FINAL,Quabbin,4325,2.0,1.0,Marlborough,4233,1.0,0.0,Mid-Wach,Mid-Wach,4:00 P.M.,,0
2026-09-25,144256,FINAL,Longmeadow,4214,4.0,1.0,Westfield,4419,0.0,0.0,Suburban,Valley League,5:00 P.M.,,0
2026-09-25,144326,FINAL,Westwood,4424,5.0,1.0,Medway,4243,2.0,0.0,Tri-Valley,Tri-Valley,4:30 P.M.,,0
2026-09-25,144339,FINAL,Grafton,4153,1.0,0.0,Nashoba,4267,9.0,1.0,Mid-Wach,Mid-Wach,4:00 P.M.,,0
2026-09-25,144362,FINAL,Gloucester,4150,2.0,1.0,Manchester Essex,4229,0.0,0.0,Northeastern,Cape Ann,4:30 P.M.,,0
2026-09-25,144378,FINAL,Watertown,4409,7.0,1.0,Wakefield,4402,0.0,0.0,Middlesex,Middlesex,4:15 P.M.,,0
2026-09-25,144394,FINAL,Hanover,4164,1.0,2.0,Norwell,4296,1.0,2.0,Patriot,South Shore,4:00 P.M.,,0
2026-09-25,144417,FINAL,Tewksbury,4389,3.0,1.0,Tyngsborough,4397,1.0,0.0,Merrimack Valley,Mid-Wach,3:45 P.M.,,0
2026-09-25,145074,FINAL,Lynnfield,4223,6.0,1.0,North Reading,4288,2.0,0.0,Cape Ann,Cape Ann,4:00 P.M.,,0
2026-09-25,145101,UPCOMING,Pentucket,4309,,,Triton,4395,,,Cape Ann,Cape Ann,5:30 P.M.,,0
2026-09-25,145231,UPCOMING,Palmer,4304,,,Turners Falls,4396,,,County,Valley League,4:00 P.M.,,0
2026-09-25,145248,UPCOMING,Dennis-Yarmouth,4111,,,Monomoy,4706,,,Cape & Islands,Cape & Islands,4:00 P.M.,,0
2026-09-25,145346,FINAL,Maynard,4239,2.0,2.0,Littleton,4212,2.0,2.0,Mid-Wach,Mid-Wach,3:45 P.M.,,0
2026-09-25,145377,FINAL,Ipswich,4190,3.0,1.0,Hamilton-Wenham,4163,1.0,0.0,Cape Ann,Cape Ann,4:00 P.M.,,0
2026-09-25,145436,UPCOMING,Quaboag,4510,,,Northbridge,4292,,,CMAC,CMAC,3:30 P.M.,,0
2026-09-25,145461,FINAL,Frontier,4146,4.0,1.0,Greenfield,4157,0.0,0.0,Suburban,Suburban,4:00 P.M.,,0
2026-09-25,145489,FINAL,Lunenburg,4219,3.0,1.0,Bromfield,4505,2.0,0.0,Mid-Wach,Mid-Wach,4:00 P.M.,,0
2026-09-25,145515,UPCOMING,Hampshire,4518,,,Mahar,4226,,,County,Valley League,4:00 P.M.,,0
2026-09-25,151934,FINAL,Belmont,4034,0.0,2.0,Walpole,4404,0.0,2.0,Middlesex,Bay State,3:15 P.M.,,0
2026-09-25,151992,FINAL,Mohawk Trail,4258,1.0,1.0,West Springfield,4417,0.0,0.0,Valley League,Suburban,,,0
2026-09-26,139448,POSTPONED,Arlington Catholic,4014,,,Revere,4329,,,Catholic Central,Greater Boston,10:00 A.M.,,0
2026-09-26,140496,UPCOMING,Belmont,4034,,,Walpole,4404,,,Middlesex,Bay State,1:30 P.M.,,0
2026-09-26,143807,FINAL,East Longmeadow,4127,4.0,1.0,Westfield,4419,2.0,0.0,Valley League,Valley League,10:00 A.M.,,0
2026-09-26,144258,UPCOMING,Glastonbury (Conn.),4697,,,Longmeadow,4214,,,Independent,Suburban,10:00 A.M.,,0
2026-09-26,144678,UPCOMING,Bishop Stang,4045,,,Fairhaven,4133,,,Catholic Central,South Coast,11:00 A.M.,,0
2026-09-26,144710,POSTPONED,Uxbridge,4398,,,Dover-Sherborn,4118,,,CMAC,Tri-Valley,11:30 A.M.,,0
2026-09-26,145077,UPCOMING,Monomoy,4706,,,Lynnfield,4223,,,Cape & Islands,Cape Ann,12:00 P.M.,,0
2026-09-26,145111,POSTPONED,Nantucket,4265,,,West Bridgewater,4415,,,Cape & Islands,South Coast,1:00 P.M.,,0
2026-09-28,139149,POSTPONED,Stoneham,4380,,,Lexington,4209,,,Middlesex,Middlesex,6:00 P.M.,,0
2026-09-28,139200,FINAL,Brockton,4058,0,0,Martha’s Vineyard,4235,6,1,Big Three,Cape & Islands,4:30 P.M.,,0
2026-09-28,139211,FINAL,Brookline,4059,1,0,Natick,4270,2,1,Bay State,Bay State,4:00 P.M.,,0
2026-09-28,139241,POSTPONED,Shrewsbury,4348,,,Leominster,4208,,,Mid-Wach,Mid-Wach,6:30 P.M.,,0
2026-09-28,139280,POSTPONED,Joseph Case,4078,,,New Bedford,4273,,,South Coast,Big Three,3:45 P.M.,,0
2026-09-28,139380,FINAL,Saugus,4341,6,1,Everett,4132,0,0,Northeastern,Greater Boston,3:30 P.M.,,0
2026-09-28,139401,FINAL,Lowell,4216,3,1,Tewksbury,4389,0,0,Merrimack Valley,Merrimack Valley,3:45 P.M.,,0
2026-09-28,139449,FINAL,Revere,4329,0,0,Methuen,4246,7,1,Greater Boston,Merrimack Valley,4:30 P.M.,,0
2026-09-28,139490,FINAL,Greater Lowell,4155,6,1,Malden,4227,1,0,Independent,Greater Boston,4:30 P.M.,,0
2026-09-28,139522,FINAL,Newton North,4279,3,1,Framingham,4143,0,0,Bay State,Bay State,4:30 P.M.,,0
2026-09-28,139545,UPCOMING,Scituate,4343,,,Marshfield,4234,,,Patriot,Patriot,4:00 P.M.,,0
2026-09-28,139774,FINAL,Attleboro,4018,10,1,Milford,4249,0,0,Hockomock,Hockomock,5:45 P.M.,,0
2026-09-28,139789,FINAL,Barnstable,4024,3,1,Nantucket,4265,2,0,Pioneer,Cape & Islands,5:00 P.M.,,0
2026-09-28,139889,POSTPONED,Wakefield,4402,,,Reading,4328,,,Middlesex,Middlesex,4:15 P.M.,,0
2026-09-28,139929,UPCOMING,Pembroke,4308,,,Hingham,4171,,,Patriot,Patriot,4:00 P.M.,,0
2026-09-28,139954,FINAL,Grafton,4153,1,2,Wachusett,4400,1,2,Mid-Wach,Mid-Wach,4:00 P.M.,,0
2026-09-28,140019,FINAL,Essex Tech,4745,1,0,North Reading,4288,2,1,Cape Ann,Cape Ann,4:00 P.M.,,0
2026-09-28,140057,POSTPONED,Acton-Boxborough,4003,,,Bishop Feehan,4042,,,Dual County,Catholic Central,4:00 P.M.,,0
2026-09-28,140088,FINAL,Franklin,4144,6,1,Taunton,4388,0,0,Hockomock,Hockomock,3:45 P.M.,,0
2026-09-28,140112,FINAL,North Andover,4283,0,0,Andover,4009,5,1,Merrimack Valley,Merrimack Valley,4:00 P.M.,,0
2026-09-28,140160,FINAL,Milton,4252,3,1,Wellesley,4413,1,0,Bay State,Bay State,4:30 P.M.,,0
2026-09-28,140191,FINAL,Norwell,4296,2,1,Needham,4272,0,0,South Shore,Bay State,4:30 P.M.,,0
2026-09-28,140234,FINAL,Melrose,4244,1,0,Arlington,4013,3,1,Middlesex,Middlesex,4:15 P.M.,,0
2026-09-28,140409,FINAL,Braintree,4051,1,0,Walpole,4404,4,1,Bay State,Bay State,4:00 P.M.,,0
2026-09-28,140427,POSTPONED,Silver Lake,4349,,,Plymouth North,4315,,,Patriot,Patriot,4:00 P.M.,,0
2026-09-28,140453,UPCOMING,Dracut,4119,,,Haverhill,4167,,,Merrimack Valley,Merrimack Valley,5:30 P.M.,,0
2026-09-28,140499,UPCOMING,Wilmington,4432,,,Belmont,4034,,,Middlesex,Middlesex,6:00 P.M.,,0
2026-09-28,140590,POSTPONED,Chelmsford,4085,,,Central Catholic,4081,,,Merrimack Valley,Merrimack Valley,5:30 P.M.,,0
2026-09-28,140615,UPCOMING,Wareham/Mashpee,4407,,,Bridgewater-Raynham,4053,,,Mayflower,Pioneer,3:45 P.M.,,0
2026-09-28,140700,FINAL,Duxbury,4123,8,1,Plymouth South,4316,0,0,Patriot,Patriot,4:00 P.M.,,0
2026-09-28,140813,FINAL,Peabody,4306,0,0,Gloucester,4150,5,1,Northeastern,Northeastern,6:15 P.M.,,0
2026-09-28,140829,UPCOMING,Nashoba,4267,,,Algonquin,4005,,,Mid-Wach,Mid-Wach,4:00 P.M.,,0
2026-09-28,140855,FINAL,North Middlesex,4286,1,2,Westborough,4418,1,2,Mid-Wach,Mid-Wach,6:00 P.M.,,0
2026-09-28,140876,POSTPONED,Woburn,4438,,,Burlington,4065,,,Middlesex,Middlesex,4:15 P.M.,,0
2026-09-28,140917,FINAL,Notre Dame (Hingham),4449,5,1,Malden Catholic,4228,0,0,Catholic Conference,Catholic Conference,4:00 P.M.,,0
2026-09-28,143642,POSTPONED,Monty Tech,4259,,,Tantasqua,4387,,,CMAC,CMAC,4:00 P.M.,,0
2026-09-28,143904,FINAL,Whitman-Hanson,4427,1,0,Hanover,4164,3,1,Patriot,Patriot,4:00 P.M.,,0
2026-09-28,143907,FINAL,Canton,4071,2,0,Foxborough,4142,3,1,Hockomock,Hockomock,6:00 P.M.,,0
2026-09-28,144220,FINAL,Auburn,4019,3,1,Sutton,4512,2,0,CMAC,CMAC,3:30 P.M.,,0
2026-09-28,144274,FINAL,Shepherd Hill,4347,2,1,Clinton,4093,0,0,Mid-Wach,Mid-Wach,4:00 P.M.,,0
2026-09-28,144679,FINAL,Bishop Stang,4045,7,1,Seekonk,4344,5,0,Catholic Central,South Coast,6:00 P.M.,,0
2026-09-28,145184,FINAL,Hopedale,4507,7,1,Notre Dame Academy-Worcester,4451,0,0,CMAC,CMAC,3:45 P.M.,,0
2026-09-28,145232,POSTPONED,Hampshire,4518,,,Palmer,4304,,,County,County,4:00 P.M.,,0
2026-09-28,145393,UPCOMING,Turners Falls,4396,,,Mohawk Trail,4258,,,Valley League,Valley League,6:00 P.M.,,0
2026-09-28,145466,FINAL,Manchester Essex,4229,2,1,Hamilton-Wenham,4163,0,0,Cape Ann,Cape Ann,7:00 P.M.,,0
2026-09-28,145492,FINAL,Lunenburg,4219,3,1,Tyngsborough,4397,1,0,Mid-Wach,Mid-Wach,4:00 P.M.,,0
2026-09-28,145571,POSTPONED,Quaboag,4510,,,Blackstone-Millville,4486,,,CMAC,CMAC,4:15 P.M.,,0
2026-09-28,145586,POSTPONED,Tahanto,4513,,,Narragansett,4266,,,Mid-Wach,Mid-Wach,5:30 P.M.,,0
2026-09-28,145591,POSTPONED,Bromfield,4505,,,Maynard,4239,,,Mid-Wach,Mid-Wach,3:45 P.M.,,0
2026-09-29,139326,FINAL,Dighton-Rehoboth,4114,2,1,Southeastern,4358,1,0,South Coast,Mayflower,3:45 P.M.,,0
2026-09-29,139450,FINAL,Revere,4329,3,1,Peabody,4306,2,0,Greater Boston,Northeastern,4:15 P.M.,,0
2026-09-29,139657,FINAL,Leicester,4207,0,0,Worcester South,4444,2,1,CMAC,CMAC,3:30 P.M.,,0
2026-09-29,139733,FINAL,North Attleborough,4284,0,0,King Philip,4197,6,1,Hockomock,Hockomock,6:30 P.M.,,0
2026-09-29,139830,FINAL,Uxbridge,4398,5,1,Doherty,4116,0,0,CMAC,CMAC,4:30 P.M.,,0
2026-09-29,139867,FINAL,Wakefield,4402,1,0,Newton South,4280,2,1,Middlesex,Dual County,4:15 P.M.,,0
2026-09-29,140059,FINAL,Acton-Boxborough,4003,5,1,Westford,4421,0,0,Dual County,Dual County,4:00 P.M.,,0
2026-09-29,140210,FINAL,Oliver Ames,4302,1,0,Mansfield,4230,2,1,Hockomock,Hockomock,3:45 P.M.,,0
2026-09-29,140374,POSTPONED,Greenfield,4157,,,Agawam,4004,,,Suburban,Suburban,4:00 P.M.,,0
2026-09-29,140524,FINAL,Concord-Carlisle,4097,1,0,Lincoln-Sudbury,4211,6,1,Dual County,Dual County,4:30 P.M.,,0
2026-09-29,140768,FINAL,Beverly,4038,5,1,Melrose,4244,1,0,Northeastern,Middlesex,4:30 P.M.,,0
2026-09-29,140919,UPCOMING,Malden Catholic,4228,,,Swampscott,4383,,,Catholic Conference,Northeastern,4:30 P.M.,,0
2026-09-29,143694,FINAL,Gardner,4147,3,1,Bay Path/David Prouty,4027,0,0,Mid-Wach,CMAC,6:30 P.M.,,0
2026-09-29,143717,FINAL,St. Paul,4954,1,0,Tantasqua,4387,3,1,CMAC,CMAC,3:45 P.M.,,0
2026-09-29,143752,FINAL,Oxford,4303,1,2,Worcester Tech/North,4445,1,2,CMAC,CMAC,3:30 P.M.,,0
2026-09-29,143776,FINAL,Bishop Fenwick,4043,2,2,Danvers,4103,2,2,Catholic Central,Northeastern,4:00 P.M.,,0
2026-09-29,143815,FINAL,East Longmeadow,4127,2,1,Longmeadow,4214,1,0,Valley League,Suburban,7:00 P.M.,,0
2026-09-29,143890,FINAL,Masconomet,4236,5,1,Pentucket,4309,0,0,Northeastern,Cape Ann,4:00 P.M.,,0
2026-09-29,144006,FINAL,Nauset,4271,5,1,Nantucket,4265,0,0,Cape & Islands,Cape & Islands,4:00 P.M.,,0
2026-09-29,144114,FINAL,Medfield,4241,1,1,Dedham,4108,0,0,Tri-Valley,Tri-Valley,6:30 P.M.,,0
2026-09-29,144143,FINAL,Marlborough,4233,2,1,Oakmont,4299,1,0,Mid-Wach,Mid-Wach,4:00 P.M.,,0
2026-09-29,144175,POSTPONED,Old Rochester,4301,,,Somerset Berkley,4350,,,South Coast,South Coast,3:30 P.M.,,0
2026-09-29,144302,FINAL,Northampton,4291,0,0,Smith Academy,4538,4,1,Valley League,Valley League,4:30 P.M.,,0
2026-09-29,144391,FINAL,Dover-Sherborn,4118,4,1,Norwood,4297,2,0,Tri-Valley,Tri-Valley,6:00 P.M.,,0
2026-09-29,144470,FINAL,Wayland,4411,3,0,Bedford,4031,4,1,Dual County,Dual County,4:00 P.M.,,0
2026-09-29,144481,FINAL,Medway,4243,0,2,Ashland,4015,0,2,Tri-Valley,Tri-Valley,4:30 P.M.,,0
2026-09-29,144506,FINAL,Falmouth,4134,2,0,Dennis-Yarmouth,4111,3,1,Cape & Islands,Cape & Islands,4:00 P.M.,,0
2026-09-29,144560,FINAL,Fairhaven,4133,0,0,Apponequet,4011,3,1,South Coast,South Coast,3:30 P.M.,,0
2026-09-29,144591,FINAL,Amherst-Pelham,4008,3,1,Southwick,4519,0,0,County,Valley League,4:15 P.M.,,0
2026-09-29,144608,FINAL,Bellingham,4033,0,2,Holliston,4174,0,2,Tri-Valley,Tri-Valley,4:30 P.M.,,0
2026-09-29,144620,UPCOMING,Cohasset,4094,,,Middleborough,4247,,,South Shore,South Shore,5:00 P.M.,,0
2026-09-29,145131,POSTPONED,Ursuline,4448,,,St. Mary’s,4374,,,Catholic Conference,Catholic Central,4:00 P.M.,,0
2026-09-29,145144,FINAL,Monomoy,4706,0,0,Sandwich,4340,3,1,Cape & Islands,Cape & Islands,6:00 P.M.,,0
2026-09-29,145199,FINAL,St. Bernard’s,4365,7,1,Blackstone-Millville,4486,0,0,CMAC,CMAC,4:00 P.M.,,0
2026-09-29,145262,FINAL,Nipmuc,4281,3,2,Northbridge,4292,3,2,CMAC,CMAC,4:00 P.M.,,0
2026-09-29,145298,UPCOMING,Carver,4077,,,East Bridgewater,4126,,,South Shore,South Shore,4:00 P.M.,,0
2026-09-29,145305,FINAL,West Bridgewater,4415,5,1,Seekonk,4344,0,0,South Coast,South Coast,3:45 P.M.,,0
2026-09-29,152204,FINAL,Algonquin,4005,0,0,Nashoba,4267,6,1,Mid-Wach,Mid-Wach,5:00 P.M.,,0
2026-09-29,152206,FINAL,Minnechaug,4254,0,0,Frontier,4146,1,1,Suburban,Suburban,,,0
2026-09-29,152207,FINAL,Wareham/Mashpee,4407,0,0,St. John Paul II,4689,8,1,Mayflower,Cape & Islands,5:00 P.M.,,0
2026-09-30,139151,FINAL,Lexington,4209,0,0,Winchester,4434,4,1,Middlesex,Middlesex,4:15 P.M.,,0
2026-09-30,139179,FINAL,Brockton,4058,0,0,Sharon,4345,1,1,Big Three,Hockomock,6:30 P.M.,,0
2026-09-30,139213,FINAL,Wellesley,4413,2,1,Brookline,4059,0,0,Bay State,Bay State,4:00 P.M.,,0
2026-09-30,139267,FINAL,Dartmouth,4105,4,1,New Bedford,4273,0,0,Pioneer,Big Three,4:00 P.M.,,0
2026-09-30,139406,FINAL,Lowell,4216,2,1,North Andover,4283,1,0,Merrimack Valley,Merrimack Valley,4:00 P.M.,,0
2026-09-30,139453,UPCOMING,Revere,4329,,,Malden,4227,,,Greater Boston,Greater Boston,4:30 P.M.,,0
2026-09-30,139531,UPCOMING,Natick,4270,,,Newton North,4279,,,Bay State,Bay State,6:30 P.M.,,0
2026-09-30,139550,FINAL,Marshfield,4234,1,1,Plymouth North,4315,0,0,Patriot,Patriot,4:00 P.M.,,0
2026-09-30,139593,FINAL,Framingham,4143,0,0,Walpole,4404,6,1,Bay State,Bay State,4:00 P.M.,,0
2026-09-30,139662,FINAL,Shrewsbury,4348,1,2,Marlborough,4233,1,2,Mid-Wach,Mid-Wach,6:30 P.M.,,0
2026-09-30,139931,FINAL,Silver Lake,4349,0,0,Hingham,4171,7,1,Patriot,Patriot,4:00 P.M.,,0
2026-09-30,139995,FINAL,Milford,4249,1,0,Blackstone Valley,4046,7,1,Hockomock,CMAC,3:45 P.M.,,0
2026-09-30,140022,FINAL,Hamilton-Wenham,4163,3,1,Essex Tech,4745,1,0,Cape Ann,Cape Ann,4:00 P.M.,,0
2026-09-30,140091,FINAL,Durfee,4122,0,0,Taunton,4388,3,1,Big Three,Hockomock,5:15 P.M.,,0
2026-09-30,140115,FINAL,Andover,4009,6,1,Tewksbury,4389,0,0,Merrimack Valley,Merrimack Valley,7:00 P.M.,,0
2026-09-30,140164,FINAL,Milton,4252,8,1,Weymouth,4425,0,0,Bay State,Bay State,4:30 P.M.,,0
2026-09-30,140193,FINAL,Needham,4272,2,1,Braintree,4051,1,0,Bay State,Bay State,4:00 P.M.,,0
2026-09-30,140236,FINAL,Arlington,4013,0,2,Woburn,4438,0,2,Middlesex,Middlesex,4:30 P.M.,,0
2026-09-30,140455,FINAL,Stoneham,4380,3,1,Haverhill,4167,0,0,Middlesex,Merrimack Valley,6:00 P.M.,,0
2026-09-30,140591,FINAL,Dracut,4119,0,0,Chelmsford,4085,7,1,Merrimack Valley,Merrimack Valley,5:30 P.M.,,0
2026-09-30,140703,FINAL,Plymouth South,4316,0,0,Hanover,4164,7,1,Patriot,Patriot,4:00 P.M.,,0
2026-09-30,140830,FINAL,Algonquin,4005,1,0,Bishop Feehan,4042,2,1,Mid-Wach,Catholic Central,4:00 P.M.,,0
2026-09-30,143838,FINAL,Fitchburg,4139,1,0,Narragansett,4266,8,1,Mid-Wach,Mid-Wach,6:00 P.M.,,0
2026-09-30,143872,FINAL,Scituate,4343,2,1,Pembroke,4308,0,0,Patriot,Patriot,4:00 P.M.,,0
2026-09-30,143909,FINAL,Whitman-Hanson,4427,1,0,Duxbury,4123,5,1,Patriot,Patriot,4:00 P.M.,,0
2026-09-30,144277,FINAL,Shepherd Hill,4347,0,0,Westfield,4419,2,1,Mid-Wach,Valley League,6:00 P.M.,,0
2026-09-30,144342,FINAL,Grafton,4153,7,1,Blackstone-Millville,4486,1,0,Mid-Wach,CMAC,4:00 P.M.,,0
2026-09-30,144460,FINAL,Weston,4423,7,1,Burlington,4065,2,0,Dual County,Middlesex,4:15 P.M.,,0
2026-09-30,144644,FINAL,Manchester Essex,4229,2,1,Newburyport,4276,0,0,Cape Ann,Cape Ann,4:00 P.M.,,0
2026-09-30,144761,UPCOMING,Triton,4395,,,Saugus,4341,,,Cape Ann,Northeastern,4:00 P.M.,,0
2026-09-30,145043,FINAL,Hampshire,4518,2,0,Belchertown,4032,4,1,County,County,4:00 P.M.,,0
2026-09-30,145081,FINAL,Ipswich,4190,2,1,Lynnfield,4223,0,0,Cape Ann,Cape Ann,4:00 P.M.,,0
2026-09-30,145103,FINAL,Amesbury,4007,3,1,Pentucket,4309,1,0,Cape Ann,Cape Ann,4:00 P.M.,,0
2026-09-30,145319,FINAL,Maynard,4239,0,0,Gardner,4147,2,1,Mid-Wach,Mid-Wach,4:00 P.M.,,0
2026-09-30,145349,FINAL,Lunenburg,4219,2,2,Littleton,4212,2,2,Mid-Wach,Mid-Wach,4:00 P.M.,,0
2026-09-30,145420,UPCOMING,Clinton,4093,,,Tyngsborough,4397,,,Mid-Wach,Mid-Wach,7:00 P.M.,,0
2026-09-30,145452,FINAL,Rockport,4490,1,2,North Reading,4288,1,2,Cape Ann,Cape Ann,4:30 P.M.,,0
2026-09-30,145592,FINAL,Bromfield,4505,2,1,Tahanto,4513,1,0,Mid-Wach,Mid-Wach,3:45 P.M.,,0
2026-09-30,152384,FINAL,Berwick,4037,7,1,Gould,4151,1,0,EIL,Independent,,,0
2026-09-30,152454,FINAL,BB&N,4028,2,0,Nobles,4282,3,1,ISL,ISL,,,0
2026-09-30,152463,FINAL,Middlesex,4248,1,1,Tabor,4384,0,0,ISL,ISL,,,0
2026-10-01,139327,FINAL,Southeastern,4358,2,1,Wareham/Mashpee,4407,1,0,Mayflower,Mayflower,3:30 P.M.,,0
2026-10-01,139619,UPCOMING,Sharon,4345,,,Canton,4071,,,Hockomock,Hockomock,3:45 P.M.,,0
2026-10-01,139660,FINAL,St. Bernard’s,4365,3,1,Worcester South,4444,0,0,CMAC,CMAC,4:00 P.M.,,0
2026-10-01,139736,FINAL,Taunton,4388,0,0,King Philip,4197,8,1,Hockomock,Hockomock,3:45 P.M.,,0
2026-10-01,139776,FINAL,Attleboro,4018,2,1,Mansfield,4230,0,0,Hockomock,Hockomock,6:00 P.M.,,0
2026-10-01,139832,FINAL,Doherty,4116,5,1,Nipmuc,4281,0,0,CMAC,CMAC,4:00 P.M.,,0
2026-10-01,139873,FINAL,Newton South,4280,0,0,St. Mary’s,4374,7,1,Dual County,Catholic Central,4:30 P.M.,,0
2026-10-01,139998,FINAL,Milford,4249,0,0,Oliver Ames,4302,7,1,Hockomock,Hockomock,4:00 P.M.,,0
2026-10-01,140061,FINAL,Wayland,4411,1,0,Acton-Boxborough,4003,5,1,Dual County,Dual County,4:00 P.M.,,0
2026-10-01,140246,FINAL,Franklin,4144,11,1,North Attleborough,4284,0,0,Hockomock,Hockomock,3:45 P.M.,,0
2026-10-01,140302,FINAL,West Springfield,4417,1,2,Smith Academy,4538,1,2,Suburban,Valley League,6:00 P.M.,,0
2026-10-01,140336,FINAL,Stoughton,4381,0,0,Foxborough,4142,6,1,Hockomock,Hockomock,5:00 P.M.,,0
2026-10-01,140549,FINAL,Westford,4421,0,0,Weston,4423,4,1,Dual County,Dual County,4:00 P.M.,,0
2026-10-01,140568,FINAL,Waltham,4405,2,1,Bedford,4031,1,0,Dual County,Dual County,4:30 P.M.,,0
2026-10-01,140618,FINAL,East Bridgewater,4126,4,1,Bridgewater-Raynham,4053,1,0,South Shore,Pioneer,4:00 P.M.,,0
2026-10-01,140689,FINAL,Hopkinton,4180,1,0,Dedham,4108,3,1,Tri-Valley,Tri-Valley,6:00 P.M.,,0
2026-10-01,140857,FINAL,Ashland,4015,2,1,Westborough,4418,1,0,Tri-Valley,Mid-Wach,4:30 P.M.,,0
2026-10-01,143623,FINAL,Bay Path/David Prouty,4027,5,1,Greater Lowell,4155,2,0,CMAC,Independent,4:00 P.M.,,0
2026-10-01,143754,FINAL,Worcester Tech/North,4445,0,0,St. Paul,4954,9,1,CMAC,CMAC,3:30 P.M.,,0
2026-10-01,143777,FINAL,Gloucester,4150,5,1,Danvers,4103,2,0,Northeastern,Northeastern,4:30 P.M.,,0
2026-10-01,143816,UPCOMING,East Longmeadow,4127,,,Minnechaug,4254,,,Valley League,Suburban,7:00 P.M.,,0
2026-10-01,143958,FINAL,Melrose,4244,3,1,Stoneham,4380,1,0,Middlesex,Middlesex,4:15 P.M.,,0
2026-10-01,144012,FINAL,Nauset,4271,0,0,Monomoy,4706,4,1,Cape & Islands,Cape & Islands,4:00 P.M.,,0
2026-10-01,144134,FINAL,Medfield,4241,1,0,Dover-Sherborn,4118,5,1,Tri-Valley,Tri-Valley,4:00 P.M.,,0
2026-10-01,144178,FINAL,Somerset Berkley,4350,7,1,West Bridgewater,4415,0,0,South Coast,South Coast,3:30 P.M.,,0
2026-10-01,144223,FINAL,Auburn,4019,1,0,Hopedale,4507,5,1,CMAC,CMAC,4:00 P.M.,,0
2026-10-01,144259,FINAL,Longmeadow,4214,0,0,Frontier,4146,3,1,Suburban,Suburban,4:00 P.M.,,0
2026-10-01,144328,FINAL,Westwood,4424,3,1,Bellingham,4033,0,0,Tri-Valley,Tri-Valley,5:30 P.M.,,0
2026-10-01,144397,FINAL,Norwood,4297,1,0,Medway,4243,2,1,Tri-Valley,Tri-Valley,4:00 P.M.,,0
2026-10-01,144507,FINAL,Sandwich,4340,5,1,Falmouth,4134,1,0,Cape & Islands,Cape & Islands,4:00 P.M.,,0
2026-10-01,144538,FINAL,Groton-Dunstable,4160,0,0,Quabbin,4325,2,1,Mid-Wach,Mid-Wach,4:00 P.M.,,0
2026-10-01,144561,FINAL,Apponequet,4011,2,1,Old Rochester,4301,0,0,South Coast,South Coast,4:00 P.M.,,0
2026-10-01,144594,FINAL,Belchertown,4032,3,1,Amherst-Pelham,4008,0,0,County,County,6:30 P.M.,,0
2026-10-01,144621,UPCOMING,Carver,4077,,,Middleborough,4247,,,South Shore,South Shore,5:00 P.M.,,0
2026-10-01,144680,FINAL,Bishop Stang,4045,2,2,St. John Paul II,4689,2,2,Catholic Central,Cape & Islands,3:30 P.M.,,0
2026-10-01,144695,FINAL,Bishop Fenwick,4043,1,2,Swampscott,4383,1,2,Catholic Central,Northeastern,4:30 P.M.,,0
2026-10-01,144724,POSTPONED,Palmer,4304,,,Holyoke,4176,,,County,County,5:00 P.M.,,0
2026-10-01,144757,FINAL,Westport,4461,7,1,Dighton-Rehoboth,4114,0,0,Mayflower,South Coast,3:30 P.M.,,0
2026-10-01,144974,FINAL,Norwell,4296,0,0,Cohasset,4094,3,1,South Shore,South Shore,4:00 P.M.,,0
2026-10-01,145062,FINAL,Joseph Case,4078,4,1,Fairhaven,4133,1,0,South Coast,South Coast,3:45 P.M.,,0
2026-10-01,145163,FINAL,Ursuline,4448,2,1,Malden Catholic,4228,0,0,Catholic Conference,Catholic Conference,4:00 P.M.,,0
2026-10-01,145380,FINAL,Ipswich,4190,4,1,Amesbury,4007,0,0,Cape Ann,Cape Ann,4:30 P.M.,,0
2026-10-01,145437,FINAL,Sutton,4512,5,1,Northbridge,4292,1,0,CMAC,CMAC,3:30 P.M.,,0
2026-10-01,145534,UPCOMING,North Brookfield,4508,,,Leicester,4207,,,Independent,CMAC,3:30 P.M.,,0
2026-10-01,152603,FINAL,Cushing,4101,7,1,Austin Prep,4020,0,0,Independent,Independent,,,0
2026-10-02,139157,FINAL,Lexington,4209,0,0,Belmont,4034,4,1,Middlesex,Middlesex,4:15 P.M.,,0
2026-10-02,139217,FINAL,Brookline,4059,3,1,Arlington,4013,1,0,Bay State,Middlesex,4:00 P.M.,,0
2026-10-02,139277,FINAL,Barnstable,4024,7,1,New Bedford,4273,0,0,Pioneer,Big Three,4:00 P.M.,,0
2026-10-02,139384,FINAL,Hamilton-Wenham,4163,5,1,Everett,4132,0,0,Cape Ann,Greater Boston,6:00 P.M.,,0
2026-10-02,139412,FINAL,Central Catholic,4081,0,0,Lowell,4216,1,1,Merrimack Valley,Merrimack Valley,5:30 P.M.,,0
2026-10-02,139492,UPCOMING,Malden,4227,,,Dracut,4119,,,Greater Boston,Merrimack Valley,4:15 P.M.,,0
2026-10-02,139891,FINAL,Reading,4328,0,0,Winchester,4434,3,1,Middlesex,Middlesex,4:15 P.M.,,0
2026-10-02,140307,UPCOMING,Turners Falls,4396,,,West Springfield,4417,,,Valley League,Suburban,6:00 P.M.,,0
2026-10-02,140308,UPCOMING,Weymouth,4425,,,Plymouth North,4315,,,Bay State,Patriot,3:45 P.M.,,0
2026-10-02,140354,FINAL,Hopkinton,4180,1,1,Natick,4270,0,0,Tri-Valley,Bay State,5:30 P.M.,,0
2026-10-02,140376,FINAL,Agawam,4004,2,1,Westfield,4419,0,0,Suburban,Valley League,5:00 P.M.,,0
2026-10-02,140428,UPCOMING,Silver Lake,4349,,,Plymouth South,4316,,,Patriot,Patriot,3:30 P.M.,,0
2026-10-02,140456,UPCOMING,Haverhill,4167,,,Triton,4395,,,Merrimack Valley,Cape Ann,4:00 P.M.,,0
2026-10-02,140476,FINAL,Seekonk,4344,1,2,Durfee,4122,1,2,South Coast,Big Three,3:45 P.M.,,0
2026-10-02,140525,FINAL,Nashoba,4267,0,0,Lincoln-Sudbury,4211,4,1,Mid-Wach,Dual County,4:00 P.M.,,0
2026-10-02,140642,FINAL,North Andover,4283,1,2,Methuen,4246,1,2,Merrimack Valley,Merrimack Valley,4:00 P.M.,,0
2026-10-02,140738,FINAL,Algonquin,4005,0,0,Concord-Carlisle,4097,4,1,Mid-Wach,Dual County,4:30 P.M.,,0
2026-10-02,140770,FINAL,Masconomet,4236,3,2,Beverly,4038,3,2,Northeastern,Northeastern,4:00 P.M.,,0
2026-10-02,140814,FINAL,Marblehead,4231,6,1,Peabody,4306,0,0,Northeastern,Northeastern,4:00 P.M.,,0
2026-10-02,140890,FINAL,Westwood,4424,4,1,Bishop Feehan,4042,3,0,Tri-Valley,Catholic Central,4:30 P.M.,,0
2026-10-02,143645,FINAL,Worcester Tech/North,4445,0,0,Monty Tech,4259,11,1,CMAC,CMAC,4:00 P.M.,,0
2026-10-02,143697,UPCOMING,Fitchburg,4139,,,Bay Path/David Prouty,4027,,,Mid-Wach,CMAC,4:00 P.M.,,0
2026-10-02,143780,FINAL,Swampscott,4383,2,0,Danvers,4103,4,1,Northeastern,Northeastern,4:30 P.M.,,0
2026-10-02,144179,FINAL,West Bridgewater,4415,7,1,Pembroke,4308,0,0,South Coast,Patriot,3:45 P.M.,,0
2026-10-02,144222,FINAL,Dartmouth,4105,0,0,Apponequet,4011,2,1,Pioneer,South Coast,3:30 P.M.,,0
2026-10-02,144463,FINAL,Wilmington,4432,3,1,Burlington,4065,1,0,Middlesex,Middlesex,4:15 P.M.,,0
2026-10-02,144539,FINAL,Bromfield,4505,2,1,Groton-Dunstable,4160,0,0,Mid-Wach,Mid-Wach,3:45 P.M.,,0
2026-10-02,144597,FINAL,Amherst-Pelham,4008,2,1,Palmer,4304,0,0,County,County,4:30 P.M.,,0
2026-10-02,144623,UPCOMING,Sturgis East,4456,,,Middleborough,4247,,,Cape & Islands,South Shore,5:00 P.M.,,0
2026-10-02,144647,UPCOMING,Newburyport,4276,,,North Reading,4288,,,Cape Ann,Cape Ann,4:45 P.M.,,0
2026-10-02,144722,FINAL,Southwick,4519,3,1,Suffield Academy,4382,0,0,Valley League,Independent,5:00 P.M.,,0
2026-10-02,145014,FINAL,Franklin County Tech,4145,8,1,Mahar,4226,0,0,County,Valley League,4:00 P.M.,,0
2026-10-02,145079,FINAL,Lynnfield,4223,3,1,Pentucket,4309,1,0,Cape Ann,Cape Ann,4:00 P.M.,,0
2026-10-02,145114,FINAL,Dennis-Yarmouth,4111,7,1,Nantucket,4265,0,0,Cape & Islands,Cape & Islands,3:30 P.M.,,0
2026-10-02,145186,FINAL,St. Paul,4954,6,1,Notre Dame Academy-Worcester,4451,3,0,CMAC,CMAC,3:45 P.M.,,0
2026-10-02,145352,FINAL,Narragansett,4266,1,1,Littleton,4212,0,0,Mid-Wach,Mid-Wach,4:00 P.M.,,0
2026-10-02,145394,FINAL,Mohawk Trail,4258,0,2,Hampshire,4518,0,2,Valley League,County,4:00 P.M.,,0
2026-10-02,145423,UPCOMING,Clinton,4093,,,Greenfield,4157,,,Mid-Wach,Suburban,5:00 P.M.,,0
2026-10-02,145505,FINAL,Tyngsborough,4397,0,0,Maynard,4239,2,1,Mid-Wach,Mid-Wach,4:00 P.M.,,0
2026-10-02,145535,UPCOMING,Quaboag,4510,,,Leicester,4207,,,CMAC,CMAC,3:30 P.M.,,0
2026-10-02,152629,FINAL,Nipmuc,4281,1,0,Blackstone Valley,4046,3,1,CMAC,CMAC,,,0
2026-10-03,139537,FINAL,Waltham,4405,4,1,Newton North,4279,0,0,Dual County,Bay State,10:30 A.M.,,0
2026-10-03,139598,UPCOMING,Framingham,4143,,,Wayland,4411,,,Bay State,Dual County,1:00 P.M.,,0
2026-10-03,139936,FINAL,Hingham,4171,0,0,Watertown,4409,2,1,Patriot,Middlesex,4:00 P.M.,,0
2026-10-03,139959,FINAL,Longmeadow,4214,1,2,Wachusett,4400,1,2,Suburban,Mid-Wach,3:00 P.M.,,0
2026-10-03,140063,FINAL,Andover,4009,2,1,Acton-Boxborough,4003,1,0,Merrimack Valley,Dual County,2:00 P.M.,,0
2026-10-03,140213,FINAL,Holliston,4174,1,2,Oliver Ames,4302,1,2,Tri-Valley,Hockomock,10:00 A.M.,,0
2026-10-03,140385,FINAL,Franklin,4144,2,2,Uxbridge,4398,2,2,Hockomock,CMAC,7:00 P.M.,,0
2026-10-03,140413,FINAL,Norwell,4296,0,0,Braintree,4051,3,1,South Shore,Bay State,4:00 P.M.,,0
2026-10-03,140641,FINAL,Concord-Carlisle,4097,3,1,North Andover,4283,0,0,Dual County,Merrimack Valley,5:30 P.M.,,0
2026-10-03,140657,UPCOMING,Winchester,4434,,,Moses Brown (R.I.),4261,,,Middlesex,Independent,11:00 A.M.,,0
2026-10-03,140898,FINAL,Walpole,4404,1,0,Canton,4071,2,1,Bay State,Hockomock,4:00 P.M.,,0
2026-10-03,140914,UPCOMING,Malden Catholic,4228,,,Ursuline,4448,,,Catholic Conference,Catholic Conference,3:00 P.M.,,0
2026-10-03,143646,FINAL,Blackstone-Millville,4486,1,0,Monty Tech,4259,2,1,CMAC,CMAC,2:00 P.M.,,0
2026-10-03,143674,UPCOMING,Nipmuc,4281,,,Blackstone Valley,4046,,,CMAC,CMAC,10:00 A.M.,,0
2026-10-03,143817,FINAL,East Longmeadow,4127,0,2,Ciciro-North Syracuse (N.Y.),4959,0,2,Valley League,Independent,12:00 P.M.,,0
2026-10-03,144005,FINAL,Sandwich,4340,8,1,Nauset,4271,0,0,Cape & Islands,Cape & Islands,4:30 P.M.,,0
2026-10-03,144278,FINAL,Oxford,4303,0,0,Shepherd Hill,4347,6,1,CMAC,Mid-Wach,10:00 A.M.,,0
2026-10-03,144696,FINAL,Monomoy,4706,10,1,Swampscott,4383,1,0,Cape & Islands,Northeastern,12:00 P.M.,,0
2026-10-03,145134,UPCOMING,St. Mary’s,4374,,,Arlington Catholic,4014,,,Catholic Central,Catholic Central,12:00 P.M.,,0
2026-10-03,145287,FINAL,Sutton,4512,5,1,Quabbin,4325,1,0,CMAC,Mid-Wach,11:00 A.M.,,0
2026-10-03,152684,FINAL,BB&N,4028,1,1,Dexter Southfield,4113,0,0,ISL,Independent,,,0
2026-10-03,152732,FINAL,Phillips Andover,4310,6,1,Tabor,4384,1,0,Independent,ISL,,,0
2026-10-04,143942,UPCOMING,Minnechaug,4254,,,Ciciro-North Syracuse (N.Y.),4959,,,Suburban,Independent,12:00 P.M.,,0
2026-10-05,139219,FINAL,Brookline,4059,5,1,Weymouth,4425,0,0,Bay State,Bay State,4:00 P.M.,,0
2026-10-05,139244,FINAL,Grafton,4153,3,1,Leominster,4208,1,0,Mid-Wach,Mid-Wach,4:00 P.M.,,0
2026-10-05,139294,FINAL,New Bedford,4273,0,2,Dartmouth,4105,0,2,Big Three,Pioneer,4:00 P.M.,,0
2026-10-05,139328,UPCOMING,Southeastern,4358,,,Greater Lowell,4155,,,Mayflower,Independent,4:30 P.M.,,0
2026-10-05,139387,FINAL,Everett,4132,3,1,Peabody,4306,1,0,Greater Boston,Northeastern,4:15 P.M.,,0
2026-10-05,139415,FINAL,Chelmsford,4085,3,1,Lowell,4216,2,0,Merrimack Valley,Merrimack Valley,5:30 P.M.,,0
2026-10-05,139497,FINAL,Malden,4227,0,0,Saugus,4341,8,1,Greater Boston,Northeastern,4:15 P.M.,,0
2026-10-05,139539,FINAL,Needham,4272,0,2,Newton North,4279,0,2,Bay State,Bay State,4:30 P.M.,,0
2026-10-05,139553,FINAL,Marshfield,4234,4,1,Pembroke,4308,1,0,Patriot,Patriot,4:00 P.M.,,0
2026-10-05,139603,FINAL,Braintree,4051,5,1,Framingham,4143,0,0,Bay State,Bay State,4:00 P.M.,,0
2026-10-05,139623,FINAL,Milford,4249,1,0,Sharon,4345,7,1,Hockomock,Hockomock,3:45 P.M.,,0
2026-10-05,139675,FINAL,Shrewsbury,4348,1,0,Nashoba,4267,6,1,Mid-Wach,Mid-Wach,6:30 P.M.,,0
2026-10-05,139737,FINAL,King Philip,4197,1,0,Canton,4071,2,1,Hockomock,Hockomock,3:45 P.M.,,0
2026-10-05,139781,FINAL,Taunton,4388,0,0,Attleboro,4018,7,1,Hockomock,Hockomock,3:45 P.M.,,0
2026-10-05,139790,FINAL,Sandwich,4340,7,1,Barnstable,4024,0,0,Cape & Islands,Pioneer,4:00 P.M.,,0
2026-10-05,139835,FINAL,Doherty,4116,5,1,Lunenburg,4219,2,0,CMAC,Mid-Wach,4:00 P.M.,,0
2026-10-05,139874,FINAL,Lincoln-Sudbury,4211,8,1,Newton South,4280,0,0,Dual County,Dual County,4:15 P.M.,,0
2026-10-05,139945,FINAL,Plymouth North,4315,0,0,Hingham,4171,10,1,Patriot,Patriot,4:00 P.M.,,0
2026-10-05,139963,FINAL,Algonquin,4005,1,1,Wachusett,4400,0,0,Mid-Wach,Mid-Wach,4:00 P.M.,,0
2026-10-05,140025,FINAL,Essex Tech,4745,2,1,Triton,4395,1,0,Cape Ann,Cape Ann,4:00 P.M.,,0
2026-10-05,140066,FINAL,Acton-Boxborough,4003,7,1,Central Catholic,4081,0,0,Dual County,Merrimack Valley,4:00 P.M.,,0
2026-10-05,140117,FINAL,Andover,4009,6,1,Haverhill,4167,0,0,Merrimack Valley,Merrimack Valley,7:00 P.M.,,0
2026-10-05,140148,FINAL,Methuen,4246,4,1,Tewksbury,4389,1,0,Merrimack Valley,Merrimack Valley,4:00 P.M.,,0
2026-10-05,140165,FINAL,Natick,4270,3,2,Milton,4252,3,2,Bay State,Bay State,6:30 P.M.,,0
2026-10-05,140214,FINAL,Foxborough,4142,5,1,Oliver Ames,4302,0,0,Hockomock,Hockomock,5:00 P.M.,,0
2026-10-05,140248,FINAL,Mansfield,4230,5,1,North Attleborough,4284,0,0,Hockomock,Hockomock,3:45 P.M.,,0
2026-10-05,140309,FINAL,Hampshire,4518,0,0,West Springfield,4417,4,1,County,Suburban,4:00 P.M.,,0
2026-10-05,140337,FINAL,Stoughton,4381,0,0,Franklin,4144,6,1,Hockomock,Hockomock,3:45 P.M.,,0
2026-10-05,140379,FINAL,Agawam,4004,1,0,Frontier,4146,3,1,Suburban,Suburban,7:30 P.M.,,0
2026-10-05,140429,FINAL,Hanover,4164,3,1,Silver Lake,4349,2,0,Patriot,Patriot,4:00 P.M.,,0
2026-10-05,140475,FINAL,Durfee,4122,7,1,Middleborough,4247,2,0,Big Three,South Shore,5:15 P.M.,,0
2026-10-05,140571,FINAL,Concord-Carlisle,4097,3,2,Waltham,4405,3,2,Dual County,Dual County,4:30 P.M.,,0
2026-10-05,140600,FINAL,Wellesley,4413,0,0,Walpole,4404,4,1,Bay State,Bay State,4:00 P.M.,,0
2026-10-05,140619,FINAL,Ursuline,4448,4,1,Bridgewater-Raynham,4053,0,0,Catholic Conference,Pioneer,4:00 P.M.,,0
2026-10-05,140644,FINAL,North Andover,4283,7,1,Dracut,4119,2,0,Merrimack Valley,Merrimack Valley,4:00 P.M.,,0
2026-10-05,140656,FINAL,Watertown,4409,1,2,Winchester,4434,1,2,Middlesex,Middlesex,4:15 P.M.,,0
2026-10-05,140705,FINAL,Whitman-Hanson,4427,4,1,Plymouth South,4316,2,0,Patriot,Patriot,4:00 P.M.,,0
2026-10-05,140859,FINAL,Westborough,4418,0,0,Marlborough,4233,4,1,Mid-Wach,Mid-Wach,6:00 P.M.,,0
2026-10-05,140920,FINAL,Malden Catholic,4228,1,0,Notre Dame (Hingham),4449,3,1,Catholic Conference,Catholic Conference,4:00 P.M.,,0
2026-10-05,143818,FINAL,Greenfield,4157,0,0,East Longmeadow,4127,4,1,Suburban,Valley League,4:00 P.M.,,0
2026-10-05,143840,FINAL,Fitchburg,4139,0,0,Tahanto,4513,5,1,Mid-Wach,Mid-Wach,6:00 P.M.,,0
2026-10-05,143877,FINAL,Duxbury,4123,5,1,Scituate,4343,0,0,Patriot,Patriot,4:00 P.M.,,0
2026-10-05,143943,FINAL,Minnechaug,4254,0,0,Longmeadow,4214,1,1,Suburban,Suburban,6:30 P.M.,,0
2026-10-05,144086,FINAL,North Middlesex,4286,0,0,Quabbin,4325,5,1,Mid-Wach,Mid-Wach,4:00 P.M.,,0
2026-10-05,144182,POSTPONED,Somerset Berkley,4350,,,Uxbridge,4398,,,South Coast,CMAC,4:00 P.M.,,0
2026-10-05,144280,FINAL,Tyngsborough,4397,1,2,Shepherd Hill,4347,1,2,Mid-Wach,Mid-Wach,4:30 P.M.,,0
2026-10-05,144304,FINAL,Northampton,4291,0,0,Amherst-Pelham,4008,2,1,Valley League,County,4:30 P.M.,,0
2026-10-05,144472,FINAL,Bedford,4031,6,1,Weston,4423,4,0,Dual County,Dual County,4:00 P.M.,,0
2026-10-05,144512,FINAL,Falmouth,4134,5,1,Nantucket,4265,4,0,Cape & Islands,Cape & Islands,4:00 P.M.,,0
2026-10-05,144519,FINAL,Holliston,4174,2,1,Wayland,4411,0,0,Tri-Valley,Dual County,4:30 P.M.,,0
2026-10-05,144540,FINAL,Oakmont,4299,2,2,Groton-Dunstable,4160,2,2,Mid-Wach,Mid-Wach,4:00 P.M.,,0
2026-10-05,144562,FINAL,Apponequet,4011,4,1,Dighton-Rehoboth,4114,0,0,South Coast,South Coast,4:00 P.M.,,0
2026-10-05,144650,FINAL,Lynnfield,4223,0,0,Newburyport,4276,1,1,Cape Ann,Cape Ann,4:00 P.M.,,0
2026-10-05,144726,POSTPONED,Smith Academy,4538,,,Holyoke,4176,,,Valley League,County,5:00 P.M.,,0
2026-10-05,144774,FINAL,Martha’s Vineyard,4235,0,0,Monomoy,4706,5,1,Cape & Islands,Cape & Islands,3:00 P.M.,,0
2026-10-05,144965,FINAL,Stoneham,4380,0,2,Wilmington,4432,0,2,Middlesex,Middlesex,6:00 P.M.,,0
2026-10-05,145104,FINAL,Pentucket,4309,2,1,North Reading,4288,0,0,Cape Ann,Cape Ann,4:00 P.M.,,0
2026-10-05,145135,FINAL,St. Mary’s,4374,3,1,Bishop Fenwick,4043,1,0,Catholic Central,Catholic Central,3:30 P.M.,,0
2026-10-05,145187,FINAL,Sutton,4512,2,1,Notre Dame Academy-Worcester,4451,1,0,CMAC,CMAC,3:30 P.M.,,0
2026-10-05,145320,UPCOMING,Gardner,4147,,,Bromfield,4505,,,Mid-Wach,Mid-Wach,6:00 P.M.,,0
2026-10-05,145353,FINAL,Clinton,4093,1,0,Littleton,4212,2,1,Mid-Wach,Mid-Wach,3:45 P.M.,,0
2026-10-05,145455,FINAL,Manchester Essex,4229,6,1,Rockport,4490,0,0,Cape Ann,Cape Ann,4:00 P.M.,,0
2026-10-05,145467,FINAL,St. John Paul II,4689,3,1,Westport,4461,1,0,Cape & Islands,Mayflower,4:00 P.M.,,0
2026-10-05,145470,UPCOMING,Amesbury,4007,,,Hamilton-Wenham,4163,,,Cape Ann,Cape Ann,4:00 P.M.,,0
2026-10-05,145559,FINAL,Wareham/Mashpee,4407,0,0,Carver,4077,4,1,Mayflower,South Shore,4:30 P.M.,,0
2026-10-05,145588,UPCOMING,Maynard,4239,,,Narragansett,4266,,,Mid-Wach,Mid-Wach,3:30 P.M.,,0
2026-10-06,139158,UPCOMING,Lexington,4209,,,Wakefield,4402,,,Middlesex,Middlesex,7:00 P.M.,,0
2026-10-06,139426,FINAL,Ursuline,4448,10,1,Revere,4329,0,0,Catholic Conference,Greater Boston,5:00 P.M.,,0
2026-10-06,139665,FINAL,Worcester Tech/North,4445,0,0,Worcester South,4444,5,1,CMAC,CMAC,3:30 P.M.,,0
2026-10-06,139838,FINAL,Doherty,4116,0,0,Hopedale,4507,4,1,CMAC,CMAC,4:00 P.M.,,0
2026-10-06,139894,FINAL,Reading,4328,1,1,Wilmington,4432,0,0,Middlesex,Middlesex,7:00 P.M.,,0
2026-10-06,140239,FINAL,Arlington,4013,0,0,Watertown,4409,4,1,Middlesex,Middlesex,4:30 P.M.,,0
2026-10-06,140312,FINAL,South Hadley,4353,1,1,West Springfield,4417,0,0,Suburban,Suburban,4:30 P.M.,,0
2026-10-06,140501,FINAL,Belmont,4034,5,1,Stoneham,4380,0,0,Middlesex,Middlesex,6:00 P.M.,,0
2026-10-06,140659,FINAL,Winchester,4434,3,1,Burlington,4065,0,0,Middlesex,Middlesex,4:15 P.M.,,0
2026-10-06,140693,FINAL,Dover-Sherborn,4118,3,1,Hopkinton,4180,0,0,Tri-Valley,Tri-Valley,4:00 P.M.,,0
2026-10-06,140772,FINAL,Gloucester,4150,1,1,Beverly,4038,0,0,Northeastern,Northeastern,4:30 P.M.,,0
2026-10-06,140817,FINAL,Peabody,4306,0,0,Saugus,4341,4,1,Northeastern,Northeastern,4:30 P.M.,,0
2026-10-06,140878,UPCOMING,Woburn,4438,,,Melrose,4244,,,Middlesex,Middlesex,4:00 P.M.,,0
2026-10-06,140893,FINAL,Bishop Feehan,4042,1,0,Moses Brown (R.I.),4261,6,1,Catholic Central,Independent,3:30 P.M.,,0
2026-10-06,143648,FINAL,Monty Tech,4259,0,0,St. Bernard’s,4365,5,1,CMAC,CMAC,4:00 P.M.,,0
2026-10-06,143676,UPCOMING,Blackstone Valley,4046,,,Northbridge,4292,,,CMAC,CMAC,3:30 P.M.,,0
2026-10-06,143700,FINAL,Oxford,4303,0,0,Bay Path/David Prouty,4027,2,1,CMAC,CMAC,3:30 P.M.,,0
2026-10-06,143720,FINAL,Blackstone-Millville,4486,0,0,Tantasqua,4387,6,1,CMAC,CMAC,4:00 P.M.,,0
2026-10-06,143783,FINAL,Danvers,4103,1,0,Masconomet,4236,3,1,Northeastern,Northeastern,4:00 P.M.,,0
2026-10-06,144115,FINAL,Dedham,4108,4,1,Holliston,4174,0,0,Tri-Valley,Tri-Valley,4:15 P.M.,,0
2026-10-06,144135,FINAL,Medway,4243,4,1,Medfield,4241,1,0,Tri-Valley,Tri-Valley,4:30 P.M.,,0
2026-10-06,144184,FINAL,Somerset Berkley,4350,9,1,Apponequet,4011,0,0,South Coast,South Coast,3:30 P.M.,,0
2026-10-06,144224,FINAL,Auburn,4019,4,1,Quaboag,4510,0,0,CMAC,CMAC,3:30 P.M.,,0
2026-10-06,144307,FINAL,Northampton,4291,1,2,Hampshire,4518,1,2,Valley League,County,4:00 P.M.,,0
2026-10-06,144413,FINAL,Swampscott,4383,1,1,Marblehead,4231,0,0,Northeastern,Northeastern,4:30 P.M.,,0
2026-10-06,144486,FINAL,Bellingham,4033,0,0,Ashland,4015,2,1,Tri-Valley,Tri-Valley,4:30 P.M.,,0
2026-10-06,144625,FINAL,East Bridgewater,4126,7,1,Middleborough,4247,2,0,South Shore,South Shore,5:00 P.M.,,0
2026-10-06,144976,FINAL,Norwell,4296,3,1,Carver,4077,0,0,South Shore,South Shore,4:30 P.M.,,0
2026-10-06,144994,FINAL,Old Rochester,4301,1,1,Joseph Case,4078,0,0,South Coast,South Coast,5:00 P.M.,,0
2026-10-06,145016,FINAL,Franklin County Tech,4145,5,1,Turners Falls,4396,0,0,County,Valley League,4:00 P.M.,,0
2026-10-06,145046,UPCOMING,Belchertown,4032,,,Southwick,4519,,,County,Valley League,6:30 P.M.,,0
2026-10-06,145063,FINAL,Seekonk,4344,9,1,Fairhaven,4133,1,0,South Coast,South Coast,3:45 P.M.,,0
2026-10-06,145233,UPCOMING,Mahar,4226,,,Palmer,4304,,,Valley League,County,4:00 P.M.,,0
2026-10-06,145396,FINAL,Mohawk Trail,4258,0,0,Smith Academy,4538,2,1,Valley League,Valley League,4:00 P.M.,,0
2026-10-06,145536,UPCOMING,Leicester,4207,,,St. Paul,4954,,,CMAC,CMAC,3:30 P.M.,,0
2026-10-06,145547,FINAL,Wareham/Mashpee,4407,0,0,Westport,4461,5,1,Mayflower,Mayflower,3:45 P.M.,,0
2026-10-06,152818,FINAL,Notre Dame (Hingham),4449,2,1,Bishop Stang,4045,0,0,Catholic Conference,Catholic Central,,,0
2026-10-07,139181,UPCOMING,New Bedford,4273,,,Brockton,4058,,,Big Three,Big Three,4:00 P.M.,,0
2026-10-07,139221,UPCOMING,Brookline,4059,,,Needham,4272,,,Bay State,Bay State,4:00 P.M.,,0
2026-10-07,139246,UPCOMING,Leominster,4208,,,Algonquin,4005,,,Mid-Wach,Mid-Wach,6:30 P.M.,,0
2026-10-07,139393,UPCOMING,Everett,4132,,,Revere,4329,,,Greater Boston,Greater Boston,4:15 P.M.,,0
2026-10-07,139417,UPCOMING,Lowell,4216,,,Dracut,4119,,,Merrimack Valley,Merrimack Valley,4:00 P.M.,,0
2026-10-07,139541,UPCOMING,Newton North,4279,,,Wellesley,4413,,,Bay State,Bay State,4:30 P.M.,,0
2026-10-07,139558,UPCOMING,Marshfield,4234,,,Duxbury,4123,,,Patriot,Patriot,4:00 P.M.,,0
2026-10-07,139610,UPCOMING,Framingham,4143,,,Natick,4270,,,Bay State,Bay State,4:00 P.M.,,0
2026-10-07,139628,UPCOMING,North Attleborough,4284,,,Sharon,4345,,,Hockomock,Hockomock,6:30 P.M.,,0
2026-10-07,139687,UPCOMING,Grafton,4153,,,Shrewsbury,4348,,,Mid-Wach,Mid-Wach,4:00 P.M.,,0
2026-10-07,139740,UPCOMING,King Philip,4197,,,Attleboro,4018,,,Hockomock,Hockomock,3:45 P.M.,,0
2026-10-07,139796,UPCOMING,Dartmouth,4105,,,Barnstable,4024,,,Pioneer,Pioneer,4:00 P.M.,,0
2026-10-07,139880,UPCOMING,Newton South,4280,,,Concord-Carlisle,4097,,,Dual County,Dual County,4:30 P.M.,,0
2026-10-07,139951,UPCOMING,Hingham,4171,,,Plymouth South,4316,,,Patriot,Patriot,4:00 P.M.,,0
2026-10-07,139968,UPCOMING,Wachusett,4400,,,Nashoba,4267,,,Mid-Wach,Mid-Wach,6:30 P.M.,,0
2026-10-07,140000,UPCOMING,Canton,4071,,,Milford,4249,,,Hockomock,Hockomock,4:00 P.M.,,0
2026-10-07,140027,UPCOMING,Essex Tech,4745,,,Pentucket,4309,,,Cape Ann,Cape Ann,4:00 P.M.,,0
2026-10-07,140068,UPCOMING,Weston,4423,,,Acton-Boxborough,4003,,,Dual County,Dual County,4:15 P.M.,,0
2026-10-07,140093,UPCOMING,Foxborough,4142,,,Taunton,4388,,,Hockomock,Hockomock,5:00 P.M.,,0
2026-10-07,140167,UPCOMING,Walpole,4404,,,Milton,4252,,,Bay State,Bay State,4:00 P.M.,,0
2026-10-07,140217,UPCOMING,Oliver Ames,4302,,,Stoughton,4381,,,Hockomock,Hockomock,3:45 P.M.,,0
2026-10-07,140261,UPCOMING,Malden Catholic,4228,,,Arlington,4013,,,Catholic Conference,Middlesex,4:00 P.M.,,0
2026-10-07,140275,UPCOMING,Mansfield,4230,,,Franklin,4144,,,Hockomock,Hockomock,3:45 P.M.,,0
2026-10-07,140318,UPCOMING,Weymouth,4425,,,Braintree,4051,,,Bay State,Bay State,4:00 P.M.,,0
2026-10-07,140458,UPCOMING,Tewksbury,4389,,,Haverhill,4167,,,Merrimack Valley,Merrimack Valley,7:00 P.M.,,0
2026-10-07,140478,UPCOMING,Durfee,4122,,,Bishop Stang,4045,,,Big Three,Catholic Central,5:15 P.M.,,0
2026-10-07,140550,UPCOMING,Westford,4421,,,Bedford,4031,,,Dual County,Dual County,4:00 P.M.,,0
2026-10-07,140750,UPCOMING,Central Catholic,4081,,,Methuen,4246,,,Merrimack Valley,Merrimack Valley,7:00 P.M.,,0
2026-10-07,140795,UPCOMING,Plymouth North,4315,,,Scituate,4343,,,Patriot,Patriot,4:00 P.M.,,0
2026-10-07,140861,UPCOMING,Quabbin,4325,,,Westborough,4418,,,Mid-Wach,Mid-Wach,4:00 P.M.,,0
2026-10-07,143843,UPCOMING,Fitchburg,4139,,,Bromfield,4505,,,Mid-Wach,Mid-Wach,6:00 P.M.,,0
2026-10-07,144015,UPCOMING,Falmouth,4134,,,Nauset,4271,,,Cape & Islands,Cape & Islands,4:30 P.M.,,0
2026-10-07,144089,UPCOMING,Oakmont,4299,,,North Middlesex,4286,,,Mid-Wach,Mid-Wach,7:00 P.M.,,0
2026-10-07,144145,UPCOMING,Marlborough,4233,,,Groton,4544,,,Mid-Wach,ISL,4:00 P.M.,,0
2026-10-07,144186,UPCOMING,Pembroke,4308,,,Hanover,4164,,,Patriot,Patriot,4:00 P.M.,,0
2026-10-07,144281,UPCOMING,Lunenburg,4219,,,Shepherd Hill,4347,,,Mid-Wach,Mid-Wach,4:00 P.M.,,0
2026-10-07,144438,UPCOMING,Frontier,4146,,,Westfield,4419,,,Suburban,Valley League,4:00 P.M.,,0
2026-10-07,144542,UPCOMING,Marlborough,4233,,,Groton-Dunstable,4160,,,Mid-Wach,Mid-Wach,4:00 P.M.,,0
2026-10-07,144653,UPCOMING,North Reading,4288,,,Newburyport,4276,,,Cape Ann,Cape Ann,4:00 P.M.,,0
2026-10-07,144729,UPCOMING,Holyoke,4176,,,Turners Falls,4396,,,County,Valley League,4:30 P.M.,,0
2026-10-07,144776,UPCOMING,Martha’s Vineyard,4235,,,St. John Paul II,4689,,,Cape & Islands,Cape & Islands,3:00 P.M.,,0
2026-10-07,145083,UPCOMING,Lynnfield,4223,,,Triton,4395,,,Cape Ann,Cape Ann,4:00 P.M.,,0
2026-10-07,145115,UPCOMING,Sturgis East,4456,,,Nantucket,4265,,,Cape & Islands,Cape & Islands,4:00 P.M.,,0
2026-10-07,145138,UPCOMING,St. Mary’s,4374,,,Ursuline,4448,,,Catholic Central,Catholic Conference,6:30 P.M.,,0
2026-10-07,145145,UPCOMING,Dennis-Yarmouth,4111,,,Sandwich,4340,,,Cape & Islands,Cape & Islands,4:00 P.M.,,0
2026-10-07,145175,UPCOMING,Hopedale,4507,,,Uxbridge,4398,,,CMAC,CMAC,3:30 P.M.,,0
2026-10-07,145323,UPCOMING,Narragansett,4266,,,Gardner,4147,,,Mid-Wach,Mid-Wach,3:30 P.M.,,0
2026-10-07,145357,UPCOMING,Littleton,4212,,,Tyngsborough,4397,,,Mid-Wach,Mid-Wach,7:00 P.M.,,0
2026-10-07,145383,UPCOMING,Rockport,4490,,,Ipswich,4190,,,Cape Ann,Cape Ann,4:00 P.M.,,0
2026-10-07,145482,UPCOMING,Amesbury,4007,,,Manchester Essex,4229,,,Cape Ann,Cape Ann,4:00 P.M.,,0
2026-10-07,145597,UPCOMING,Maynard,4239,,,Tahanto,4513,,,Mid-Wach,Mid-Wach,4:00 P.M.,,0
2026-10-08,139400,UPCOMING,Stoneham,4380,,,Everett,4132,,,Middlesex,Greater Boston,6:00 P.M.,,0
2026-10-08,139671,UPCOMING,Worcester South,4444,,,Bay Path/David Prouty,4027,,,CMAC,CMAC,3:30 P.M.,,0
2026-10-08,139843,UPCOMING,Doherty,4116,,,Sutton,4512,,,CMAC,CMAC,3:30 P.M.,,0
2026-10-08,139955,UPCOMING,Monomoy,4706,,,Hingham,4171,,,Cape & Islands,Patriot,4:00 P.M.,,0
2026-10-08,140314,UPCOMING,Agawam,4004,,,West Springfield,4417,,,Suburban,Suburban,4:00 P.M.,,0
2026-10-08,140432,UPCOMING,Whitman-Hanson,4427,,,Silver Lake,4349,,,Patriot,Patriot,4:00 P.M.,,0
2026-10-08,140662,UPCOMING,Lynnfield,4223,,,Winchester,4434,,,Cape Ann,Middlesex,4:00 P.M.,,0
2026-10-08,140697,UPCOMING,Hopkinton,4180,,,Medway,4243,,,Tri-Valley,Tri-Valley,5:30 P.M.,,0
2026-10-08,140879,UPCOMING,Wakefield,4402,,,Woburn,4438,,,Middlesex,Middlesex,4:15 P.M.,,0
2026-10-08,140894,UPCOMING,Notre Dame (Hingham),4449,,,Bishop Feehan,4042,,,Catholic Conference,Catholic Central,4:00 P.M.,,0
2026-10-08,143721,UPCOMING,Tantasqua,4387,,,Grafton,4153,,,CMAC,Mid-Wach,4:00 P.M.,,0
2026-10-08,143756,UPCOMING,Leicester,4207,,,Worcester Tech/North,4445,,,CMAC,CMAC,3:30 P.M.,,0
2026-10-08,143844,UPCOMING,Oxford,4303,,,Fitchburg,4139,,,CMAC,Mid-Wach,4:30 P.M.,,0
2026-10-08,143944,UPCOMING,Greenfield,4157,,,Minnechaug,4254,,,Suburban,Suburban,4:00 P.M.,,0
2026-10-08,143959,UPCOMING,Melrose,4244,,,Weston,4423,,,Middlesex,Dual County,4:30 P.M.,,0
2026-10-08,144118,UPCOMING,Westwood,4424,,,Dedham,4108,,,Tri-Valley,Tri-Valley,5:30 P.M.,,0
2026-10-08,144140,UPCOMING,Medfield,4241,,,Wayland,4411,,,Tri-Valley,Dual County,4:30 P.M.,,0
2026-10-08,144187,UPCOMING,Joseph Case,4078,,,Somerset Berkley,4350,,,South Coast,South Coast,3:30 P.M.,,0
2026-10-08,144229,UPCOMING,Auburn,4019,,,Northbridge,4292,,,CMAC,CMAC,3:30 P.M.,,0
2026-10-08,144261,UPCOMING,Watertown,4409,,,Longmeadow,4214,,,Middlesex,Suburban,6:15 P.M.,,0
2026-10-08,144308,UPCOMING,Northampton,4291,,,Belchertown,4032,,,Valley League,County,4:30 P.M.,,0
2026-10-08,144399,UPCOMING,Norwood,4297,,,Bellingham,4033,,,Tri-Valley,Tri-Valley,4:00 P.M.,,0
2026-10-08,144563,UPCOMING,Apponequet,4011,,,West Bridgewater,4415,,,South Coast,South Coast,4:00 P.M.,,0
2026-10-08,144599,UPCOMING,Amherst-Pelham,4008,,,South Hadley,4353,,,County,Suburban,4:15 P.M.,,0
2026-10-08,144609,UPCOMING,Holliston,4174,,,Dover-Sherborn,4118,,,Tri-Valley,Tri-Valley,4:00 P.M.,,0
2026-10-08,144628,UPCOMING,Norwell,4296,,,Middleborough,4247,,,South Shore,South Shore,5:00 P.M.,,0
2026-10-08,144699,UPCOMING,Saugus,4341,,,Swampscott,4383,,,Northeastern,Northeastern,4:30 P.M.,,0
2026-10-08,144731,UPCOMING,Franklin County Tech,4145,,,Holyoke,4176,,,County,County,5:00 P.M.,,0
2026-10-08,144766,UPCOMING,Dighton-Rehoboth,4114,,,Tiverton (R.I.),4643,,,South Coast,Independent,3:45 P.M.,,0
2026-10-08,144966,UPCOMING,Wilmington,4432,,,North Reading,4288,,,Middlesex,Cape Ann,6:00 P.M.,,0
2026-10-08,144997,UPCOMING,Old Rochester,4301,,,Seekonk,4344,,,South Coast,South Coast,5:00 P.M.,,0
2026-10-08,145064,UPCOMING,Fairhaven,4133,,,Carver,4077,,,South Coast,South Shore,4:30 P.M.,,0
2026-10-08,145155,UPCOMING,Bishop Fenwick,4043,,,Arlington Catholic,4014,,,Catholic Central,Catholic Central,4:00 P.M.,,0
2026-10-08,145234,UPCOMING,Palmer,4304,,,North Brookfield,4508,,,County,Independent,3:45 P.M.,,0
2026-10-08,145299,UPCOMING,East Bridgewater,4126,,,Cohasset,4094,,,South Shore,South Shore,4:00 P.M.,,0
2026-10-08,145432,UPCOMING,Smith Academy,4538,,,Southwick,4519,,,Valley League,Valley League,4:00 P.M.,,0
2026-10-08,145578,UPCOMING,Blackstone-Millville,4486,,,St. Paul,4954,,,CMAC,CMAC,4:00 P.M.,,0
2026-10-09,139165,UPCOMING,Concord-Carlisle,4097,,,Lexington,4209,,,Dual County,Middlesex,4:30 P.M.,,0
2026-10-09,139184,UPCOMING,Brockton,4058,,,Weymouth,4425,,,Big Three,Bay State,4:00 P.M.,,0
2026-10-09,139248,UPCOMING,Auburn,4019,,,Leominster,4208,,,CMAC,Mid-Wach,3:30 P.M.,,0
2026-10-09,139298,UPCOMING,Bishop Stang,4045,,,New Bedford,4273,,,Catholic Central,Big Three,3:15 P.M.,,0
2026-10-09,139332,UPCOMING,Sharon,4345,,,Southeastern,4358,,,Hockomock,Mayflower,3:45 P.M.,,0
2026-10-09,139421,UPCOMING,Tyngsborough,4397,,,Lowell,4216,,,Mid-Wach,Merrimack Valley,3:30 P.M.,,0
2026-10-09,139469,UPCOMING,Newton South,4280,,,Newton North,4279,,,Dual County,Bay State,4:30 P.M.,,0
2026-10-09,139498,UPCOMING,Malden,4227,,,Amesbury,4007,,,Greater Boston,Cape Ann,4:00 P.M.,,0
2026-10-09,139677,UPCOMING,Worcester South,4444,,,Quaboag,4510,,,CMAC,CMAC,3:15 P.M.,,0
2026-10-09,139897,UPCOMING,Reading,4328,,,Woburn,4438,,,Middlesex,Middlesex,4:00 P.M.,,0
2026-10-09,140071,UPCOMING,Acton-Boxborough,4003,,,Lincoln-Sudbury,4211,,,Dual County,Dual County,4:00 P.M.,,0
2026-10-09,140197,UPCOMING,Needham,4272,,,Foxborough,4142,,,Bay State,Hockomock,4:15 P.M.,,0
2026-10-09,140277,UPCOMING,Dedham,4108,,,Mansfield,4230,,,Tri-Valley,Hockomock,4:00 P.M.,,0
2026-10-09,140363,UPCOMING,Westwood,4424,,,Natick,4270,,,Tri-Valley,Bay State,4:30 P.M.,,0
2026-10-09,140381,UPCOMING,Agawam,4004,,,Longmeadow,4214,,,Suburban,Suburban,4:00 P.M.,,0
2026-10-09,140418,UPCOMING,Hanover,4164,,,Braintree,4051,,,Patriot,Bay State,4:00 P.M.,,0
2026-10-09,140461,UPCOMING,Rockport,4490,,,Haverhill,4167,,,Cape Ann,Merrimack Valley,4:30 P.M.,,0
2026-10-09,140502,UPCOMING,Waltham,4405,,,Belmont,4034,,,Dual County,Middlesex,4:00 P.M.,,0
2026-10-09,140593,UPCOMING,Bedford,4031,,,Chelmsford,4085,,,Dual County,Merrimack Valley,3:45 P.M.,,0
2026-10-09,140621,UPCOMING,Bridgewater-Raynham,4053,,,Wareham/Mashpee,4407,,,Pioneer,Mayflower,3:45 P.M.,,0
2026-10-09,140774,UPCOMING,Marblehead,4231,,,Beverly,4038,,,Northeastern,Northeastern,4:00 P.M.,,0
2026-10-09,143679,UPCOMING,Notre Dame Academy-Worcester,4451,,,Blackstone Valley,4046,,,CMAC,CMAC,3:45 P.M.,,0
2026-10-09,143786,UPCOMING,Danvers,4103,,,Gloucester,4150,,,Northeastern,Northeastern,3:45 P.M.,,0
2026-10-09,143819,UPCOMING,Westfield,4419,,,East Longmeadow,4127,,,Valley League,Valley League,3:45 P.M.,,0
2026-10-09,143882,UPCOMING,Scituate,4343,,,Cohasset,4094,,,Patriot,South Shore,4:00 P.M.,,0
2026-10-09,143893,UPCOMING,Masconomet,4236,,,Peabody,4306,,,Northeastern,Northeastern,4:00 P.M.,,0
2026-10-09,143961,UPCOMING,Stoneham,4380,,,Melrose,4244,,,Middlesex,Middlesex,6:00 P.M.,,0
2026-10-09,144022,UPCOMING,Dennis-Yarmouth,4111,,,Nauset,4271,,,Cape & Islands,Cape & Islands,4:00 P.M.,,0
2026-10-09,144059,UPCOMING,Dracut,4119,,,North Middlesex,4286,,,Merrimack Valley,Mid-Wach,5:30 P.M.,,0
2026-10-09,144190,UPCOMING,Pembroke,4308,,,West Bridgewater,4415,,,Patriot,South Coast,4:00 P.M.,,0
2026-10-09,144282,UPCOMING,Littleton,4212,,,Shepherd Hill,4347,,,Mid-Wach,Mid-Wach,4:30 P.M.,,0
2026-10-09,144425,UPCOMING,Tewksbury,4389,,,Burlington,4065,,,Merrimack Valley,Middlesex,7:00 P.M.,,0
2026-10-09,144490,UPCOMING,Wayland,4411,,,Ashland,4015,,,Dual County,Tri-Valley,4:00 P.M.,,0
2026-10-09,144514,UPCOMING,Monomoy,4706,,,Falmouth,4134,,,Cape & Islands,Cape & Islands,4:00 P.M.,,0
2026-10-09,144601,UPCOMING,Amherst-Pelham,4008,,,Greenfield,4157,,,County,Suburban,4:15 P.M.,,0
2026-10-09,144713,UPCOMING,Dover-Sherborn,4118,,,Newburyport,4276,,,Tri-Valley,Cape Ann,4:00 P.M.,,0
2026-10-09,144744,UPCOMING,Oakmont,4299,,,Nipmuc,4281,,,Mid-Wach,CMAC,4:00 P.M.,,0
2026-10-09,145017,UPCOMING,Franklin County Tech,4145,,,Palmer,4304,,,County,County,4:00 P.M.,,0
2026-10-09,145202,UPCOMING,St. Bernard’s,4365,,,Gardner,4147,,,CMAC,Mid-Wach,4:00 P.M.,,0
2026-10-09,145221,UPCOMING,East Bridgewater,4126,,,Joseph Case,4078,,,South Shore,South Coast,3:45 P.M.,,0
2026-10-09,145288,UPCOMING,Frontier,4146,,,Quabbin,4325,,,Suburban,Mid-Wach,4:00 P.M.,,0
2026-10-09,145307,UPCOMING,Seekonk,4344,,,Westport,4461,,,South Coast,Mayflower,3:30 P.M.,,0
2026-10-09,145335,UPCOMING,South Hadley,4353,,,Smith Academy,4538,,,Suburban,Valley League,4:00 P.M.,,0
2026-10-09,145399,UPCOMING,Mohawk Trail,4258,,,Mahar,4226,,,Valley League,Valley League,4:00 P.M.,,0
2026-10-09,145410,UPCOMING,Hampshire,4518,,,Turners Falls,4396,,,County,Valley League,4:00 P.M.,,0
2026-10-09,145472,UPCOMING,St. John Paul II,4689,,,Sturgis East,4456,,,Cape & Islands,Cape & Islands,4:00 P.M.,,0
2026-10-10,139456,UPCOMING,Revere,4329,,,Ursuline,4448,,,Greater Boston,Catholic Conference,12:30 P.M.,,0
2026-10-10,139615,UPCOMING,Arlington Catholic,4014,,,Framingham,4143,,,Catholic Central,Bay State,10:00 A.M.,,0
2026-10-10,139793,UPCOMING,Attleboro,4018,,,Medfield,4241,,,Hockomock,Tri-Valley,10:00 A.M.,,0
2026-10-10,140120,UPCOMING,Uxbridge,4398,,,Andover,4009,,,CMAC,Merrimack Valley,1:00 P.M.,,0
2026-10-10,140594,UPCOMING,Nashoba,4267,,,Chelmsford,4085,,,Mid-Wach,Merrimack Valley,12:00 P.M.,,0
2026-10-10,145148,UPCOMING,Manchester Essex,4229,,,Sandwich,4340,,,Cape Ann,Cape & Islands,12:30 P.M.,,0
2026-10-10,145537,UPCOMING,Leicester,4207,,,Blackstone-Millville,4486,,,CMAC,CMAC,11:00 A.M.,,0
2026-10-12,139167,UPCOMING,Lexington,4209,,,Arlington,4013,,,Middlesex,Middlesex,10:00 A.M.,,0
2026-10-12,139300,UPCOMING,Taunton,4388,,,New Bedford,4273,,,Hockomock,Big Three,3:45 P.M.,,0
2026-10-12,139693,UPCOMING,Oakmont,4299,,,Shrewsbury,4348,,,Mid-Wach,Mid-Wach,11:00 A.M.,,0
2026-10-12,139977,UPCOMING,Wachusett,4400,,,Central Catholic,4081,,,Mid-Wach,Merrimack Valley,12:00 P.M.,,0
2026-10-12,140029,UPCOMING,Essex Tech,4745,,,Ipswich,4190,,,Cape Ann,Cape Ann,4:00 P.M.,,0
2026-10-12,140317,UPCOMING,West Springfield,4417,,,Mahar,4226,,,Suburban,Valley League,7:00 P.M.,,0
2026-10-12,140505,UPCOMING,Winchester,4434,,,Belmont,4034,,,Middlesex,Middlesex,11:30 A.M.,,0
2026-10-12,140574,UPCOMING,St. Mary’s,4374,,,Waltham,4405,,,Catholic Central,Dual County,10:00 A.M.,,0
2026-10-12,143964,UPCOMING,Watertown,4409,,,Melrose,4244,,,Middlesex,Middlesex,10:00 A.M.,,0
2026-10-12,144415,UPCOMING,Saugus,4341,,,Marblehead,4231,,,Northeastern,Northeastern,10:00 A.M.,,0
2026-10-12,144464,UPCOMING,Stoneham,4380,,,Burlington,4065,,,Middlesex,Middlesex,6:00 P.M.,,0
2026-10-12,144496,UPCOMING,Wakefield,4402,,,Wilmington,4432,,,Middlesex,Middlesex,10:00 A.M.,,0
2026-10-12,144654,UPCOMING,Newburyport,4276,,,Rockport,4490,,,Cape Ann,Cape Ann,10:00 A.M.,,0
2026-10-12,145019,UPCOMING,Hampshire,4518,,,Franklin County Tech,4145,,,County,County,4:00 P.M.,,0
2026-10-12,145040,UPCOMING,Frontier,4146,,,Belchertown,4032,,,Suburban,County,11:00 A.M.,,0
2026-10-12,145085,UPCOMING,Lynnfield,4223,,,Manchester Essex,4229,,,Cape Ann,Cape Ann,10:00 A.M.,,0
2026-10-12,145157,UPCOMING,Arlington Catholic,4014,,,Bishop Fenwick,4043,,,Catholic Central,Catholic Central,4:00 P.M.,,0
2026-10-12,145275,UPCOMING,Triton,4395,,,Hamilton-Wenham,4163,,,Cape Ann,Cape Ann,,,0
2026-10-12,145338,UPCOMING,South Hadley,4353,,,Greenfield,4157,,,Suburban,Suburban,11:00 A.M.,,0
2026-10-12,145483,UPCOMING,North Reading,4288,,,Amesbury,4007,,,Cape Ann,Cape Ann,4:00 P.M.,,0
2026-10-13,139227,UPCOMING,Brookline,4059,,,Weston,4423,,,Bay State,Dual County,4:00 P.M.,,0
2026-10-13,139333,UPCOMING,Westport,4461,,,Southeastern,4358,,,Mayflower,Mayflower,3:30 P.M.,,0
2026-10-13,139680,UPCOMING,North Brookfield,4508,,,Worcester South,4444,,,Independent,CMAC,3:45 P.M.,,0
2026-10-13,139743,UPCOMING,King Philip,4197,,,Notre Dame (Hingham),4449,,,Hockomock,Catholic Conference,3:45 P.M.,,0
2026-10-13,139849,UPCOMING,Clinton,4093,,,Doherty,4116,,,Mid-Wach,CMAC,6:00 P.M.,,0
2026-10-13,139911,UPCOMING,Newton South,4280,,,Waltham,4405,,,Dual County,Dual County,4:30 P.M.,,0
2026-10-13,140001,UPCOMING,Bellingham,4033,,,Milford,4249,,,Tri-Valley,Hockomock,6:00 P.M.,,0
2026-10-13,140074,UPCOMING,Acton-Boxborough,4003,,,Algonquin,4005,,,Dual County,Mid-Wach,4:00 P.M.,,0
2026-10-13,140249,UPCOMING,North Attleborough,4284,,,Dartmouth,4105,,,Hockomock,Pioneer,6:30 P.M.,,0
2026-10-13,140527,UPCOMING,Lincoln-Sudbury,4211,,,Wayland,4411,,,Dual County,Dual County,4:00 P.M.,,0
2026-10-13,140551,UPCOMING,Concord-Carlisle,4097,,,Westford,4421,,,Dual County,Dual County,4:00 P.M.,,0
2026-10-13,140702,UPCOMING,Hopkinton,4180,,,Bishop Feehan,4042,,,Tri-Valley,Catholic Central,5:30 P.M.,,0
2026-10-13,140777,UPCOMING,Beverly,4038,,,Gloucester,4150,,,Northeastern,Northeastern,4:30 P.M.,,0
2026-10-13,140881,UPCOMING,Melrose,4244,,,Woburn,4438,,,Middlesex,Middlesex,4:15 P.M.,,0
2026-10-13,143649,UPCOMING,Monty Tech,4259,,,Blackstone-Millville,4486,,,CMAC,CMAC,4:00 P.M.,,0
2026-10-13,143680,UPCOMING,Auburn,4019,,,Blackstone Valley,4046,,,CMAC,CMAC,3:30 P.M.,,0
2026-10-13,143701,UPCOMING,Bay Path/David Prouty,4027,,,Worcester Tech/North,4445,,,CMAC,CMAC,3:30 P.M.,,0
2026-10-13,143724,UPCOMING,Northbridge,4292,,,Tantasqua,4387,,,CMAC,CMAC,4:00 P.M.,,0
2026-10-13,143792,UPCOMING,Danvers,4103,,,Malden Catholic,4228,,,Northeastern,Catholic Conference,4:00 P.M.,,0
2026-10-13,143822,UPCOMING,Frontier,4146,,,East Longmeadow,4127,,,Suburban,Valley League,6:30 P.M.,,0
2026-10-13,143914,UPCOMING,Foxborough,4142,,,Medfield,4241,,,Hockomock,Tri-Valley,,,0
2026-10-13,143947,UPCOMING,Westfield,4419,,,Minnechaug,4254,,,Valley League,Suburban,4:00 P.M.,,0
2026-10-13,144025,UPCOMING,Nauset,4271,,,Sandwich,4340,,,Cape & Islands,Cape & Islands,4:00 P.M.,,0
2026-10-13,144119,UPCOMING,Dedham,4108,,,Ashland,4015,,,Tri-Valley,Tri-Valley,4:15 P.M.,,0
2026-10-13,144192,UPCOMING,Somerset Berkley,4350,,,Seekonk,4344,,,South Coast,South Coast,3:30 P.M.,,0
2026-10-13,144241,UPCOMING,Norwood,4297,,,Canton,4071,,,Tri-Valley,Hockomock,4:00 P.M.,,0
2026-10-13,144263,UPCOMING,Greenfield,4157,,,Longmeadow,4214,,,Suburban,Suburban,4:00 P.M.,,0
2026-10-13,144310,UPCOMING,Northampton,4291,,,Southwick,4519,,,Valley League,Valley League,4:00 P.M.,,0
2026-10-13,144329,UPCOMING,Dover-Sherborn,4118,,,Westwood,4424,,,Tri-Valley,Tri-Valley,4:00 P.M.,,0
2026-10-13,144381,UPCOMING,Watertown,4409,,,Bedford,4031,,,Middlesex,Dual County,4:15 P.M.,,0
2026-10-13,144566,UPCOMING,Apponequet,4011,,,Joseph Case,4078,,,South Coast,South Coast,4:00 P.M.,,0
2026-10-13,144603,UPCOMING,Holyoke,4176,,,Amherst-Pelham,4008,,,County,County,6:00 P.M.,,0
2026-10-13,144612,UPCOMING,Medway,4243,,,Holliston,4174,,,Tri-Valley,Tri-Valley,4:00 P.M.,,0
2026-10-13,144681,UPCOMING,Dighton-Rehoboth,4114,,,Bishop Stang,4045,,,South Coast,Catholic Central,3:30 P.M.,,0
2026-10-13,144777,UPCOMING,Martha’s Vineyard,4235,,,Sturgis East,4456,,,Cape & Islands,Cape & Islands,3:00 P.M.,,0
2026-10-13,144977,UPCOMING,Norwell,4296,,,East Bridgewater,4126,,,South Shore,South Shore,4:00 P.M.,,0
2026-10-13,145000,UPCOMING,Wareham/Mashpee,4407,,,Old Rochester,4301,,,Mayflower,South Coast,3:30 P.M.,,0
2026-10-13,145065,UPCOMING,West Bridgewater,4415,,,Fairhaven,4133,,,South Coast,South Coast,3:45 P.M.,,0
2026-10-13,145116,UPCOMING,Nantucket,4265,,,St. John Paul II,4689,,,Cape & Islands,Cape & Islands,4:00 P.M.,,0
2026-10-13,145160,UPCOMING,Ursuline,4448,,,Arlington Catholic,4014,,,Catholic Conference,Catholic Central,4:00 P.M.,,0
2026-10-13,145177,UPCOMING,Notre Dame Academy-Worcester,4451,,,Uxbridge,4398,,,CMAC,CMAC,3:30 P.M.,,0
2026-10-13,145203,UPCOMING,St. Bernard’s,4365,,,St. Paul,4954,,,CMAC,CMAC,4:00 P.M.,,0
2026-10-13,145235,UPCOMING,Mohawk Trail,4258,,,Palmer,4304,,,Valley League,County,7:00 P.M.,,0
2026-10-13,145250,UPCOMING,Monomoy,4706,,,Dennis-Yarmouth,4111,,,Cape & Islands,Cape & Islands,6:00 P.M.,,0
2026-10-13,145265,UPCOMING,Quaboag,4510,,,Nipmuc,4281,,,CMAC,CMAC,3:30 P.M.,,0
2026-10-13,145511,UPCOMING,Carver,4077,,,Cohasset,4094,,,South Shore,South Shore,5:30 P.M.,,0
2026-10-13,145538,UPCOMING,Oxford,4303,,,Leicester,4207,,,CMAC,CMAC,3:30 P.M.,,0
2026-10-13,145552,UPCOMING,Hopedale,4507,,,Sutton,4512,,,CMAC,CMAC,4:00 P.M.,,0
2026-10-14,139187,UPCOMING,Durfee,4122,,,Brockton,4058,,,Big Three,Big Three,5:15 P.M.,,0
2026-10-14,139229,UPCOMING,Framingham,4143,,,Brookline,4059,,,Bay State,Bay State,4:30 P.M.,,0
2026-10-14,139249,UPCOMING,Nashoba,4267,,,Leominster,4208,,,Mid-Wach,Mid-Wach,7:00 P.M.,,0
2026-10-14,139402,UPCOMING,Everett,4132,,,Lowell,4216,,,Greater Boston,Merrimack Valley,4:30 P.M.,,0
2026-10-14,139459,UPCOMING,Malden,4227,,,Revere,4329,,,Greater Boston,Greater Boston,4:15 P.M.,,0
2026-10-14,139542,UPCOMING,Newton North,4279,,,Weymouth,4425,,,Bay State,Bay State,4:30 P.M.,,0
2026-10-14,139562,UPCOMING,Whitman-Hanson,4427,,,Marshfield,4234,,,Patriot,Patriot,4:00 P.M.,,0
2026-10-14,139617,UPCOMING,Sharon,4345,,,Stoughton,4381,,,Hockomock,Hockomock,6:30 P.M.,,0
2026-10-14,139697,UPCOMING,Wachusett,4400,,,Shrewsbury,4348,,,Mid-Wach,Mid-Wach,6:30 P.M.,,0
2026-10-14,139956,UPCOMING,Hingham,4171,,,Duxbury,4123,,,Patriot,Patriot,4:00 P.M.,,0
2026-10-14,140030,UPCOMING,Lynnfield,4223,,,Essex Tech,4745,,,Cape Ann,Cape Ann,10:00 A.M.,,0
2026-10-14,140123,UPCOMING,Central Catholic,4081,,,Andover,4009,,,Merrimack Valley,Merrimack Valley,7:00 P.M.,,0
2026-10-14,140150,UPCOMING,Haverhill,4167,,,Methuen,4246,,,Merrimack Valley,Merrimack Valley,6:30 P.M.,,0
2026-10-14,140174,UPCOMING,Braintree,4051,,,Milton,4252,,,Bay State,Bay State,4:00 P.M.,,0
2026-10-14,140200,UPCOMING,Needham,4272,,,Walpole,4404,,,Bay State,Bay State,4:00 P.M.,,0
2026-10-14,140303,UPCOMING,Franklin County Tech,4145,,,West Springfield,4417,,,County,Suburban,4:00 P.M.,,0
2026-10-14,140364,UPCOMING,Natick,4270,,,Wellesley,4413,,,Bay State,Bay State,6:30 P.M.,,0
2026-10-14,140435,UPCOMING,Silver Lake,4349,,,Scituate,4343,,,Patriot,Patriot,4:00 P.M.,,0
2026-10-14,140597,UPCOMING,Chelmsford,4085,,,North Andover,4283,,,Merrimack Valley,Merrimack Valley,5:30 P.M.,,0
2026-10-14,140624,UPCOMING,Bridgewater-Raynham,4053,,,Dartmouth,4105,,,Pioneer,Pioneer,4:00 P.M.,,0
2026-10-14,140711,UPCOMING,Plymouth South,4316,,,Pembroke,4308,,,Patriot,Patriot,4:00 P.M.,,0
2026-10-14,140797,UPCOMING,Hanover,4164,,,Plymouth North,4315,,,Patriot,Patriot,4:00 P.M.,,0
2026-10-14,140833,UPCOMING,Algonquin,4005,,,Grafton,4153,,,Mid-Wach,Mid-Wach,4:00 P.M.,,0
2026-10-14,140863,UPCOMING,Groton-Dunstable,4160,,,Westborough,4418,,,Mid-Wach,Mid-Wach,4:00 P.M.,,0
2026-10-14,143845,UPCOMING,Maynard,4239,,,Fitchburg,4139,,,Mid-Wach,Mid-Wach,3:30 P.M.,,0
2026-10-14,143897,UPCOMING,Masconomet,4236,,,Malden Catholic,4228,,,Northeastern,Catholic Conference,4:00 P.M.,,0
2026-10-14,144063,UPCOMING,Dracut,4119,,,Tewksbury,4389,,,Merrimack Valley,Merrimack Valley,5:30 P.M.,,0
2026-10-14,144092,UPCOMING,North Middlesex,4286,,,Marlborough,4233,,,Mid-Wach,Mid-Wach,4:00 P.M.,,0
2026-10-14,144283,UPCOMING,Shepherd Hill,4347,,,Littleton,4212,,,Mid-Wach,Mid-Wach,5:00 P.M.,,0
2026-10-14,144365,UPCOMING,Marblehead,4231,,,Gloucester,4150,,,Northeastern,Northeastern,4:00 P.M.,,0
2026-10-14,144499,UPCOMING,Saugus,4341,,,Wakefield,4402,,,Northeastern,Middlesex,4:00 P.M.,,0
2026-10-14,144655,UPCOMING,Newburyport,4276,,,Pentucket,4309,,,Cape Ann,Cape Ann,6:00 P.M.,,0
2026-10-14,144745,UPCOMING,Quabbin,4325,,,Oakmont,4299,,,Mid-Wach,Mid-Wach,3:30 P.M.,,0
2026-10-14,145049,UPCOMING,South Hadley,4353,,,Belchertown,4032,,,Suburban,County,4:00 P.M.,,0
2026-10-14,145139,UPCOMING,Bishop Fenwick,4043,,,St. Mary’s,4374,,,Catholic Central,Catholic Central,4:00 P.M.,,0
2026-10-14,145278,UPCOMING,North Reading,4288,,,Triton,4395,,,Cape Ann,Cape Ann,4:00 P.M.,,0
2026-10-14,145324,UPCOMING,Tahanto,4513,,,Gardner,4147,,,Mid-Wach,Mid-Wach,4:00 P.M.,,0
2026-10-14,145385,UPCOMING,Ipswich,4190,,,Manchester Essex,4229,,,Cape Ann,Cape Ann,4:00 P.M.,,0
2026-10-14,145424,UPCOMING,Clinton,4093,,,Lunenburg,4219,,,Mid-Wach,Mid-Wach,7:00 P.M.,,0
2026-10-14,145458,UPCOMING,Rockport,4490,,,Hamilton-Wenham,4163,,,Cape Ann,Cape Ann,6:00 P.M.,,0
2026-10-14,145589,UPCOMING,Bromfield,4505,,,Narragansett,4266,,,Mid-Wach,Mid-Wach,3:45 P.M.,,0
2026-10-15,139169,UPCOMING,Watertown,4409,,,Lexington,4209,,,Middlesex,Middlesex,4:15 P.M.,,0
2026-10-15,139302,UPCOMING,New Bedford,4273,,,Bridgewater-Raynham,4053,,,Big Three,Pioneer,4:00 P.M.,,0
2026-10-15,139686,UPCOMING,Oxford,4303,,,Worcester South,4444,,,CMAC,CMAC,3:30 P.M.,,0
2026-10-15,139802,UPCOMING,Barnstable,4024,,,Nauset,4271,,,Pioneer,Cape & Islands,4:30 P.M.,,0
2026-10-15,139854,UPCOMING,Notre Dame Academy-Worcester,4451,,,Doherty,4116,,,CMAC,CMAC,3:30 P.M.,,0
2026-10-15,139900,UPCOMING,Burlington,4065,,,Reading,4328,,,Middlesex,Middlesex,4:15 P.M.,,0
2026-10-15,140110,UPCOMING,Beverly,4038,,,Andover,4009,,,Northeastern,Merrimack Valley,4:30 P.M.,,0
2026-10-15,140263,UPCOMING,Wakefield,4402,,,Arlington,4013,,,Middlesex,Middlesex,4:15 P.M.,,0
2026-10-15,140319,UPCOMING,Ursuline,4448,,,Weymouth,4425,,,Catholic Conference,Bay State,4:00 P.M.,,0
2026-10-15,140320,UPCOMING,Palmer,4304,,,West Springfield,4417,,,County,Suburban,4:00 P.M.,,0
2026-10-15,140507,UPCOMING,Melrose,4244,,,Belmont,4034,,,Middlesex,Middlesex,4:15 P.M.,,0
2026-10-15,140663,UPCOMING,Wilmington,4432,,,Winchester,4434,,,Middlesex,Middlesex,6:00 P.M.,,0
2026-10-15,140708,UPCOMING,Hopkinton,4180,,,Holliston,4174,,,Tri-Valley,Tri-Valley,5:30 P.M.,,0
2026-10-15,140713,UPCOMING,Plymouth South,4316,,,Carver,4077,,,Patriot,South Shore,4:30 P.M.,,0
2026-10-15,140882,UPCOMING,Stoneham,4380,,,Woburn,4438,,,Middlesex,Middlesex,6:00 P.M.,,0
2026-10-15,143652,UPCOMING,St. Paul,4954,,,Monty Tech,4259,,,CMAC,CMAC,3:45 P.M.,,0
2026-10-15,143703,UPCOMING,Leicester,4207,,,Bay Path/David Prouty,4027,,,CMAC,CMAC,6:00 P.M.,,0
2026-10-15,143727,UPCOMING,St. Bernard’s,4365,,,Tantasqua,4387,,,CMAC,CMAC,4:00 P.M.,,0
2026-10-15,143759,UPCOMING,Worcester Tech/North,4445,,,Blackstone-Millville,4486,,,CMAC,CMAC,3:30 P.M.,,0
2026-10-15,143912,UPCOMING,Norwell,4296,,,Whitman-Hanson,4427,,,South Shore,Patriot,4:00 P.M.,,0
2026-10-15,144144,UPCOMING,Ashland,4015,,,Medfield,4241,,,Tri-Valley,Tri-Valley,4:30 P.M.,,0
2026-10-15,144235,UPCOMING,Nipmuc,4281,,,Auburn,4019,,,CMAC,CMAC,4:00 P.M.,,0
2026-10-15,144311,UPCOMING,South Hadley,4353,,,Northampton,4291,,,Suburban,Valley League,6:45 P.M.,,0
2026-10-15,144332,UPCOMING,Westwood,4424,,,Norwood,4297,,,Tri-Valley,Tri-Valley,5:30 P.M.,,0
2026-10-15,144515,UPCOMING,Dennis-Yarmouth,4111,,,Falmouth,4134,,,Cape & Islands,Cape & Islands,4:00 P.M.,,0
2026-10-15,144569,UPCOMING,Seekonk,4344,,,Apponequet,4011,,,South Coast,South Coast,6:00 P.M.,,0
2026-10-15,144604,UPCOMING,Amherst-Pelham,4008,,,Smith Academy,4538,,,County,Valley League,4:15 P.M.,,0
2026-10-15,144642,UPCOMING,Newburyport,4276,,,Triton,4395,,,Cape Ann,Cape Ann,4:00 P.M.,,0
2026-10-15,144683,UPCOMING,Bishop Stang,4045,,,Westport,4461,,,Catholic Central,Mayflower,3:30 P.M.,,0
2026-10-15,144734,UPCOMING,Belchertown,4032,,,Holyoke,4176,,,County,County,6:30 P.M.,,0
2026-10-15,144778,UPCOMING,St. John Paul II,4689,,,Martha’s Vineyard,4235,,,Cape & Islands,Cape & Islands,4:00 P.M.,,0
2026-10-15,144959,UPCOMING,Bellingham,4033,,,Medway,4243,,,Tri-Valley,Tri-Valley,4:30 P.M.,,0
2026-10-15,145002,UPCOMING,Old Rochester,4301,,,Fairhaven,4133,,,South Coast,South Coast,5:00 P.M.,,0
2026-10-15,145022,UPCOMING,Mohawk Trail,4258,,,Franklin County Tech,4145,,,Valley League,County,4:00 P.M.,,0
2026-10-15,145119,UPCOMING,Nantucket,4265,,,Sturgis East,4456,,,Cape & Islands,Cape & Islands,3:45 P.M.,,0
2026-10-15,145151,UPCOMING,Sandwich,4340,,,Monomoy,4706,,,Cape & Islands,Cape & Islands,4:30 P.M.,,0
2026-10-15,145180,UPCOMING,Uxbridge,4398,,,Sutton,4512,,,CMAC,CMAC,7:00 P.M.,,0
2026-10-15,145224,UPCOMING,Joseph Case,4078,,,West Bridgewater,4415,,,South Coast,South Coast,3:45 P.M.,,0
2026-10-15,145415,UPCOMING,Mahar,4226,,,Turners Falls,4396,,,Valley League,Valley League,4:00 P.M.,,0
2026-10-15,145438,UPCOMING,Northbridge,4292,,,Quaboag,4510,,,CMAC,CMAC,3:30 P.M.,,0
2026-10-15,145517,UPCOMING,Southwick,4519,,,Hampshire,4518,,,Valley League,County,4:00 P.M.,,0
2026-10-16,139251,UPCOMING,Doherty,4116,,,Leominster,4208,,,CMAC,Mid-Wach,4:00 P.M.,,0
2026-10-16,139403,UPCOMING,Everett,4132,,,Hamilton-Wenham,4163,,,Greater Boston,Cape Ann,5:00 P.M.,,0
2026-10-16,139428,UPCOMING,Lowell,4216,,,Tyngsborough,4397,,,Merrimack Valley,Mid-Wach,4:00 P.M.,,0
2026-10-16,139461,UPCOMING,Methuen,4246,,,Revere,4329,,,Merrimack Valley,Greater Boston,4:00 P.M.,,0
2026-10-16,139503,UPCOMING,Dracut,4119,,,Malden,4227,,,Merrimack Valley,Greater Boston,5:30 P.M.,,0
2026-10-16,139668,UPCOMING,Shrewsbury,4348,,,Westborough,4418,,,Mid-Wach,Mid-Wach,3:30 P.M.,,0
2026-10-16,139914,UPCOMING,Newton South,4280,,,Arlington Catholic,4014,,,Dual County,Catholic Central,6:00 P.M.,,0
2026-10-16,140077,UPCOMING,Acton-Boxborough,4003,,,Bedford,4031,,,Dual County,Dual County,4:00 P.M.,,0
2026-10-16,140387,UPCOMING,East Longmeadow,4127,,,Agawam,4004,,,Valley League,Suburban,7:00 P.M.,,0
2026-10-16,140419,UPCOMING,Braintree,4051,,,Hanover,4164,,,Bay State,Patriot,4:00 P.M.,,0
2026-10-16,140479,UPCOMING,Middleborough,4247,,,Durfee,4122,,,South Shore,Big Three,6:30 P.M.,,0
2026-10-16,140530,UPCOMING,Waltham,4405,,,Lincoln-Sudbury,4211,,,Dual County,Dual County,4:00 P.M.,,0
2026-10-16,140554,UPCOMING,North Middlesex,4286,,,Westford,4421,,,Mid-Wach,Dual County,6:00 P.M.,,0
2026-10-16,140601,UPCOMING,Wellesley,4413,,,Hopkinton,4180,,,Bay State,Tri-Valley,4:00 P.M.,,0
2026-10-16,140645,UPCOMING,North Andover,4283,,,Ipswich,4190,,,Merrimack Valley,Cape Ann,6:00 P.M.,,0
2026-10-16,140740,UPCOMING,Wayland,4411,,,Concord-Carlisle,4097,,,Dual County,Dual County,4:30 P.M.,,0
2026-10-16,140753,UPCOMING,Central Catholic,4081,,,Pentucket,4309,,,Merrimack Valley,Cape Ann,5:30 P.M.,,0
2026-10-16,140780,UPCOMING,Beverly,4038,,,Saugus,4341,,,Northeastern,Northeastern,4:30 P.M.,,0
2026-10-16,140800,UPCOMING,Carver,4077,,,Plymouth North,4315,,,South Shore,Patriot,3:30 P.M.,,0
2026-10-16,140819,UPCOMING,Peabody,4306,,,Swampscott,4383,,,Northeastern,Northeastern,4:00 P.M.,,0
2026-10-16,140897,UPCOMING,Nashoba,4267,,,Bishop Feehan,4042,,,Mid-Wach,Catholic Central,5:30 P.M.,,0
2026-10-16,143681,UPCOMING,Marlborough,4233,,,Blackstone Valley,4046,,,Mid-Wach,CMAC,3:30 P.M.,,0
2026-10-16,143705,UPCOMING,Bay Path/David Prouty,4027,,,Gardner,4147,,,CMAC,Mid-Wach,4:00 P.M.,,0
2026-10-16,143790,UPCOMING,Marblehead,4231,,,Danvers,4103,,,Northeastern,Northeastern,4:00 P.M.,,0
2026-10-16,143887,UPCOMING,Scituate,4343,,,Notre Dame (Hingham),4449,,,Patriot,Catholic Conference,3:30 P.M.,,0
2026-10-16,143899,UPCOMING,Masconomet,4236,,,Gloucester,4150,,,Northeastern,Northeastern,4:30 P.M.,,0
2026-10-16,143918,UPCOMING,Norwood,4297,,,Foxborough,4142,,,Tri-Valley,Hockomock,3:45 P.M.,,0
2026-10-16,143950,UPCOMING,Frontier,4146,,,Minnechaug,4254,,,Suburban,Suburban,4:00 P.M.,,0
2026-10-16,144120,UPCOMING,Dover-Sherborn,4118,,,Dedham,4108,,,Tri-Valley,Tri-Valley,6:00 P.M.,,0
2026-10-16,144287,UPCOMING,Grafton,4153,,,Shepherd Hill,4347,,,Mid-Wach,Mid-Wach,4:00 P.M.,,0
2026-10-16,144440,UPCOMING,Westfield,4419,,,Greenfield,4157,,,Valley League,Suburban,4:15 P.M.,,0
2026-10-16,144545,UPCOMING,Groton-Dunstable,4160,,,Tahanto,4513,,,Mid-Wach,Mid-Wach,3:30 P.M.,,0
2026-10-16,144588,UPCOMING,South Hadley,4353,,,Amherst-Pelham,4008,,,Suburban,County,6:30 P.M.,,0
2026-10-16,145025,UPCOMING,Franklin County Tech,4145,,,Narragansett,4266,,,County,Mid-Wach,4:00 P.M.,,0
2026-10-16,145121,UPCOMING,West Bridgewater,4415,,,Nantucket,4265,,,South Coast,Cape & Islands,3:30 P.M.,,0
2026-10-16,145169,UPCOMING,Bishop Fenwick,4043,,,Rockport,4490,,,Catholic Central,Cape Ann,4:00 P.M.,,0
2026-10-16,145206,UPCOMING,St. Bernard’s,4365,,,Clinton,4093,,,CMAC,Mid-Wach,4:00 P.M.,,0
2026-10-16,145291,UPCOMING,Quabbin,4325,,,Maynard,4239,,,Mid-Wach,Mid-Wach,4:00 P.M.,,0
2026-10-16,145358,UPCOMING,Littleton,4212,,,Bromfield,4505,,,Mid-Wach,Mid-Wach,4:00 P.M.,,0
2026-10-16,145495,UPCOMING,Lunenburg,4219,,,Hopedale,4507,,,Mid-Wach,CMAC,6:30 P.M.,,0
2026-10-16,145544,UPCOMING,Tiverton (R.I.),4643,,,Westport,4461,,,Independent,Mayflower,4:30 P.M.,,0
2026-10-17,139172,UPCOMING,Lexington,4209,,,Weston,4423,,,Middlesex,Dual County,3:00 P.M.,,0
2026-10-17,139233,UPCOMING,Brookline,4059,,,Westford,4421,,,Bay State,Dual County,10:15 A.M.,,0
2026-10-17,139337,UPCOMING,East Bridgewater,4126,,,Southeastern,4358,,,South Shore,Mayflower,11:00 A.M.,,0
2026-10-17,139544,UPCOMING,Newton North,4279,,,Arlington,4013,,,Bay State,Middlesex,1:30 P.M.,,0
2026-10-17,139564,UPCOMING,Marshfield,4234,,,Cohasset,4094,,,Patriot,South Shore,9:00 A.M.,,0
2026-10-17,139745,UPCOMING,King Philip,4197,,,Westwood,4424,,,Hockomock,Tri-Valley,12:00 P.M.,,0
2026-10-17,139806,UPCOMING,Falmouth,4134,,,Barnstable,4024,,,Cape & Islands,Pioneer,10:30 A.M.,,0
2026-10-17,139903,UPCOMING,Winchester,4434,,,Reading,4328,,,Middlesex,Middlesex,6:00 P.M.,,0
2026-10-17,139962,UPCOMING,Hingham,4171,,,Scituate,4343,,,Patriot,Patriot,9:00 A.M.,,0
2026-10-17,139980,UPCOMING,East Longmeadow,4127,,,Wachusett,4400,,,Valley League,Mid-Wach,11:00 A.M.,,0
2026-10-17,140031,UPCOMING,St. Mary’s,4374,,,Essex Tech,4745,,,Catholic Central,Cape Ann,3:00 P.M.,,0
2026-10-17,140126,UPCOMING,Andover,4009,,,Dover-Sherborn,4118,,,Merrimack Valley,Tri-Valley,11:00 A.M.,,0
2026-10-17,140369,UPCOMING,Franklin,4144,,,Natick,4270,,,Hockomock,Bay State,10:00 A.M.,,0
2026-10-17,140437,UPCOMING,Martha’s Vineyard,4235,,,Silver Lake,4349,,,Cape & Islands,Patriot,12:30 P.M.,,0
2026-10-17,140899,UPCOMING,Walpole,4404,,,Sandwich,4340,,,Bay State,Cape & Islands,1:00 P.M.,,0
2026-10-17,144194,UPCOMING,Monomoy,4706,,,Somerset Berkley,4350,,,Cape & Islands,South Coast,12:00 P.M.,,0
2026-10-17,144448,UPCOMING,Duxbury,4123,,,Notre Dame (Hingham),4449,,,Patriot,Catholic Conference,11:30 A.M.,,0
2026-10-17,145052,UPCOMING,Smith Academy,4538,,,Belchertown,4032,,,Valley League,County,10:30 A.M.,,0
2026-10-17,145162,UPCOMING,Arlington Catholic,4014,,,Ursuline,4448,,,Catholic Central,Catholic Conference,10:00 A.M.,,0
2026-10-17,145238,UPCOMING,Quaboag,4510,,,Palmer,4304,,,CMAC,County,10:00 A.M.,,0
