date,game_id,status,home_team,home_team_id,home_score,home_outcome,visitor_team,visitor_team_id,visitor_score,visitor_outcome,home_conference,visitor_conference,time,overtime,is_shootout_win
2026-09-07,141578,UPCOMING,Fairhaven,4133,,,Joseph Case,4078,,,South Coast,South Coast,6:00 P.M.,,0
2026-09-07,141594,UPCOMING,Seekonk,4344,,,Fairhaven,4133,,,South Coast,South Coast,6:00 P.M.,,0
2026-09-07,145629,FINAL,Barnstable,4024,3.0,1.0,Danvers,4103,0.0,0.0,Pioneer,Northeastern,12:30 P.M.,,0
2026-09-07,146083,UPCOMING,Bourne,4050,,,Old Rochester,4301,,,South Coast,South Coast,6:00 P.M.,,0
2026-09-08,140926,UPCOMING,Needham,4272,,,Weymouth,4425,,,Bay State,Bay State,5:15 P.M.,,0
2026-09-08,141059,FINAL,Wayland,4411,3.0,1.0,Wellesley,4413,2.0,0.0,Dual County,Bay State,5:15 P.M.,,0
2026-09-08,141158,FINAL,Durfee,4122,0.0,0.0,Bishop Stang,4045,3.0,1.0,Big Three,Catholic Central,5:15 P.M.,,0
2026-09-08,141224,FINAL,Dartmouth,4105,3.0,1.0,New Bedford,4273,0.0,0.0,Pioneer,Big Three,5:15 P.M.,,0
2026-09-08,141288,FINAL,Boston United,4798,3.0,1.0,Cathedral,4079,1.0,0.0,Boston City,Catholic Central,5:00 P.M.,,0
2026-09-08,141395,FINAL,East Boston,4125,0.0,0.0,Malden,4227,3.0,1.0,Boston City,Greater Boston,5:00 P.M.,,0
2026-09-08,141428,POSTPONED,New Mission,4494,,,Charlestown,4084,,,Boston City,Boston City,4:00 P.M.,,0
2026-09-08,141718,FINAL,Cape Cod Tech,4073,1.0,0.0,Sturgis East,4456,3.0,1.0,Mayflower,Cape & Islands,6:00 P.M.,,0
2026-09-08,141736,FINAL,Hamilton-Wenham,4163,3.0,1.0,Georgetown,4148,0.0,0.0,Cape Ann,Cape Ann,5:00 P.M.,,0
2026-09-08,141806,FINAL,Lynnfield,4223,3.0,1.0,Essex Tech,4745,0.0,0.0,Cape Ann,Cape Ann,5:00 P.M.,,0
2026-09-08,141841,FINAL,North Reading,4288,2.0,0.0,Newburyport,4276,3.0,1.0,Cape Ann,Cape Ann,5:00 P.M.,,0
2026-09-08,141865,FINAL,Ipswich,4190,3.0,1.0,Triton,4395,0.0,0.0,Cape Ann,Cape Ann,5:00 P.M.,,0
2026-09-08,141947,FINAL,St. Mary’s,4374,1.0,0.0,Archbishop Williams,4012,3.0,1.0,Catholic Central,Catholic Central,5:00 P.M.,,0
2026-09-08,142040,FINAL,Bishop Fenwick,4043,1.0,0.0,Swampscott,4383,3.0,1.0,Catholic Central,Northeastern,5:00 P.M.,,0
2026-09-08,142115,FINAL,Malden Catholic,4228,2.0,0.0,Fontbonne,4447,3.0,1.0,Catholic Conference,Catholic Conference,6:15 P.M.,,0
2026-09-08,142197,FINAL,Lowell Catholic,4217,0.0,0.0,Greater Lawrence,4154,3.0,1.0,Commonwealth,Commonwealth,5:30 P.M.,,0
2026-09-08,142234,FINAL,Greater Lowell,4155,2.0,0.0,Shawsheen,4346,3.0,1.0,Commonwealth,Commonwealth,5:30 P.M.,,0
2026-09-08,142299,FINAL,Mystic Valley,4264,3.0,1.0,Innovation Academy,4690,0.0,0.0,Commonwealth,Commonwealth,5:30 P.M.,,0
2026-09-08,142365,FINAL,KIPP,4703,2.0,0.0,Lynn Tech,4222,3.0,1.0,Commonwealth,Commonwealth,5:30 P.M.,,0
2026-09-08,142420,FINAL,Notre Dame (Tyngsborough),4540,3.0,1.0,Minuteman,4255,2.0,0.0,Commonwealth,Independent,5:15 P.M.,,0
2026-09-08,142846,FINAL,Attleboro,4018,3.0,1.0,Foxborough,4142,0.0,0.0,Hockomock,Hockomock,5:00 P.M.,,0
2026-09-08,142875,FINAL,Franklin,4144,3.0,1.0,King Philip,4197,0.0,0.0,Hockomock,Hockomock,5:00 P.M.,,0
2026-09-08,142945,FINAL,Milford,4249,2.0,0.0,North Attleborough,4284,3.0,1.0,Hockomock,Hockomock,5:15 P.M.,,0
2026-09-08,142969,FINAL,Taunton,4388,0.0,0.0,Oliver Ames,4302,3.0,1.0,Hockomock,Hockomock,5:15 P.M.,,0
2026-09-08,142988,FINAL,Stoughton,4381,0.0,0.0,Canton,4071,3.0,1.0,Hockomock,Hockomock,5:00 P.M.,,0
2026-09-08,143041,FINAL,Sharon,4345,3.0,1.0,Mansfield,4230,0.0,0.0,Hockomock,Hockomock,5:15 P.M.,,0
2026-09-08,143116,FINAL,Avon,4460,1.0,0.0,Seekonk,4344,3.0,1.0,Mayflower,South Coast,5:30 P.M.,,0
2026-09-08,143180,FINAL,Wareham,4407,1.0,0.0,Diman,4115,3.0,1.0,Mayflower,Mayflower,6:00 P.M.,,0
2026-09-08,143208,FINAL,Westport,4461,1.0,0.0,Carver,4077,3.0,1.0,Mayflower,South Shore,6:00 P.M.,,0
2026-09-08,143460,FINAL,Billerica,4040,3.0,1.0,North Andover,4283,0.0,0.0,Merrimack Valley,Merrimack Valley,5:00 P.M.,,0
2026-09-08,143492,FINAL,Central Catholic,4081,3.0,1.0,Tewksbury,4389,0.0,0.0,Merrimack Valley,Merrimack Valley,5:00 P.M.,,0
2026-09-08,143539,FINAL,Haverhill,4167,3.0,1.0,Lawrence,4203,0.0,0.0,Merrimack Valley,Merrimack Valley,5:00 P.M.,,0
2026-09-08,143560,FINAL,Methuen,4246,3.0,1.0,Dracut,4119,0.0,0.0,Merrimack Valley,Merrimack Valley,5:00 P.M.,,0
2026-09-08,144786,FINAL,Arlington,4013,3.0,1.0,Wilmington,4432,0.0,0.0,Middlesex,Middlesex,5:30 P.M.,,0
2026-09-08,144811,FINAL,Belmont,4034,3.0,1.0,Watertown,4409,0.0,0.0,Middlesex,Middlesex,5:30 P.M.,,0
2026-09-08,144833,FINAL,Lexington,4209,3.0,1.0,Burlington,4065,2.0,0.0,Middlesex,Middlesex,5:30 P.M.,,0
2026-09-08,144849,FINAL,Reading,4328,3.0,1.0,Melrose,4244,0.0,0.0,Middlesex,Middlesex,5:45 P.M.,,0
2026-09-08,144871,FINAL,Winchester,4434,3.0,1.0,Stoneham,4380,0.0,0.0,Middlesex,Middlesex,5:30 P.M.,,0
2026-09-08,144886,FINAL,Woburn,4438,3.0,1.0,Wakefield,4402,1.0,0.0,Middlesex,Middlesex,5:30 P.M.,,0
2026-09-08,145684,FINAL,Gloucester,4150,1.0,0.0,Salem,4336,3.0,1.0,Northeastern,Northeastern,5:45 P.M.,,0
2026-09-08,145700,FINAL,Saugus,4341,0.0,0.0,Winthrop,4437,3.0,1.0,Northeastern,Northeastern,5:30 P.M.,,0
2026-09-08,145775,FINAL,North Quincy,4287,1.0,0.0,Hingham,4171,3.0,1.0,Patriot,Patriot,5:30 P.M.,,0
2026-09-08,145812,FINAL,Marshfield,4234,1.0,0.0,Pembroke,4308,3.0,1.0,Patriot,Patriot,5:30 P.M.,,0
2026-09-08,145839,FINAL,Plymouth South,4316,1.0,0.0,Whitman-Hanson,4427,3.0,1.0,Patriot,Patriot,5:30 P.M.,,0
2026-09-08,145860,FINAL,Quincy,4326,3.0,1.0,Silver Lake,4349,1.0,0.0,Patriot,Patriot,5:30 P.M.,,0
2026-09-08,145875,FINAL,Duxbury,4123,3.0,1.0,Scituate,4343,0.0,0.0,Patriot,Patriot,5:30 P.M.,,0
2026-09-08,146031,FINAL,Somerset Berkley,4350,3.0,1.0,Dighton-Rehoboth,4114,0.0,0.0,South Coast,South Coast,6:00 P.M.,,0
2026-09-08,146387,FINAL,Abington,4002,3.0,1.0,Randolph,4327,0.0,0.0,South Shore,South Shore,5:30 P.M.,,0
2026-09-08,146435,FINAL,Mashpee,4237,0.0,0.0,Cohasset,4094,3.0,1.0,South Shore,South Shore,6:00 P.M.,,0
2026-09-08,146461,FINAL,Middleborough,4247,0.0,0.0,East Bridgewater,4126,3.0,1.0,South Shore,South Shore,5:15 P.M.,,0
2026-09-08,146489,FINAL,Rockland,4331,3.0,1.0,Norwell,4296,0.0,0.0,South Shore,South Shore,5:30 P.M.,,0
2026-09-08,146689,FINAL,Nipmuc,4281,3.0,1.0,Millis,4251,0.0,0.0,CMAC,Tri-Valley,6:00 P.M.,,0
2026-09-08,150104,FINAL,Advanced Math and Science,4595,0.0,0.0,Blackstone Valley,4046,3.0,1.0,CMAC,CMAC,,,0
2026-09-08,150142,FINAL,Weymouth,4425,0.0,0.0,Needham,4272,3.0,1.0,Bay State,Bay State,,,0
2026-09-08,150150,FINAL,Southbridge,4357,3.0,1.0,Monty Tech,4259,1.0,0.0,CMAC,CMAC,,,0
2026-09-08,150153,FINAL,Westborough,4418,3.0,1.0,Shrewsbury,4348,0.0,0.0,Mid-Wach,Mid-Wach,,,0
2026-09-08,150155,FINAL,Wachusett,4400,3.0,1.0,Notre Dame Academy-Worcester,4451,0.0,0.0,Mid-Wach,CMAC,,,0
2026-09-08,150395,FINAL,South Shore Voc-Tech,4356,3.0,1.0,Tri-County,4392,1.0,0.0,Mayflower,Mayflower,,,0
2026-09-09,140966,FINAL,Natick,4270,3.0,1.0,Framingham,4143,0.0,0.0,Bay State,Bay State,4:00 P.M.,,0
2026-09-09,140996,FINAL,Wellesley,4413,2.0,0.0,Newton North,4279,3.0,1.0,Bay State,Bay State,4:30 P.M.,,0
2026-09-09,141023,FINAL,Milton,4252,0.0,0.0,Brookline,4059,3.0,1.0,Bay State,Bay State,4:30 P.M.,,0
2026-09-09,141077,FINAL,Walpole,4404,0.0,0.0,Braintree,4051,3.0,1.0,Bay State,Bay State,4:00 P.M.,,0
2026-09-09,141193,FINAL,Cardinal Spellman,4075,0.0,0.0,Brockton,4058,3.0,1.0,Catholic Central,Big Three,5:15 P.M.,,0
2026-09-09,141333,FINAL,Muniz,5018,3.0,1.0,Academy/Pacific Rim,5038,1.0,0.0,Independent,Charter School Athletic,5:30 P.M.,,0
2026-09-09,141380,FINAL,Latin Academy,4202,3.0,1.0,TechBoston/Henderson,4117,0.0,0.0,Boston City,Boston City,4:30 P.M.,,0
2026-09-09,141464,FINAL,Ursuline,4448,3.0,1.0,Madison Park,4225,0.0,0.0,Catholic Conference,Boston City,5:30 P.M.,,0
2026-09-09,141579,FINAL,Apponequet,4011,0.0,0.0,Fairhaven,4133,3.0,1.0,South Coast,South Coast,6:00 P.M.,,0
2026-09-09,141612,FINAL,Sturgis East,4456,1.0,0.0,Sandwich,4340,3.0,1.0,Cape & Islands,Cape & Islands,7:00 P.M.,,0
2026-09-09,141697,FINAL,Wareham,4407,3.0,1.0,Rising Tide Charter,4746,0.0,0.0,Mayflower,Cape & Islands,4:00 P.M.,,0
2026-09-09,141739,FINAL,Lynn English,4221,3.0,1.0,Georgetown,4148,0.0,0.0,Greater Boston,Cape Ann,5:30 P.M.,,0
2026-09-09,141867,FINAL,Triton,4395,0.0,0.0,Danvers,4103,3.0,1.0,Cape Ann,Northeastern,5:15 P.M.,,0
2026-09-09,142013,FINAL,Bishop Feehan,4042,3.0,1.0,La Salle (R.I.),4201,0.0,0.0,Catholic Central,Independent,5:15 P.M.,,0
2026-09-09,142155,FINAL,Notre Dame (Hingham),4449,0.0,0.0,Barnstable,4024,3.0,1.0,Catholic Conference,Pioneer,5:30 P.M.,,0
2026-09-09,142367,UPCOMING,KIPP,4703,,,Prospect Hill,4593,,,Commonwealth,Charter School Athletic,5:30 P.M.,,0
2026-09-09,142440,FINAL,Cristo Rey,4453,3.0,1.0,Nashoba Valley Tech,4268,1.0,0.0,Catholic Central,Commonwealth,5:15 P.M.,,0
2026-09-09,142484,FINAL,Acton-Boxborough,4003,3.0,1.0,Lincoln-Sudbury,4211,1.0,0.0,Dual County,Dual County,6:00 P.M.,,0
2026-09-09,142510,FINAL,Boston Latin,4049,0.0,0.0,Cambridge,4067,3.0,1.0,Dual County,Dual County,4:00 P.M.,,0
2026-09-09,142538,FINAL,Bedford,4031,3.0,1.0,Concord-Carlisle,4097,1.0,0.0,Dual County,Dual County,5:30 P.M.,,0
2026-09-09,142582,FINAL,Weston,4423,0.0,0.0,Newton South,4280,3.0,1.0,Dual County,Dual County,5:30 P.M.,,0
2026-09-09,142601,FINAL,Westford,4421,3.0,1.0,Waltham,4405,0.0,0.0,Dual County,Dual County,5:30 P.M.,,0
2026-09-09,142686,FINAL,Everett,4132,3.0,1.0,Chelsea,4086,1.0,0.0,Greater Boston,Greater Boston,5:15 P.M.,,0
2026-09-09,143016,FINAL,Norfolk Aggie,4458,2.0,0.0,Foxborough,4142,3.0,1.0,Mayflower,Hockomock,5:00 P.M.,,0
2026-09-09,143086,FINAL,Atlantis Charter,4818,3.0,1.0,Roxbury Prep,4847,0.0,0.0,Mayflower,Charter School Athletic,5:00 P.M.,,0
2026-09-09,143145,FINAL,Holbrook,4172,3.0,1.0,Blue Hills,4047,0.0,0.0,Mayflower,Mayflower,5:00 P.M.,,0
2026-09-09,143257,FINAL,South Shore Voc-Tech,4356,3.0,1.0,Bristol-Plymouth,4057,0.0,0.0,Mayflower,Mayflower,5:00 P.M.,,0
2026-09-09,143310,FINAL,Southeastern,4358,0.0,0.0,Bristol Aggie,4463,3.0,1.0,Mayflower,Mayflower,5:00 P.M.,,0
2026-09-09,143332,FINAL,Tri-County,4392,3.0,1.0,Old Colony,4300,0.0,0.0,Mayflower,Mayflower,5:00 P.M.,,0
2026-09-09,143521,FINAL,Chelmsford,4085,3.0,1.0,Lowell,4216,0.0,0.0,Merrimack Valley,Merrimack Valley,5:00 P.M.,,0
2026-09-09,145607,FINAL,Beverly,4038,3.0,1.0,Peabody,4306,2.0,0.0,Northeastern,Northeastern,5:30 P.M.,,0
2026-09-09,145656,FINAL,Masconomet,4236,0.0,0.0,Marblehead,4231,3.0,1.0,Northeastern,Northeastern,5:30 P.M.,,0
2026-09-09,145685,FINAL,Swampscott,4383,3.0,1.0,Salem,4336,0.0,0.0,Northeastern,Northeastern,6:00 P.M.,,0
2026-09-09,146032,FINAL,Dighton-Rehoboth,4114,3.0,1.0,Bourne,4050,1.0,0.0,South Coast,South Coast,6:00 P.M.,,0
2026-09-09,146060,FINAL,Greater New Bedford,4156,0.0,0.0,Joseph Case,4078,3.0,1.0,South Coast,South Coast,6:00 P.M.,,0
2026-09-09,146088,FINAL,Old Rochester,4301,3.0,1.0,Seekonk,4344,0.0,0.0,South Coast,South Coast,6:00 P.M.,,0
2026-09-09,146389,FINAL,Carver,4077,3.0,1.0,Abington,4002,0.0,0.0,South Shore,South Shore,5:30 P.M.,,0
2026-09-09,146505,FINAL,Medfield,4241,2.0,0.0,Ashland,4015,3.0,1.0,Tri-Valley,Tri-Valley,6:30 P.M.,,0
2026-09-09,146575,FINAL,Holliston,4174,0.0,0.0,Hopkinton,4180,3.0,1.0,Tri-Valley,Tri-Valley,5:00 P.M.,,0
2026-09-09,146619,FINAL,Norwood,4297,3.0,1.0,Westwood,4424,0.0,0.0,Tri-Valley,Tri-Valley,5:30 P.M.,,0
2026-09-09,146651,FINAL,Medway,4243,0.0,0.0,Bellingham,4033,3.0,1.0,Tri-Valley,Tri-Valley,5:00 P.M.,,0
2026-09-09,146691,FINAL,Millis,4251,0.0,0.0,Norton,4295,3.0,1.0,Tri-Valley,Tri-Valley,6:15 P.M.,,0
2026-09-09,150351,FINAL,Doherty,4116,3.0,1.0,Marlborough,4233,0.0,0.0,CMAC,Mid-Wach,5:15 P.M.,,0
2026-09-09,150352,FINAL,Worcester Tech,4445,0.0,0.0,Abby Kelley Foster,4503,3.0,1.0,CMAC,CMAC,4:45 P.M.,,0
2026-09-09,150360,FINAL,Nauset,4271,2.0,0.0,Nantucket,4265,3.0,1.0,Cape & Islands,Cape & Islands,3:30 P.M.,,0
2026-09-09,150363,FINAL,Ware,4406,3.0,1.0,Springfield Sci-Tech,4363,0.0,0.0,Central,Central,5:15 P.M.,,0
2026-09-09,150364,FINAL,Blackstone-Millville,4486,2.0,0.0,Keefe Tech,4191,3.0,1.0,CMAC,CMAC,5:30 P.M.,,0
2026-09-09,150371,FINAL,University Park,4514,0.0,0.0,Monty Tech,4259,3.0,1.0,CMAC,CMAC,5:15 P.M.,,0
2026-09-10,140998,FINAL,Newton South,4280,2.0,0.0,Newton North,4279,3.0,1.0,Dual County,Bay State,4:30 P.M.,,0
2026-09-10,141078,FINAL,Braintree,4051,3.0,1.0,Durfee,4122,1.0,0.0,Bay State,Big Three,4:00 P.M.,,0
2026-09-10,141225,FINAL,Bishop Stang,4045,3.0,1.0,New Bedford,4273,1.0,0.0,Catholic Central,Big Three,6:00 P.M.,,0
2026-09-10,141290,FINAL,O’Bryant,4298,3.0,1.0,Boston United,4798,0.0,0.0,Boston City,Boston City,5:00 P.M.,,0
2026-09-10,141398,FINAL,East Boston,4125,3.0,1.0,Charlestown,4084,0.0,0.0,Boston City,Boston City,4:00 P.M.,,0
2026-09-10,141430,FINAL,Dedham,4108,3.0,1.0,New Mission,4494,1.0,0.0,Tri-Valley,Boston City,4:30 P.M.,,0
2026-09-10,141544,FINAL,Cardinal Spellman,4075,3.0,1.0,Falmouth,4134,0.0,0.0,Catholic Central,Cape & Islands,5:15 P.M.,,0
2026-09-10,141774,FINAL,Hamilton-Wenham,4163,3.0,1.0,North Reading,4288,0.0,0.0,Cape Ann,Cape Ann,5:30 P.M.,,0
2026-09-10,141809,FINAL,Pentucket,4309,0.0,0.0,Lynnfield,4223,3.0,1.0,Cape Ann,Cape Ann,5:15 P.M.,,0
2026-09-10,141885,FINAL,Essex Tech,4745,2.0,0.0,Newburyport,4276,3.0,1.0,Cape Ann,Cape Ann,5:00 P.M.,,0
2026-09-10,142100,FINAL,Lynn Tech,4222,0.0,0.0,St. Mary’s,4374,3.0,1.0,Commonwealth,Catholic Central,4:00 P.M.,,0
2026-09-10,142199,FINAL,Innovation Academy,4690,0.0,0.0,Greater Lawrence,4154,3.0,1.0,Commonwealth,Commonwealth,5:15 P.M.,,0
2026-09-10,142236,FINAL,Whittier,4428,1.0,0.0,Greater Lowell,4155,3.0,1.0,Commonwealth,Commonwealth,5:15 P.M.,,0
2026-09-10,142264,FINAL,Shawsheen,4346,3.0,1.0,Lowell Catholic,4217,0.0,0.0,Commonwealth,Commonwealth,5:30 P.M.,,0
2026-09-10,142422,FINAL,Minuteman,4255,3.0,1.0,Notre Dame (Tyngsborough),4540,0.0,0.0,Independent,Commonwealth,5:00 P.M.,,0
2026-09-10,142679,FINAL,Medfield,4241,1.0,0.0,Weston,4423,3.0,1.0,Tri-Valley,Dual County,6:30 P.M.,,0
2026-09-10,142757,FINAL,Lynn English,4221,1.0,0.0,Lynn Classical,4220,3.0,1.0,Greater Boston,Greater Boston,5:30 P.M.,,0
2026-09-10,142847,FINAL,Attleboro,4018,2.0,0.0,Sharon,4345,3.0,1.0,Hockomock,Hockomock,5:15 P.M.,,0
2026-09-10,142877,FINAL,Milford,4249,0.0,0.0,Franklin,4144,3.0,1.0,Hockomock,Hockomock,5:15 P.M.,,0
2026-09-10,142913,FINAL,King Philip,4197,3.0,1.0,Mansfield,4230,1.0,0.0,Hockomock,Hockomock,5:00 P.M.,,0
2026-09-10,142971,FINAL,Taunton,4388,3.0,1.0,Stoughton,4381,0.0,0.0,Hockomock,Hockomock,5:15 P.M.,,0
2026-09-10,142991,FINAL,Canton,4071,0.0,0.0,Oliver Ames,4302,3.0,1.0,Hockomock,Hockomock,5:15 P.M.,,0
2026-09-10,143018,FINAL,Foxborough,4142,3.0,1.0,North Attleborough,4284,1.0,0.0,Hockomock,Hockomock,5:00 P.M.,,0
2026-09-10,143210,FINAL,Westport,4461,1.0,0.0,Calvary Chapel,4828,3.0,1.0,Mayflower,Independent,5:00 P.M.,,0
2026-09-10,143434,FINAL,North Andover,4283,0.0,0.0,Andover,4009,3.0,1.0,Merrimack Valley,Merrimack Valley,5:00 P.M.,,0
2026-09-10,143462,FINAL,Dracut,4119,0.0,0.0,Billerica,4040,3.0,1.0,Merrimack Valley,Merrimack Valley,5:00 P.M.,,0
2026-09-10,143495,FINAL,Lowell,4216,0.0,0.0,Central Catholic,4081,3.0,1.0,Merrimack Valley,Merrimack Valley,5:00 P.M.,,0
2026-09-10,143542,FINAL,Haverhill,4167,3.0,1.0,Tewksbury,4389,0.0,0.0,Merrimack Valley,Merrimack Valley,5:00 P.M.,,0
2026-09-10,143561,FINAL,Lawrence,4203,1.0,0.0,Methuen,4246,3.0,1.0,Merrimack Valley,Merrimack Valley,5:00 P.M.,,0
2026-09-10,144789,FINAL,Arlington,4013,0.0,0.0,Belmont,4034,3.0,1.0,Middlesex,Middlesex,5:30 P.M.,,0
2026-09-10,144873,FINAL,Woburn,4438,0.0,0.0,Winchester,4434,3.0,1.0,Middlesex,Middlesex,5:30 P.M.,,0
2026-09-10,144900,FINAL,Burlington,4065,1.0,0.0,Melrose,4244,3.0,1.0,Middlesex,Middlesex,5:30 P.M.,,0
2026-09-10,144925,FINAL,Stoneham,4380,1.0,0.0,Wakefield,4402,3.0,1.0,Middlesex,Middlesex,5:30 P.M.,,0
2026-09-10,144945,FINAL,Wilmington,4432,3.0,1.0,Watertown,4409,2.0,0.0,Middlesex,Middlesex,5:30 P.M.,,0
2026-09-10,145608,FINAL,Ipswich,4190,3.0,1.0,Beverly,4038,0.0,0.0,Cape Ann,Northeastern,5:00 P.M.,,0
2026-09-10,145632,FINAL,Danvers,4103,3.0,1.0,Gloucester,4150,0.0,0.0,Northeastern,Northeastern,5:15 P.M.,,0
2026-09-10,145703,FINAL,Pioneer Charter II,4964,3.0,1.0,Saugus,4341,1.0,0.0,Charter School Athletic,Northeastern,5:30 P.M.,,0
2026-09-10,145732,FINAL,Pembroke,4308,1.0,0.0,Hanover,4164,3.0,1.0,Patriot,Patriot,5:00 P.M.,,0
2026-09-10,145840,FINAL,Plymouth South,4316,0.0,0.0,Quincy,4326,3.0,1.0,Patriot,Patriot,5:30 P.M.,,0
2026-09-10,145895,FINAL,Hingham,4171,3.0,1.0,Duxbury,4123,2.0,0.0,Patriot,Patriot,5:15 P.M.,,0
2026-09-10,145937,FINAL,Marshfield,4234,1.0,0.0,Plymouth North,4315,3.0,1.0,Patriot,Patriot,5:30 P.M.,,0
2026-09-10,145960,FINAL,Whitman-Hanson,4427,2.0,0.0,Silver Lake,4349,3.0,1.0,Patriot,Patriot,5:30 P.M.,,0
2026-09-10,146106,FINAL,Somerset Berkley,4350,3.0,1.0,West Bridgewater,4415,0.0,0.0,South Coast,South Coast,6:00 P.M.,,0
2026-09-10,146448,FINAL,Middleborough,4247,0.0,0.0,Mashpee,4237,3.0,1.0,South Shore,South Shore,5:30 P.M.,,0
2026-09-10,146464,FINAL,East Bridgewater,4126,3.0,1.0,Rockland,4331,0.0,0.0,South Shore,South Shore,5:30 P.M.,,0
2026-09-10,146491,FINAL,Norwell,4296,3.0,1.0,Randolph,4327,0.0,0.0,South Shore,South Shore,5:45 P.M.,,0
2026-09-10,150422,FINAL,Notre Dame Academy-Worcester,4451,3.0,1.0,Burncoat,4066,1.0,0.0,CMAC,CMAC,5:00 P.M.,,0
2026-09-10,150486,FINAL,Pioneer Valley Christian,4535,3.0,1.0,Chicopee,4088,0.0,0.0,Metro,Southern,5:15 P.M.,,0
2026-09-10,150488,FINAL,North Middlesex,4286,0.0,0.0,Groton-Dunstable,4160,3.0,1.0,Mid-Wach,Mid-Wach,,,0
2026-09-10,150491,FINAL,Southwick,4519,0.0,0.0,Lenox,4532,3.0,1.0,Metro,Southern,5:15 P.M.,,0
2026-09-10,150496,FINAL,Weymouth,4425,3.0,1.0,Walpole,4404,0.0,0.0,Bay State,Bay State,5:30 P.M.,,0
2026-09-11,141081,FINAL,Braintree,4051,3.0,1.0,Somerset Berkley,4350,0.0,0.0,Bay State,South Coast,4:00 P.M.,,0
2026-09-11,141196,FINAL,Bridgewater-Raynham,4053,3.0,1.0,Brockton,4058,0.0,0.0,Pioneer,Big Three,5:15 P.M.,,0
2026-09-11,141252,FINAL,English High,4048,3.0,1.0,Pacific Rim Charter,4478,0.0,0.0,Boston City,Charter School Athletic,4:00 P.M.,,0
2026-09-11,141311,UPCOMING,Dearborn STEM,5016,,,Boston Collegiate,4592,,,Independent,Charter School Athletic,5:00 P.M.,,0
2026-09-11,141336,UPCOMING,Muniz,5018,,,Pioneer Charter I,4701,,,Independent,Charter School Athletic,5:30 P.M.,,0
2026-09-11,141484,FINAL,Latin Academy,4202,3.0,1.0,Cathedral,4079,0.0,0.0,Boston City,Catholic Central,5:00 P.M.,,0
2026-09-11,141517,FINAL,Marshfield,4234,3.0,1.0,Dennis-Yarmouth,4111,0.0,0.0,Patriot,Cape & Islands,5:15 P.M.,,0
2026-09-11,141606,FINAL,Sturgis East,4456,2.0,0.0,Nauset,4271,3.0,1.0,Cape & Islands,Cape & Islands,7:00 P.M.,,0
2026-09-11,141613,FINAL,Plymouth South,4316,1.0,0.0,Sandwich,4340,3.0,1.0,Patriot,Cape & Islands,5:30 P.M.,,0
2026-09-11,141653,FINAL,Mashpee,4237,1.0,0.0,Monomoy,4706,3.0,1.0,South Shore,Cape & Islands,5:15 P.M.,,0
2026-09-11,141730,FINAL,Calvary Chapel,4828,3.0,1.0,Sturgis West,4735,0.0,0.0,Independent,Cape & Islands,5:15 P.M.,,0
2026-09-11,141742,FINAL,Georgetown,4148,0.0,0.0,Whittier,4428,3.0,1.0,Cape Ann,Commonwealth,5:30 P.M.,,0
2026-09-11,141886,FINAL,North Andover,4283,0.0,0.0,Essex Tech,4745,3.0,1.0,Merrimack Valley,Cape Ann,5:00 P.M.,,0
2026-09-11,141888,UPCOMING,Revere,4329,,,Essex Tech,4745,,,Greater Boston,Cape Ann,5:30 P.M.,,0
2026-09-11,141945,FINAL,Pentucket,4309,2.0,0.0,Masconomet,4236,3.0,1.0,Cape Ann,Northeastern,5:15 P.M.,,0
2026-09-11,141950,FINAL,Archbishop Williams,4012,3.0,1.0,Fontbonne,4447,0.0,0.0,Catholic Central,Catholic Conference,6:15 P.M.,,0
2026-09-11,141981,FINAL,Arlington Catholic,4014,0.0,0.0,Ursuline,4448,3.0,1.0,Catholic Central,Catholic Conference,6:30 P.M.,,0
2026-09-11,142015,FINAL,Franklin,4144,3.0,1.0,Bishop Feehan,4042,0.0,0.0,Hockomock,Catholic Central,5:00 P.M.,,0
2026-09-11,142157,FINAL,Scituate,4343,1.0,0.0,Notre Dame (Hingham),4449,3.0,1.0,Patriot,Catholic Conference,5:30 P.M.,,0
2026-09-11,142200,FINAL,Shawsheen,4346,0.0,0.0,Greater Lawrence,4154,3.0,1.0,Commonwealth,Commonwealth,5:30 P.M.,,0
2026-09-11,142239,FINAL,Lawrence,4203,3.0,1.0,Greater Lowell,4155,0.0,0.0,Merrimack Valley,Commonwealth,5:00 P.M.,,0
2026-09-11,142265,FINAL,Lowell Catholic,4217,1.0,0.0,Northeast,4293,3.0,1.0,Commonwealth,Commonwealth,5:30 P.M.,,0
2026-09-11,142302,UPCOMING,Cristo Rey,4453,,,Innovation Academy,4690,,,Catholic Central,Commonwealth,4:00 P.M.,,0
2026-09-11,142442,FINAL,St. Bernard’s,4365,3.0,1.0,Nashoba Valley Tech,4268,1.0,0.0,CMAC,Commonwealth,5:15 P.M.,,0
2026-09-11,142513,FINAL,Cambridge,4067,3.0,1.0,Boston Latin,4049,1.0,0.0,Dual County,Dual County,5:30 P.M.,,0
2026-09-11,142689,UPCOMING,Chelsea,4086,,,Winthrop,4437,,,Greater Boston,Northeastern,5:30 P.M.,,0
2026-09-11,143089,FINAL,Atlantis Charter,4818,3.0,1.0,New Heights Charter,5088,0.0,0.0,Mayflower,Charter School Athletic,3:30 P.M.,,0
2026-09-11,143117,FINAL,Southeastern,4358,2.0,0.0,Avon,4460,3.0,1.0,Mayflower,Mayflower,5:00 P.M.,,0
2026-09-11,143148,FINAL,Bristol Aggie,4463,1.0,0.0,Holbrook,4172,3.0,1.0,Mayflower,Mayflower,5:00 P.M.,,0
2026-09-11,143294,FINAL,Diman,4115,0.0,0.0,Dighton-Rehoboth,4114,3.0,1.0,Mayflower,South Coast,6:00 P.M.,,0
2026-09-11,143334,FINAL,Bay Path,4027,3.0,1.0,Tri-County,4392,2.0,0.0,CMAC,Mayflower,4:45 P.M.,,0
2026-09-11,143386,FINAL,West Bridgewater,4415,3.0,1.0,Norfolk Aggie,4458,0.0,0.0,South Coast,Mayflower,5:00 P.M.,,0
2026-09-11,143426,FINAL,Upper Cape,4457,2.0,0.0,South Shore Voc-Tech,4356,3.0,1.0,Mayflower,Mayflower,5:00 P.M.,,0
2026-09-11,145611,FINAL,Malden Catholic,4228,1.0,0.0,Beverly,4038,3.0,1.0,Catholic Conference,Northeastern,5:45 P.M.,,0
2026-09-11,145815,FINAL,Pembroke,4308,2.0,0.0,Carver,4077,3.0,1.0,Patriot,South Shore,6:00 P.M.,,0
2026-09-11,145897,FINAL,Duxbury,4123,0.0,0.0,Barnstable,4024,3.0,1.0,Patriot,Pioneer,5:30 P.M.,,0
2026-09-11,145961,FINAL,Silver Lake,4349,3.0,1.0,Rockland,4331,1.0,0.0,Patriot,South Shore,5:30 P.M.,,0
2026-09-11,145975,FINAL,Apponequet,4011,2.0,0.0,Middleborough,4247,3.0,1.0,South Coast,South Shore,5:30 P.M.,,0
2026-09-11,146092,FINAL,Old Rochester,4301,1.0,0.0,Dartmouth,4105,3.0,1.0,South Coast,Pioneer,5:15 P.M.,,0
2026-09-11,146150,FINAL,East Bridgewater,4126,3.0,1.0,Joseph Case,4078,1.0,0.0,South Shore,South Coast,5:15 P.M.,,0
2026-09-11,146506,FINAL,Ashland,4015,2.0,0.0,Nipmuc,4281,3.0,1.0,Tri-Valley,CMAC,6:00 P.M.,,0
2026-09-11,150537,FINAL,Watertown,4409,3.0,1.0,Waltham,4405,1.0,0.0,Middlesex,Dual County,5:30 P.M.,,0
2026-09-11,150550,FINAL,Worcester Tech,4445,0.0,0.0,Monty Tech,4259,3.0,1.0,CMAC,CMAC,,,0
2026-09-11,150552,FINAL,Advanced Math and Science,4595,3.0,1.0,Sutton,4512,2.0,0.0,CMAC,CMAC,,,0
2026-09-11,150559,FINAL,Marlborough,4233,3.0,1.0,Shepherd Hill,4347,1.0,0.0,Mid-Wach,Mid-Wach,5:15 P.M.,,0
2026-09-11,150563,FINAL,Lynn Classical,4220,3.0,1.0,St. Mary’s,4374,1.0,0.0,Greater Boston,Catholic Central,,,0
2026-09-11,150567,FINAL,Leominster,4208,0.0,0.0,Nashoba,4267,3.0,1.0,Mid-Wach,Mid-Wach,5:15 P.M.,,0
2026-09-12,141984,FINAL,Arlington Catholic,4014,3.0,1.0,Stoneham,4380,0.0,0.0,Catholic Central,Middlesex,4:00 P.M.,,0
2026-09-12,142160,FINAL,Notre Dame (Hingham),4449,0.0,0.0,Hingham,4171,3.0,1.0,Catholic Conference,Patriot,10:00 A.M.,,0
2026-09-12,143464,FINAL,Woburn,4438,3.0,1.0,Billerica,4040,0.0,0.0,Middlesex,Merrimack Valley,12:15 P.M.,,0
2026-09-12,150587,FINAL,South Hadley,4353,3.0,1.0,Ware,4406,0.0,0.0,Western,Central,5:00 P.M.,,0
2026-09-14,140967,FINAL,Natick,4270,3.0,1.0,Cambridge,4067,1.0,0.0,Bay State,Dual County,4:00 P.M.,,0
2026-09-14,141199,UPCOMING,Brockton,4058,,,Fontbonne,4447,,,Big Three,Catholic Conference,5:15 P.M.,,0
2026-09-14,141228,FINAL,Middleborough,4247,2.0,0.0,New Bedford,4273,3.0,1.0,South Shore,Big Three,5:30 P.M.,,0
2026-09-14,141255,UPCOMING,English High,4048,,,Muniz,5018,,,Boston City,Independent,5:30 P.M.,,0
2026-09-14,141312,UPCOMING,Dearborn STEM,5016,,,Boston International,4547,,,Independent,Boston City,4:30 P.M.,,0
2026-09-14,141500,UPCOMING,CASH,4187,,,Cristo Rey,4453,,,Boston City,Catholic Central,4:00 P.M.,,0
2026-09-14,141512,UPCOMING,Charlestown,4084,,,Ruth Batson Academy,4795,,,Boston City,Independent,4:00 P.M.,,0
2026-09-14,141518,FINAL,Dartmouth,4105,3.0,1.0,Dennis-Yarmouth,4111,0.0,0.0,Pioneer,Cape & Islands,5:15 P.M.,,0
2026-09-14,141545,FINAL,Falmouth,4134,1.0,0.0,Bridgewater-Raynham,4053,3.0,1.0,Cape & Islands,Pioneer,5:30 P.M.,,0
2026-09-14,141581,FINAL,Joseph Case,4078,3.0,1.0,Fairhaven,4133,1.0,0.0,South Coast,South Coast,6:00 P.M.,,0
2026-09-14,141637,FINAL,Nantucket,4265,1.0,0.0,St. John Paul II,4689,3.0,1.0,Cape & Islands,Cape & Islands,4:00 P.M.,,0
2026-09-14,141655,FINAL,Cape Cod Tech,4073,2.0,0.0,Monomoy,4706,3.0,1.0,Mayflower,Cape & Islands,5:00 P.M.,,0
2026-09-14,141720,FINAL,Sturgis East,4456,1.0,0.0,Mashpee,4237,3.0,1.0,Cape & Islands,South Shore,7:00 P.M.,,0
2026-09-14,141775,FINAL,Hamilton-Wenham,4163,0.0,0.0,Lynnfield,4223,3.0,1.0,Cape Ann,Cape Ann,5:00 P.M.,,0
2026-09-14,141870,FINAL,Saugus,4341,2.0,0.0,Triton,4395,3.0,1.0,Northeastern,Cape Ann,5:30 P.M.,,0
2026-09-14,141914,FINAL,Newburyport,4276,3.0,1.0,Ipswich,4190,0.0,0.0,Cape Ann,Cape Ann,5:00 P.M.,,0
2026-09-14,141951,FINAL,Archbishop Williams,4012,0.0,0.0,Ursuline,4448,3.0,1.0,Catholic Central,Catholic Conference,6:15 P.M.,,0
2026-09-14,142017,FINAL,St. Mary’s,4374,0.0,0.0,Bishop Feehan,4042,3.0,1.0,Catholic Central,Catholic Central,5:30 P.M.,,0
2026-09-14,142268,UPCOMING,Lynn Tech,4222,,,Lowell Catholic,4217,,,Commonwealth,Commonwealth,5:15 P.M.,,0
2026-09-14,142370,UPCOMING,Prospect Hill,4593,,,KIPP,4703,,,Charter School Athletic,Commonwealth,5:45 P.M.,,0
2026-09-14,142463,FINAL,Northeast,4293,3.0,1.0,Swampscott,4383,2.0,0.0,Commonwealth,Northeastern,6:00 P.M.,,0
2026-09-14,142472,UPCOMING,Notre Dame (Tyngsborough),4540,,,Collegiate Charter,4986,,,Commonwealth,Charter School Athletic,5:45 P.M.,,0
2026-09-14,142624,FINAL,Wayland,4411,3.0,1.0,Bedford,4031,0.0,0.0,Dual County,Dual County,5:15 P.M.,,0
2026-09-14,142680,FINAL,Nipmuc,4281,3.0,1.0,Weston,4423,0.0,0.0,CMAC,Dual County,5:00 P.M.,,0
2026-09-14,142692,UPCOMING,Revere,4329,,,Chelsea,4086,,,Greater Boston,Greater Boston,5:30 P.M.,,0
2026-09-14,142722,UPCOMING,Lynn English,4221,,,Everett,4132,,,Greater Boston,Greater Boston,5:30 P.M.,,0
2026-09-14,142760,FINAL,Malden,4227,0.0,0.0,Lynn Classical,4220,3.0,1.0,Greater Boston,Greater Boston,5:15 P.M.,,0
2026-09-14,142815,FINAL,Somerville,4351,3.0,1.0,Medford,4242,1.0,0.0,Greater Boston,Greater Boston,5:15 P.M.,,0
2026-09-14,142848,FINAL,Oliver Ames,4302,3.0,1.0,Attleboro,4018,0.0,0.0,Hockomock,Hockomock,5:15 P.M.,,0
2026-09-14,142879,FINAL,Foxborough,4142,0.0,0.0,Franklin,4144,3.0,1.0,Hockomock,Hockomock,5:00 P.M.,,0
2026-09-14,142915,FINAL,King Philip,4197,3.0,1.0,Sharon,4345,1.0,0.0,Hockomock,Hockomock,5:00 P.M.,,0
2026-09-14,142944,UPCOMING,Mansfield,4230,,,Milford,4249,,,Hockomock,Hockomock,5:15 P.M.,,0
2026-09-14,142973,FINAL,Canton,4071,3.0,1.0,Taunton,4388,0.0,0.0,Hockomock,Hockomock,6:15 P.M.,,0
2026-09-14,143058,UPCOMING,North Attleborough,4284,,,Stoughton,4381,,,Hockomock,Hockomock,5:15 P.M.,,0
2026-09-14,143149,UPCOMING,Holbrook,4172,,,Norfolk Aggie,4458,,,Mayflower,Mayflower,5:00 P.M.,,0
2026-09-14,143213,UPCOMING,Westport,4461,,,Diman,4115,,,Mayflower,Mayflower,5:00 P.M.,,0
2026-09-14,143224,FINAL,Blue Hills,4047,0.0,0.0,South Shore Voc-Tech,4356,3.0,1.0,Mayflower,Mayflower,5:00 P.M.,,0
2026-09-14,143259,FINAL,Old Colony,4300,3.0,1.0,Bristol-Plymouth,4057,1.0,0.0,Mayflower,Mayflower,5:00 P.M.,,0
2026-09-14,143312,FINAL,Randolph,4327,0.0,0.0,Southeastern,4358,3.0,1.0,South Shore,Mayflower,5:00 P.M.,,0
2026-09-14,143435,FINAL,Haverhill,4167,0.0,0.0,Andover,4009,3.0,1.0,Merrimack Valley,Merrimack Valley,5:00 P.M.,,0
2026-09-14,143466,FINAL,Billerica,4040,1.0,0.0,Chelmsford,4085,3.0,1.0,Merrimack Valley,Merrimack Valley,5:00 P.M.,,0
2026-09-14,143498,FINAL,Methuen,4246,0.0,0.0,Central Catholic,4081,3.0,1.0,Merrimack Valley,Merrimack Valley,5:00 P.M.,,0
2026-09-14,143569,UPCOMING,Lawrence,4203,,,Dracut,4119,,,Merrimack Valley,Merrimack Valley,5:00 P.M.,,0
2026-09-14,143603,FINAL,Lowell,4216,2.0,0.0,Tewksbury,4389,3.0,1.0,Merrimack Valley,Merrimack Valley,4:00 P.M.,,0
2026-09-14,144791,FINAL,Burlington,4065,3.0,1.0,Arlington,4013,0.0,0.0,Middlesex,Middlesex,5:30 P.M.,,0
2026-09-14,144812,FINAL,Wakefield,4402,3.0,1.0,Belmont,4034,1.0,0.0,Middlesex,Middlesex,6:00 P.M.,,0
2026-09-14,144835,UPCOMING,Wilmington,4432,,,Lexington,4209,,,Middlesex,Middlesex,5:30 P.M.,,0
2026-09-14,144852,FINAL,Stoneham,4380,1.0,0.0,Reading,4328,3.0,1.0,Middlesex,Middlesex,5:30 P.M.,,0
2026-09-14,144875,FINAL,Melrose,4244,0.0,0.0,Winchester,4434,3.0,1.0,Middlesex,Middlesex,5:30 P.M.,,0
2026-09-14,144887,FINAL,Watertown,4409,0.0,0.0,Woburn,4438,3.0,1.0,Middlesex,Middlesex,5:30 P.M.,,0
2026-09-14,145614,FINAL,Beverly,4038,3.0,1.0,Masconomet,4236,2.0,0.0,Northeastern,Northeastern,5:30 P.M.,,0
2026-09-14,145634,FINAL,Marblehead,4231,3.0,1.0,Danvers,4103,0.0,0.0,Northeastern,Northeastern,5:30 P.M.,,0
2026-09-14,145730,UPCOMING,Gloucester,4150,,,Winthrop,4437,,,Northeastern,Northeastern,5:45 P.M.,,0
2026-09-14,145735,FINAL,Hanover,4164,3.0,1.0,Plymouth South,4316,0.0,0.0,Patriot,Patriot,5:30 P.M.,,0
2026-09-14,145781,FINAL,Pembroke,4308,1.0,0.0,North Quincy,4287,3.0,1.0,Patriot,Patriot,5:00 P.M.,,0
2026-09-14,145861,FINAL,Quincy,4326,3.0,1.0,Scituate,4343,0.0,0.0,Patriot,Patriot,5:30 P.M.,,0
2026-09-14,145899,FINAL,Duxbury,4123,3.0,1.0,Whitman-Hanson,4427,0.0,0.0,Patriot,Patriot,5:30 P.M.,,0
2026-09-14,145922,FINAL,Plymouth North,4315,3.0,1.0,Hingham,4171,1.0,0.0,Patriot,Patriot,5:15 P.M.,,0
2026-09-14,145939,FINAL,Silver Lake,4349,0.0,0.0,Marshfield,4234,3.0,1.0,Patriot,Patriot,5:30 P.M.,,0
2026-09-14,145977,FINAL,Apponequet,4011,0.0,0.0,Bourne,4050,3.0,1.0,South Coast,South Coast,6:00 P.M.,,0
2026-09-14,146035,FINAL,Greater New Bedford,4156,3.0,1.0,Dighton-Rehoboth,4114,0.0,0.0,South Coast,South Coast,6:00 P.M.,,0
2026-09-14,146093,FINAL,Somerset Berkley,4350,1.0,0.0,Old Rochester,4301,3.0,1.0,South Coast,South Coast,6:00 P.M.,,0
2026-09-14,146171,FINAL,West Bridgewater,4415,3.0,1.0,Seekonk,4344,0.0,0.0,South Coast,South Coast,5:15 P.M.,,0
2026-09-14,146392,FINAL,Abington,4002,0.0,0.0,Calvary Chapel,4828,3.0,1.0,South Shore,Independent,4:45 P.M.,,0
2026-09-14,146507,UPCOMING,Ashland,4015,,,Holliston,4174,,,Tri-Valley,Tri-Valley,6:00 P.M.,,0
2026-09-14,146547,FINAL,Bellingham,4033,3.0,1.0,Dedham,4108,0.0,0.0,Tri-Valley,Tri-Valley,6:15 P.M.,,0
2026-09-14,146598,FINAL,Westwood,4424,0.0,0.0,Hopkinton,4180,3.0,1.0,Tri-Valley,Tri-Valley,6:30 P.M.,,0
2026-09-14,146620,FINAL,Norwood,4297,3.0,1.0,Medfield,4241,0.0,0.0,Tri-Valley,Tri-Valley,5:30 P.M.,,0
2026-09-14,146673,FINAL,Millis,4251,0.0,0.0,Medway,4243,3.0,1.0,Tri-Valley,Tri-Valley,6:15 P.M.,,0
2026-09-14,150692,FINAL,Monty Tech,4259,3.0,1.0,Worcester South,4444,0.0,0.0,CMAC,CMAC,,,0
2026-09-14,150700,FINAL,Malden Catholic,4228,3.0,1.0,Whittier,4428,0.0,0.0,Catholic Conference,Commonwealth,,,0
2026-09-15,140927,FINAL,Wellesley,4413,2.0,0.0,Needham,4272,3.0,1.0,Bay State,Bay State,4:00 P.M.,,0
2026-09-15,140968,FINAL,Natick,4270,3.0,1.0,Braintree,4051,0.0,0.0,Bay State,Bay State,4:00 P.M.,,0
2026-09-15,141000,FINAL,Newton North,4279,3.0,1.0,Milton,4252,0.0,0.0,Bay State,Bay State,4:30 P.M.,,0
2026-09-15,141024,FINAL,Walpole,4404,0.0,0.0,Brookline,4059,3.0,1.0,Bay State,Bay State,4:30 P.M.,,0
2026-09-15,141044,UPCOMING,Framingham,4143,,,Weymouth,4425,,,Bay State,Bay State,4:30 P.M.,,0
2026-09-15,141292,UPCOMING,Boston United,4798,,,Latin Academy,4202,,,Boston City,Boston City,5:30 P.M.,,0
2026-09-15,141365,UPCOMING,Brighton,4055,,,TechBoston/Henderson,4117,,,Boston City,Boston City,5:00 P.M.,,0
2026-09-15,141399,UPCOMING,New Mission,4494,,,East Boston,4125,,,Boston City,Boston City,4:30 P.M.,,0
2026-09-15,141452,UPCOMING,O’Bryant,4298,,,Madison Park,4225,,,Boston City,Boston City,5:30 P.M.,,0
2026-09-15,141744,FINAL,Georgetown,4148,0.0,0.0,Ipswich,4190,3.0,1.0,Cape Ann,Cape Ann,5:30 P.M.,,0
2026-09-15,141777,FINAL,Triton,4395,0.0,0.0,Hamilton-Wenham,4163,3.0,1.0,Cape Ann,Cape Ann,5:15 P.M.,,0
2026-09-15,141844,UPCOMING,North Reading,4288,,,Essex Tech,4745,,,Cape Ann,Cape Ann,5:00 P.M.,,0
2026-09-15,141987,FINAL,Bishop Fenwick,4043,0.0,0.0,Arlington Catholic,4014,3.0,1.0,Catholic Central,Catholic Central,5:30 P.M.,,0
2026-09-15,142062,FINAL,Bishop Stang,4045,3.0,1.0,Cardinal Spellman,4075,1.0,0.0,Catholic Central,Catholic Central,6:00 P.M.,,0
2026-09-15,142201,FINAL,Greater Lawrence,4154,3.0,1.0,Whittier,4428,0.0,0.0,Commonwealth,Commonwealth,5:15 P.M.,,0
2026-09-15,142241,UPCOMING,Greater Lowell,4155,,,Mystic Valley,4264,,,Commonwealth,Commonwealth,6:00 P.M.,,0
2026-09-15,142271,UPCOMING,Innovation Academy,4690,,,Lowell Catholic,4217,,,Commonwealth,Commonwealth,5:15 P.M.,,0
2026-09-15,142354,FINAL,Woburn,4438,3.0,1.0,Shawsheen,4346,0.0,0.0,Middlesex,Commonwealth,5:15 P.M.,,0
2026-09-15,142372,UPCOMING,KIPP,4703,,,Northeast,4293,,,Commonwealth,Commonwealth,5:30 P.M.,,0
2026-09-15,142405,UPCOMING,Nashoba Valley Tech,4268,,,Lynn Tech,4222,,,Commonwealth,Commonwealth,5:15 P.M.,,0
2026-09-15,142474,UPCOMING,Cristo Rey,4453,,,Notre Dame (Tyngsborough),4540,,,Catholic Central,Commonwealth,5:15 P.M.,,0
2026-09-15,142516,FINAL,Cambridge,4067,3.0,1.0,Concord-Carlisle,4097,0.0,0.0,Dual County,Dual County,5:45 P.M.,,0
2026-09-15,142586,FINAL,Newton South,4280,1.0,0.0,Winchester,4434,3.0,1.0,Dual County,Middlesex,5:45 P.M.,,0
2026-09-15,142653,FINAL,Acton-Boxborough,4003,3.0,1.0,Waltham,4405,0.0,0.0,Dual County,Dual County,5:30 P.M.,,0
2026-09-15,143182,FINAL,Wareham,4407,2.0,0.0,Mashpee,4237,3.0,1.0,Mayflower,South Shore,6:00 P.M.,,0
2026-09-15,143609,FINAL,Burlington,4065,3.0,1.0,North Andover,4283,0.0,0.0,Middlesex,Merrimack Valley,6:00 P.M.,,0
2026-09-15,144947,FINAL,Saugus,4341,0.0,0.0,Watertown,4409,3.0,1.0,Northeastern,Middlesex,5:30 P.M.,,0
2026-09-15,146414,FINAL,Norwell,4296,0.0,0.0,Carver,4077,3.0,1.0,South Shore,South Shore,5:45 P.M.,,0
2026-09-15,146466,FINAL,Randolph,4327,0.0,0.0,East Bridgewater,4126,3.0,1.0,South Shore,South Shore,5:00 P.M.,,0
2026-09-15,146479,FINAL,Rockland,4331,3.0,1.0,Middleborough,4247,0.0,0.0,South Shore,South Shore,5:30 P.M.,,0
2026-09-15,150892,FINAL,Pentucket,4309,0.0,0.0,Newburyport,4276,3.0,1.0,Cape Ann,Cape Ann,5:00 P.M.,,0
2026-09-15,150902,FINAL,Nashoba,4267,0.0,0.0,Groton-Dunstable,4160,3.0,1.0,Mid-Wach,Mid-Wach,,,0
2026-09-15,150905,FINAL,Calvary Chapel,4828,3.0,1.0,Whitinsville Christian,4487,0.0,0.0,Independent,CMAC,,,0
2026-09-15,150917,FINAL,Boston Prep,4655,0.0,0.0,Pacific Rim Charter,4478,3.0,1.0,Charter School Athletic,Charter School Athletic,,,0
2026-09-16,141001,FINAL,Wakefield,4402,3,1,Newton North,4279,2,0,Middlesex,Bay State,6:00 P.M.,,0
2026-09-16,141161,FINAL,New Bedford,4273,3,1,Durfee,4122,0,0,Big Three,Big Three,5:15 P.M.,,0
2026-09-16,141202,FINAL,Brockton,4058,1,0,Belmont,4034,3,1,Big Three,Middlesex,5:15 P.M.,,0
2026-09-16,141488,POSTPONED,Ruth Batson Academy,4795,,,Boston International,4547,,,Independent,Boston City,4:30 P.M.,,0
2026-09-16,141501,POSTPONED,CASH,4187,,,Charlestown,4084,,,Boston City,Boston City,4:00 P.M.,,0
2026-09-16,141547,FINAL,Notre Dame (Hingham),4449,3,1,Falmouth,4134,0,0,Catholic Conference,Cape & Islands,6:00 P.M.,,0
2026-09-16,141582,FINAL,Fairhaven,4133,3,1,Seekonk,4344,0,0,South Coast,South Coast,6:00 P.M.,,0
2026-09-16,141614,FINAL,Sandwich,4340,3,1,Nantucket,4265,0,0,Cape & Islands,Cape & Islands,3:30 P.M.,,0
2026-09-16,141639,FINAL,St. John Paul II,4689,3,1,Sturgis West,4735,0,0,Cape & Islands,Cape & Islands,6:30 P.M.,,0
2026-09-16,141915,FINAL,Ipswich,4190,0,0,Melrose,4244,3,1,Cape Ann,Middlesex,5:30 P.M.,,0
2026-09-16,142020,FINAL,Barrington (R.I.),4025,1,0,Bishop Feehan,4042,3,1,Independent,Catholic Central,7:00 P.M.,,0
2026-09-16,142183,FINAL,Groton-Dunstable,4160,0,0,Ursuline,4448,3,1,Mid-Wach,Catholic Conference,6:15 P.M.,,0
2026-09-16,142423,FINAL,Minuteman,4255,3,1,Gloucester,4150,1,0,Independent,Northeastern,5:45 P.M.,,0
2026-09-16,142562,FINAL,Boston Latin,4049,2,0,Lincoln-Sudbury,4211,3,1,Dual County,Dual County,4:00 P.M.,,0
2026-09-16,142584,FINAL,Bedford,4031,0,0,Newton South,4280,3,1,Dual County,Dual County,5:30 P.M.,,0
2026-09-16,142672,FINAL,Weston,4423,3,1,Wayland,4411,0,0,Dual County,Dual County,5:30 P.M.,,0
2026-09-16,142695,FINAL,Malden,4227,3,1,Chelsea,4086,0,0,Greater Boston,Greater Boston,5:15 P.M.,,0
2026-09-16,142724,FINAL,Everett,4132,0,0,Lynn Classical,4220,3,1,Greater Boston,Greater Boston,5:15 P.M.,,0
2026-09-16,142780,FINAL,Lynn English,4221,0,0,Somerville,4351,3,1,Greater Boston,Greater Boston,5:30 P.M.,,0
2026-09-16,142818,FINAL,Revere,4329,2,0,Medford,4242,3,1,Greater Boston,Greater Boston,4:00 P.M.,,0
2026-09-16,142851,FINAL,Stoughton,4381,0,0,Attleboro,4018,3,1,Hockomock,Hockomock,5:00 P.M.,,0
2026-09-16,142882,FINAL,Sharon,4345,0,0,Franklin,4144,3,1,Hockomock,Hockomock,5:15 P.M.,,0
2026-09-16,142917,FINAL,Foxborough,4142,0,0,King Philip,4197,3,1,Hockomock,Hockomock,5:00 P.M.,,0
2026-09-16,142946,FINAL,Milford,4249,2,0,Taunton,4388,3,1,Hockomock,Hockomock,5:15 P.M.,,0
2026-09-16,142994,FINAL,Mansfield,4230,0,0,Canton,4071,3,1,Hockomock,Hockomock,5:15 P.M.,,0
2026-09-16,143061,FINAL,Oliver Ames,4302,3,1,North Attleborough,4284,0,0,Hockomock,Hockomock,5:15 P.M.,,0
2026-09-16,143090,FINAL,Avon,4460,3,1,Atlantis Charter,4818,0,0,Mayflower,Mayflower,5:00 P.M.,,0
2026-09-16,143151,FINAL,Wareham,4407,0,0,Holbrook,4172,3,1,Mayflower,Mayflower,5:00 P.M.,,0
2026-09-16,143226,FINAL,Blue Hills,4047,0,0,Diman,4115,3,1,Mayflower,Mayflower,5:00 P.M.,,0
2026-09-16,143262,FINAL,Upper Cape,4457,3,1,Bristol-Plymouth,4057,1,0,Mayflower,Mayflower,5:00 P.M.,,0
2026-09-16,143314,FINAL,Tri-County,4392,3,1,Southeastern,4358,0,0,Mayflower,Mayflower,5:00 P.M.,,0
2026-09-16,143387,FINAL,Old Colony,4300,3,1,Norfolk Aggie,4458,0,0,Mayflower,Mayflower,5:00 P.M.,,0
2026-09-16,143436,FINAL,Andover,4009,3,1,Methuen,4246,0,0,Merrimack Valley,Merrimack Valley,5:00 P.M.,,0
2026-09-16,143467,FINAL,Billerica,4040,3,1,Haverhill,4167,1,0,Merrimack Valley,Merrimack Valley,5:00 P.M.,,0
2026-09-16,143499,FINAL,Central Catholic,4081,3,1,Chelmsford,4085,0,0,Merrimack Valley,Merrimack Valley,5:00 P.M.,,0
2026-09-16,143591,FINAL,Lawrence,4203,3,1,Lowell,4216,0,0,Merrimack Valley,Merrimack Valley,5:00 P.M.,,0
2026-09-16,143612,FINAL,Tewksbury,4389,1,0,North Andover,4283,3,1,Merrimack Valley,Merrimack Valley,5:30 P.M.,,0
2026-09-16,144854,FINAL,Reading,4328,3,1,Barnstable,4024,0,0,Middlesex,Pioneer,5:45 P.M.,,0
2026-09-16,144928,FINAL,Danvers,4103,3,1,Stoneham,4380,0,0,Northeastern,Middlesex,5:15 P.M.,,0
2026-09-16,145615,FINAL,Beverly,4038,3,1,Salem,4336,1,0,Northeastern,Northeastern,5:30 P.M.,,0
2026-09-16,145670,FINAL,Masconomet,4236,3,1,Saugus,4341,1,0,Northeastern,Northeastern,6:00 P.M.,,0
2026-09-16,145679,FINAL,Peabody,4306,3,1,Winthrop,4437,1,0,Northeastern,Northeastern,5:30 P.M.,,0
2026-09-16,145737,FINAL,Hanover,4164,1,0,Duxbury,4123,3,1,Patriot,Patriot,5:30 P.M.,,0
2026-09-16,145783,FINAL,Silver Lake,4349,0,0,North Quincy,4287,3,1,Patriot,Patriot,5:30 P.M.,,0
2026-09-16,145817,FINAL,Hingham,4171,1,0,Pembroke,4308,3,1,Patriot,Patriot,5:15 P.M.,,0
2026-09-16,145843,FINAL,Plymouth North,4315,3,1,Plymouth South,4316,0,0,Patriot,Patriot,4:45 P.M.,,0
2026-09-16,145862,FINAL,Marshfield,4234,2,0,Quincy,4326,3,1,Patriot,Patriot,5:30 P.M.,,0
2026-09-16,145876,FINAL,Whitman-Hanson,4427,3,1,Scituate,4343,0,0,Patriot,Patriot,5:30 P.M.,,0
2026-09-16,145980,FINAL,Somerset Berkley,4350,3,1,Apponequet,4011,0,0,South Coast,South Coast,6:00 P.M.,,0
2026-09-16,146037,FINAL,Old Rochester,4301,3,1,Dighton-Rehoboth,4114,0,0,South Coast,South Coast,6:00 P.M.,,0
2026-09-16,146128,FINAL,Joseph Case,4078,3,1,Bourne,4050,0,0,South Coast,South Coast,6:00 P.M.,,0
2026-09-16,146192,FINAL,Bridgewater-Raynham,4053,0,0,Dartmouth,4105,3,1,Pioneer,Pioneer,5:15 P.M.,,0
2026-09-16,146393,FINAL,Abington,4002,0,0,Cohasset,4094,3,1,South Shore,South Shore,5:15 P.M.,,0
2026-09-16,146508,FINAL,Hopkinton,4180,3,1,Ashland,4015,2,0,Tri-Valley,Tri-Valley,5:30 P.M.,,0
2026-09-16,146550,FINAL,Dedham,4108,3,1,Millis,4251,1,0,Tri-Valley,Tri-Valley,5:45 P.M.,,0
2026-09-16,146576,FINAL,Holliston,4174,0,0,Norwood,4297,3,1,Tri-Valley,Tri-Valley,6:00 P.M.,,0
2026-09-16,146637,FINAL,Westwood,4424,1,0,Medfield,4241,3,1,Tri-Valley,Tri-Valley,6:00 P.M.,,0
2026-09-16,146653,FINAL,Shrewsbury,4348,0,0,Bellingham,4033,3,1,Mid-Wach,Tri-Valley,5:15 P.M.,,0
2026-09-16,146674,FINAL,Norton,4295,3,1,Medway,4243,0,0,Tri-Valley,Tri-Valley,6:00 P.M.,,0
2026-09-16,150970,FINAL,Nauset,4271,2,0,Monomoy,4706,3,1,Cape & Islands,Cape & Islands,,,0
2026-09-16,150974,FINAL,Monty Tech,4259,1,0,Douglas,4506,3,1,CMAC,CMAC,,,0
2026-09-16,150999,FINAL,Nashoba,4267,2,0,Westborough,4418,3,1,Mid-Wach,Mid-Wach,,,0
2026-09-16,151032,FINAL,Cape Cod Tech,4073,0,0,South Shore Voc-Tech,4356,3,1,Mayflower,Mayflower,,,0
2026-09-17,140930,FINAL,Needham,4272,3,1,Milton,4252,0,0,Bay State,Bay State,4:00 P.M.,,0
2026-09-17,140970,FINAL,Wellesley,4413,2,0,Natick,4270,3,1,Bay State,Bay State,4:00 P.M.,,0
2026-09-17,141003,FINAL,Braintree,4051,0,0,Newton North,4279,3,1,Bay State,Bay State,4:00 P.M.,,0
2026-09-17,141027,FINAL,Brookline,4059,3,1,Framingham,4143,0,0,Bay State,Bay State,5:15 P.M.,,0
2026-09-17,141108,UPCOMING,Weymouth,4425,,,Walpole,4404,,,Bay State,Bay State,5:30 P.M.,,0
2026-09-17,141258,FINAL,English High,4048,1,0,New Mission,4494,3,1,Boston City,Boston City,4:30 P.M.,,0
2026-09-17,141294,FINAL,Boston United,4798,2,0,Brighton,4055,3,1,Boston City,Boston City,5:00 P.M.,,0
2026-09-17,141338,FINAL,TechBoston/Henderson,4117,3,1,Muniz,5018,1,0,Boston City,Independent,5:30 P.M.,,0
2026-09-17,141402,FINAL,East Boston,4125,0,0,O’Bryant,4298,3,1,Boston City,Boston City,4:30 P.M.,,0
2026-09-17,141466,FINAL,Latin Academy,4202,0,0,Madison Park,4225,3,1,Boston City,Boston City,4:30 P.M.,,0
2026-09-17,141583,FINAL,Westport,4461,1,0,Fairhaven,4133,3,1,Mayflower,South Coast,6:00 P.M.,,0
2026-09-17,141811,FINAL,Newburyport,4276,3,1,Lynnfield,4223,0,0,Cape Ann,Cape Ann,5:00 P.M.,,0
2026-09-17,141847,FINAL,Pentucket,4309,2,0,North Reading,4288,3,1,Cape Ann,Cape Ann,5:15 P.M.,,0
2026-09-17,141871,FINAL,Salem,4336,3,1,Triton,4395,1,0,Northeastern,Cape Ann,5:30 P.M.,,0
2026-09-17,141954,FINAL,Cardinal Spellman,4075,0,0,Archbishop Williams,4012,3,1,Catholic Central,Catholic Central,5:15 P.M.,,0
2026-09-17,142065,FINAL,Dighton-Rehoboth,4114,3,1,Bishop Stang,4045,2,0,South Coast,Catholic Central,6:00 P.M.,,0
2026-09-17,142101,FINAL,St. Mary’s,4374,3,1,Bishop Fenwick,4043,0,0,Catholic Central,Catholic Central,5:00 P.M.,,0
2026-09-17,142242,FINAL,Mystic Valley,4264,3,1,Greater Lowell,4155,1,0,Commonwealth,Commonwealth,5:30 P.M.,,0
2026-09-17,142274,FINAL,Whittier,4428,3,1,Lowell Catholic,4217,1,0,Commonwealth,Commonwealth,5:15 P.M.,,0
2026-09-17,142303,FINAL,South Lancaster,4484,3,1,Innovation Academy,4690,0,0,Worcester County,Commonwealth,5:00 P.M.,,0
2026-09-17,142375,UPCOMING,KIPP,4703,,,Lynn English,4221,,,Commonwealth,Greater Boston,5:30 P.M.,,0
2026-09-17,142407,UPCOMING,Northeast,4293,,,Lynn Tech,4222,,,Commonwealth,Commonwealth,5:30 P.M.,,0
2026-09-17,142424,FINAL,Nashoba Valley Tech,4268,0,0,Minuteman,4255,3,1,Commonwealth,Independent,5:15 P.M.,,0
2026-09-17,142475,FINAL,Notre Dame (Tyngsborough),4540,1,0,Ayer Shirley,4022,3,1,Commonwealth,Mid-Wach,5:15 P.M.,,0
2026-09-17,142487,FINAL,Acton-Boxborough,4003,3,1,Concord-Carlisle,4097,0,0,Dual County,Dual County,6:00 P.M.,,0
2026-09-17,142650,FINAL,Somerville,4351,3,1,Waltham,4405,1,0,Greater Boston,Dual County,5:15 P.M.,,0
2026-09-17,142681,FINAL,Weston,4423,3,1,Old Rochester,4301,1,0,Dual County,South Coast,5:30 P.M.,,0
2026-09-17,143042,POSTPONED,Stoughton,4381,,,Mansfield,4230,,,Hockomock,Hockomock,5:00 P.M.,,0
2026-09-17,145636,FINAL,Gloucester,4150,2,0,Danvers,4103,3,1,Northeastern,Northeastern,5:15 P.M.,,0
2026-09-17,145657,FINAL,Marblehead,4231,3,1,Swampscott,4383,0,0,Northeastern,Northeastern,5:30 P.M.,,0
2026-09-17,146061,FINAL,Greater New Bedford,4156,3,1,West Bridgewater,4415,2,0,South Coast,South Coast,6:00 P.M.,,0
2026-09-17,146395,FINAL,Mashpee,4237,3,1,Abington,4002,0,0,South Shore,South Shore,5:30 P.M.,,0
2026-09-17,146416,UPCOMING,Cohasset,4094,,,Carver,4077,,,South Shore,South Shore,6:00 P.M.,,0
2026-09-17,146469,UPCOMING,East Bridgewater,4126,,,Norwell,4296,,,South Shore,South Shore,5:15 P.M.,,0
2026-09-17,146482,FINAL,Middleborough,4247,3,1,Randolph,4327,0,0,South Shore,South Shore,5:45 P.M.,,0
2026-09-17,151130,FINAL,Monty Tech,4259,3,1,Blackstone-Millville,4486,0,0,CMAC,CMAC,,,0
2026-09-17,151147,FINAL,Ware,4406,0,0,Renaissance,4664,3,1,Central,Metro,5:15 P.M.,,0
2026-09-17,151150,FINAL,Wachusett,4400,3,1,North Middlesex,4286,0,0,Mid-Wach,Mid-Wach,5:15 P.M.,,0
2026-09-17,151152,FINAL,Dedham,4108,3,1,Fontbonne,4447,1,0,Tri-Valley,Catholic Conference,5:30 P.M.,,0
2026-09-17,151158,FINAL,Calvary Chapel,4828,3,1,Cathedral,4079,0,0,Independent,Catholic Central,5:00 P.M.,,0
2026-09-18,140932,FINAL,Needham,4272,0,0,Brookline,4059,3,1,Bay State,Bay State,4:00 P.M.,,0
2026-09-18,141045,UPCOMING,Framingham,4143,,,Waltham,4405,,,Bay State,Dual County,4:00 P.M.,,0
2026-09-18,141109,FINAL,Westwood,4424,3,1,Walpole,4404,1,0,Tri-Valley,Bay State,6:00 P.M.,,0
2026-09-18,141141,FINAL,Weymouth,4425,3,1,Rockland,4331,2,0,Bay State,South Shore,5:30 P.M.,,0
2026-09-18,141163,FINAL,Durfee,4122,3,1,Apponequet,4011,1,0,Big Three,South Coast,5:15 P.M.,,0
2026-09-18,141204,FINAL,Quincy,4326,3,1,Brockton,4058,0,0,Patriot,Big Three,5:30 P.M.,,0
2026-09-18,141229,FINAL,Bridgewater-Raynham,4053,3,1,New Bedford,4273,0,0,Pioneer,Big Three,5:15 P.M.,,0
2026-09-18,141259,UPCOMING,English High,4048,,,Boston International,4547,,,Boston City,Boston City,4:30 P.M.,,0
2026-09-18,141313,UPCOMING,Dearborn STEM,5016,,,Latin Academy,4202,,,Independent,Boston City,5:30 P.M.,,0
2026-09-18,141341,FINAL,Nantucket,4265,3,1,Muniz,5018,0,0,Cape & Islands,Independent,3:30 P.M.,,0
2026-09-18,141367,FINAL,Brighton,4055,0,0,O’Bryant,4298,3,1,Boston City,Boston City,5:00 P.M.,,0
2026-09-18,141433,UPCOMING,New Mission,4494,,,Chelsea,4086,,,Boston City,Greater Boston,5:00 P.M.,,0
2026-09-18,141549,FINAL,Barnstable,4024,3,1,Falmouth,4134,0,0,Pioneer,Cape & Islands,5:00 P.M.,,0
2026-09-18,141640,FINAL,Sturgis East,4456,2,0,St. John Paul II,4689,3,1,Cape & Islands,Cape & Islands,7:00 P.M.,,0
2026-09-18,141656,FINAL,Monomoy,4706,3,1,Mashpee,4237,2,0,Cape & Islands,South Shore,5:30 P.M.,,0
2026-09-18,141780,FINAL,Peabody,4306,0,0,Hamilton-Wenham,4163,3,1,Northeastern,Cape Ann,5:30 P.M.,,0
2026-09-18,141956,FINAL,Archbishop Williams,4012,3,1,Notre Dame (Hingham),4449,0,0,Catholic Central,Catholic Conference,6:15 P.M.,,0
2026-09-18,141990,FINAL,Shawsheen,4346,3,1,Arlington Catholic,4014,1,0,Commonwealth,Catholic Central,6:00 P.M.,,0
2026-09-18,142022,FINAL,Acton-Boxborough,4003,3,1,Bishop Feehan,4042,2,0,Dual County,Catholic Central,6:00 P.M.,,0
2026-09-18,142043,FINAL,Bishop Fenwick,4043,2,0,Medford,4242,3,1,Catholic Central,Greater Boston,5:00 P.M.,,0
2026-09-18,142118,UPCOMING,Dedham,4108,,,Fontbonne,4447,,,Tri-Valley,Catholic Conference,5:30 P.M.,,0
2026-09-18,142192,FINAL,Ursuline,4448,3,1,Cardinal Spellman,4075,0,0,Catholic Conference,Catholic Central,6:15 P.M.,,0
2026-09-18,142519,FINAL,Malden,4227,1,0,Cambridge,4067,3,1,Greater Boston,Dual County,5:30 P.M.,,0
2026-09-18,142541,FINAL,Concord-Carlisle,4097,1,0,Wayland,4411,3,1,Dual County,Dual County,6:00 P.M.,,0
2026-09-18,142565,FINAL,Hopkinton,4180,3,1,Lincoln-Sudbury,4211,2,0,Tri-Valley,Dual County,4:30 P.M.,,0
2026-09-18,142604,FINAL,Billerica,4040,2,0,Westford,4421,3,1,Merrimack Valley,Dual County,5:30 P.M.,,0
2026-09-18,142853,FINAL,Attleboro,4018,3,1,Canton,4071,2,0,Hockomock,Hockomock,5:15 P.M.,,0
2026-09-18,142885,FINAL,Franklin,4144,2,0,Oliver Ames,4302,3,1,Hockomock,Hockomock,5:00 P.M.,,0
2026-09-18,142919,FINAL,Milford,4249,2,0,King Philip,4197,3,1,Hockomock,Hockomock,5:15 P.M.,,0
2026-09-18,142976,UPCOMING,Taunton,4388,,,North Attleborough,4284,,,Hockomock,Hockomock,5:15 P.M.,,0
2026-09-18,143020,FINAL,Sharon,4345,3,1,Foxborough,4142,1,0,Hockomock,Hockomock,5:00 P.M.,,0
2026-09-18,143092,UPCOMING,Atlantis Charter,4818,,,Holbrook,4172,,,Mayflower,Mayflower,5:00 P.M.,,0
2026-09-18,143187,FINAL,Wareham,4407,0,0,Westport,4461,3,1,Mayflower,Mayflower,6:30 P.M.,,0
2026-09-18,143229,FINAL,Bristol-Plymouth,4057,3,1,Blue Hills,4047,2,0,Mayflower,Mayflower,5:00 P.M.,,0
2026-09-18,143296,UPCOMING,Diman,4115,,,Tri-County,4392,,,Mayflower,Mayflower,5:00 P.M.,,0
2026-09-18,143317,UPCOMING,Southeastern,4358,,,Upper Cape,4457,,,Mayflower,Mayflower,5:00 P.M.,,0
2026-09-18,143355,UPCOMING,South Shore Voc-Tech,4356,,,Bristol Aggie,4463,,,Mayflower,Mayflower,5:00 P.M.,,0
2026-09-18,143374,FINAL,Norfolk Aggie,4458,1,0,Cape Cod Tech,4073,3,1,Mayflower,Mayflower,5:00 P.M.,,0
2026-09-18,143416,FINAL,Old Colony,4300,3,1,Middleborough,4247,1,0,Mayflower,South Shore,5:30 P.M.,,0
2026-09-18,143439,FINAL,Lawrence,4203,0,0,Andover,4009,3,1,Merrimack Valley,Merrimack Valley,5:00 P.M.,,0
2026-09-18,143500,FINAL,Dracut,4119,0,0,Central Catholic,4081,3,1,Merrimack Valley,Merrimack Valley,5:00 P.M.,,0
2026-09-18,143523,FINAL,North Andover,4283,1,0,Chelmsford,4085,3,1,Merrimack Valley,Merrimack Valley,5:00 P.M.,,0
2026-09-18,143544,FINAL,Lowell,4216,0,0,Haverhill,4167,3,1,Merrimack Valley,Merrimack Valley,5:00 P.M.,,0
2026-09-18,143563,FINAL,Tewksbury,4389,0,0,Methuen,4246,3,1,Merrimack Valley,Merrimack Valley,5:30 P.M.,,0
2026-09-18,144794,FINAL,Arlington,4013,3,1,Stoneham,4380,1,0,Middlesex,Middlesex,5:30 P.M.,,0
2026-09-18,144815,FINAL,Belmont,4034,0,0,Burlington,4065,3,1,Middlesex,Middlesex,5:30 P.M.,,0
2026-09-18,144837,FINAL,Lexington,4209,0,0,Melrose,4244,3,1,Middlesex,Middlesex,5:30 P.M.,,0
2026-09-18,144855,FINAL,Reading,4328,3,1,Watertown,4409,0,0,Middlesex,Middlesex,5:45 P.M.,,0
2026-09-18,144877,FINAL,Winchester,4434,3,1,Wakefield,4402,0,0,Middlesex,Middlesex,5:30 P.M.,,0
2026-09-18,144889,FINAL,Woburn,4438,3,1,Wilmington,4432,0,0,Middlesex,Middlesex,5:30 P.M.,,0
2026-09-18,145740,FINAL,Scituate,4343,3,1,Hanover,4164,2,0,Patriot,Patriot,5:30 P.M.,,0
2026-09-18,145818,FINAL,Pembroke,4308,3,1,Plymouth South,4316,0,0,Patriot,Patriot,5:30 P.M.,,0
2026-09-18,145901,FINAL,Duxbury,4123,3,1,Silver Lake,4349,1,0,Patriot,Patriot,5:30 P.M.,,0
2026-09-18,145923,FINAL,Marshfield,4234,0,0,Hingham,4171,3,1,Patriot,Patriot,5:30 P.M.,,0
2026-09-18,145948,FINAL,Whitman-Hanson,4427,1,0,Plymouth North,4315,3,1,Patriot,Patriot,5:30 P.M.,,0
2026-09-18,146062,FINAL,Dartmouth,4105,3,1,Greater New Bedford,4156,2,0,Pioneer,South Coast,5:15 P.M.,,0
2026-09-18,146131,FINAL,East Bridgewater,4126,3,1,Bourne,4050,0,0,South Shore,South Coast,5:15 P.M.,,0
2026-09-18,146175,FINAL,Norton,4295,1,0,West Bridgewater,4415,3,1,Tri-Valley,South Coast,5:00 P.M.,,0
2026-09-18,146666,FINAL,Medfield,4241,3,1,Nipmuc,4281,0,0,Tri-Valley,CMAC,6:30 P.M.,,0
2026-09-18,146676,FINAL,Sutton,4512,1,0,Medway,4243,3,1,CMAC,Tri-Valley,5:15 P.M.,,0
2026-09-18,146692,FINAL,Millis,4251,0,0,Hopedale,4507,3,1,Tri-Valley,CMAC,6:15 P.M.,,0
2026-09-18,151165,FINAL,Worcester North,4443,0,0,Abby Kelley Foster,4503,3,1,CMAC,CMAC,4:45 P.M.,,0
2026-09-18,151181,FINAL,Dana Hall,4102,3,1,Berwick,4037,0,0,EIL,EIL,,,0
2026-09-18,151184,FINAL,Thayer,4390,3,1,Austin Prep,4020,0,0,ISL,Independent,5:30 P.M.,,0
2026-09-18,151188,FINAL,Nashoba,4267,3,1,Hudson,4182,0,0,Mid-Wach,Mid-Wach,5:15 P.M.,,0
2026-09-18,151191,FINAL,Revere,4329,2,0,Malden Catholic,4228,3,1,Greater Boston,Catholic Conference,5:30 P.M.,,0
2026-09-19,151236,FINAL,Berwick,4037,3,1,Wheeler (R.I.),4426,1,0,EIL,EIL,,,0
2026-09-19,151251,FINAL,Pingree,4312,2,0,Lawrence Academy,4204,3,1,EIL,ISL,,,0
2026-09-21,141143,FINAL,Brockton,4058,2,0,Weymouth,4425,3,1,Big Three,Bay State,5:15 P.M.,,0
2026-09-21,141165,FINAL,Durfee,4122,0,0,Dartmouth,4105,3,1,Big Three,Pioneer,5:15 P.M.,,0
2026-09-21,141231,FINAL,New Bedford,4273,0,0,Taunton,4388,3,1,Big Three,Hockomock,5:15 P.M.,,0
2026-09-21,141314,FINAL,Charlestown,4084,0,0,Dearborn STEM,5016,3,1,Boston City,Independent,4:00 P.M.,,0
2026-09-21,141503,FINAL,Ruth Batson Academy,4795,0,0,Boston International,4547,3,1,Independent,Boston City,4:30 P.M.,,0
2026-09-21,141522,FINAL,Dennis-Yarmouth,4111,0,0,St. John Paul II,4689,3,1,Cape & Islands,Cape & Islands,5:30 P.M.,,0
2026-09-21,141586,FINAL,Old Rochester,4301,3,1,Fairhaven,4133,0,0,South Coast,South Coast,6:00 P.M.,,0
2026-09-21,141658,FINAL,Westport,4461,3,1,Monomoy,4706,2,0,Mayflower,Cape & Islands,5:00 P.M.,,0
2026-09-21,141681,FINAL,Nantucket,4265,3,1,Rising Tide Charter,4746,0,0,Cape & Islands,Cape & Islands,4:00 P.M.,,0
2026-09-21,141722,UPCOMING,Sturgis West,4735,,,Sturgis East,4456,,,Cape & Islands,Cape & Islands,7:00 P.M.,,0
2026-09-21,141889,FINAL,Ipswich,4190,0,0,Essex Tech,4745,3,1,Cape Ann,Cape Ann,5:00 P.M.,,0
2026-09-21,141932,FINAL,Masconomet,4236,0,0,Newburyport,4276,3,1,Northeastern,Cape Ann,5:30 P.M.,,0
2026-09-21,141991,FINAL,Fontbonne,4447,2,0,Arlington Catholic,4014,3,1,Catholic Conference,Catholic Central,6:15 P.M.,,0
2026-09-21,142046,FINAL,Beverly,4038,3,1,Bishop Fenwick,4043,0,0,Northeastern,Catholic Central,5:30 P.M.,,0
2026-09-21,142084,FINAL,Rockland,4331,3,1,Cardinal Spellman,4075,0,0,South Shore,Catholic Central,5:30 P.M.,,0
2026-09-21,142137,FINAL,Mystic Valley,4264,3,1,Malden Catholic,4228,0,0,Commonwealth,Catholic Conference,6:30 P.M.,,0
2026-09-21,142204,FINAL,Greater Lawrence,4154,3,1,Millbury,4250,0,0,Commonwealth,CMAC,5:15 P.M.,,0
2026-09-21,142307,FINAL,Innovation Academy,4690,3,1,Neighborhood House Charter,5035,0,0,Commonwealth,Charter School Athletic,4:00 P.M.,,0
2026-09-21,142325,FINAL,Whittier,4428,3,1,Gloucester,4150,0,0,Commonwealth,Northeastern,5:45 P.M.,,0
2026-09-21,142696,UPCOMING,Chelsea,4086,,,Everett,4132,,,Greater Boston,Greater Boston,5:30 P.M.,,0
2026-09-21,142781,FINAL,Lynn English,4221,2,0,Revere,4329,3,1,Greater Boston,Greater Boston,5:30 P.M.,,0
2026-09-21,142801,FINAL,Somerville,4351,3,1,Malden,4227,0,0,Greater Boston,Greater Boston,5:15 P.M.,,0
2026-09-21,143063,FINAL,North Attleborough,4284,3,1,Norton,4295,2,0,Hockomock,Tri-Valley,5:15 P.M.,,0
2026-09-21,143120,UPCOMING,Avon,4460,,,Abington,4002,,,Mayflower,South Shore,5:30 P.M.,,0
2026-09-21,143189,FINAL,Upper Cape,4457,3,1,Wareham,4407,0,0,Mayflower,Mayflower,6:00 P.M.,,0
2026-09-21,143231,FINAL,Old Colony,4300,3,1,Blue Hills,4047,0,0,Mayflower,Mayflower,5:00 P.M.,,0
2026-09-21,143297,FINAL,Bristol Aggie,4463,1,0,Diman,4115,3,1,Mayflower,Mayflower,5:00 P.M.,,0
2026-09-21,144931,FINAL,Saugus,4341,0,0,Stoneham,4380,3,1,Northeastern,Middlesex,5:30 P.M.,,0
2026-09-21,145623,UPCOMING,Beverly,4038,,,Winthrop,4437,,,Northeastern,Northeastern,5:30 P.M.,,0
2026-09-21,145687,FINAL,Salem Academy,4604,0,0,Salem,4336,3,1,Charter School Athletic,Northeastern,5:30 P.M.,,0
2026-09-21,145743,FINAL,Hanover,4164,2,0,Silver Lake,4349,3,1,Patriot,Patriot,5:30 P.M.,,0
2026-09-21,145784,FINAL,North Quincy,4287,0,0,Duxbury,4123,3,1,Patriot,Patriot,5:30 P.M.,,0
2026-09-21,145819,FINAL,Pembroke,4308,3,1,Plymouth North,4315,1,0,Patriot,Patriot,5:00 P.M.,,0
2026-09-21,145845,FINAL,Plymouth South,4316,0,0,Hingham,4171,3,1,Patriot,Patriot,5:30 P.M.,,0
2026-09-21,145865,FINAL,Quincy,4326,3,1,Whitman-Hanson,4427,1,0,Patriot,Patriot,5:30 P.M.,,0
2026-09-21,145877,FINAL,Scituate,4343,1,0,Marshfield,4234,3,1,Patriot,Patriot,5:30 P.M.,,0
2026-09-21,145983,FINAL,Apponequet,4011,0,0,Greater New Bedford,4156,3,1,South Coast,South Coast,6:00 P.M.,,0
2026-09-21,146043,FINAL,Dighton-Rehoboth,4114,1,0,Somerset Berkley,4350,3,1,South Coast,South Coast,6:00 P.M.,,0
2026-09-21,146133,FINAL,Bourne,4050,0,0,West Bridgewater,4415,3,1,South Coast,South Coast,6:00 P.M.,,0
2026-09-21,146153,FINAL,Seekonk,4344,0,0,Joseph Case,4078,3,1,South Coast,South Coast,6:00 P.M.,,0
2026-09-21,146419,FINAL,Carver,4077,3,1,Calvary Chapel,4828,0,0,South Shore,Independent,5:30 P.M.,,0
2026-09-21,146451,FINAL,Mashpee,4237,1,0,Middleborough,4247,3,1,South Shore,South Shore,5:30 P.M.,,0
2026-09-21,146496,FINAL,Randolph,4327,3,1,New Heights Charter,5088,0,0,South Shore,Charter School Athletic,5:15 P.M.,,0
2026-09-21,151441,FINAL,Lynn Tech,4222,1,0,Northeast,4293,3,1,Commonwealth,Commonwealth,,,0
2026-09-21,151444,FINAL,Easthampton,4130,3,1,Ware,4406,2,0,Southern,Central,,,0
2026-09-21,151445,FINAL,Whitinsville Christian,4487,0,0,Groton-Dunstable,4160,3,1,CMAC,Mid-Wach,,,0
2026-09-22,140971,FINAL,Wayland,4411,1,0,Natick,4270,3,1,Dual County,Bay State,5:30 P.M.,,0
2026-09-22,141111,FINAL,Norwood,4297,3,1,Walpole,4404,0,0,Tri-Valley,Bay State,5:00 P.M.,,0
2026-09-22,141262,FINAL,Brighton,4055,3,1,English High,4048,1,0,Boston City,Boston City,5:00 P.M.,,0
2026-09-22,141296,FINAL,TechBoston/Henderson,4117,3,1,Boston United,4798,0,0,Boston City,Boston City,5:00 P.M.,,0
2026-09-22,141344,FINAL,Muniz,5018,0,0,East Boston,4125,3,1,Independent,Boston City,5:30 P.M.,,0
2026-09-22,141436,FINAL,Madison Park,4225,1,0,New Mission,4494,3,1,Boston City,Boston City,4:30 P.M.,,0
2026-09-22,141455,FINAL,O’Bryant,4298,3,1,Latin Academy,4202,0,0,Boston City,Boston City,5:30 P.M.,,0
2026-09-22,141550,FINAL,Falmouth,4134,3,1,Nauset,4271,2,0,Cape & Islands,Cape & Islands,6:00 P.M.,,0
2026-09-22,141745,UPCOMING,Winthrop,4437,,,Georgetown,4148,,,Northeastern,Cape Ann,5:45 P.M.,,0
2026-09-22,141781,FINAL,Hamilton-Wenham,4163,3,1,Bishop Fenwick,4043,0,0,Cape Ann,Catholic Central,5:00 P.M.,,0
2026-09-22,141872,FINAL,Pentucket,4309,3,1,Triton,4395,0,0,Cape Ann,Cape Ann,5:15 P.M.,,0
2026-09-22,141957,FINAL,Bishop Stang,4045,2,0,Archbishop Williams,4012,3,1,Catholic Central,Catholic Central,6:00 P.M.,,0
2026-09-22,141992,FINAL,Arlington Catholic,4014,1,0,St. Mary’s,4374,3,1,Catholic Central,Catholic Central,6:00 P.M.,,0
2026-09-22,142163,FINAL,Notre Dame (Hingham),4449,3,1,Ursuline,4448,2,0,Catholic Conference,Catholic Conference,6:00 P.M.,,0
2026-09-22,142206,FINAL,Greater Lawrence,4154,1,0,Cambridge,4067,3,1,Commonwealth,Dual County,5:15 P.M.,,0
2026-09-22,142245,FINAL,Lowell Catholic,4217,0,0,Greater Lowell,4155,3,1,Commonwealth,Commonwealth,5:30 P.M.,,0
2026-09-22,142306,FINAL,Whittier,4428,3,1,Innovation Academy,4690,0,0,Commonwealth,Commonwealth,5:15 P.M.,,0
2026-09-22,142343,FINAL,Mystic Valley,4264,0,0,Shawsheen,4346,3,1,Commonwealth,Commonwealth,5:30 P.M.,,0
2026-09-22,142378,UPCOMING,KIPP,4703,,,Notre Dame (Tyngsborough),4540,,,Commonwealth,Commonwealth,5:30 P.M.,,0
2026-09-22,142425,FINAL,Minuteman,4255,1,0,Northeast,4293,3,1,Independent,Commonwealth,5:00 P.M.,,0
2026-09-22,142443,FINAL,Keefe Tech,4191,3,1,Nashoba Valley Tech,4268,2,0,CMAC,Commonwealth,5:15 P.M.,,0
2026-09-22,142605,FINAL,Tewksbury,4389,0,0,Westford,4421,3,1,Merrimack Valley,Dual County,5:30 P.M.,,0
2026-09-22,142762,FINAL,Medford,4242,0,0,Lynn Classical,4220,3,1,Greater Boston,Greater Boston,5:30 P.M.,,0
2026-09-22,142855,FINAL,Franklin,4144,3,1,Attleboro,4018,0,0,Hockomock,Hockomock,5:00 P.M.,,0
2026-09-22,142921,FINAL,King Philip,4197,0,0,Oliver Ames,4302,3,1,Hockomock,Hockomock,5:00 P.M.,,0
2026-09-22,142949,FINAL,Stoughton,4381,0,0,Milford,4249,3,1,Hockomock,Hockomock,5:00 P.M.,,0
2026-09-22,142978,FINAL,Taunton,4388,3,1,Sharon,4345,1,0,Hockomock,Hockomock,5:15 P.M.,,0
2026-09-22,142997,FINAL,North Attleborough,4284,0,0,Canton,4071,3,1,Hockomock,Hockomock,5:15 P.M.,,0
2026-09-22,143022,FINAL,Mansfield,4230,3,1,Foxborough,4142,0,0,Hockomock,Hockomock,5:15 P.M.,,0
2026-09-22,143095,FINAL,Roxbury Prep,4847,0,0,Atlantis Charter,4818,3,1,Charter School Athletic,Mayflower,5:30 P.M.,,0
2026-09-22,143152,FINAL,Boston Collegiate,4592,0,0,Holbrook,4172,3,1,Charter School Athletic,Mayflower,5:00 P.M.,,0
2026-09-22,143389,UPCOMING,Upper Cape,4457,,,Norfolk Aggie,4458,,,Mayflower,Mayflower,5:00 P.M.,,0
2026-09-22,143441,FINAL,Central Catholic,4081,3,1,Andover,4009,2,0,Merrimack Valley,Merrimack Valley,5:00 P.M.,,0
2026-09-22,143468,FINAL,Methuen,4246,3,1,Billerica,4040,2,0,Merrimack Valley,Merrimack Valley,5:00 P.M.,,0
2026-09-22,143524,FINAL,Chelmsford,4085,3,1,Haverhill,4167,0,0,Merrimack Valley,Merrimack Valley,5:00 P.M.,,0
2026-09-22,143572,FINAL,Lowell,4216,0,0,Dracut,4119,3,1,Merrimack Valley,Merrimack Valley,4:00 P.M.,,0
2026-09-22,143594,FINAL,North Andover,4283,3,1,Lawrence,4203,0,0,Merrimack Valley,Merrimack Valley,5:00 P.M.,,0
2026-09-22,144795,FINAL,Reading,4328,3,1,Arlington,4013,0,0,Middlesex,Middlesex,5:45 P.M.,,0
2026-09-22,144817,FINAL,Belmont,4034,3,1,Woburn,4438,0,0,Middlesex,Middlesex,5:30 P.M.,,0
2026-09-22,144838,FINAL,Winchester,4434,3,1,Lexington,4209,0,0,Middlesex,Middlesex,5:30 P.M.,,0
2026-09-22,144903,FINAL,Wakefield,4402,2,0,Burlington,4065,3,1,Middlesex,Middlesex,6:00 P.M.,,0
2026-09-22,144915,FINAL,Melrose,4244,3,1,Wilmington,4432,0,0,Middlesex,Middlesex,5:30 P.M.,,0
2026-09-22,144933,FINAL,Watertown,4409,3,1,Stoneham,4380,0,0,Middlesex,Middlesex,5:30 P.M.,,0
2026-09-22,146420,FINAL,Carver,4077,3,1,Mashpee,4237,0,0,South Shore,South Shore,5:30 P.M.,,0
2026-09-22,146436,UPCOMING,Cohasset,4094,,,East Bridgewater,4126,,,South Shore,South Shore,5:15 P.M.,,0
2026-09-22,146484,FINAL,Norwell,4296,3,1,Middleborough,4247,2,0,South Shore,South Shore,5:15 P.M.,,0
2026-09-22,146498,FINAL,Randolph,4327,0,0,Rockland,4331,3,1,South Shore,South Shore,5:00 P.M.,,0
2026-09-22,146511,FINAL,Shrewsbury,4348,3,1,Ashland,4015,1,0,Mid-Wach,Tri-Valley,5:30 P.M.,,0
2026-09-22,146677,FINAL,Medway,4243,3,1,Nashoba,4267,0,0,Tri-Valley,Mid-Wach,5:30 P.M.,,0
2026-09-22,146695,FINAL,Millis,4251,3,1,Foxborough Charter,4588,0,0,Tri-Valley,Charter School Athletic,5:00 P.M.,,0
2026-09-22,151566,FINAL,Fitchburg,4139,3,1,South Lancaster,4484,1,0,Mid-Wach,Worcester County,5:15 P.M.,,0
2026-09-22,151596,FINAL,Amherst-Pelham,4008,1,0,Longmeadow,4214,3,1,Eastern,Eastern,6:00 P.M.,,0
2026-09-23,140933,UPCOMING,Walpole,4404,,,Needham,4272,,,Bay State,Bay State,4:00 P.M.,,0
2026-09-23,141029,FINAL,Brookline,4059,1,0,Winchester,4434,3,1,Bay State,Middlesex,5:15 P.M.,,0
2026-09-23,141046,FINAL,Burlington,4065,3,1,Framingham,4143,0,0,Middlesex,Bay State,6:00 P.M.,,0
2026-09-23,141205,FINAL,Brockton,4058,3,1,New Bedford,4273,1,0,Big Three,Big Three,5:15 P.M.,,0
2026-09-23,141315,POSTPONED,CASH,4187,,,Dearborn STEM,5016,,,Boston City,Independent,4:00 P.M.,,0
2026-09-23,141491,FINAL,Charlestown,4084,0,0,Boston International,4547,3,1,Boston City,Boston City,4:30 P.M.,,0
2026-09-23,141589,FINAL,Fairhaven,4133,3,1,Dighton-Rehoboth,4114,0,0,South Coast,South Coast,6:00 P.M.,,0
2026-09-23,141615,FINAL,St. John Paul II,4689,3,1,Sandwich,4340,2,0,Cape & Islands,Cape & Islands,6:30 P.M.,,0
2026-09-23,141661,FINAL,Monomoy,4706,3,1,Sturgis West,4735,1,0,Cape & Islands,Cape & Islands,5:30 P.M.,,0
2026-09-23,141683,POSTPONED,Sturgis East,4456,,,Nantucket,4265,,,Cape & Islands,Cape & Islands,4:00 P.M.,,0
2026-09-23,141700,FINAL,Abington,4002,3,1,Rising Tide Charter,4746,0,0,South Shore,Cape & Islands,4:00 P.M.,,0
2026-09-23,141812,FINAL,Ipswich,4190,0,0,Lynnfield,4223,3,1,Cape Ann,Cape Ann,5:00 P.M.,,0
2026-09-23,141935,FINAL,Newburyport,4276,3,1,Marblehead,4231,0,0,Cape Ann,Northeastern,5:45 P.M.,,0
2026-09-23,142023,FINAL,Bishop Feehan,4042,3,1,King Philip,4197,0,0,Catholic Central,Hockomock,5:15 P.M.,,0
2026-09-23,142085,FINAL,Fontbonne,4447,3,1,Cardinal Spellman,4075,0,0,Catholic Conference,Catholic Central,6:15 P.M.,,0
2026-09-23,142380,UPCOMING,KIPP,4703,,,Pioneer Charter II,4964,,,Commonwealth,Charter School Athletic,5:30 P.M.,,0
2026-09-23,142488,FINAL,Newton South,4280,3,1,Acton-Boxborough,4003,2,0,Dual County,Dual County,5:45 P.M.,,0
2026-09-23,142520,FINAL,Lexington,4209,1,0,Cambridge,4067,3,1,Middlesex,Dual County,5:30 P.M.,,0
2026-09-23,142543,FINAL,Concord-Carlisle,4097,3,1,Boston Latin,4049,0,0,Dual County,Dual County,6:00 P.M.,,0
2026-09-23,142566,FINAL,Lincoln-Sudbury,4211,3,1,Bedford,4031,0,0,Dual County,Dual County,5:30 P.M.,,0
2026-09-23,142608,FINAL,Wayland,4411,3,1,Westford,4421,2,0,Dual County,Dual County,5:15 P.M.,,0
2026-09-23,142655,FINAL,Waltham,4405,0,0,Weston,4423,3,1,Dual County,Dual County,5:30 P.M.,,0
2026-09-23,142697,FINAL,Chelsea,4086,1,0,Medford,4242,3,1,Greater Boston,Greater Boston,5:30 P.M.,,0
2026-09-23,142726,FINAL,Everett,4132,0,0,Somerville,4351,3,1,Greater Boston,Greater Boston,5:15 P.M.,,0
2026-09-23,142802,FINAL,Malden,4227,3,1,Revere,4329,2,0,Greater Boston,Greater Boston,5:30 P.M.,,0
2026-09-23,143121,FINAL,Avon,4460,0,0,Wareham,4407,3,1,Mayflower,Mayflower,5:00 P.M.,,0
2026-09-23,143154,FINAL,Holbrook,4172,3,1,Westport,4461,1,0,Mayflower,Mayflower,5:00 P.M.,,0
2026-09-23,143232,FINAL,Upper Cape,4457,3,1,Blue Hills,4047,0,0,Mayflower,Mayflower,5:00 P.M.,,0
2026-09-23,143265,FINAL,Tri-County,4392,3,1,Bristol-Plymouth,4057,1,0,Mayflower,Mayflower,5:00 P.M.,,0
2026-09-23,143298,POSTPONED,Southeastern,4358,,,Diman,4115,,,Mayflower,Mayflower,5:00 P.M.,,0
2026-09-23,143358,FINAL,Bristol Aggie,4463,0,0,Old Colony,4300,3,1,Mayflower,Mayflower,5:00 P.M.,,0
2026-09-23,143391,FINAL,Norfolk Aggie,4458,1,0,South Shore Voc-Tech,4356,3,1,Mayflower,Mayflower,5:30 P.M.,,0
2026-09-23,143573,FINAL,Dracut,4119,1,0,North Andover,4283,3,1,Merrimack Valley,Merrimack Valley,5:00 P.M.,,0
2026-09-23,145616,FINAL,Danvers,4103,3,1,Beverly,4038,0,0,Northeastern,Northeastern,5:15 P.M.,,0
2026-09-23,145672,FINAL,Masconomet,4236,3,1,Peabody,4306,0,0,Northeastern,Northeastern,5:30 P.M.,,0
2026-09-23,145688,UPCOMING,Salem,4336,,,Saugus,4341,,,Northeastern,Northeastern,5:00 P.M.,,0
2026-09-23,145714,FINAL,Winthrop,4437,0,0,Swampscott,4383,3,1,Northeastern,Northeastern,5:15 P.M.,,0
2026-09-23,145744,FINAL,Hanover,4164,0,0,North Quincy,4287,3,1,Patriot,Patriot,5:30 P.M.,,0
2026-09-23,145822,FINAL,Pembroke,4308,3,1,Quincy,4326,2,0,Patriot,Patriot,5:00 P.M.,,0
2026-09-23,145848,FINAL,Plymouth South,4316,0,0,Scituate,4343,3,1,Patriot,Patriot,5:30 P.M.,,0
2026-09-23,145902,UPCOMING,Plymouth North,4315,,,Duxbury,4123,,,Patriot,Patriot,5:30 P.M.,,0
2026-09-23,145925,FINAL,Silver Lake,4349,3,1,Hingham,4171,2,0,Patriot,Patriot,5:30 P.M.,,0
2026-09-23,145941,FINAL,Whitman-Hanson,4427,1,0,Marshfield,4234,3,1,Patriot,Patriot,5:15 P.M.,,0
2026-09-23,145984,FINAL,Joseph Case,4078,3,1,Apponequet,4011,0,0,South Coast,South Coast,6:00 P.M.,,0
2026-09-23,146065,FINAL,Seekonk,4344,1,0,Greater New Bedford,4156,3,1,South Coast,South Coast,6:00 P.M.,,0
2026-09-23,146094,FINAL,West Bridgewater,4415,1,0,Old Rochester,4301,3,1,South Coast,South Coast,5:15 P.M.,,0
2026-09-23,146109,FINAL,Bourne,4050,0,0,Somerset Berkley,4350,3,1,South Coast,South Coast,6:00 P.M.,,0
2026-09-23,146184,FINAL,Dartmouth,4105,3,1,Barnstable,4024,2,0,Pioneer,Pioneer,5:15 P.M.,,0
2026-09-23,146514,FINAL,Ashland,4015,1,0,Westwood,4424,3,1,Tri-Valley,Tri-Valley,6:30 P.M.,,0
2026-09-23,146553,FINAL,Medway,4243,3,1,Dedham,4108,1,0,Tri-Valley,Tri-Valley,5:45 P.M.,,0
2026-09-23,146578,FINAL,Medfield,4241,3,1,Holliston,4174,0,0,Tri-Valley,Tri-Valley,6:30 P.M.,,0
2026-09-23,146599,FINAL,Norwood,4297,0,0,Hopkinton,4180,3,1,Tri-Valley,Tri-Valley,5:30 P.M.,,0
2026-09-23,146656,FINAL,Bellingham,4033,3,1,Norton,4295,0,0,Tri-Valley,Tri-Valley,6:15 P.M.,,0
2026-09-23,151685,FINAL,St. Paul,4954,3,1,Thayer,4390,0,0,CMAC,ISL,4:00 P.M.,,0
2026-09-23,151687,FINAL,BB&N,4028,3,1,Dana Hall,4102,0,0,ISL,EIL,3:30 P.M.,,0
2026-09-23,151701,FINAL,Smith Voc.,4539,3,1,Ware,4406,0,0,Metro,Central,,,0
2026-09-23,151725,FINAL,Marlborough,4233,3,1,Leominster,4208,0,0,Mid-Wach,Mid-Wach,5:15 P.M.,,0
2026-09-23,151735,FINAL,Assabet,4016,0,0,Notre Dame Academy-Worcester,4451,3,1,CMAC,CMAC,5:00 P.M.,,0
2026-09-23,151738,FINAL,Monty Tech,4259,0,0,Burncoat,4066,3,1,CMAC,CMAC,5:30 P.M.,,0
2026-09-23,151740,FINAL,Nauset,4271,0,0,Dennis-Yarmouth,4111,3,1,Cape & Islands,Cape & Islands,5:30 P.M.,,0
2026-09-23,151743,FINAL,Mohawk Trail,4258,3,1,Athol,4017,0,0,Northern,Northern,5:15 P.M.,,0
2026-09-23,151762,FINAL,Lawrence Academy,4204,0,0,Worcester Academy,4441,3,1,ISL,Independent,,,0
2026-09-23,151763,FINAL,North Middlesex,4286,3,1,Nashoba,4267,1,0,Mid-Wach,Mid-Wach,5:15 P.M.,,0
2026-09-23,151766,FINAL,Whitinsville Christian,4487,3,1,Hopedale,4507,2,0,CMAC,CMAC,,,0
2026-09-23,151784,FINAL,Winsor,4436,1,0,Austin Prep,4020,3,1,EIL,Independent,,,0
2026-09-23,151795,FINAL,Millis,4251,3,1,Foxborough Charter,4588,0,0,Tri-Valley,Charter School Athletic,5:00 P.M.,,0
2026-09-24,140974,FINAL,Weymouth,4425,0,0,Natick,4270,3,1,Bay State,Bay State,5:30 P.M.,,0
2026-09-24,141006,FINAL,Newton North,4279,1,0,Brookline,4059,3,1,Bay State,Bay State,4:30 P.M.,,0
2026-09-24,141047,FINAL,Framingham,4143,0,0,Wellesley,4413,3,1,Bay State,Bay State,4:00 P.M.,,0
2026-09-24,141083,FINAL,Milton,4252,3,1,Braintree,4051,1,0,Bay State,Bay State,4:00 P.M.,,0
2026-09-24,141168,FINAL,Somerset Berkley,4350,3,1,Durfee,4122,0,0,South Coast,Big Three,6:00 P.M.,,0
2026-09-24,141265,FINAL,Boston United,4798,3,1,English High,4048,0,0,Boston City,Boston City,5:00 P.M.,,0
2026-09-24,141346,FINAL,Muniz,5018,2,0,Brighton,4055,3,1,Independent,Boston City,5:30 P.M.,,0
2026-09-24,141381,FINAL,TechBoston/Henderson,4117,0,0,O’Bryant,4298,3,1,Boston City,Boston City,5:00 P.M.,,0
2026-09-24,141405,FINAL,East Boston,4125,0,0,Madison Park,4225,3,1,Boston City,Boston City,4:30 P.M.,,0
2026-09-24,141439,FINAL,New Mission,4494,3,1,Latin Academy,4202,0,0,Boston City,Boston City,4:30 P.M.,,0
2026-09-24,141553,FINAL,Falmouth,4134,0,0,Pembroke,4308,3,1,Cape & Islands,Patriot,5:30 P.M.,,0
2026-09-24,141616,FINAL,Sandwich,4340,2,0,Marshfield,4234,3,1,Cape & Islands,Patriot,5:15 P.M.,,0
2026-09-24,141724,FINAL,Cape Cod Tech,4073,3,1,Sturgis East,4456,2,0,Mayflower,Cape & Islands,6:00 P.M.,,0
2026-09-24,141748,FINAL,Georgetown,4148,0,0,Essex Tech,4745,3,1,Cape Ann,Cape Ann,5:30 P.M.,,0
2026-09-24,141783,FINAL,Hamilton-Wenham,4163,0,0,Newburyport,4276,3,1,Cape Ann,Cape Ann,5:00 P.M.,,0
2026-09-24,141813,FINAL,Triton,4395,0,0,Lynnfield,4223,3,1,Cape Ann,Cape Ann,5:15 P.M.,,0
2026-09-24,141849,FINAL,Ipswich,4190,3,1,North Reading,4288,0,0,Cape Ann,Cape Ann,5:00 P.M.,,0
2026-09-24,141960,FINAL,Archbishop Williams,4012,3,1,St. Mary’s,4374,0,0,Catholic Central,Catholic Central,6:00 P.M.,,0
2026-09-24,141994,UPCOMING,Cardinal Spellman,4075,,,Arlington Catholic,4014,,,Catholic Central,Catholic Central,5:15 P.M.,,0
2026-09-24,142049,FINAL,Bishop Fenwick,4043,0,0,Bishop Stang,4045,3,1,Catholic Central,Catholic Central,5:30 P.M.,,0
2026-09-24,142166,FINAL,Plymouth North,4315,2,0,Notre Dame (Hingham),4449,3,1,Patriot,Catholic Conference,5:15 P.M.,,0
2026-09-24,142209,FINAL,Greater Lowell,4155,0,0,Greater Lawrence,4154,3,1,Commonwealth,Commonwealth,5:30 P.M.,,0
2026-09-24,142276,FINAL,Lowell Catholic,4217,0,0,Mystic Valley,4264,3,1,Commonwealth,Commonwealth,5:30 P.M.,,0
2026-09-24,142327,FINAL,Whittier,4428,0,0,Shawsheen,4346,3,1,Commonwealth,Commonwealth,5:15 P.M.,,0
2026-09-24,142383,FINAL,Northeast,4293,3,1,KIPP,4703,1,0,Commonwealth,Commonwealth,5:30 P.M.,,0
2026-09-24,142428,FINAL,Gloucester,4150,3,1,Minuteman,4255,0,0,Northeastern,Independent,5:45 P.M.,,0
2026-09-24,142446,UPCOMING,Nashoba Valley Tech,4268,,,Notre Dame (Tyngsborough),4540,,,Commonwealth,Commonwealth,5:15 P.M.,,0
2026-09-24,142568,FINAL,Weston,4423,0,0,Lincoln-Sudbury,4211,3,1,Dual County,Dual County,5:30 P.M.,,0
2026-09-24,142765,FINAL,Melrose,4244,3,1,Lynn Classical,4220,0,0,Middlesex,Greater Boston,5:30 P.M.,,0
2026-09-24,142837,UPCOMING,Somerville,4351,,,Belmont,4034,,,Greater Boston,Middlesex,5:15 P.M.,,0
2026-09-24,142856,FINAL,North Attleborough,4284,0,0,Attleboro,4018,3,1,Hockomock,Hockomock,5:15 P.M.,,0
2026-09-24,142887,FINAL,Canton,4071,0,0,Franklin,4144,3,1,Hockomock,Hockomock,5:15 P.M.,,0
2026-09-24,142924,FINAL,King Philip,4197,3,1,Stoughton,4381,0,0,Hockomock,Hockomock,5:00 P.M.,,0
2026-09-24,142950,FINAL,Foxborough,4142,1,0,Milford,4249,3,1,Hockomock,Hockomock,5:00 P.M.,,0
2026-09-24,143069,FINAL,Oliver Ames,4302,3,1,Sharon,4345,0,0,Hockomock,Hockomock,5:15 P.M.,,0
2026-09-24,143443,FINAL,Andover,4009,2,0,Chelmsford,4085,3,1,Merrimack Valley,Merrimack Valley,5:00 P.M.,,0
2026-09-24,143469,FINAL,Billerica,4040,0,0,Central Catholic,4081,3,1,Merrimack Valley,Merrimack Valley,5:00 P.M.,,0
2026-09-24,143547,FINAL,Haverhill,4167,3,1,Methuen,4246,2,0,Merrimack Valley,Merrimack Valley,5:00 P.M.,,0
2026-09-24,143596,FINAL,Tewksbury,4389,1,0,Lawrence,4203,3,1,Merrimack Valley,Merrimack Valley,5:30 P.M.,,0
2026-09-24,144796,FINAL,Woburn,4438,3,1,Arlington,4013,0,0,Middlesex,Middlesex,5:15 P.M.,,0
2026-09-24,144950,FINAL,Watertown,4409,3,1,Wilmington,4432,1,0,Middlesex,Middlesex,5:30 P.M.,,0
2026-09-24,146178,FINAL,Bridgewater-Raynham,4053,0,0,West Bridgewater,4415,3,1,Pioneer,South Coast,5:15 P.M.,,0
2026-09-24,146398,FINAL,Abington,4002,0,0,Middleborough,4247,3,1,South Shore,South Shore,5:15 P.M.,,0
2026-09-24,146437,FINAL,Randolph,4327,0,0,Cohasset,4094,3,1,South Shore,South Shore,5:30 P.M.,,0
2026-09-24,146453,FINAL,Mashpee,4237,0,0,Norwell,4296,3,1,South Shore,South Shore,5:30 P.M.,,0
2026-09-24,146659,FINAL,Bellingham,4033,3,1,Millis,4251,0,0,Tri-Valley,Tri-Valley,6:15 P.M.,,0
2026-09-24,151883,FINAL,Groton-Dunstable,4160,3,1,Monty Tech,4259,0,0,Mid-Wach,CMAC,5:30 P.M.,,0
2026-09-24,151897,FINAL,Revere,4329,3,1,Swampscott,4383,0,0,Greater Boston,Northeastern,5:30 P.M.,,0
2026-09-24,151903,FINAL,Westwood,4424,3,1,Holliston,4174,0,0,Tri-Valley,Tri-Valley,6:00 P.M.,,0
2026-09-24,151917,FINAL,Springfield Central,4360,3,1,East Longmeadow,4127,0,0,Central,Southern,,,0
2026-09-25,140936,UPCOMING,Winchester,4434,,,Needham,4272,,,Middlesex,Bay State,5:30 P.M.,,0
2026-09-25,140976,FINAL,Natick,4270,3,1,Newton South,4280,2,0,Bay State,Dual County,5:30 P.M.,,0
2026-09-25,141125,FINAL,Milton,4252,3,1,Brockton,4058,0,0,Bay State,Big Three,4:00 P.M.,,0
2026-09-25,141146,FINAL,Weymouth,4425,3,1,Archbishop Williams,4012,1,0,Bay State,Catholic Central,5:30 P.M.,,0
2026-09-25,141169,FINAL,Fairhaven,4133,3,1,Durfee,4122,1,0,South Coast,Big Three,6:30 P.M.,,0
2026-09-25,141234,UPCOMING,New Bedford,4273,,,Middleborough,4247,,,Big Three,South Shore,5:30 P.M.,,0
2026-09-25,141524,FINAL,Barnstable,4024,3,1,Dennis-Yarmouth,4111,0,0,Pioneer,Cape & Islands,5:00 P.M.,,0
2026-09-25,141619,FINAL,Sandwich,4340,3,1,Monomoy,4706,0,0,Cape & Islands,Cape & Islands,5:00 P.M.,,0
2026-09-25,141641,FINAL,Sturgis West,4735,0,0,St. John Paul II,4689,3,1,Cape & Islands,Cape & Islands,7:00 P.M.,,0
2026-09-25,141851,FINAL,Wilmington,4432,0,0,North Reading,4288,3,1,Middlesex,Cape Ann,5:30 P.M.,,0
2026-09-25,142024,FINAL,Bishop Feehan,4042,3,1,Quincy,4326,0,0,Catholic Central,Patriot,6:00 P.M.,,0
2026-09-25,142102,FINAL,Methuen,4246,3,1,St. Mary’s,4374,1,0,Merrimack Valley,Catholic Central,5:00 P.M.,,0
2026-09-25,142120,FINAL,Fontbonne,4447,3,1,Stoughton,4381,1,0,Catholic Conference,Hockomock,6:15 P.M.,,0
2026-09-25,142277,UPCOMING,Lowell Catholic,4217,,,Collegiate Charter,4986,,,Commonwealth,Charter School Athletic,5:30 P.M.,,0
2026-09-25,142309,FINAL,Innovation Academy,4690,3,1,Cristo Rey,4453,2,0,Commonwealth,Catholic Central,5:15 P.M.,,0
2026-09-25,142355,FINAL,Concord-Carlisle,4097,3,1,Shawsheen,4346,0,0,Dual County,Commonwealth,5:30 P.M.,,0
2026-09-25,142431,FINAL,Minuteman,4255,0,0,Bedford,4031,3,1,Independent,Dual County,5:00 P.M.,,0
2026-09-25,142465,UPCOMING,Northeast,4293,,,Pioneer Charter I,4701,,,Commonwealth,Charter School Athletic,5:30 P.M.,,0
2026-09-25,142610,FINAL,Lowell,4216,1,0,Westford,4421,3,1,Merrimack Valley,Dual County,4:00 P.M.,,0
2026-09-25,142645,FINAL,Belmont,4034,3,1,Boston Latin,4049,0,0,Middlesex,Dual County,5:30 P.M.,,0
2026-09-25,142658,UPCOMING,Waltham,4405,,,Lexington,4209,,,Dual County,Middlesex,5:30 P.M.,,0
2026-09-25,142699,FINAL,Winthrop,4437,3,1,Chelsea,4086,1,0,Northeastern,Greater Boston,5:45 P.M.,,0
2026-09-25,142782,FINAL,Salem,4336,3,1,Lynn English,4221,0,0,Northeastern,Greater Boston,5:00 P.M.,,0
2026-09-25,142805,UPCOMING,Malden,4227,,,Arlington,4013,,,Greater Boston,Middlesex,5:30 P.M.,,0
2026-09-25,142825,FINAL,Revere,4329,3,1,Swampscott,4383,0,0,Greater Boston,Northeastern,4:00 P.M.,,0
2026-09-25,142952,FINAL,Medway,4243,1,0,Milford,4249,3,1,Tri-Valley,Hockomock,5:15 P.M.,,0
2026-09-25,142980,FINAL,Mansfield,4230,0,0,Taunton,4388,3,1,Hockomock,Hockomock,3:30 P.M.,,0
2026-09-25,143098,UPCOMING,Wareham,4407,,,Atlantis Charter,4818,,,Mayflower,Mayflower,5:30 P.M.,,0
2026-09-25,143123,FINAL,Westport,4461,3,1,Avon,4460,0,0,Mayflower,Mayflower,5:00 P.M.,,0
2026-09-25,143156,FINAL,Calvary Chapel,4828,3,1,Holbrook,4172,0,0,Independent,Mayflower,5:15 P.M.,,0
2026-09-25,143234,FINAL,Tri-County,4392,3,1,Blue Hills,4047,0,0,Mayflower,Mayflower,5:00 P.M.,,0
2026-09-25,143268,FINAL,Southeastern,4358,1,0,Bristol-Plymouth,4057,3,1,Mayflower,Mayflower,5:00 P.M.,,0
2026-09-25,143300,POSTPONED,Diman,4115,,,Upper Cape,4457,,,Mayflower,Mayflower,5:00 P.M.,,0
2026-09-25,143360,UPCOMING,Bristol Aggie,4463,,,Norfolk Aggie,4458,,,Mayflower,Mayflower,5:00 P.M.,,0
2026-09-25,143427,UPCOMING,South Shore Voc-Tech,4356,,,Carver,4077,,,Mayflower,South Shore,5:00 P.M.,,0
2026-09-25,143549,FINAL,Dracut,4119,0,0,Haverhill,4167,3,1,Merrimack Valley,Merrimack Valley,5:00 P.M.,,0
2026-09-25,145617,FINAL,Marblehead,4231,3,1,Beverly,4038,0,0,Northeastern,Northeastern,5:30 P.M.,,0
2026-09-25,145638,FINAL,Peabody,4306,1,0,Danvers,4103,3,1,Northeastern,Northeastern,5:30 P.M.,,0
2026-09-25,145778,UPCOMING,Scituate,4343,,,North Quincy,4287,,,Patriot,Patriot,5:30 P.M.,,0
2026-09-25,145962,FINAL,East Bridgewater,4126,3,1,Silver Lake,4349,0,0,South Shore,Patriot,5:30 P.M.,,0
2026-09-25,146046,UPCOMING,Seekonk,4344,,,Dighton-Rehoboth,4114,,,South Coast,South Coast,6:00 P.M.,,0
2026-09-25,146155,FINAL,Joseph Case,4078,3,1,Dartmouth,4105,0,0,South Coast,Pioneer,6:00 P.M.,,0
2026-09-25,146515,UPCOMING,Ashland,4015,,,Norwood,4297,,,Tri-Valley,Tri-Valley,6:30 P.M.,,0
2026-09-25,146556,FINAL,Dedham,4108,3,1,Norton,4295,1,0,Tri-Valley,Tri-Valley,5:30 P.M.,,0
2026-09-25,146580,UPCOMING,Westwood,4424,,,Holliston,4174,,,Tri-Valley,Tri-Valley,5:00 P.M.,,0
2026-09-25,146601,FINAL,Hopkinton,4180,2,0,Medfield,4241,3,1,Tri-Valley,Tri-Valley,4:30 P.M.,,0
2026-09-25,151968,FINAL,Hanover,4164,3,1,Cohasset,4094,2,0,Patriot,South Shore,5:30 P.M.,,0
2026-09-25,151973,FINAL,Bourne,4050,0,0,Old Rochester,4301,3,1,South Coast,South Coast,6:00 P.M.,,0
2026-09-25,151974,FINAL,Millbury,4250,1,0,Nipmuc,4281,3,1,CMAC,CMAC,,,0
2026-09-25,151976,FINAL,Algonquin,4005,1,0,Nashoba,4267,3,1,Mid-Wach,Mid-Wach,,,0
2026-09-25,152000,FINAL,Ludlow,4218,3,1,Mt. Greylock,4262,0,0,Western,Southern,,,0
2026-09-26,141031,UPCOMING,Boston Latin,4049,,,Brookline,4059,,,Dual County,Bay State,,,0
2026-09-26,141267,UPCOMING,O’Bryant,4298,,,English High,4048,,,Boston City,Boston City,10:00 A.M.,,0
2026-09-26,141298,UPCOMING,Boston United,4798,,,Charlestown,4084,,,Boston City,Boston City,2:00 P.M.,,0
2026-09-26,141316,UPCOMING,New Mission,4494,,,Dearborn STEM,5016,,,Boston City,Independent,1:00 P.M.,,0
2026-09-26,141348,UPCOMING,Nantucket,4265,,,Muniz,5018,,,Cape & Islands,Independent,2:30 P.M.,,0
2026-09-26,141370,UPCOMING,CASH,4187,,,Brighton,4055,,,Boston City,Boston City,12:00 P.M.,,0
2026-09-26,141382,UPCOMING,Latin Academy,4202,,,TechBoston/Henderson,4117,,,Boston City,Boston City,3:00 P.M.,,0
2026-09-26,141408,UPCOMING,East Boston,4125,,,Ruth Batson Academy,4795,,,Boston City,Independent,11:00 A.M.,,0
2026-09-26,141469,UPCOMING,Madison Park,4225,,,Boston International,4547,,,Boston City,Boston City,9:00 A.M.,,0
2026-09-26,143445,UPCOMING,Andover,4009,,,Lowell,4216,,,Merrimack Valley,Merrimack Valley,11:00 A.M.,,0
2026-09-26,143501,UPCOMING,Central Catholic,4081,,,North Andover,4283,,,Merrimack Valley,Merrimack Valley,11:30 A.M.,,0
2026-09-26,143526,UPCOMING,Lawrence,4203,,,Chelmsford,4085,,,Merrimack Valley,Merrimack Valley,11:30 A.M.,,0
2026-09-26,144857,UPCOMING,Reading,4328,,,Longmeadow,4214,,,Middlesex,Eastern,11:30 A.M.,,0
2026-09-28,141061,UPCOMING,Wellesley,4413,,,Weston,4423,,,Bay State,Dual County,4:00 P.M.,,0
2026-09-28,141127,UPCOMING,Milton,4252,,,Ursuline,4448,,,Bay State,Catholic Conference,4:00 P.M.,,0
2026-09-28,141170,UPCOMING,Durfee,4122,,,Brockton,4058,,,Big Three,Big Three,5:15 P.M.,,0
2026-09-28,141269,UPCOMING,English High,4048,,,TechBoston/Henderson,4117,,,Boston City,Boston City,4:30 P.M.,,0
2026-09-28,141319,UPCOMING,Dearborn STEM,5016,,,Ruth Batson Academy,4795,,,Independent,Independent,4:00 P.M.,,0
2026-09-28,141349,UPCOMING,Cathedral,4079,,,Muniz,5018,,,Catholic Central,Independent,5:00 P.M.,,0
2026-09-28,141472,UPCOMING,Madison Park,4225,,,Pioneer Charter II,4964,,,Boston City,Charter School Athletic,5:00 P.M.,,0
2026-09-28,141492,UPCOMING,CASH,4187,,,Boston International,4547,,,Boston City,Boston City,4:30 P.M.,,0
2026-09-28,141525,UPCOMING,Dennis-Yarmouth,4111,,,Falmouth,4134,,,Cape & Islands,Cape & Islands,5:30 P.M.,,0
2026-09-28,141592,UPCOMING,Bourne,4050,,,Fairhaven,4133,,,South Coast,South Coast,6:00 P.M.,,0
2026-09-28,141621,UPCOMING,Sandwich,4340,,,Nauset,4271,,,Cape & Islands,Cape & Islands,5:30 P.M.,,0
2026-09-28,141664,UPCOMING,Monomoy,4706,,,Rising Tide Charter,4746,,,Cape & Islands,Cape & Islands,5:30 P.M.,,0
2026-09-28,141686,UPCOMING,Sturgis West,4735,,,Nantucket,4265,,,Cape & Islands,Cape & Islands,4:00 P.M.,,0
2026-09-28,141814,UPCOMING,Marblehead,4231,,,Lynnfield,4223,,,Northeastern,Cape Ann,6:00 P.M.,,0
2026-09-28,141875,UPCOMING,Triton,4395,,,Gloucester,4150,,,Cape Ann,Northeastern,5:15 P.M.,,0
2026-09-28,141961,UPCOMING,Notre Dame (Hingham),4449,,,Archbishop Williams,4012,,,Catholic Conference,Catholic Central,6:00 P.M.,,0
2026-09-28,142025,UPCOMING,Bishop Feehan,4042,,,Wachusett,4400,,,Catholic Central,Mid-Wach,5:15 P.M.,,0
2026-09-28,142068,UPCOMING,Middleborough,4247,,,Bishop Stang,4045,,,South Shore,Catholic Central,5:30 P.M.,,0
2026-09-28,142278,UPCOMING,KIPP,4703,,,Lowell Catholic,4217,,,Commonwealth,Commonwealth,5:30 P.M.,,0
2026-09-28,142310,UPCOMING,Pioneer Charter I,4701,,,Innovation Academy,4690,,,Charter School Athletic,Commonwealth,5:30 P.M.,,0
2026-09-28,142611,UPCOMING,Westford,4421,,,Hudson,4182,,,Dual County,Mid-Wach,5:00 P.M.,,0
2026-09-28,142700,UPCOMING,Lynn Classical,4220,,,Chelsea,4086,,,Greater Boston,Greater Boston,5:15 P.M.,,0
2026-09-28,142729,UPCOMING,Everett,4132,,,Medford,4242,,,Greater Boston,Greater Boston,5:00 P.M.,,0
2026-09-28,142785,UPCOMING,Malden,4227,,,Lynn English,4221,,,Greater Boston,Greater Boston,5:30 P.M.,,0
2026-09-28,142827,UPCOMING,Revere,4329,,,Somerville,4351,,,Greater Boston,Greater Boston,4:00 P.M.,,0
2026-09-28,142858,UPCOMING,Attleboro,4018,,,Milford,4249,,,Hockomock,Hockomock,5:15 P.M.,,0
2026-09-28,142889,UPCOMING,Franklin,4144,,,Taunton,4388,,,Hockomock,Hockomock,5:00 P.M.,,0
2026-09-28,143000,UPCOMING,Canton,4071,,,Foxborough,4142,,,Hockomock,Hockomock,5:15 P.M.,,0
2026-09-28,143043,UPCOMING,Oliver Ames,4302,,,Mansfield,4230,,,Hockomock,Hockomock,5:15 P.M.,,0
2026-09-28,143076,UPCOMING,Sharon,4345,,,Stoughton,4381,,,Hockomock,Hockomock,5:15 P.M.,,0
2026-09-28,143100,UPCOMING,Atlantis Charter,4818,,,Academy/Pacific Rim,5038,,,Mayflower,Charter School Athletic,4:00 P.M.,,0
2026-09-28,143124,UPCOMING,Avon,4460,,,New Heights Charter,5088,,,Mayflower,Charter School Athletic,5:30 P.M.,,0
2026-09-28,143159,UPCOMING,Holbrook,4172,,,Boston Collegiate,4592,,,Mayflower,Charter School Athletic,5:00 P.M.,,0
2026-09-28,143190,UPCOMING,Diman,4115,,,Wareham,4407,,,Mayflower,Mayflower,6:00 P.M.,,0
2026-09-28,143236,UPCOMING,Bristol Aggie,4463,,,Blue Hills,4047,,,Mayflower,Mayflower,5:00 P.M.,,0
2026-09-28,143318,UPCOMING,Old Colony,4300,,,Southeastern,4358,,,Mayflower,Mayflower,5:00 P.M.,,0
2026-09-28,143375,UPCOMING,Cape Cod Tech,4073,,,Upper Cape,4457,,,Mayflower,Mayflower,5:00 P.M.,,0
2026-09-28,143429,UPCOMING,Abington,4002,,,South Shore Voc-Tech,4356,,,South Shore,Mayflower,5:15 P.M.,,0
2026-09-28,144799,UPCOMING,Melrose,4244,,,Arlington,4013,,,Middlesex,Middlesex,5:30 P.M.,,0
2026-09-28,144820,UPCOMING,Wilmington,4432,,,Belmont,4034,,,Middlesex,Middlesex,5:30 P.M.,,0
2026-09-28,144840,UPCOMING,Stoneham,4380,,,Lexington,4209,,,Middlesex,Middlesex,5:30 P.M.,,0
2026-09-28,144860,UPCOMING,Wakefield,4402,,,Reading,4328,,,Middlesex,Middlesex,6:00 P.M.,,0
2026-09-28,144880,UPCOMING,Watertown,4409,,,Winchester,4434,,,Middlesex,Middlesex,5:30 P.M.,,0
2026-09-28,144890,UPCOMING,Burlington,4065,,,Woburn,4438,,,Middlesex,Middlesex,5:30 P.M.,,0
2026-09-28,145619,UPCOMING,Swampscott,4383,,,Beverly,4038,,,Northeastern,Northeastern,6:00 P.M.,,0
2026-09-28,145639,UPCOMING,Saugus,4341,,,Danvers,4103,,,Northeastern,Northeastern,5:30 P.M.,,0
2026-09-28,145673,UPCOMING,Winthrop,4437,,,Masconomet,4236,,,Northeastern,Northeastern,5:45 P.M.,,0
2026-09-28,145680,UPCOMING,Salem,4336,,,Peabody,4306,,,Northeastern,Northeastern,4:30 P.M.,,0
2026-09-28,145746,UPCOMING,Hanover,4164,,,Quincy,4326,,,Patriot,Patriot,5:30 P.M.,,0
2026-09-28,145786,UPCOMING,North Quincy,4287,,,Plymouth South,4316,,,Patriot,Patriot,5:30 P.M.,,0
2026-09-28,145824,UPCOMING,Scituate,4343,,,Pembroke,4308,,,Patriot,Patriot,5:30 P.M.,,0
2026-09-28,145903,UPCOMING,Duxbury,4123,,,Marshfield,4234,,,Patriot,Patriot,5:30 P.M.,,0
2026-09-28,145926,UPCOMING,Hingham,4171,,,Whitman-Hanson,4427,,,Patriot,Patriot,5:15 P.M.,,0
2026-09-28,145951,UPCOMING,Silver Lake,4349,,,Plymouth North,4315,,,Patriot,Patriot,5:30 P.M.,,0
2026-09-28,145985,UPCOMING,Apponequet,4011,,,Old Rochester,4301,,,South Coast,South Coast,6:00 P.M.,,0
2026-09-28,146048,UPCOMING,Dighton-Rehoboth,4114,,,Seekonk,4344,,,South Coast,South Coast,6:00 P.M.,,0
2026-09-28,146068,UPCOMING,Greater New Bedford,4156,,,Somerset Berkley,4350,,,South Coast,South Coast,6:00 P.M.,,0
2026-09-28,146157,UPCOMING,West Bridgewater,4415,,,Joseph Case,4078,,,South Coast,South Coast,5:15 P.M.,,0
2026-09-28,146185,UPCOMING,Barnstable,4024,,,Bridgewater-Raynham,4053,,,Pioneer,Pioneer,5:30 P.M.,,0
2026-09-28,146421,UPCOMING,Carver,4077,,,Rockland,4331,,,South Shore,South Shore,5:30 P.M.,,0
2026-09-28,146517,UPCOMING,Grafton,4153,,,Ashland,4015,,,Mid-Wach,Tri-Valley,5:30 P.M.,,0
2026-09-28,146557,UPCOMING,Norwood,4297,,,Dedham,4108,,,Tri-Valley,Tri-Valley,5:15 P.M.,,0
2026-09-28,146581,UPCOMING,Holliston,4174,,,Millis,4251,,,Tri-Valley,Tri-Valley,5:00 P.M.,,0
2026-09-28,146603,UPCOMING,Hopkinton,4180,,,Bellingham,4033,,,Tri-Valley,Tri-Valley,5:30 P.M.,,0
2026-09-28,146640,UPCOMING,Westwood,4424,,,Medway,4243,,,Tri-Valley,Tri-Valley,5:45 P.M.,,0
2026-09-28,146669,UPCOMING,Medfield,4241,,,Norton,4295,,,Tri-Valley,Tri-Valley,6:30 P.M.,,0
2026-09-29,140939,UPCOMING,Weymouth,4425,,,Needham,4272,,,Bay State,Bay State,5:30 P.M.,,0
2026-09-29,140979,UPCOMING,Brookline,4059,,,Natick,4270,,,Bay State,Bay State,5:15 P.M.,,0
2026-09-29,141008,UPCOMING,Newton North,4279,,,Framingham,4143,,,Bay State,Bay State,4:30 P.M.,,0
2026-09-29,141062,UPCOMING,Milton,4252,,,Wellesley,4413,,,Bay State,Bay State,4:00 P.M.,,0
2026-09-29,141084,UPCOMING,Braintree,4051,,,Walpole,4404,,,Bay State,Bay State,4:00 P.M.,,0
2026-09-29,141299,UPCOMING,Boston United,4798,,,Muniz,5018,,,Boston City,Independent,5:30 P.M.,,0
2026-09-29,141371,UPCOMING,Brighton,4055,,,Neighborhood House Charter,5035,,,Boston City,Charter School Athletic,4:00 P.M.,,0
2026-09-29,141411,UPCOMING,Latin Academy,4202,,,East Boston,4125,,,Boston City,Boston City,4:30 P.M.,,0
2026-09-29,141441,UPCOMING,O’Bryant,4298,,,New Mission,4494,,,Boston City,Boston City,5:30 P.M.,,0
2026-09-29,141749,UPCOMING,Pentucket,4309,,,Georgetown,4148,,,Cape Ann,Cape Ann,5:45 P.M.,,0
2026-09-29,141785,UPCOMING,North Reading,4288,,,Hamilton-Wenham,4163,,,Cape Ann,Cape Ann,5:00 P.M.,,0
2026-09-29,141878,UPCOMING,Newburyport,4276,,,Triton,4395,,,Cape Ann,Cape Ann,5:00 P.M.,,0
2026-09-29,141892,UPCOMING,Essex Tech,4745,,,Ipswich,4190,,,Cape Ann,Cape Ann,5:00 P.M.,,0
2026-09-29,141964,UPCOMING,Archbishop Williams,4012,,,Bishop Fenwick,4043,,,Catholic Central,Catholic Central,6:00 P.M.,,0
2026-09-29,141995,UPCOMING,Bishop Stang,4045,,,Arlington Catholic,4014,,,Catholic Central,Catholic Central,6:00 P.M.,,0
2026-09-29,142099,UPCOMING,St. Mary’s,4374,,,Cardinal Spellman,4075,,,Catholic Central,Catholic Central,5:00 P.M.,,0
2026-09-29,142121,UPCOMING,Ursuline,4448,,,Fontbonne,4447,,,Catholic Conference,Catholic Conference,6:00 P.M.,,0
2026-09-29,142212,UPCOMING,Greater Lawrence,4154,,,Greater Lowell,4155,,,Commonwealth,Commonwealth,5:15 P.M.,,0
2026-09-29,142311,UPCOMING,Shawsheen,4346,,,Innovation Academy,4690,,,Commonwealth,Commonwealth,5:30 P.M.,,0
2026-09-29,142330,UPCOMING,Mystic Valley,4264,,,Whittier,4428,,,Commonwealth,Commonwealth,5:30 P.M.,,0
2026-09-29,142409,UPCOMING,Minuteman,4255,,,Lynn Tech,4222,,,Independent,Commonwealth,5:00 P.M.,,0
2026-09-29,142447,UPCOMING,Nashoba Valley Tech,4268,,,Northeast,4293,,,Commonwealth,Commonwealth,5:45 P.M.,,0
2026-09-29,142491,UPCOMING,Acton-Boxborough,4003,,,Westford,4421,,,Dual County,Dual County,5:30 P.M.,,0
2026-09-29,142521,UPCOMING,Cambridge,4067,,,Newton South,4280,,,Dual County,Dual County,5:45 P.M.,,0
2026-09-29,142544,UPCOMING,Concord-Carlisle,4097,,,Lincoln-Sudbury,4211,,,Dual County,Dual County,5:30 P.M.,,0
2026-09-29,142625,UPCOMING,Bedford,4031,,,Wayland,4411,,,Dual County,Dual County,5:30 P.M.,,0
2026-09-29,142646,UPCOMING,Boston Latin,4049,,,Waltham,4405,,,Dual County,Dual County,4:00 P.M.,,0
2026-09-29,142925,UPCOMING,North Attleborough,4284,,,King Philip,4197,,,Hockomock,Hockomock,5:15 P.M.,,0
2026-09-29,143024,UPCOMING,Foxborough,4142,,,Bristol-Plymouth,4057,,,Hockomock,Mayflower,5:00 P.M.,,0
2026-09-29,143394,UPCOMING,Calvary Chapel,4828,,,Norfolk Aggie,4458,,,Independent,Mayflower,5:15 P.M.,,0
2026-09-29,143446,UPCOMING,Andover,4009,,,Billerica,4040,,,Merrimack Valley,Merrimack Valley,5:00 P.M.,,0
2026-09-29,143504,UPCOMING,Haverhill,4167,,,Central Catholic,4081,,,Merrimack Valley,Merrimack Valley,5:00 P.M.,,0
2026-09-29,143528,UPCOMING,Chelmsford,4085,,,Methuen,4246,,,Merrimack Valley,Merrimack Valley,5:00 P.M.,,0
2026-09-29,143575,UPCOMING,Tewksbury,4389,,,Dracut,4119,,,Merrimack Valley,Merrimack Valley,5:30 P.M.,,0
2026-09-29,143604,UPCOMING,North Andover,4283,,,Lowell,4216,,,Merrimack Valley,Merrimack Valley,5:00 P.M.,,0
2026-09-29,146401,UPCOMING,East Bridgewater,4126,,,Abington,4002,,,South Shore,South Shore,5:15 P.M.,,0
2026-09-29,146423,UPCOMING,Carver,4077,,,Middleborough,4247,,,South Shore,South Shore,5:30 P.M.,,0
2026-09-29,146440,UPCOMING,Cohasset,4094,,,Rockland,4331,,,South Shore,South Shore,5:30 P.M.,,0
2026-09-29,146455,UPCOMING,Randolph,4327,,,Mashpee,4237,,,South Shore,South Shore,6:00 P.M.,,0
2026-09-30,141113,UPCOMING,King Philip,4197,,,Walpole,4404,,,Hockomock,Bay State,5:00 P.M.,,0
2026-09-30,141173,UPCOMING,Durfee,4122,,,Taunton,4388,,,Big Three,Hockomock,5:15 P.M.,,0
2026-09-30,141207,UPCOMING,Brockton,4058,,,Stoughton,4381,,,Big Three,Hockomock,5:15 P.M.,,0
2026-09-30,141237,UPCOMING,New Bedford,4273,,,Dartmouth,4105,,,Big Three,Pioneer,5:15 P.M.,,0
2026-09-30,141320,UPCOMING,Dearborn STEM,5016,,,Boston International,4547,,,Independent,Boston City,4:30 P.M.,,0
2026-09-30,141504,UPCOMING,Cristo Rey,4453,,,CASH,4187,,,Catholic Central,Boston City,4:00 P.M.,,0
2026-09-30,141514,UPCOMING,Ruth Batson Academy,4795,,,Charlestown,4084,,,Independent,Boston City,4:00 P.M.,,0
2026-09-30,141519,UPCOMING,Dennis-Yarmouth,4111,,,Barnstable,4024,,,Cape & Islands,Pioneer,5:30 P.M.,,0
2026-09-30,141556,UPCOMING,Falmouth,4134,,,Sandwich,4340,,,Cape & Islands,Cape & Islands,5:30 P.M.,,0
2026-09-30,141593,UPCOMING,Fairhaven,4133,,,West Bridgewater,4415,,,South Coast,South Coast,6:00 P.M.,,0
2026-09-30,141665,UPCOMING,Sturgis East,4456,,,Monomoy,4706,,,Cape & Islands,Cape & Islands,7:00 P.M.,,0
2026-09-30,141702,UPCOMING,Rising Tide Charter,4746,,,Sturgis West,4735,,,Cape & Islands,Cape & Islands,4:00 P.M.,,0
2026-09-30,141752,UPCOMING,Georgetown,4148,,,Gloucester,4150,,,Cape Ann,Northeastern,5:30 P.M.,,0
2026-09-30,141853,UPCOMING,North Reading,4288,,,Wakefield,4402,,,Cape Ann,Middlesex,5:00 P.M.,,0
2026-09-30,141918,UPCOMING,Pentucket,4309,,,Ipswich,4190,,,Cape Ann,Cape Ann,5:15 P.M.,,0
2026-09-30,141936,UPCOMING,Newburyport,4276,,,Melrose,4244,,,Cape Ann,Middlesex,5:30 P.M.,,0
2026-09-30,142627,UPCOMING,Wilmington,4432,,,Bedford,4031,,,Middlesex,Dual County,5:30 P.M.,,0
2026-09-30,142702,UPCOMING,Chelsea,4086,,,Lynn English,4221,,,Greater Boston,Greater Boston,5:30 P.M.,,0
2026-09-30,142731,UPCOMING,Everett,4132,,,Revere,4329,,,Greater Boston,Greater Boston,5:00 P.M.,,0
2026-09-30,142767,UPCOMING,Lynn Classical,4220,,,Somerville,4351,,,Greater Boston,Greater Boston,5:15 P.M.,,0
2026-09-30,142807,UPCOMING,Malden,4227,,,Medford,4242,,,Greater Boston,Greater Boston,5:30 P.M.,,0
2026-09-30,142892,UPCOMING,Franklin,4144,,,Winchester,4434,,,Hockomock,Middlesex,5:15 P.M.,,0
2026-09-30,142955,UPCOMING,Hopedale,4507,,,Milford,4249,,,CMAC,Hockomock,5:00 P.M.,,0
2026-09-30,143077,UPCOMING,Norwood,4297,,,Sharon,4345,,,Tri-Valley,Hockomock,5:00 P.M.,,0
2026-09-30,143103,UPCOMING,Atlantis Charter,4818,,,Westport,4461,,,Mayflower,Mayflower,5:00 P.M.,,0
2026-09-30,143125,UPCOMING,Avon,4460,,,Holbrook,4172,,,Mayflower,Mayflower,5:00 P.M.,,0
2026-09-30,143238,UPCOMING,Blue Hills,4047,,,Southeastern,4358,,,Mayflower,Mayflower,5:00 P.M.,,0
2026-09-30,143271,UPCOMING,Bristol-Plymouth,4057,,,Diman,4115,,,Mayflower,Mayflower,5:00 P.M.,,0
2026-09-30,143336,UPCOMING,Upper Cape,4457,,,Tri-County,4392,,,Mayflower,Mayflower,5:00 P.M.,,0
2026-09-30,143363,UPCOMING,Cape Cod Tech,4073,,,Bristol Aggie,4463,,,Mayflower,Mayflower,5:00 P.M.,,0
2026-09-30,143419,UPCOMING,South Shore Voc-Tech,4356,,,Old Colony,4300,,,Mayflower,Mayflower,5:00 P.M.,,0
2026-09-30,144842,UPCOMING,Lexington,4209,,,Reading,4328,,,Middlesex,Middlesex,5:30 P.M.,,0
2026-09-30,144934,UPCOMING,Stoneham,4380,,,Watertown,4409,,,Middlesex,Middlesex,5:30 P.M.,,0
2026-09-30,145641,UPCOMING,Masconomet,4236,,,Danvers,4103,,,Northeastern,Northeastern,5:30 P.M.,,0
2026-09-30,145660,UPCOMING,Peabody,4306,,,Marblehead,4231,,,Northeastern,Northeastern,5:30 P.M.,,0
2026-09-30,145691,UPCOMING,Winthrop,4437,,,Salem,4336,,,Northeastern,Northeastern,5:45 P.M.,,0
2026-09-30,145706,UPCOMING,Swampscott,4383,,,Saugus,4341,,,Northeastern,Northeastern,6:00 P.M.,,0
2026-09-30,145747,UPCOMING,Marshfield,4234,,,Hanover,4164,,,Patriot,Patriot,5:30 P.M.,,0
2026-09-30,145788,UPCOMING,Whitman-Hanson,4427,,,North Quincy,4287,,,Patriot,Patriot,5:30 P.M.,,0
2026-09-30,145825,UPCOMING,Pembroke,4308,,,Duxbury,4123,,,Patriot,Patriot,5:30 P.M.,,0
2026-09-30,145849,UPCOMING,Silver Lake,4349,,,Plymouth South,4316,,,Patriot,Patriot,5:30 P.M.,,0
2026-09-30,145868,UPCOMING,Quincy,4326,,,Plymouth North,4315,,,Patriot,Patriot,5:30 P.M.,,0
2026-09-30,145879,UPCOMING,Hingham,4171,,,Scituate,4343,,,Patriot,Patriot,5:30 P.M.,,0
2026-09-30,146011,UPCOMING,Dighton-Rehoboth,4114,,,Apponequet,4011,,,South Coast,South Coast,6:00 P.M.,,0
2026-09-30,146071,UPCOMING,Old Rochester,4301,,,Greater New Bedford,4156,,,South Coast,South Coast,6:00 P.M.,,0
2026-09-30,146112,UPCOMING,Somerset Berkley,4350,,,Joseph Case,4078,,,South Coast,South Coast,6:00 P.M.,,0
2026-09-30,146135,UPCOMING,Seekonk,4344,,,Bourne,4050,,,South Coast,South Coast,6:00 P.M.,,0
2026-09-30,146520,UPCOMING,Medway,4243,,,Ashland,4015,,,Tri-Valley,Tri-Valley,5:45 P.M.,,0
2026-09-30,146560,UPCOMING,Medfield,4241,,,Dedham,4108,,,Tri-Valley,Tri-Valley,6:30 P.M.,,0
2026-09-30,146583,UPCOMING,Bellingham,4033,,,Holliston,4174,,,Tri-Valley,Tri-Valley,6:15 P.M.,,0
2026-09-30,146605,UPCOMING,Norton,4295,,,Hopkinton,4180,,,Tri-Valley,Tri-Valley,6:00 P.M.,,0
2026-09-30,146642,UPCOMING,Millis,4251,,,Westwood,4424,,,Tri-Valley,Tri-Valley,6:30 P.M.,,0
2026-10-01,140940,UPCOMING,Needham,4272,,,Braintree,4051,,,Bay State,Bay State,4:00 P.M.,,0
2026-10-01,140980,UPCOMING,Natick,4270,,,Newton North,4279,,,Bay State,Bay State,4:00 P.M.,,0
2026-10-01,141034,UPCOMING,Wellesley,4413,,,Brookline,4059,,,Bay State,Bay State,4:00 P.M.,,0
2026-10-01,141048,UPCOMING,Framingham,4143,,,Walpole,4404,,,Bay State,Bay State,4:00 P.M.,,0
2026-10-01,141130,UPCOMING,Milton,4252,,,Weymouth,4425,,,Bay State,Bay State,5:30 P.M.,,0
2026-10-01,141272,UPCOMING,Muniz,5018,,,English High,4048,,,Independent,Boston City,5:30 P.M.,,0
2026-10-01,141302,UPCOMING,Latin Academy,4202,,,Boston United,4798,,,Boston City,Boston City,5:00 P.M.,,0
2026-10-01,141414,UPCOMING,East Boston,4125,,,New Mission,4494,,,Boston City,Boston City,4:30 P.M.,,0
2026-10-01,141457,UPCOMING,Madison Park,4225,,,O’Bryant,4298,,,Boston City,Boston City,4:30 P.M.,,0
2026-10-01,141644,UPCOMING,St. John Paul II,4689,,,Calvary Chapel,4828,,,Cape & Islands,Independent,5:30 P.M.,,0
2026-10-01,141817,UPCOMING,Lynnfield,4223,,,North Reading,4288,,,Cape Ann,Cape Ann,5:00 P.M.,,0
2026-10-01,141879,UPCOMING,Triton,4395,,,Saugus,4341,,,Cape Ann,Northeastern,5:15 P.M.,,0
2026-10-01,141895,UPCOMING,Essex Tech,4745,,,Pentucket,4309,,,Cape Ann,Cape Ann,5:00 P.M.,,0
2026-10-01,141996,UPCOMING,Peabody,4306,,,Arlington Catholic,4014,,,Northeastern,Catholic Central,5:30 P.M.,,0
2026-10-01,142070,UPCOMING,Westport,4461,,,Bishop Stang,4045,,,Mayflower,Catholic Central,6:00 P.M.,,0
2026-10-01,142087,UPCOMING,Cardinal Spellman,4075,,,Fontbonne,4447,,,Catholic Central,Catholic Conference,4:00 P.M.,,0
2026-10-01,142139,UPCOMING,Notre Dame (Hingham),4449,,,Malden Catholic,4228,,,Catholic Conference,Catholic Conference,6:00 P.M.,,0
2026-10-01,142248,UPCOMING,Greater Lowell,4155,,,Lowell Catholic,4217,,,Commonwealth,Commonwealth,5:30 P.M.,,0
2026-10-01,142312,UPCOMING,Innovation Academy,4690,,,Whittier,4428,,,Commonwealth,Commonwealth,5:15 P.M.,,0
2026-10-01,142345,UPCOMING,Shawsheen,4346,,,Mystic Valley,4264,,,Commonwealth,Commonwealth,5:30 P.M.,,0
2026-10-01,142384,UPCOMING,KIPP,4703,,,Nashoba Valley Tech,4268,,,Commonwealth,Commonwealth,5:30 P.M.,,0
2026-10-01,142467,UPCOMING,Notre Dame (Tyngsborough),4540,,,Northeast,4293,,,Commonwealth,Commonwealth,5:45 P.M.,,0
2026-10-01,142494,UPCOMING,Wayland,4411,,,Acton-Boxborough,4003,,,Dual County,Dual County,5:15 P.M.,,0
2026-10-01,142524,UPCOMING,Lincoln-Sudbury,4211,,,Cambridge,4067,,,Dual County,Dual County,4:00 P.M.,,0
2026-10-01,142547,UPCOMING,Concord-Carlisle,4097,,,Burlington,4065,,,Dual County,Middlesex,6:00 P.M.,,0
2026-10-01,142588,UPCOMING,Newton South,4280,,,Boston Latin,4049,,,Dual County,Dual County,5:45 P.M.,,0
2026-10-01,142612,UPCOMING,Westford,4421,,,Weston,4423,,,Dual County,Dual County,5:00 P.M.,,0
2026-10-01,142629,UPCOMING,Waltham,4405,,,Bedford,4031,,,Dual County,Dual County,5:30 P.M.,,0
2026-10-01,142860,UPCOMING,Attleboro,4018,,,Mansfield,4230,,,Hockomock,Hockomock,5:15 P.M.,,0
2026-10-01,142894,UPCOMING,Franklin,4144,,,North Attleborough,4284,,,Hockomock,Hockomock,5:00 P.M.,,0
2026-10-01,142928,UPCOMING,Taunton,4388,,,King Philip,4197,,,Hockomock,Hockomock,5:15 P.M.,,0
2026-10-01,142957,UPCOMING,Milford,4249,,,Oliver Ames,4302,,,Hockomock,Hockomock,5:15 P.M.,,0
2026-10-01,143001,UPCOMING,Sharon,4345,,,Canton,4071,,,Hockomock,Hockomock,5:15 P.M.,,0
2026-10-01,143025,UPCOMING,Stoughton,4381,,,Foxborough,4142,,,Hockomock,Hockomock,5:00 P.M.,,0
2026-10-01,143397,UPCOMING,Norfolk Aggie,4458,,,South Shore Christian,4489,,,Mayflower,Independent,5:00 P.M.,,0
2026-10-01,143400,UPCOMING,Douglas,4506,,,Norfolk Aggie,4458,,,CMAC,Mayflower,6:30 P.M.,,0
2026-10-01,143448,UPCOMING,Andover,4009,,,Dracut,4119,,,Merrimack Valley,Merrimack Valley,6:30 P.M.,,0
2026-10-01,143471,UPCOMING,Lowell,4216,,,Billerica,4040,,,Merrimack Valley,Merrimack Valley,5:00 P.M.,,0
2026-10-01,143507,UPCOMING,Central Catholic,4081,,,Lawrence,4203,,,Merrimack Valley,Merrimack Valley,5:00 P.M.,,0
2026-10-01,143531,UPCOMING,Tewksbury,4389,,,Chelmsford,4085,,,Merrimack Valley,Merrimack Valley,5:30 P.M.,,0
2026-10-01,143564,UPCOMING,North Andover,4283,,,Methuen,4246,,,Merrimack Valley,Merrimack Valley,5:00 P.M.,,0
2026-10-01,144800,UPCOMING,Arlington,4013,,,Woburn,4438,,,Middlesex,Middlesex,5:30 P.M.,,0
2026-10-01,145791,UPCOMING,North Quincy,4287,,,Scituate,4343,,,Patriot,Patriot,5:30 P.M.,,0
2026-10-01,146115,UPCOMING,Bridgewater-Raynham,4053,,,Somerset Berkley,4350,,,Pioneer,South Coast,5:15 P.M.,,0
2026-10-01,146160,UPCOMING,Joseph Case,4078,,,Bellingham,4033,,,South Coast,Tri-Valley,6:00 P.M.,,0
2026-10-01,146404,UPCOMING,Abington,4002,,,Norwell,4296,,,South Shore,South Shore,4:45 P.M.,,0
2026-10-01,146425,UPCOMING,East Bridgewater,4126,,,Carver,4077,,,South Shore,South Shore,5:45 P.M.,,0
2026-10-01,146443,UPCOMING,Cohasset,4094,,,Middleborough,4247,,,South Shore,South Shore,5:30 P.M.,,0
2026-10-01,146458,UPCOMING,Rockland,4331,,,Mashpee,4237,,,South Shore,South Shore,5:45 P.M.,,0
2026-10-01,146499,UPCOMING,Randolph,4327,,,Academy/Pacific Rim,5038,,,South Shore,Charter School Athletic,4:00 P.M.,,0
2026-10-01,146696,UPCOMING,Foxborough Charter,4588,,,Millis,4251,,,Charter School Athletic,Tri-Valley,4:30 P.M.,,0
2026-10-02,140942,UPCOMING,Needham,4272,,,Lincoln-Sudbury,4211,,,Bay State,Dual County,4:30 P.M.,,0
2026-10-02,141010,UPCOMING,Newton North,4279,,,Bishop Feehan,4042,,,Bay State,Catholic Central,4:30 P.M.,,0
2026-10-02,141149,UPCOMING,Weymouth,4425,,,Durfee,4122,,,Bay State,Big Three,5:30 P.M.,,0
2026-10-02,141238,UPCOMING,New Bedford,4273,,,Greater New Bedford,4156,,,Big Three,South Coast,5:15 P.M.,,0
2026-10-02,141322,UPCOMING,Madison Park,4225,,,Dearborn STEM,5016,,,Boston City,Independent,5:00 P.M.,,0
2026-10-02,141385,UPCOMING,TechBoston/Henderson,4117,,,CASH,4187,,,Boston City,Boston City,4:00 P.M.,,0
2026-10-02,141415,UPCOMING,Cathedral,4079,,,East Boston,4125,,,Catholic Central,Boston City,5:00 P.M.,,0
2026-10-02,141528,UPCOMING,Dennis-Yarmouth,4111,,,Bourne,4050,,,Cape & Islands,South Coast,6:00 P.M.,,0
2026-10-02,141558,UPCOMING,Falmouth,4134,,,Cardinal Spellman,4075,,,Cape & Islands,Catholic Central,5:30 P.M.,,0
2026-10-02,141623,UPCOMING,Nantucket,4265,,,Sandwich,4340,,,Cape & Islands,Cape & Islands,4:30 P.M.,,0
2026-10-02,141787,UPCOMING,Hamilton-Wenham,4163,,,Beverly,4038,,,Cape Ann,Northeastern,5:00 P.M.,,0
2026-10-02,141819,UPCOMING,Lynnfield,4223,,,Lynn Classical,4220,,,Cape Ann,Greater Boston,5:00 P.M.,,0
2026-10-02,142052,UPCOMING,Danvers,4103,,,Bishop Fenwick,4043,,,Northeastern,Catholic Central,5:15 P.M.,,0
2026-10-02,142186,UPCOMING,Ursuline,4448,,,Dedham,4108,,,Catholic Conference,Tri-Valley,6:15 P.M.,,0
2026-10-02,142448,UPCOMING,Nashoba Valley Tech,4268,,,St. Bernard’s,4365,,,Commonwealth,CMAC,5:15 P.M.,,0
2026-10-02,142705,UPCOMING,Excel Academy,4969,,,Chelsea,4086,,,Charter School Athletic,Greater Boston,5:15 P.M.,,0
2026-10-02,142732,UPCOMING,Winthrop,4437,,,Everett,4132,,,Northeastern,Greater Boston,5:45 P.M.,,0
2026-10-02,142861,UPCOMING,Barnstable,4024,,,Attleboro,4018,,,Pioneer,Hockomock,5:30 P.M.,,0
2026-10-02,143003,UPCOMING,Canton,4071,,,Westwood,4424,,,Hockomock,Tri-Valley,5:45 P.M.,,0
2026-10-02,143104,UPCOMING,Atlantis Charter,4818,,,Avon,4460,,,Mayflower,Mayflower,5:00 P.M.,,0
2026-10-02,143162,UPCOMING,Holbrook,4172,,,Wareham,4407,,,Mayflower,Mayflower,5:00 P.M.,,0
2026-10-02,143241,UPCOMING,Diman,4115,,,Blue Hills,4047,,,Mayflower,Mayflower,5:00 P.M.,,0
2026-10-02,143274,UPCOMING,Bristol-Plymouth,4057,,,Upper Cape,4457,,,Mayflower,Mayflower,5:00 P.M.,,0
2026-10-02,143320,UPCOMING,Southeastern,4358,,,Tri-County,4392,,,Mayflower,Mayflower,5:00 P.M.,,0
2026-10-02,143403,UPCOMING,Norfolk Aggie,4458,,,Old Colony,4300,,,Mayflower,Mayflower,5:00 P.M.,,0
2026-10-02,143449,UPCOMING,Tewksbury,4389,,,Andover,4009,,,Merrimack Valley,Merrimack Valley,5:15 P.M.,,0
2026-10-02,144821,UPCOMING,Lexington,4209,,,Belmont,4034,,,Middlesex,Middlesex,5:30 P.M.,,0
2026-10-02,144861,UPCOMING,Reading,4328,,,Winchester,4434,,,Middlesex,Middlesex,5:45 P.M.,,0
2026-10-02,144905,UPCOMING,Burlington,4065,,,Wilmington,4432,,,Middlesex,Middlesex,5:30 P.M.,,0
2026-10-02,144943,UPCOMING,Watertown,4409,,,Wakefield,4402,,,Middlesex,Middlesex,5:30 P.M.,,0
2026-10-02,145717,UPCOMING,Swampscott,4383,,,Gloucester,4150,,,Northeastern,Northeastern,6:00 P.M.,,0
2026-10-02,145750,UPCOMING,Hanover,4164,,,Pembroke,4308,,,Patriot,Patriot,5:30 P.M.,,0
2026-10-02,145850,UPCOMING,Quincy,4326,,,Plymouth South,4316,,,Patriot,Patriot,5:30 P.M.,,0
2026-10-02,145905,UPCOMING,Duxbury,4123,,,Hingham,4171,,,Patriot,Patriot,5:30 P.M.,,0
2026-10-02,145943,UPCOMING,Plymouth North,4315,,,Marshfield,4234,,,Patriot,Patriot,5:30 P.M.,,0
2026-10-02,145965,UPCOMING,Silver Lake,4349,,,Whitman-Hanson,4427,,,Patriot,Patriot,5:30 P.M.,,0
2026-10-02,146012,UPCOMING,Dartmouth,4105,,,Apponequet,4011,,,Pioneer,South Coast,5:15 P.M.,,0
2026-10-02,146095,UPCOMING,Old Rochester,4301,,,Medfield,4241,,,South Coast,Tri-Valley,6:30 P.M.,,0
2026-10-03,141788,UPCOMING,Hamilton-Wenham,4163,,,Swampscott,4383,,,Cape Ann,Northeastern,11:00 A.M.,,0
2026-10-03,142661,UPCOMING,Watertown,4409,,,Waltham,4405,,,Middlesex,Dual County,12:00 P.M.,,0
2026-10-03,143534,UPCOMING,Chelmsford,4085,,,Dracut,4119,,,Merrimack Valley,Merrimack Valley,12:00 P.M.,,0
2026-10-03,143551,UPCOMING,Haverhill,4167,,,North Andover,4283,,,Merrimack Valley,Merrimack Valley,11:00 A.M.,,0
2026-10-03,143565,UPCOMING,Lowell,4216,,,Methuen,4246,,,Merrimack Valley,Merrimack Valley,5:00 P.M.,,0
2026-10-05,141036,UPCOMING,Bishop Feehan,4042,,,Brookline,4059,,,Catholic Central,Bay State,5:45 P.M.,,0
2026-10-05,141087,UPCOMING,Durfee,4122,,,Braintree,4051,,,Big Three,Bay State,5:15 P.M.,,0
2026-10-05,141210,UPCOMING,Brockton,4058,,,Barnstable,4024,,,Big Three,Pioneer,5:15 P.M.,,0
2026-10-05,141239,UPCOMING,New Bedford,4273,,,Bridgewater-Raynham,4053,,,Big Three,Pioneer,5:15 P.M.,,0
2026-10-05,141474,UPCOMING,Madison Park,4225,,,Ursuline,4448,,,Boston City,Catholic Conference,5:00 P.M.,,0
2026-10-05,141494,UPCOMING,Ruth Batson Academy,4795,,,Boston International,4547,,,Independent,Boston City,4:30 P.M.,,0
2026-10-05,141506,UPCOMING,Charlestown,4084,,,CASH,4187,,,Boston City,Boston City,4:00 P.M.,,0
2026-10-05,141529,UPCOMING,Sandwich,4340,,,Dennis-Yarmouth,4111,,,Cape & Islands,Cape & Islands,5:00 P.M.,,0
2026-10-05,141559,UPCOMING,Falmouth,4134,,,St. John Paul II,4689,,,Cape & Islands,Cape & Islands,6:30 P.M.,,0
2026-10-05,141666,UPCOMING,Monomoy,4706,,,Nantucket,4265,,,Cape & Islands,Cape & Islands,3:30 P.M.,,0
2026-10-05,141704,UPCOMING,Atlantis Charter,4818,,,Rising Tide Charter,4746,,,Mayflower,Cape & Islands,4:00 P.M.,,0
2026-10-05,141822,UPCOMING,Lynnfield,4223,,,Bishop Fenwick,4043,,,Cape Ann,Catholic Central,5:00 P.M.,,0
2026-10-05,141855,UPCOMING,Newburyport,4276,,,North Reading,4288,,,Cape Ann,Cape Ann,5:15 P.M.,,0
2026-10-05,142089,UPCOMING,Cardinal Spellman,4075,,,Rockland,4331,,,Catholic Central,South Shore,5:15 P.M.,,0
2026-10-05,142314,UPCOMING,Notre Dame (Tyngsborough),4540,,,Innovation Academy,4690,,,Commonwealth,Commonwealth,5:15 P.M.,,0
2026-10-05,142386,UPCOMING,KIPP,4703,,,Gloucester,4150,,,Commonwealth,Northeastern,5:30 P.M.,,0
2026-10-05,142489,UPCOMING,Groton-Dunstable,4160,,,Acton-Boxborough,4003,,,Mid-Wach,Dual County,5:15 P.M.,,0
2026-10-05,142525,UPCOMING,Cambridge,4067,,,Wayland,4411,,,Dual County,Dual County,5:45 P.M.,,0
2026-10-05,142548,UPCOMING,Concord-Carlisle,4097,,,Waltham,4405,,,Dual County,Dual County,6:00 P.M.,,0
2026-10-05,142570,UPCOMING,Lincoln-Sudbury,4211,,,Newton South,4280,,,Dual County,Dual County,4:00 P.M.,,0
2026-10-05,142614,UPCOMING,Boston Latin,4049,,,Westford,4421,,,Dual County,Dual County,5:00 P.M.,,0
2026-10-05,142632,UPCOMING,Bedford,4031,,,Weston,4423,,,Dual County,Dual County,5:30 P.M.,,0
2026-10-05,142706,UPCOMING,Chelsea,4086,,,Somerville,4351,,,Greater Boston,Greater Boston,5:30 P.M.,,0
2026-10-05,142734,UPCOMING,Everett,4132,,,Malden,4227,,,Greater Boston,Greater Boston,5:00 P.M.,,0
2026-10-05,142768,UPCOMING,Lynn Classical,4220,,,Revere,4329,,,Greater Boston,Greater Boston,5:15 P.M.,,0
2026-10-05,142787,UPCOMING,Medford,4242,,,Lynn English,4221,,,Greater Boston,Greater Boston,5:30 P.M.,,0
2026-10-05,142862,UPCOMING,Taunton,4388,,,Attleboro,4018,,,Hockomock,Hockomock,5:15 P.M.,,0
2026-10-05,142897,UPCOMING,Stoughton,4381,,,Franklin,4144,,,Hockomock,Hockomock,5:15 P.M.,,0
2026-10-05,142931,UPCOMING,King Philip,4197,,,Canton,4071,,,Hockomock,Hockomock,5:00 P.M.,,0
2026-10-05,142959,UPCOMING,Milford,4249,,,Sharon,4345,,,Hockomock,Hockomock,5:15 P.M.,,0
2026-10-05,143026,UPCOMING,Foxborough,4142,,,Oliver Ames,4302,,,Hockomock,Hockomock,5:00 P.M.,,0
2026-10-05,143046,UPCOMING,Mansfield,4230,,,North Attleborough,4284,,,Hockomock,Hockomock,5:15 P.M.,,0
2026-10-05,143126,UPCOMING,Abington,4002,,,Avon,4460,,,South Shore,Mayflower,5:15 P.M.,,0
2026-10-05,143164,UPCOMING,Holbrook,4172,,,Calvary Chapel,4828,,,Mayflower,Independent,5:00 P.M.,,0
2026-10-05,143193,UPCOMING,Wareham,4407,,,Upper Cape,4457,,,Mayflower,Mayflower,6:00 P.M.,,0
2026-10-05,143214,UPCOMING,Carver,4077,,,Westport,4461,,,South Shore,Mayflower,5:30 P.M.,,0
2026-10-05,143244,UPCOMING,Blue Hills,4047,,,Old Colony,4300,,,Mayflower,Mayflower,5:00 P.M.,,0
2026-10-05,143277,UPCOMING,Bristol-Plymouth,4057,,,South Shore Voc-Tech,4356,,,Mayflower,Mayflower,5:00 P.M.,,0
2026-10-05,143301,UPCOMING,Diman,4115,,,Bristol Aggie,4463,,,Mayflower,Mayflower,4:30 P.M.,,0
2026-10-05,143450,UPCOMING,Andover,4009,,,Haverhill,4167,,,Merrimack Valley,Merrimack Valley,5:00 P.M.,,0
2026-10-05,143473,UPCOMING,Chelmsford,4085,,,Billerica,4040,,,Merrimack Valley,Merrimack Valley,5:00 P.M.,,0
2026-10-05,143509,UPCOMING,Central Catholic,4081,,,Methuen,4246,,,Merrimack Valley,Merrimack Valley,5:00 P.M.,,0
2026-10-05,143578,UPCOMING,Dracut,4119,,,Lawrence,4203,,,Merrimack Valley,Merrimack Valley,5:00 P.M.,,0
2026-10-05,143607,UPCOMING,Tewksbury,4389,,,Lowell,4216,,,Merrimack Valley,Merrimack Valley,5:30 P.M.,,0
2026-10-05,145620,UPCOMING,Peabody,4306,,,Beverly,4038,,,Northeastern,Northeastern,5:30 P.M.,,0
2026-10-05,145662,UPCOMING,Marblehead,4231,,,Masconomet,4236,,,Northeastern,Northeastern,5:30 P.M.,,0
2026-10-05,145692,UPCOMING,Salem,4336,,,Swampscott,4383,,,Northeastern,Northeastern,5:00 P.M.,,0
2026-10-05,145708,UPCOMING,Winthrop,4437,,,Saugus,4341,,,Northeastern,Northeastern,5:45 P.M.,,0
2026-10-05,145794,UPCOMING,North Quincy,4287,,,Pembroke,4308,,,Patriot,Patriot,5:30 P.M.,,0
2026-10-05,145870,UPCOMING,Scituate,4343,,,Quincy,4326,,,Patriot,Patriot,5:30 P.M.,,0
2026-10-05,145974,UPCOMING,East Bridgewater,4126,,,Whitman-Hanson,4427,,,South Shore,Patriot,5:15 P.M.,,0
2026-10-05,146015,UPCOMING,Somerset Berkley,4350,,,Apponequet,4011,,,South Coast,South Coast,6:00 P.M.,,0
2026-10-05,146050,UPCOMING,Dighton-Rehoboth,4114,,,Old Rochester,4301,,,South Coast,South Coast,6:00 P.M.,,0
2026-10-05,146073,UPCOMING,Greater New Bedford,4156,,,Dartmouth,4105,,,South Coast,Pioneer,6:00 P.M.,,0
2026-10-05,146138,UPCOMING,West Bridgewater,4415,,,Bourne,4050,,,South Coast,South Coast,5:15 P.M.,,0
2026-10-05,146163,UPCOMING,Joseph Case,4078,,,Seekonk,4344,,,South Coast,South Coast,6:00 P.M.,,0
2026-10-05,146446,UPCOMING,Hingham,4171,,,Cohasset,4094,,,Patriot,South Shore,5:15 P.M.,,0
2026-10-05,146522,UPCOMING,Ashland,4015,,,Millis,4251,,,Tri-Valley,Tri-Valley,6:00 P.M.,,0
2026-10-05,146562,UPCOMING,Hopkinton,4180,,,Dedham,4108,,,Tri-Valley,Tri-Valley,6:00 P.M.,,0
2026-10-05,146586,UPCOMING,Holliston,4174,,,Norton,4295,,,Tri-Valley,Tri-Valley,5:00 P.M.,,0
2026-10-05,146622,UPCOMING,Norwood,4297,,,Medway,4243,,,Tri-Valley,Tri-Valley,5:15 P.M.,,0
2026-10-05,146643,UPCOMING,Westwood,4424,,,Bellingham,4033,,,Tri-Valley,Tri-Valley,5:30 P.M.,,0
2026-10-06,140945,UPCOMING,Needham,4272,,,Newton North,4279,,,Bay State,Bay State,4:30 P.M.,,0
2026-10-06,140983,UPCOMING,Natick,4270,,,Milton,4252,,,Bay State,Bay State,4:00 P.M.,,0
2026-10-06,141037,UPCOMING,Brookline,4059,,,Weymouth,4425,,,Bay State,Bay State,5:15 P.M.,,0
2026-10-06,141049,UPCOMING,Braintree,4051,,,Framingham,4143,,,Bay State,Bay State,4:00 P.M.,,0
2026-10-06,141065,UPCOMING,Wellesley,4413,,,Walpole,4404,,,Bay State,Bay State,4:00 P.M.,,0
2026-10-06,141274,UPCOMING,New Mission,4494,,,English High,4048,,,Boston City,Boston City,4:30 P.M.,,0
2026-10-06,141303,UPCOMING,Brighton,4055,,,Boston United,4798,,,Boston City,Boston City,5:00 P.M.,,0
2026-10-06,141352,UPCOMING,Muniz,5018,,,TechBoston/Henderson,4117,,,Independent,Boston City,5:30 P.M.,,0
2026-10-06,141417,UPCOMING,O’Bryant,4298,,,East Boston,4125,,,Boston City,Boston City,5:30 P.M.,,0
2026-10-06,141475,UPCOMING,Madison Park,4225,,,Latin Academy,4202,,,Boston City,Boston City,4:30 P.M.,,0
2026-10-06,141753,UPCOMING,Triton,4395,,,Georgetown,4148,,,Cape Ann,Cape Ann,5:15 P.M.,,0
2026-10-06,141789,UPCOMING,Hamilton-Wenham,4163,,,Ipswich,4190,,,Cape Ann,Cape Ann,5:00 P.M.,,0
2026-10-06,141825,UPCOMING,Essex Tech,4745,,,Lynnfield,4223,,,Cape Ann,Cape Ann,5:00 P.M.,,0
2026-10-06,141966,UPCOMING,Arlington Catholic,4014,,,Archbishop Williams,4012,,,Catholic Central,Catholic Central,6:00 P.M.,,0
2026-10-06,142053,UPCOMING,Cardinal Spellman,4075,,,Bishop Fenwick,4043,,,Catholic Central,Catholic Central,5:15 P.M.,,0
2026-10-06,142073,UPCOMING,St. Mary’s,4374,,,Bishop Stang,4045,,,Catholic Central,Catholic Central,5:00 P.M.,,0
2026-10-06,142122,UPCOMING,Fontbonne,4447,,,Notre Dame (Hingham),4449,,,Catholic Conference,Catholic Conference,6:15 P.M.,,0
2026-10-06,142214,UPCOMING,Mystic Valley,4264,,,Greater Lawrence,4154,,,Commonwealth,Commonwealth,5:15 P.M.,,0
2026-10-06,142279,UPCOMING,Lowell Catholic,4217,,,Innovation Academy,4690,,,Commonwealth,Commonwealth,5:30 P.M.,,0
2026-10-06,142331,UPCOMING,Shawsheen,4346,,,Whittier,4428,,,Commonwealth,Commonwealth,5:30 P.M.,,0
2026-10-06,142411,UPCOMING,Lynn Tech,4222,,,Minuteman,4255,,,Commonwealth,Independent,5:45 P.M.,,0
2026-10-06,142449,UPCOMING,Northeast,4293,,,Nashoba Valley Tech,4268,,,Commonwealth,Commonwealth,5:30 P.M.,,0
2026-10-06,142477,UPCOMING,Dracut,4119,,,Notre Dame (Tyngsborough),4540,,,Merrimack Valley,Commonwealth,5:00 P.M.,,0
2026-10-06,143405,UPCOMING,Norfolk Aggie,4458,,,Upper Cape,4457,,,Mayflower,Mayflower,5:00 P.M.,,0
2026-10-06,143613,UPCOMING,North Andover,4283,,,Beverly,4038,,,Merrimack Valley,Northeastern,5:00 P.M.,,0
2026-10-06,144801,UPCOMING,Arlington,4013,,,Watertown,4409,,,Middlesex,Middlesex,5:30 P.M.,,0
2026-10-06,144822,UPCOMING,Belmont,4034,,,Stoneham,4380,,,Middlesex,Middlesex,5:30 P.M.,,0
2026-10-06,144843,UPCOMING,Lexington,4209,,,Wakefield,4402,,,Middlesex,Middlesex,5:30 P.M.,,0
2026-10-06,144863,UPCOMING,Reading,4328,,,Wilmington,4432,,,Middlesex,Middlesex,5:45 P.M.,,0
2026-10-06,144881,UPCOMING,Winchester,4434,,,Burlington,4065,,,Middlesex,Middlesex,5:30 P.M.,,0
2026-10-06,144892,UPCOMING,Woburn,4438,,,Melrose,4244,,,Middlesex,Middlesex,5:30 P.M.,,0
2026-10-06,145752,UPCOMING,Plymouth South,4316,,,Hanover,4164,,,Patriot,Patriot,5:30 P.M.,,0
2026-10-06,145907,UPCOMING,Whitman-Hanson,4427,,,Duxbury,4123,,,Patriot,Patriot,5:30 P.M.,,0
2026-10-06,145929,UPCOMING,Hingham,4171,,,Plymouth North,4315,,,Patriot,Patriot,5:30 P.M.,,0
2026-10-06,146407,UPCOMING,Rockland,4331,,,Abington,4002,,,South Shore,South Shore,5:30 P.M.,,0
2026-10-06,146427,UPCOMING,Carver,4077,,,Randolph,4327,,,South Shore,South Shore,5:45 P.M.,,0
2026-10-06,146447,UPCOMING,Norwell,4296,,,Cohasset,4094,,,South Shore,South Shore,5:15 P.M.,,0
2026-10-06,146459,UPCOMING,Mashpee,4237,,,East Bridgewater,4126,,,South Shore,South Shore,5:15 P.M.,,0
