date,game_id,status,home_team,home_team_id,home_score,home_outcome,visitor_team,visitor_team_id,visitor_score,visitor_outcome,home_conference,visitor_conference,time,overtime,is_shootout_win
2026-07-13,122246,FINAL,Whittier,4428,1.0,2.0,Triton,4395,1.0,2.0,Commonwealth,Cape Ann,,,0
2026-09-02,133971,UPCOMING,Barnstable,4024,,,Monomoy,4706,,,Pioneer,Cape & Islands,4:30 P.M.,,0
2026-09-07,137755,FINAL,Northbridge,4292,1.0,2.0,Lunenburg,4219,1.0,2.0,CMAC,Mid-Wach,6:30 P.M.,,0
2026-09-07,137775,UPCOMING,Mystic Valley,4264,,,Lynn Tech,4222,,,Commonwealth,Commonwealth,1:00 P.M.,,0
2026-09-07,138159,FINAL,Wahconah,4401,0.0,0.0,Mt. Greylock,4262,2.0,1.0,Kurty-Fielding,Grieve,4:30 P.M.,,0
2026-09-07,150059,FINAL,Fairhaven,4133,5.0,1.0,Joseph Case,4078,0.0,0.0,South Coast,South Coast,3:45 P.M.,,0
2026-09-08,133686,FINAL,Chicopee Comprehensive,4089,0.0,0.0,Agawam,4004,2.0,1.0,Kurty-Fielding,Kurty-Fielding,4:00 P.M.,,0
2026-09-08,133720,FINAL,Frontier,4146,4.0,1.0,Amherst-Pelham,4008,3.0,0.0,Pioneer Valley,Pioneer Valley,7:00 P.M.,,0
2026-09-08,133721,FINAL,Andover,4009,1.0,0.0,Acton-Boxborough,4003,2.0,1.0,Merrimack Valley,Dual County,7:00 P.M.,,0
2026-09-08,133811,FINAL,Concord-Carlisle,4097,3.0,1.0,Algonquin,4005,1.0,0.0,Dual County,Mid-Wach,4:30 P.M.,,0
2026-09-08,133977,FINAL,Rising Tide Charter,4746,5.0,1.0,Barnstable,4024,3.0,0.0,Cape & Islands,Pioneer,4:00 P.M.,,0
2026-09-08,134052,FINAL,Bedford,4031,0.0,0.0,Cambridge,4067,1.0,1.0,Dual County,Dual County,4:30 P.M.,,0
2026-09-08,134084,FINAL,Attleboro,4018,1.0,0.0,Foxborough,4142,4.0,1.0,Hockomock,Hockomock,3:30 P.M.,,0
2026-09-08,134190,FINAL,Newton South,4280,1.0,0.0,Bishop Feehan,4042,2.0,1.0,Dual County,Catholic Central,6:30 P.M.,,0
2026-09-08,134281,FINAL,Bridgewater-Raynham,4053,0.0,2.0,Falmouth,4134,0.0,2.0,Pioneer,Cape & Islands,4:00 P.M.,,0
2026-09-08,134323,FINAL,Abington,4002,6.0,1.0,Brockton,4058,1.0,0.0,South Shore,Big Three,4:00 P.M.,,0
2026-09-08,134424,FINAL,Lincoln-Sudbury,4211,2.0,0.0,Central Catholic,4081,3.0,1.0,Dual County,Merrimack Valley,4:00 P.M.,,0
2026-09-08,134546,FINAL,Westport,4461,4.0,1.0,Durfee,4122,3.0,0.0,Mayflower,Big Three,3:30 P.M.,,0
2026-09-08,134626,FINAL,Franklin,4144,4.0,1.0,King Philip,4197,1.0,0.0,Hockomock,Hockomock,4:00 P.M.,,0
2026-09-08,134972,FINAL,Dennis-Yarmouth,4111,0.0,0.0,New Bedford,4273,6.0,1.0,Cape & Islands,Big Three,4:00 P.M.,,0
2026-09-08,135041,FINAL,Masconomet,4236,4.0,1.0,Peabody,4306,0.0,0.0,Northeastern,Northeastern,4:00 P.M.,,0
2026-09-08,135073,FINAL,Plymouth North,4315,7.0,1.0,Quincy,4326,0.0,0.0,Patriot,Patriot,4:00 P.M.,,0
2026-09-08,135172,FINAL,Taunton,4388,2.0,0.0,Oliver Ames,4302,4.0,1.0,Hockomock,Hockomock,3:45 P.M.,,0
2026-09-08,135189,FINAL,Wachusett,4400,0.0,0.0,Nashoba,4267,1.0,1.0,Mid-Wach,Mid-Wach,6:00 P.M.,,0
2026-09-08,135209,FINAL,Arlington Catholic,4014,0.0,0.0,Waltham,4405,4.0,1.0,Catholic Central,Dual County,4:00 P.M.,,0
2026-09-08,135364,FINAL,Bishop Stang,4045,3.0,1.0,Dartmouth,4105,2.0,0.0,Catholic Central,Pioneer,3:30 P.M.,,0
2026-09-08,135457,FINAL,Revere,4329,2.0,2.0,Chelsea,4086,2.0,2.0,Greater Boston,Greater Boston,4:15 P.M.,,0
2026-09-08,135497,FINAL,Danvers,4103,2.0,2.0,Marblehead,4231,2.0,2.0,Northeastern,Northeastern,6:30 P.M.,,0
2026-09-08,135594,FINAL,Scituate,4343,0.0,0.0,Duxbury,4123,4.0,1.0,Patriot,Patriot,6:00 P.M.,,0
2026-09-08,135624,FINAL,East Longmeadow,4127,2.0,0.0,Belchertown,4032,3.0,1.0,Coombs,Coombs,7:00 P.M.,,0
2026-09-08,135654,FINAL,Auburn,4019,1.0,0.0,Grafton,4153,5.0,1.0,CMAC,Mid-Wach,5:15 P.M.,,0
2026-09-08,135675,FINAL,Hingham,4171,7.0,1.0,North Quincy,4287,0.0,0.0,Patriot,Patriot,4:00 P.M.,,0
2026-09-08,135744,FINAL,Leominster,4208,0.0,0.0,Fitchburg,4139,2.0,1.0,Mid-Wach,Mid-Wach,6:30 P.M.,,0
2026-09-08,135835,FINAL,Sharon,4345,3.0,1.0,Mansfield,4230,2.0,0.0,Hockomock,Hockomock,3:45 P.M.,,0
2026-09-08,135866,FINAL,Pembroke,4308,2.0,0.0,Marshfield,4234,3.0,1.0,Patriot,Patriot,4:00 P.M.,,0
2026-09-08,135944,FINAL,Milford,4249,3.0,1.0,North Attleborough,4284,2.0,0.0,Hockomock,Hockomock,4:00 P.M.,,0
2026-09-08,135962,FINAL,Milton,4252,1.0,1.0,Notre Dame (Hingham),4449,0.0,0.0,Bay State,Catholic Conference,4:30 P.M.,,0
2026-09-08,135993,FINAL,Newburyport,4276,2.0,0.0,Lynnfield,4223,3.0,1.0,Cape Ann,Cape Ann,4:00 P.M.,,0
2026-09-08,136050,FINAL,Advanced Math and Science,4595,4.0,1.0,Blackstone Valley,4046,1.0,0.0,CMAC,CMAC,3:30 P.M.,,0
2026-09-08,136086,FINAL,Hamilton-Wenham,4163,5.0,1.0,Amesbury,4007,0.0,0.0,Cape Ann,Cape Ann,4:00 P.M.,,0
2026-09-08,136113,FINAL,Athol,4017,1.0,0.0,Narragansett,4266,2.0,1.0,Bi-County,Mid-Wach,7:00 P.M.,,0
2026-09-08,136146,FINAL,Ayer Shirley,4022,1.0,0.0,Parker Charter,4483,2.0,1.0,Mid-Wach,CMAC,5:00 P.M.,,0
2026-09-08,136185,FINAL,Assabet,4016,0.0,0.0,Bay Path,4027,9.0,1.0,CMAC,CMAC,3:30 P.M.,,0
2026-09-08,136218,FINAL,Millis,4251,7.0,1.0,Blackstone-Millville,4486,1.0,0.0,Tri-Valley,CMAC,4:00 P.M.,,0
2026-09-08,136324,FINAL,Bromfield,4505,7.0,1.0,West Boylston,4414,0.0,0.0,Mid-Wach,Mid-Wach,4:00 P.M.,,0
2026-09-08,136445,FINAL,West Springfield,4417,0.0,0.0,Northampton,4291,2.0,1.0,Coombs,Central,7:00 P.M.,,0
2026-09-08,136487,UPCOMING,Pioneer Charter I,4701,,,Brooke Charter,5071,,,Charter School Athletic,Charter School Athletic,6:45 P.M.,,0
2026-09-08,136488,FINAL,Westwood,4424,6.0,1.0,Norwood,4297,0.0,0.0,Tri-Valley,Tri-Valley,6:00 P.M.,,0
2026-09-08,136638,FINAL,Clinton,4093,1.0,0.0,Tantasqua,4387,2.0,1.0,Mid-Wach,CMAC,6:00 P.M.,,0
2026-09-08,136720,FINAL,Pope Francis,4796,5.0,1.0,Douglas,4506,0.0,0.0,Bi-County,CMAC,4:00 P.M.,,0
2026-09-08,136747,FINAL,Whitman-Hanson,4427,6.0,1.0,Plymouth South,4316,0.0,0.0,Patriot,Patriot,6:00 P.M.,,0
2026-09-08,136959,FINAL,Walpole,4404,5.0,1.0,Shepherd Hill,4347,2.0,0.0,Bay State,Mid-Wach,6:00 P.M.,,0
2026-09-08,136987,FINAL,Silver Lake,4349,2.0,1.0,Hanover,4164,1.0,0.0,Patriot,Patriot,4:00 P.M.,,0
2026-09-08,137107,UPCOMING,Gardner,4147,,,Oakmont,4299,,,Mid-Wach,Mid-Wach,5:00 P.M.,,0
2026-09-08,137138,FINAL,Ipswich,4190,0.0,0.0,Georgetown,4148,2.0,1.0,Cape Ann,Cape Ann,4:00 P.M.,,0
2026-09-08,137202,FINAL,Notre Dame (Tyngsborough),4540,0.0,0.0,Greater Lawrence,4154,7.0,1.0,Commonwealth,Commonwealth,4:00 P.M.,,0
2026-09-08,137243,UPCOMING,New Heights Charter,5088,,,Atlantis Charter,4818,,,Charter School Athletic,Mayflower,4:00 P.M.,,0
2026-09-08,137275,UPCOMING,South Shore Voc-Tech,4356,,,Avon,4460,,,Mayflower,Mayflower,3:30 P.M.,,0
2026-09-08,137342,FINAL,Bristol Aggie,4463,2.0,1.0,Wareham,4407,0.0,0.0,Mayflower,Mayflower,4:00 P.M.,,0
2026-09-08,137366,FINAL,Cape Cod Tech,4073,1.0,0.0,St. John Paul II,4689,4.0,1.0,Mayflower,Cape & Islands,4:00 P.M.,,0
2026-09-08,137406,FINAL,Roxbury Prep,4847,0.0,0.0,Collegiate Charter,4986,3.0,1.0,Charter School Athletic,Charter School Athletic,6:00 P.M.,,0
2026-09-08,137556,FINAL,Smith Voc.,4539,5.0,1.0,Franklin County Tech,4145,1.0,0.0,Tri-County,Bi-County,4:00 P.M.,,0
2026-09-08,137568,FINAL,Granby,4520,1.0,2.0,Hampshire,4518,1.0,2.0,Central,Kurty-Fielding,4:00 P.M.,,0
2026-09-08,137703,FINAL,Littleton,4212,1.0,1.0,Groton,4544,0.0,0.0,Mid-Wach,ISL,4:00 P.M.,,0
2026-09-08,137729,FINAL,Tyngsborough,4397,6.0,1.0,Lowell Catholic,4217,0.0,0.0,Mid-Wach,Commonwealth,5:00 P.M.,,0
2026-09-08,137838,FINAL,Rockport,4490,4.0,2.0,Manchester Essex,4229,4.0,2.0,Cape Ann,Cape Ann,4:00 P.M.,,0
2026-09-08,137868,FINAL,Mashpee,4237,6.0,1.0,Monomoy,4706,0.0,0.0,South Shore,Cape & Islands,4:30 P.M.,,0
2026-09-08,137880,FINAL,Greenfield,4157,7.0,1.0,Smith Academy,4538,3.0,0.0,Bi-County,Bi-County,4:00 P.M.,,0
2026-09-08,137905,FINAL,Maynard,4239,2.0,0.0,Marlborough,4233,3.0,1.0,Mid-Wach,Mid-Wach,4:00 P.M.,,0
2026-09-08,138046,FINAL,Hoosac School,4688,3.0,2.0,Lee,4206,3.0,2.0,Independent,Independent,4:30 P.M.,,0
2026-09-08,138111,UPCOMING,Monument Mtn.,4260,,,Lenox,4532,,,Central,Central,4:30 P.M.,,0
2026-09-08,138157,FINAL,Ware,4406,3.0,0.0,Hopkins,4531,4.0,1.0,Grieve,Pioneer Valley,7:00 P.M.,,0
2026-09-08,138201,UPCOMING,Northeast,4293,,,Mystic Valley,4264,,,Independent,Commonwealth,4:00 P.M.,,0
2026-09-08,138223,FINAL,Rockland,4331,1.0,2.0,Hull,4184,1.0,2.0,South Shore,South Shore,4:00 P.M.,,0
2026-09-08,138421,FINAL,McCann Tech,4240,6.0,1.0,Taconic,4385,0.0,0.0,Tri-County,Pioneer Valley,4:00 P.M.,,0
2026-09-08,138439,FINAL,Monson,4429,2.0,0.0,Southwick,4519,5.0,1.0,Central,Central,4:00 P.M.,,0
2026-09-08,138502,FINAL,Whittier,4428,0.0,2.0,Nashoba Valley Tech,4268,0.0,2.0,Commonwealth,Commonwealth,5:00 P.M.,,0
2026-09-08,138556,FINAL,Notre Dame Academy-Worcester,4451,13.0,1.0,St. Paul,4954,4.0,0.0,CMAC,CMAC,3:45 P.M.,,0
2026-09-08,138600,FINAL,Sturgis West,4735,0.0,0.0,Sandwich,4340,7.0,1.0,Cape & Islands,Cape & Islands,4:00 P.M.,,0
2026-09-08,138689,FINAL,South Hadley,4353,0.0,0.0,Ludlow,4218,2.0,1.0,Kurty-Fielding,Coombs,4:00 P.M.,,0
2026-09-08,138706,FINAL,Norfolk Aggie,4458,0.0,0.0,Ursuline,4448,6.0,1.0,Mayflower,Catholic Conference,3:30 P.M.,,0
2026-09-08,138775,FINAL,Palmer,4304,5.0,1.0,Springfield International,4480,1.0,0.0,Grieve,Pioneer Valley,7:00 P.M.,,0
2026-09-08,138920,FINAL,Tahanto,4513,0.0,0.0,Hudson,4182,8.0,1.0,Mid-Wach,Mid-Wach,4:00 P.M.,,0
2026-09-08,138974,UPCOMING,Commerce,4361,,,Renaissance,4664,,,Tri-County,Pioneer Valley,4:00 P.M.,,0
2026-09-08,139051,FINAL,St. Mary (Westfield),4537,1.0,1.0,Westfield Tech,4420,0.0,0.0,Bi-County,Tri-County,4:00 P.M.,,0
2026-09-08,150084,FINAL,Greater Lowell,4155,4.0,1.0,Shawsheen,4346,1.0,0.0,Commonwealth,Commonwealth,4:00 P.M.,,0
2026-09-08,150103,FINAL,Pentucket,4309,1.0,0.0,North Reading,4288,2.0,1.0,Cape Ann,Cape Ann,4:00 P.M.,,0
2026-09-08,150144,FINAL,Shrewsbury,4348,3.0,1.0,Framingham,4143,0.0,0.0,Mid-Wach,Bay State,,,0
2026-09-08,150147,FINAL,Saugus,4341,2.0,0.0,Salem,4336,4.0,1.0,Northeastern,Northeastern,5:00 P.M.,,0
2026-09-08,150160,FINAL,Gateway,4517,8.0,1.0,Hampden Charter East,4712,0.0,0.0,Pioneer Valley,Pioneer Valley,6:00 P.M.,,0
2026-09-08,150161,FINAL,Stoughton,4381,4.0,1.0,Canton,4071,3.0,0.0,Hockomock,Hockomock,6:30 P.M.,,0
2026-09-09,133922,FINAL,Ashland,4015,0.0,0.0,Medfield,4241,4.0,1.0,Tri-Valley,Tri-Valley,4:30 P.M.,,0
2026-09-09,133996,FINAL,Arlington,4013,2.0,1.0,Wilmington,4432,0.0,0.0,Middlesex,Middlesex,4:30 P.M.,,0
2026-09-09,134115,FINAL,Belmont,4034,6.0,1.0,Watertown,4409,2.0,0.0,Middlesex,Middlesex,4:30 P.M.,,0
2026-09-09,134225,FINAL,Boston Latin,4049,0.0,0.0,Westford,4421,1.0,1.0,Dual County,Dual County,4:00 P.M.,,0
2026-09-09,134373,FINAL,Needham,4272,5.0,1.0,Brookline,4059,0.0,0.0,Bay State,Bay State,4:15 P.M.,,0
2026-09-09,134684,FINAL,Hopkinton,4180,1.0,1.0,Holliston,4174,0.0,0.0,Tri-Valley,Tri-Valley,4:00 P.M.,,0
2026-09-09,134734,FINAL,Lexington,4209,3.0,1.0,Burlington,4065,1.0,0.0,Middlesex,Middlesex,4:15 P.M.,,0
2026-09-09,134839,UPCOMING,Lynn Tech,4222,,,Lynn English,4221,,,Commonwealth,Greater Boston,4:30 P.M.,,0
2026-09-09,135135,UPCOMING,Putnam,4362,,,Springfield Central,4360,,,Tri-County,Grieve,4:00 P.M.,,0
2026-09-09,135274,FINAL,Winchester,4434,3.0,1.0,Stoneham,4380,0.0,0.0,Middlesex,Middlesex,4:15 P.M.,,0
2026-09-09,135294,FINAL,Woburn,4438,2.0,1.0,Wakefield,4402,0.0,0.0,Middlesex,Middlesex,4:30 P.M.,,0
2026-09-09,135390,UPCOMING,Middleborough,4247,,,Bristol-Plymouth,4057,,,South Shore,Mayflower,4:00 P.M.,,0
2026-09-09,135437,UPCOMING,Stoughton,4381,,,Canton,4071,,,Hockomock,Hockomock,5:30 P.M.,,0
2026-09-09,135819,FINAL,St. Mary’s,4374,7.0,1.0,Lynn Classical,4220,0.0,0.0,Catholic Central,Greater Boston,6:30 P.M.,,0
2026-09-09,135900,FINAL,Reading,4328,0.0,0.0,Melrose,4244,3.0,1.0,Middlesex,Middlesex,4:15 P.M.,,0
2026-09-09,135946,FINAL,Milford,4249,2.0,2.0,Wayland,4411,2.0,2.0,Hockomock,Dual County,4:00 P.M.,,0
2026-09-09,135969,FINAL,Westfield,4419,2.0,0.0,Minnechaug,4254,5.0,1.0,Coombs,Coombs,4:30 P.M.,,0
2026-09-09,136256,FINAL,Holbrook,4172,0.0,0.0,Blue Hills,4047,7.0,1.0,Mayflower,Mayflower,3:30 P.M.,,0
2026-09-09,136276,FINAL,Dighton-Rehoboth,4114,6.0,1.0,Bourne,4050,2.0,0.0,South Coast,South Coast,3:45 P.M.,,0
2026-09-09,136565,UPCOMING,Cathedral/Cristo Rey,4079,,,Codman Charter,4482,,,Catholic Central,Charter School Athletic,3:15 P.M.,,0
2026-09-09,136999,FINAL,Somerset Berkley,4350,1.0,0.0,West Bridgewater,4415,2.0,1.0,South Coast,South Coast,3:45 P.M.,,0
2026-09-09,137033,FINAL,Southeastern,4358,1.0,0.0,Keefe Tech,4191,2.0,1.0,Mayflower,CMAC,4:00 P.M.,,0
2026-09-09,137487,FINAL,Drury,4120,3.0,0.0,Pittsfield,4314,4.0,1.0,Pioneer Valley,Kurty-Fielding,4:30 P.M.,,0
2026-09-09,137667,FINAL,Uxbridge,4398,1.0,0.0,Leicester,4207,3.0,1.0,CMAC,CMAC,4:30 P.M.,,0
2026-09-09,137734,FINAL,Minuteman,4255,3.0,0.0,Lowell Catholic,4217,5.0,1.0,Commonwealth,Commonwealth,4:45 P.M.,,0
2026-09-09,137986,UPCOMING,Norton,4295,,,Millis,4251,,,Tri-Valley,Tri-Valley,6:00 P.M.,,0
2026-09-09,138094,UPCOMING,Hopedale,4507,,,Worcester South,4444,,,CMAC,CMAC,6:30 P.M.,,0
2026-09-09,138165,FINAL,Mount Anthony (Vt.),4728,1.0,0.0,Mt. Greylock,4262,5.0,1.0,Independent,Grieve,7:00 P.M.,,0
2026-09-09,138339,FINAL,O’Bryant,4298,1.0,1.0,Fontbonne,4447,0.0,0.0,Boston City,Catholic Conference,4:00 P.M.,,0
2026-09-09,138360,FINAL,Oxford,4303,11.0,1.0,Worcester Tech,4445,0.0,0.0,CMAC,CMAC,3:30 P.M.,,0
2026-09-09,138639,FINAL,Old Rochester,4301,5.0,1.0,Seekonk,4344,2.0,0.0,South Coast,South Coast,4:00 P.M.,,0
2026-09-09,138719,FINAL,South High,4962,0.0,0.0,Hopedale,4507,6.0,1.0,Independent,CMAC,6:30 P.M.,,0
2026-09-09,138744,FINAL,Old Colony,4300,0.0,0.0,Tri-County,4392,1.0,1.0,Mayflower,Mayflower,3:30 P.M.,,0
2026-09-09,138844,FINAL,Sutton,4512,3.0,1.0,Medway,4243,1.0,0.0,CMAC,Tri-Valley,4:00 P.M.,,0
2026-09-09,150345,FINAL,Ursuline,4448,5.0,1.0,Latin Academy,4202,0.0,0.0,Catholic Conference,Boston City,4:00 P.M.,,0
2026-09-09,150354,FINAL,Auburn,4019,1.0,2.0,Northbridge,4292,1.0,2.0,CMAC,CMAC,5:15 P.M.,,0
2026-09-09,150357,FINAL,Malden Catholic,4228,2.0,2.0,Dracut,4119,2.0,2.0,Catholic Conference,Merrimack Valley,4:00 P.M.,,0
2026-09-09,150367,FINAL,Montrose,4561,2.0,1.0,Beaver Country Day,4030,1.0,0.0,IGC,EIL,,,0
2026-09-09,150375,FINAL,Dover-Sherborn,4118,2.0,1.0,Dedham,4108,0.0,0.0,Tri-Valley,Tri-Valley,6:00 P.M.,,0
2026-09-09,150394,FINAL,Apponequet,4011,2.0,1.0,Fairhaven,4133,1.0,0.0,South Coast,South Coast,,,0
2026-09-10,133688,FINAL,Agawam,4004,0.0,0.0,South Hadley,4353,1.0,1.0,Kurty-Fielding,Kurty-Fielding,4:00 P.M.,,0
2026-09-10,133812,FINAL,Shrewsbury,4348,0.0,2.0,Algonquin,4005,0.0,2.0,Mid-Wach,Mid-Wach,6:00 P.M.,,0
2026-09-10,133980,FINAL,New Bedford,4273,3.0,1.0,Barnstable,4024,0.0,0.0,Big Three,Pioneer,4:00 P.M.,,0
2026-09-10,134055,FINAL,Bedford,4031,4.0,1.0,Shawsheen,4346,0.0,0.0,Dual County,Commonwealth,4:00 P.M.,,0
2026-09-10,134152,FINAL,Peabody,4306,0.0,0.0,Beverly,4038,2.0,1.0,Northeastern,Northeastern,6:00 P.M.,,0
2026-09-10,134193,FINAL,Bishop Feehan,4042,2.0,1.0,Oliver Ames,4302,0.0,0.0,Catholic Central,Hockomock,3:45 P.M.,,0
2026-09-10,134283,FINAL,North Attleborough,4284,3.0,1.0,Bridgewater-Raynham,4053,1.0,0.0,Hockomock,Pioneer,6:30 P.M.,,0
2026-09-10,134327,FINAL,Brockton,4058,6.0,1.0,Stoughton,4381,5.0,0.0,Big Three,Hockomock,6:00 P.M.,,0
2026-09-10,134401,FINAL,Cambridge,4067,1.0,1.0,Somerville,4351,0.0,0.0,Dual County,Greater Boston,4:30 P.M.,,0
2026-09-10,134443,FINAL,Methuen,4246,1.0,0.0,Central Catholic,4081,9.0,1.0,Merrimack Valley,Merrimack Valley,5:30 P.M.,,0
2026-09-10,134496,FINAL,Chelmsford,4085,2.0,1.0,Tewksbury,4389,0.0,0.0,Merrimack Valley,Merrimack Valley,5:00 P.M.,,0
2026-09-10,134524,FINAL,Lincoln-Sudbury,4211,0.0,0.0,Concord-Carlisle,4097,4.0,1.0,Dual County,Dual County,4:15 P.M.,,0
2026-09-10,134547,FINAL,Diman,4115,2.0,0.0,Durfee,4122,5.0,1.0,Mayflower,Big Three,3:30 P.M.,,0
2026-09-10,134571,UPCOMING,Lowell,4216,,,Everett,4132,,,Merrimack Valley,Greater Boston,5:00 P.M.,,0
2026-09-10,134656,FINAL,Haverhill,4167,1.0,0.0,Billerica,4040,2.0,1.0,Merrimack Valley,Merrimack Valley,6:00 P.M.,,0
2026-09-10,134707,FINAL,Lawrence,4203,0.0,0.0,North Andover,4283,6.0,1.0,Merrimack Valley,Merrimack Valley,4:30 P.M.,,0
2026-09-10,135076,FINAL,Plymouth North,4315,2.0,0.0,Marshfield,4234,3.0,1.0,Patriot,Patriot,4:00 P.M.,,0
2026-09-10,135136,FINAL,McCann Tech,4240,3.0,0.0,Springfield Central,4360,7.0,1.0,Tri-County,Grieve,4:00 P.M.,,0
2026-09-10,135232,FINAL,Grafton,4153,6.0,1.0,Westborough,4418,0.0,0.0,Mid-Wach,Mid-Wach,4:00 P.M.,,0
2026-09-10,135258,FINAL,Weymouth,4425,0.0,0.0,Westwood,4424,1.0,1.0,Bay State,Tri-Valley,5:30 P.M.,,0
2026-09-10,135366,FINAL,Westport,4461,2.0,0.0,Bishop Stang,4045,4.0,1.0,Mayflower,Catholic Central,3:30 P.M.,,0
2026-09-10,135439,FINAL,Notre Dame (Hingham),4449,4.0,1.0,Canton,4071,0.0,0.0,Catholic Conference,Hockomock,4:30 P.M.,,0
2026-09-10,135561,FINAL,Doherty,4116,4.0,1.0,Notre Dame Academy-Worcester,4451,3.0,0.0,CMAC,CMAC,6:30 P.M.,,0
2026-09-10,135595,FINAL,Duxbury,4123,1.0,2.0,Whitman-Hanson,4427,1.0,2.0,Patriot,Patriot,6:00 P.M.,,0
2026-09-10,135676,FINAL,Silver Lake,4349,1.0,0.0,Hingham,4171,3.0,1.0,Patriot,Patriot,4:00 P.M.,,0
2026-09-10,135722,FINAL,Cumberland (R.I.),4714,5.0,1.0,King Philip,4197,1.0,0.0,Independent,Hockomock,3:45 P.M.,,0
2026-09-10,135746,FINAL,Marlborough,4233,3.0,1.0,Leominster,4208,1.0,0.0,Mid-Wach,Mid-Wach,7:00 P.M.,,0
2026-09-10,135820,FINAL,Lynn Classical,4220,1.0,0.0,Pioneer Charter I,4701,2.0,1.0,Greater Boston,Charter School Athletic,4:00 P.M.,,0
2026-09-10,135846,FINAL,Masconomet,4236,1.0,1.0,Marblehead,4231,0.0,0.0,Northeastern,Northeastern,4:00 P.M.,,0
2026-09-10,135913,FINAL,Mashpee,4237,1.0,0.0,Middleborough,4247,2.0,1.0,South Shore,South Shore,4:30 P.M.,,0
2026-09-10,135994,FINAL,North Reading,4288,0.0,2.0,Newburyport,4276,0.0,2.0,Cape Ann,Cape Ann,4:45 P.M.,,0
2026-09-10,136035,FINAL,Hanover,4164,4.0,1.0,North Quincy,4287,2.0,0.0,Patriot,Patriot,4:00 P.M.,,0
2026-09-10,136088,FINAL,Manchester Essex,4229,5.0,1.0,Amesbury,4007,1.0,0.0,Cape Ann,Cape Ann,4:30 P.M.,,0
2026-09-10,136115,FINAL,Athol,4017,2.0,1.0,St. Mary (Westfield),4537,0.0,0.0,Bi-County,Bi-County,6:30 P.M.,,0
2026-09-10,136149,FINAL,Clinton,4093,5.0,1.0,Ayer Shirley,4022,1.0,0.0,Mid-Wach,Mid-Wach,3:30 P.M.,,0
2026-09-10,136489,FINAL,Randolph,4327,3.0,1.0,Brooke Charter,5071,1.0,0.0,South Shore,Charter School Athletic,4:00 P.M.,,0
2026-09-10,136521,FINAL,Carver,4077,9.0,1.0,Wareham,4407,0.0,0.0,South Shore,Mayflower,3:30 P.M.,,0
2026-09-10,136690,FINAL,Sandwich,4340,2.0,0.0,Cohasset,4094,3.0,1.0,Cape & Islands,South Shore,4:30 P.M.,,0
2026-09-10,136752,POSTPONED,Plymouth South,4316,,,Scituate,4343,,,Patriot,Patriot,6:00 P.M.,,0
2026-09-10,136788,FINAL,Holyoke,4176,1.0,0.0,Easthampton,4130,3.0,1.0,Pioneer Valley,Pioneer Valley,4:00 P.M.,,0
2026-09-10,136804,FINAL,Putnam,4362,2.0,0.0,Mt. Everett,4533,7.0,1.0,Tri-County,Pioneer Valley,4:00 P.M.,,0
2026-09-10,136855,FINAL,Quincy,4326,1.0,0.0,Pembroke,4308,6.0,1.0,Patriot,Patriot,4:00 P.M.,,0
2026-09-10,136856,FINAL,Excel Academy,4969,1.0,0.0,Boston Collegiate,4592,2.0,1.0,Charter School Athletic,Charter School Athletic,3:15 P.M.,,0
2026-09-10,136962,FINAL,Oakmont,4299,1.0,0.0,Shepherd Hill,4347,2.0,1.0,Mid-Wach,Mid-Wach,4:00 P.M.,,0
2026-09-10,137203,FINAL,Notre Dame (Tyngsborough),4540,7.0,1.0,Minuteman,4255,1.0,0.0,Commonwealth,Commonwealth,4:00 P.M.,,0
2026-09-10,137246,FINAL,South Shore Voc-Tech,4356,6.0,1.0,Atlantis Charter,4818,1.0,0.0,Mayflower,Mayflower,3:30 P.M.,,0
2026-09-10,137457,FINAL,Georgetown,4148,1.0,2.0,Hamilton-Wenham,4163,1.0,2.0,Cape Ann,Cape Ann,7:00 P.M.,,0
2026-09-10,137494,FINAL,Greater Lawrence,4154,0.0,0.0,Greater Lowell,4155,5.0,1.0,Commonwealth,Commonwealth,4:00 P.M.,,0
2026-09-10,137496,UPCOMING,Greater Lowell,4155,,,Greater Lawrence,4154,,,Commonwealth,Commonwealth,4:00 P.M.,,0
2026-09-10,137562,FINAL,Pioneer Valley,4536,3.0,1.0,Franklin County Tech,4145,0.0,0.0,Pioneer Valley,Bi-County,4:00 P.M.,,0
2026-09-10,137601,FINAL,Rockport,4490,2.0,0.0,Ipswich,4190,5.0,1.0,Cape Ann,Cape Ann,6:00 P.M.,,0
2026-09-10,137705,FINAL,Littleton,4212,2.0,2.0,Maynard,4239,2.0,2.0,Mid-Wach,Mid-Wach,4:00 P.M.,,0
2026-09-10,137756,FINAL,Lunenburg,4219,5.0,1.0,Hudson,4182,4.0,0.0,Mid-Wach,Mid-Wach,5:30 P.M.,,0
2026-09-10,137778,FINAL,Lynn Tech,4222,7.0,1.0,Innovation Academy,4690,0.0,0.0,Commonwealth,Commonwealth,5:45 P.M.,,0
2026-09-10,137796,FINAL,Commerce,4361,1.0,0.0,Gateway,4517,6.0,1.0,Tri-County,Pioneer Valley,4:00 P.M.,,0
2026-09-10,137884,FINAL,Palmer,4304,8.0,1.0,Greenfield,4157,1.0,0.0,Grieve,Bi-County,4:00 P.M.,,0
2026-09-10,137943,FINAL,Quaboag,4510,0.0,0.0,Millbury,4250,5.0,1.0,CMAC,CMAC,6:30 P.M.,,0
2026-09-10,138049,FINAL,Hoosac School,4688,0.0,0.0,Smith Voc.,4539,3.0,1.0,Independent,Tri-County,4:30 P.M.,,0
2026-09-10,138061,FINAL,Monomoy,4706,0.0,0.0,Martha’s Vineyard,4235,4.0,1.0,Cape & Islands,Cape & Islands,4:00 P.M.,,0
2026-09-10,138162,FINAL,Chicopee,4088,1.0,0.0,Hopkins,4531,2.0,1.0,Central,Pioneer Valley,6:00 P.M.,,0
2026-09-10,138206,UPCOMING,Nashoba,4267,,,Mystic Valley,4264,,,Mid-Wach,Commonwealth,5:30 P.M.,,0
2026-09-10,138253,FINAL,Narragansett,4266,0.0,0.0,Fitchburg,4139,1.0,1.0,Mid-Wach,Mid-Wach,4:00 P.M.,,0
2026-09-10,138407,FINAL,Mahar,4226,7.0,1.0,Smith Academy,4538,0.0,0.0,Grieve,Bi-County,4:00 P.M.,,0
2026-09-10,138489,FINAL,Rockland,4331,0.0,0.0,East Bridgewater,4126,2.0,1.0,South Shore,South Shore,4:00 P.M.,,0
2026-09-10,138504,FINAL,Nashoba Valley Tech,4268,3.0,1.0,Mystic Valley,4264,1.0,0.0,Commonwealth,Commonwealth,5:30 P.M.,,0
2026-09-10,138505,FINAL,St. Bernard’s,4365,5.0,1.0,Trivium,4686,0.0,0.0,CMAC,Worcester County,4:30 P.M.,,0
2026-09-10,138560,FINAL,Burncoat,4066,5.0,1.0,St. Paul,4954,3.0,0.0,CMAC,CMAC,3:30 P.M.,,0
2026-09-10,138575,FINAL,Roxbury Prep,4847,2.0,1.0,New Heights Charter,5088,0.0,0.0,Charter School Athletic,Charter School Athletic,6:00 P.M.,,0
2026-09-10,138778,FINAL,Ware,4406,1.0,0.0,Springfield International,4480,2.0,1.0,Grieve,Pioneer Valley,7:00 P.M.,,0
2026-09-10,138797,UPCOMING,Dennis-Yarmouth,4111,,,Sturgis East,4456,,,Cape & Islands,Cape & Islands,4:00 P.M.,,0
2026-09-10,138828,FINAL,Sturgis West,4735,7.0,1.0,Rising Tide Charter,4746,1.0,0.0,Cape & Islands,Cape & Islands,4:00 P.M.,,0
2026-09-10,138923,FINAL,Tyngsborough,4397,2.0,1.0,Tahanto,4513,1.0,0.0,Mid-Wach,Mid-Wach,4:00 P.M.,,0
2026-09-10,138977,SUSPENDED,Renaissance,4664,,,Westfield Tech,4420,,,Pioneer Valley,Tri-County,5:15 P.M.,,0
2026-09-10,139021,FINAL,St. John Paul II,4689,2.0,0.0,Nauset,4271,7.0,1.0,Cape & Islands,Cape & Islands,4:30 P.M.,,0
2026-09-10,139116,FINAL,Quabbin,4325,6.0,1.0,West Boylston,4414,0.0,0.0,Mid-Wach,Mid-Wach,3:30 P.M.,,0
2026-09-10,150412,FINAL,Upper Cape,4457,5.0,2.0,Cape Cod Tech,4073,5.0,2.0,Mayflower,Mayflower,3:30 P.M.,,0
2026-09-10,150454,FINAL,Nantucket,4265,1.0,0.0,Falmouth,4134,4.0,1.0,Cape & Islands,Cape & Islands,4:30 P.M.,,0
2026-09-10,150476,FINAL,Pentucket,4309,0.0,0.0,Essex Tech,4745,1.0,1.0,Cape Ann,Cape Ann,4:30 P.M.,,0
2026-09-10,150480,FINAL,Medford,4242,2.0,0.0,Waltham,4405,3.0,1.0,Greater Boston,Dual County,,,0
2026-09-10,150484,FINAL,Cardinal Spellman,4075,2.0,1.0,Weston,4423,0.0,0.0,Catholic Central,Dual County,3:30 P.M.,,0
2026-09-10,150500,FINAL,Groton-Dunstable,4160,1.0,2.0,North Middlesex,4286,1.0,2.0,Mid-Wach,Mid-Wach,4:00 P.M.,,0
2026-09-10,150502,FINAL,Triton,4395,0.0,0.0,Lynnfield,4223,7.0,1.0,Cape Ann,Cape Ann,,,0
2026-09-10,150523,FINAL,Andover,4009,3.0,1.0,Dracut,4119,1.0,0.0,Merrimack Valley,Merrimack Valley,4:30 P.M.,,0
2026-09-11,133731,FINAL,Amherst-Pelham,4008,3.0,0.0,Hampshire,4518,6.0,1.0,Pioneer Valley,Kurty-Fielding,6:00 P.M.,,0
2026-09-11,133808,FINAL,Braintree,4051,0.0,2.0,Archbishop Williams,4012,0.0,2.0,Bay State,Catholic Central,4:00 P.M.,,0
2026-09-11,134085,UPCOMING,Attleboro,4018,,,Norton,4295,,,Hockomock,Tri-Valley,3:30 P.M.,,0
2026-09-11,134687,FINAL,Medfield,4241,3.0,1.0,Hopkinton,4180,1.0,0.0,Tri-Valley,Tri-Valley,5:00 P.M.,,0
2026-09-11,134861,FINAL,Stoneham,4380,3.0,1.0,Malden,4227,0.0,0.0,Middlesex,Greater Boston,4:15 P.M.,,0
2026-09-11,134951,FINAL,Dover-Sherborn,4118,1.0,0.0,Needham,4272,2.0,1.0,Tri-Valley,Bay State,4:00 P.M.,,0
2026-09-11,135174,FINAL,Taunton,4388,1.0,1.0,Walpole,4404,0.0,0.0,Hockomock,Bay State,3:45 P.M.,,0
2026-09-11,135391,FINAL,Bristol-Plymouth,4057,7.0,1.0,Old Colony,4300,0.0,0.0,Mayflower,Mayflower,4:00 P.M.,,0
2026-09-11,135470,FINAL,Northampton,4291,7.0,1.0,Chicopee Comprehensive,4089,0.0,0.0,Central,Kurty-Fielding,6:00 P.M.,,0
2026-09-11,135627,FINAL,Minnechaug,4254,2.0,1.0,East Longmeadow,4127,0.0,0.0,Coombs,Coombs,6:45 P.M.,,0
2026-09-11,135702,FINAL,Holliston,4174,1.0,1.0,Foxborough,4142,0.0,0.0,Tri-Valley,Hockomock,3:45 P.M.,,0
2026-09-11,135780,FINAL,Longmeadow,4214,5.0,1.0,Westfield,4419,2.0,0.0,Kurty-Fielding,Coombs,4:00 P.M.,,0
2026-09-11,136053,FINAL,Advanced Math and Science,4595,5.0,1.0,South High,4962,0.0,0.0,CMAC,Independent,3:30 P.M.,,0
2026-09-11,136186,FINAL,Bay Path,4027,2.0,2.0,Uxbridge,4398,2.0,2.0,CMAC,CMAC,3:30 P.M.,,0
2026-09-11,136220,FINAL,Blackstone-Millville,4486,3.0,0.0,Blackstone Valley,4046,5.0,1.0,CMAC,CMAC,3:30 P.M.,,0
2026-09-11,136568,FINAL,Cathedral/Cristo Rey,4079,1.0,0.0,O’Bryant,4298,7.0,1.0,Catholic Central,Boston City,3:15 P.M.,,0
2026-09-11,136691,FINAL,West Bridgewater,4415,0.0,0.0,Cohasset,4094,6.0,1.0,South Coast,South Shore,3:30 P.M.,,0
2026-09-11,136883,FINAL,Cape Cod Tech,4073,0.0,0.0,Falmouth Academy,4135,1.0,1.0,Mayflower,Cape & Islands,3:30 P.M.,,0
2026-09-11,137000,FINAL,Dighton-Rehoboth,4114,2.0,2.0,Somerset Berkley,4350,2.0,2.0,South Coast,South Coast,3:45 P.M.,,0
2026-09-11,137084,UPCOMING,Monson,4429,,,Frontier,4146,,,Central,Pioneer Valley,4:00 P.M.,,0
2026-09-11,137134,FINAL,West Springfield,4417,0.0,0.0,Ludlow,4218,1.0,1.0,Coombs,Coombs,5:00 P.M.,,0
2026-09-11,137296,UPCOMING,Latin Academy,4202,,,Boston Collegiate,4592,,,Boston City,Charter School Athletic,4:00 P.M.,,0
2026-09-11,137343,FINAL,Bristol Aggie,4463,0.0,0.0,Holbrook,4172,3.0,1.0,Mayflower,Mayflower,3:30 P.M.,,0
2026-09-11,137399,FINAL,New Heights Charter,5088,0.0,0.0,Codman Charter,4482,6.0,1.0,Charter School Athletic,Charter School Athletic,4:00 P.M.,,0
2026-09-11,137426,FINAL,David Prouty,4106,2.0,1.0,Quaboag,4510,0.0,0.0,CMAC,CMAC,3:30 P.M.,,0
2026-09-11,137638,FINAL,Keefe Tech,4191,6.0,1.0,Assabet,4016,0.0,0.0,CMAC,CMAC,3:30 P.M.,,0
2026-09-11,137669,FINAL,Leicester,4207,1.0,1.0,Oxford,4303,0.0,0.0,CMAC,CMAC,3:30 P.M.,,0
2026-09-11,137735,FINAL,Sizer,4509,1.0,0.0,Lowell Catholic,4217,8.0,1.0,Worcester County,Commonwealth,4:00 P.M.,,0
2026-09-11,137843,UPCOMING,Southwick,4519,,,Granby,4520,,,Central,Central,4:00 P.M.,,0
2026-09-11,137992,FINAL,Millis,4251,4.0,1.0,Tri-County,4392,2.0,0.0,Tri-Valley,Mayflower,4:00 P.M.,,0
2026-09-11,138098,FINAL,Nipmuc,4281,2.0,0.0,Hopedale,4507,3.0,1.0,CMAC,CMAC,5:00 P.M.,,0
2026-09-11,138226,FINAL,Pembroke,4308,3.0,1.0,Hull,4184,0.0,0.0,Patriot,South Shore,4:00 P.M.,,0
2026-09-11,138277,FINAL,Northbridge,4292,1.0,0.0,Sutton,4512,3.0,1.0,CMAC,CMAC,3:30 P.M.,,0
2026-09-11,138304,FINAL,Shawsheen,4346,4.0,1.0,Northeast,4293,1.0,0.0,Commonwealth,Independent,5:00 P.M.,,0
2026-09-11,138395,FINAL,Lenox,4532,4.0,1.0,Pittsfield,4314,2.0,0.0,Central,Kurty-Fielding,6:00 P.M.,,0
2026-09-11,138710,FINAL,Greater New Bedford,4156,2.0,1.0,Norfolk Aggie,4458,1.0,0.0,South Coast,Mayflower,3:30 P.M.,,0
2026-09-11,138813,FINAL,Parker Charter,4483,2.0,1.0,Monty Tech,4259,1.0,0.0,CMAC,CMAC,4:00 P.M.,,0
2026-09-11,150526,FINAL,Framingham,4143,1.0,0.0,Boston Latin,4049,2.0,1.0,Bay State,Dual County,3:45 P.M.,,0
2026-09-11,150534,FINAL,Greater Lowell,4155,7.0,1.0,Whittier,4428,0.0,0.0,Commonwealth,Commonwealth,4:00 P.M.,,0
2026-09-11,150545,FINAL,Ursuline,4448,7.0,1.0,Fontbonne,4447,0.0,0.0,Catholic Conference,Catholic Conference,,,0
2026-09-11,150569,FINAL,Burlington,4065,4.0,1.0,Arlington Catholic,4014,1.0,0.0,Middlesex,Catholic Central,6:30 P.M.,,0
2026-09-12,134154,FINAL,Billerica,4040,0.0,0.0,Beverly,4038,1.0,1.0,Merrimack Valley,Northeastern,6:00 P.M.,,0
2026-09-12,134195,FINAL,Bishop Feehan,4042,7.0,1.0,Bishop Guertin (N.H.),4501,0.0,0.0,Catholic Central,Independent,1:00 P.M.,,0
2026-09-12,134286,POSTPONED,Bridgewater-Raynham,4053,,,Mansfield,4230,,,Pioneer,Hockomock,10:00 A.M.,,0
2026-09-12,134403,FINAL,Woburn,4438,2.0,0.0,Cambridge,4067,3.0,1.0,Middlesex,Dual County,11:00 A.M.,,0
2026-09-12,134906,FINAL,Methuen,4246,1.0,2.0,Peabody,4306,1.0,2.0,Merrimack Valley,Northeastern,12:00 P.M.,,0
2026-09-12,135191,FINAL,Wachusett,4400,4.0,1.0,Auburn,4019,1.0,0.0,Mid-Wach,CMAC,11:00 A.M.,,0
2026-09-12,135807,FINAL,Lowell,4216,1.0,1.0,Whittier,4428,0.0,0.0,Merrimack Valley,Commonwealth,9:00 A.M.,,0
2026-09-12,135821,UPCOMING,St. Mary’s,4374,,,Lynn Classical,4220,,,Catholic Central,Greater Boston,9:00 A.M.,,0
2026-09-12,135824,FINAL,Lynn Classical,4220,6.0,1.0,Lynn English,4221,1.0,0.0,Greater Boston,Greater Boston,12:30 P.M.,,0
2026-09-12,135916,FINAL,Apponequet,4011,4.0,1.0,Middleborough,4247,1.0,0.0,South Coast,South Shore,11:00 A.M.,,0
2026-09-12,136721,FINAL,Douglas,4506,5.0,1.0,Tahanto,4513,0.0,0.0,CMAC,Mid-Wach,11:00 A.M.,,0
2026-09-12,137460,FINAL,Tewksbury,4389,4.0,1.0,Georgetown,4148,1.0,0.0,Merrimack Valley,Cape Ann,11:00 A.M.,,0
2026-09-12,137490,FINAL,Hoosac School,4688,4.0,1.0,Drury,4120,0.0,0.0,Independent,Pioneer Valley,11:00 A.M.,,0
2026-09-12,138257,FINAL,Innovation Academy,4690,0.0,0.0,Pioneer Charter I,4701,3.0,1.0,Commonwealth,Charter School Athletic,10:00 A.M.,,0
2026-09-12,138451,FINAL,Smith Academy,4538,1.0,0.0,Mt. Everett,4533,5.0,1.0,Bi-County,Pioneer Valley,12:00 P.M.,,0
2026-09-12,150501,FINAL,Martha’s Vineyard,4235,3.0,1.0,Nantucket,4265,1.0,0.0,Cape & Islands,Cape & Islands,11:00 A.M.,,0
2026-09-12,150581,FINAL,St. Mary’s,4374,6.0,1.0,Lynn Tech,4222,0.0,0.0,Catholic Central,Commonwealth,,,0
2026-09-14,133690,FINAL,Wahconah,4401,6.0,1.0,Agawam,4004,1.0,0.0,Kurty-Fielding,Kurty-Fielding,4:00 P.M.,,0
2026-09-14,133724,FINAL,Acton-Boxborough,4003,5.0,1.0,Lincoln-Sudbury,4211,0.0,0.0,Dual County,Dual County,4:00 P.M.,,0
2026-09-14,133738,FINAL,Amherst-Pelham,4008,4.0,1.0,Monson,4429,0.0,0.0,Pioneer Valley,Central,4:30 P.M.,,0
2026-09-14,133925,FINAL,Holliston,4174,1.0,0.0,Ashland,4015,2.0,1.0,Tri-Valley,Tri-Valley,4:00 P.M.,,0
2026-09-14,133984,FINAL,Barnstable,4024,0.0,0.0,Falmouth,4134,6.0,1.0,Pioneer,Cape & Islands,3:30 P.M.,,0
2026-09-14,134056,FINAL,Bedford,4031,0.0,0.0,Concord-Carlisle,4097,2.0,1.0,Dual County,Dual County,4:00 P.M.,,0
2026-09-14,134088,FINAL,Attleboro,4018,0.0,0.0,Sharon,4345,3.0,1.0,Hockomock,Hockomock,4:00 P.M.,,0
2026-09-14,134156,FINAL,Beverly,4038,6.0,1.0,Salem,4336,0.0,0.0,Northeastern,Northeastern,6:00 P.M.,,0
2026-09-14,134227,FINAL,Boston Latin,4049,2.0,1.0,Cambridge,4067,0.0,0.0,Dual County,Dual County,4:00 P.M.,,0
2026-09-14,134574,UPCOMING,East Boston,4125,,,Everett,4132,,,Boston City,Greater Boston,4:00 P.M.,,0
2026-09-14,134629,FINAL,Milford,4249,3.0,0.0,Franklin,4144,8.0,1.0,Hockomock,Hockomock,4:00 P.M.,,0
2026-09-14,134688,FINAL,Hopkinton,4180,4.0,1.0,Westwood,4424,1.0,0.0,Tri-Valley,Tri-Valley,5:00 P.M.,,0
2026-09-14,134710,UPCOMING,Notre Dame Academy-Worcester,4451,,,Lawrence,4203,,,CMAC,Merrimack Valley,4:30 P.M.,,0
2026-09-14,134863,UPCOMING,Malden,4227,,,O’Bryant,4298,,,Greater Boston,Boston City,4:15 P.M.,,0
2026-09-14,134908,FINAL,Methuen,4246,2.0,0.0,Wilmington,4432,6.0,1.0,Merrimack Valley,Middlesex,6:00 P.M.,,0
2026-09-14,135013,FINAL,Weston,4423,2.0,1.0,Newton South,4280,1.0,0.0,Dual County,Dual County,4:15 P.M.,,0
2026-09-14,135044,FINAL,Saugus,4341,0.0,0.0,Peabody,4306,7.0,1.0,Northeastern,Northeastern,4:00 P.M.,,0
2026-09-14,135139,FINAL,Smith Voc.,4539,7.0,1.0,Springfield Central,4360,2.0,0.0,Tri-County,Grieve,4:00 P.M.,,0
2026-09-14,135176,FINAL,Taunton,4388,0.0,0.0,Stoughton,4381,2.0,1.0,Hockomock,Hockomock,3:45 P.M.,,0
2026-09-14,135211,FINAL,Westford,4421,4.0,1.0,Waltham,4405,0.0,0.0,Dual County,Dual County,4:30 P.M.,,0
2026-09-14,135367,FINAL,Bishop Stang,4045,0.0,0.0,Cardinal Spellman,4075,6.0,1.0,Catholic Central,Catholic Central,3:30 P.M.,,0
2026-09-14,135392,FINAL,Hull,4184,8.0,1.0,Bristol-Plymouth,4057,3.0,0.0,South Shore,Mayflower,5:30 P.M.,,0
2026-09-14,135424,FINAL,Burlington,4065,3.0,1.0,Melrose,4244,0.0,0.0,Middlesex,Middlesex,4:15 P.M.,,0
2026-09-14,135440,FINAL,Canton,4071,1.0,0.0,Oliver Ames,4302,2.0,1.0,Hockomock,Hockomock,7:00 P.M.,,0
2026-09-14,135500,FINAL,Danvers,4103,9.0,1.0,Winthrop,4437,1.0,0.0,Northeastern,Northeastern,4:30 P.M.,,0
2026-09-14,135539,UPCOMING,Diman,4115,,,Norfolk Aggie,4458,,,Mayflower,Mayflower,4:00 P.M.,,0
2026-09-14,135562,UPCOMING,Doherty,4116,,,Worcester South,4444,,,CMAC,CMAC,6:30 P.M.,,0
2026-09-14,135725,FINAL,King Philip,4197,6.0,1.0,Mansfield,4230,2.0,0.0,Hockomock,Hockomock,3:45 P.M.,,0
2026-09-14,135848,FINAL,Swampscott,4383,0.0,2.0,Marblehead,4231,0.0,2.0,Northeastern,Northeastern,7:00 P.M.,,0
2026-09-14,135869,FINAL,Nauset,4271,2.0,1.0,Marshfield,4234,1.0,0.0,Cape & Islands,Patriot,4:30 P.M.,,0
2026-09-14,135890,FINAL,Gloucester,4150,0.0,0.0,Masconomet,4236,6.0,1.0,Northeastern,Northeastern,4:30 P.M.,,0
2026-09-14,136025,FINAL,Foxborough,4142,3.0,1.0,North Attleborough,4284,2.0,0.0,Hockomock,Hockomock,3:30 P.M.,,0
2026-09-14,136054,FINAL,Assabet,4016,0.0,0.0,Advanced Math and Science,4595,6.0,1.0,CMAC,CMAC,3:30 P.M.,,0
2026-09-14,136118,FINAL,Athol,4017,0.0,2.0,Mahar,4226,0.0,2.0,Bi-County,Grieve,6:30 P.M.,,0
2026-09-14,136192,FINAL,Monty Tech,4259,0.0,0.0,Bay Path,4027,2.0,1.0,CMAC,CMAC,4:00 P.M.,,0
2026-09-14,136222,FINAL,Millbury,4250,1.0,1.0,Blackstone-Millville,4486,0.0,0.0,CMAC,CMAC,6:00 P.M.,,0
2026-09-14,136277,FINAL,Apponequet,4011,8.0,1.0,Bourne,4050,1.0,0.0,South Coast,South Coast,4:00 P.M.,,0
2026-09-14,136491,UPCOMING,Roxbury Prep,4847,,,Brooke Charter,5071,,,Charter School Athletic,Charter School Athletic,6:00 P.M.,,0
2026-09-14,136494,FINAL,Medfield,4241,8.0,1.0,Norwood,4297,1.0,0.0,Tri-Valley,Tri-Valley,5:00 P.M.,,0
2026-09-14,136524,FINAL,Carver,4077,5.0,1.0,Dennis-Yarmouth,4111,0.0,0.0,South Shore,Cape & Islands,4:00 P.M.,,0
2026-09-14,136562,FINAL,Malden Catholic,4228,0.0,0.0,Notre Dame (Hingham),4449,2.0,1.0,Catholic Conference,Catholic Conference,4:00 P.M.,,0
2026-09-14,136692,FINAL,Cohasset,4094,5.0,1.0,Martha’s Vineyard,4235,0.0,0.0,South Shore,Cape & Islands,4:00 P.M.,,0
2026-09-14,136791,FINAL,Hopkins,4531,5.0,1.0,Easthampton,4130,4.0,0.0,Pioneer Valley,Pioneer Valley,4:00 P.M.,,0
2026-09-14,136886,UPCOMING,Falmouth Academy,4135,,,Sturgis West,4735,,,Cape & Islands,Cape & Islands,4:00 P.M.,,0
2026-09-14,137002,FINAL,Somerset Berkley,4350,1.0,1.0,Old Rochester,4301,0.0,0.0,South Coast,South Coast,3:45 P.M.,,0
2026-09-14,137074,FINAL,Nipmuc,4281,1.0,0.0,Wayland,4411,5.0,1.0,CMAC,Dual County,4:30 P.M.,,0
2026-09-14,137148,FINAL,Westfield,4419,1.0,0.0,Belchertown,4032,3.0,1.0,Coombs,Coombs,4:00 P.M.,,0
2026-09-14,137172,UPCOMING,Sizer,4509,,,Abby Kelley Foster,4503,,,Worcester County,CMAC,3:30 P.M.,,0
2026-09-14,137205,FINAL,Notre Dame (Tyngsborough),4540,8.0,1.0,Lawrence,4203,1.0,0.0,Commonwealth,Merrimack Valley,4:30 P.M.,,0
2026-09-14,137407,UPCOMING,Innovation Academy,4690,,,Collegiate Charter,4986,,,Commonwealth,Charter School Athletic,4:00 P.M.,,0
2026-09-14,137428,FINAL,David Prouty,4106,16.0,1.0,St. Paul,4954,0.0,0.0,CMAC,CMAC,3:30 P.M.,,0
2026-09-14,137576,FINAL,Smith Academy,4538,0.0,0.0,Franklin County Tech,4145,5.0,1.0,Bi-County,Bi-County,4:00 P.M.,,0
2026-09-14,137671,FINAL,Blackstone Valley,4046,5.0,1.0,Leicester,4207,3.0,0.0,CMAC,CMAC,3:30 P.M.,,0
2026-09-14,137797,FINAL,Gateway,4517,4.0,2.0,Mt. Everett,4533,4.0,2.0,Pioneer Valley,Pioneer Valley,6:00 P.M.,,0
2026-09-14,137845,FINAL,Granby,4520,5.0,1.0,Pittsfield,4314,0.0,0.0,Central,Kurty-Fielding,4:00 P.M.,,0
2026-09-14,137886,FINAL,Greenfield,4157,2.0,0.0,Holyoke,4176,8.0,1.0,Bi-County,Pioneer Valley,5:00 P.M.,,0
2026-09-14,137996,FINAL,Medway,4243,1.0,2.0,Millis,4251,1.0,2.0,Tri-Valley,Tri-Valley,4:00 P.M.,,0
2026-09-14,138050,FINAL,Ware,4406,3.0,1.0,Hoosac Valley,4178,1.0,0.0,Grieve,Grieve,7:00 P.M.,,0
2026-09-14,138062,UPCOMING,Monomoy,4706,,,Sturgis East,4456,,,Cape & Islands,Cape & Islands,6:00 P.M.,,0
2026-09-14,138365,FINAL,Whitinsville Christian,4487,2.0,2.0,Oxford,4303,2.0,2.0,CMAC,CMAC,4:00 P.M.,,0
2026-09-14,138376,FINAL,Lee,4206,5.0,1.0,Westfield Tech,4420,0.0,0.0,Independent,Tri-County,5:15 P.M.,,0
2026-09-14,138423,FINAL,Springfield International,4480,1.0,1.0,McCann Tech,4240,0.0,0.0,Pioneer Valley,Tri-County,4:00 P.M.,,0
2026-09-14,138492,FINAL,Rockland,4331,4.0,1.0,Fontbonne,4447,0.0,0.0,South Shore,Catholic Conference,4:00 P.M.,,0
2026-09-14,138641,FINAL,Seekonk,4344,2.0,2.0,West Bridgewater,4415,2.0,2.0,South Coast,South Coast,4:00 P.M.,,0
2026-09-14,138722,FINAL,Doherty,4116,0.0,0.0,Worcester South,4444,1.0,1.0,CMAC,CMAC,6:30 P.M.,,0
2026-09-14,138786,FINAL,Palmer,4304,4.0,2.0,Chicopee,4088,4.0,2.0,Grieve,Central,7:00 P.M.,,0
2026-09-14,138832,FINAL,Parker Charter,4483,3.0,1.0,Trivium,4686,1.0,0.0,CMAC,Worcester County,3:30 P.M.,,0
2026-09-14,138894,FINAL,Commerce,4361,0.0,2.0,Pathfinder,4305,0.0,2.0,Tri-County,Bi-County,4:00 P.M.,,0
2026-09-14,138932,FINAL,St. Mary (Westfield),4537,1.0,0.0,Pioneer Valley,4536,3.0,1.0,Bi-County,Pioneer Valley,4:00 P.M.,,0
2026-09-14,138989,FINAL,Dracut,4119,1.0,0.0,Tyngsborough,4397,2.0,1.0,Merrimack Valley,Mid-Wach,6:30 P.M.,,0
2026-09-14,139118,FINAL,Worcester Tech,4445,0.0,0.0,West Boylston,4414,4.0,1.0,CMAC,Mid-Wach,3:30 P.M.,,0
2026-09-14,150683,FINAL,Notre Dame Academy-Worcester,4451,2.0,2.0,Tantasqua,4387,2.0,2.0,CMAC,CMAC,3:45 P.M.,,0
2026-09-14,150690,FINAL,Bishop Fenwick,4043,7.0,1.0,Arlington Catholic,4014,1.0,0.0,Catholic Central,Catholic Central,4:00 P.M.,,0
2026-09-14,150695,FINAL,Greater New Bedford,4156,1.0,0.0,Dighton-Rehoboth,4114,3.0,1.0,South Coast,South Coast,6:00 P.M.,,0
2026-09-14,150702,FINAL,Hebron (Maine),4168,0.0,0.0,Berwick,4037,4.0,1.0,Independent,EIL,,,0
2026-09-14,151464,FINAL,Dover-Sherborn,4118,3.0,1.0,Norton,4295,0.0,0.0,Tri-Valley,Tri-Valley,,,0
2026-09-15,133693,FINAL,West Springfield,4417,3.0,1.0,Agawam,4004,2.0,0.0,Coombs,Kurty-Fielding,7:00 P.M.,,0
2026-09-15,133814,FINAL,Algonquin,4005,2.0,1.0,Wachusett,4400,0.0,0.0,Mid-Wach,Mid-Wach,6:00 P.M.,,0
2026-09-15,133883,FINAL,Andover,4009,0.0,0.0,Tewksbury,4389,1.0,1.0,Merrimack Valley,Merrimack Valley,7:00 P.M.,,0
2026-09-15,134002,FINAL,Arlington,4013,0.0,0.0,Belmont,4034,3.0,1.0,Middlesex,Middlesex,6:30 P.M.,,0
2026-09-15,134250,FINAL,Walpole,4404,0.0,0.0,Braintree,4051,3.0,1.0,Bay State,Bay State,4:00 P.M.,,0
2026-09-15,134287,FINAL,St. John Paul II,4689,1.0,0.0,Bridgewater-Raynham,4053,7.0,1.0,Cape & Islands,Pioneer,4:00 P.M.,,0
2026-09-15,134330,FINAL,Brockton,4058,0.0,0.0,Sharon,4345,3.0,1.0,Big Three,Hockomock,6:00 P.M.,,0
2026-09-15,134376,FINAL,Milton,4252,1.0,0.0,Brookline,4059,2.0,1.0,Bay State,Bay State,4:00 P.M.,,0
2026-09-15,134498,FINAL,Haverhill,4167,1.0,2.0,Chelmsford,4085,1.0,2.0,Merrimack Valley,Merrimack Valley,6:30 P.M.,,0
2026-09-15,134550,FINAL,Durfee,4122,3.0,0.0,Dartmouth,4105,8.0,1.0,Big Three,Pioneer,6:00 P.M.,,0
2026-09-15,134575,FINAL,Chelsea,4086,4.0,1.0,Everett,4132,2.0,0.0,Greater Boston,Greater Boston,4:15 P.M.,,0
2026-09-15,134603,FINAL,Natick,4270,1.0,1.0,Framingham,4143,0.0,0.0,Bay State,Bay State,4:00 P.M.,,0
2026-09-15,134711,FINAL,Lawrence,4203,0.0,0.0,Billerica,4040,8.0,1.0,Merrimack Valley,Merrimack Valley,4:30 P.M.,,0
2026-09-15,134735,FINAL,Lexington,4209,1.0,2.0,Reading,4328,1.0,2.0,Middlesex,Middlesex,6:00 P.M.,,0
2026-09-15,134841,FINAL,Lynn English,4221,0.0,0.0,Revere,4329,6.0,1.0,Greater Boston,Greater Boston,4:30 P.M.,,0
2026-09-15,134866,FINAL,Somerville,4351,4.0,1.0,Malden,4227,1.0,0.0,Greater Boston,Greater Boston,4:15 P.M.,,0
2026-09-15,134909,FINAL,Lowell,4216,0.0,0.0,Methuen,4246,4.0,1.0,Merrimack Valley,Merrimack Valley,5:00 P.M.,,0
2026-09-15,134953,FINAL,Needham,4272,6.0,1.0,Weymouth,4425,0.0,0.0,Bay State,Bay State,4:00 P.M.,,0
2026-09-15,134996,FINAL,Wellesley,4413,0.0,2.0,Newton North,4279,0.0,2.0,Bay State,Bay State,4:00 P.M.,,0
2026-09-15,135025,FINAL,Dracut,4119,1.0,0.0,North Andover,4283,5.0,1.0,Merrimack Valley,Merrimack Valley,6:30 P.M.,,0
2026-09-15,135079,FINAL,Plymouth North,4315,2.0,1.0,Pembroke,4308,1.0,0.0,Patriot,Patriot,4:00 P.M.,,0
2026-09-15,135107,FINAL,Grafton,4153,1.0,2.0,Shrewsbury,4348,1.0,2.0,Mid-Wach,Mid-Wach,6:00 P.M.,,0
2026-09-15,135141,UPCOMING,Springfield Central,4360,,,Commerce,4361,,,Grieve,Tri-County,4:00 P.M.,,0
2026-09-15,135234,FINAL,Nashoba,4267,0.0,0.0,Westborough,4418,1.0,1.0,Mid-Wach,Mid-Wach,4:00 P.M.,,0
2026-09-15,135276,FINAL,Woburn,4438,1.0,0.0,Winchester,4434,5.0,1.0,Middlesex,Middlesex,4:15 P.M.,,0
2026-09-15,135393,FINAL,Upper Cape,4457,0.0,0.0,Bristol-Plymouth,4057,7.0,1.0,Mayflower,Mayflower,3:30 P.M.,,0
2026-09-15,135473,FINAL,South Hadley,4353,9.0,1.0,Chicopee Comprehensive,4089,0.0,0.0,Kurty-Fielding,Kurty-Fielding,4:00 P.M.,,0
2026-09-15,135541,FINAL,Diman,4115,0.0,0.0,Southeastern,4358,4.0,1.0,Mayflower,Mayflower,3:30 P.M.,,0
2026-09-15,135596,FINAL,Plymouth South,4316,0.0,0.0,Duxbury,4123,8.0,1.0,Patriot,Patriot,4:00 P.M.,,0
2026-09-15,135630,FINAL,Pope Francis,4796,4.0,1.0,East Longmeadow,4127,2.0,0.0,Bi-County,Coombs,4:00 P.M.,,0
2026-09-15,135678,FINAL,Hingham,4171,3.0,1.0,Hanover,4164,0.0,0.0,Patriot,Patriot,4:00 P.M.,,0
2026-09-15,135748,FINAL,Leominster,4208,1.0,0.0,Shepherd Hill,4347,2.0,1.0,Mid-Wach,Mid-Wach,7:00 P.M.,,0
2026-09-15,135783,FINAL,Minnechaug,4254,2.0,1.0,Longmeadow,4214,1.0,0.0,Coombs,Kurty-Fielding,6:45 P.M.,,0
2026-09-15,135872,FINAL,Marshfield,4234,1.0,2.0,Scituate,4343,1.0,2.0,Patriot,Patriot,4:00 P.M.,,0
2026-09-15,135997,FINAL,Newburyport,4276,1.0,1.0,Pentucket,4309,0.0,0.0,Cape Ann,Cape Ann,4:00 P.M.,,0
2026-09-15,136037,FINAL,North Quincy,4287,0.0,0.0,Whitman-Hanson,4427,2.0,1.0,Patriot,Patriot,4:00 P.M.,,0
2026-09-15,136091,FINAL,Amesbury,4007,0.0,0.0,Georgetown,4148,5.0,1.0,Cape Ann,Cape Ann,6:00 P.M.,,0
2026-09-15,136121,FINAL,Athol,4017,6.0,1.0,Pathfinder,4305,1.0,0.0,Bi-County,Bi-County,6:30 P.M.,,0
2026-09-15,136150,UPCOMING,West Boylston,4414,,,Ayer Shirley,4022,,,Mid-Wach,Mid-Wach,3:30 P.M.,,0
2026-09-15,136153,FINAL,Ayer Shirley,4022,5.0,1.0,West Boylston,4414,2.0,0.0,Mid-Wach,Mid-Wach,3:30 P.M.,,0
2026-09-15,136259,FINAL,Blue Hills,4047,5.0,1.0,Tri-County,4392,0.0,0.0,Mayflower,Mayflower,3:30 P.M.,,0
2026-09-15,136327,FINAL,Hudson,4182,3.0,1.0,Bromfield,4505,0.0,0.0,Mid-Wach,Mid-Wach,4:00 P.M.,,0
2026-09-15,136448,FINAL,Northampton,4291,3.0,1.0,Ludlow,4218,2.0,0.0,Central,Coombs,6:00 P.M.,,0
2026-09-15,136571,FINAL,Cathedral/Cristo Rey,4079,7.0,1.0,Maimonides,4473,0.0,0.0,Catholic Central,Independent,3:15 P.M.,,0
2026-09-15,136639,FINAL,Narragansett,4266,0.0,2.0,Clinton,4093,0.0,2.0,Mid-Wach,Mid-Wach,4:00 P.M.,,0
2026-09-15,136859,FINAL,Excel Academy,4969,2.0,0.0,Pioneer Charter I,4701,10.0,1.0,Charter School Athletic,Charter School Athletic,5:30 P.M.,,0
2026-09-15,136891,FINAL,Silver Lake,4349,7.0,1.0,Quincy,4326,0.0,0.0,Patriot,Patriot,4:00 P.M.,,0
2026-09-15,137052,FINAL,Stoneham,4380,0.0,0.0,Wakefield,4402,3.0,1.0,Middlesex,Middlesex,4:15 P.M.,,0
2026-09-15,137110,FINAL,Fitchburg,4139,0.0,2.0,Gardner,4147,0.0,2.0,Mid-Wach,Mid-Wach,6:00 P.M.,,0
2026-09-15,137208,UPCOMING,Notre Dame (Tyngsborough),4540,,,Lynn Tech,4222,,,Commonwealth,Commonwealth,4:30 P.M.,,0
2026-09-15,137247,UPCOMING,Atlantis Charter,4818,,,Holbrook,4172,,,Mayflower,Mayflower,3:30 P.M.,,0
2026-09-15,137277,FINAL,Westport,4461,10.0,1.0,Avon,4460,0.0,0.0,Mayflower,Mayflower,3:30 P.M.,,0
2026-09-15,137319,FINAL,Boston International,4547,1.0,2.0,Dearborn STEM,5016,1.0,2.0,Boston City,Boston City,4:00 P.M.,,0
2026-09-15,137328,POSTPONED,Madison Park,4225,,,Brighton,4055,,,Boston City,Boston City,4:00 P.M.,,0
2026-09-15,137345,UPCOMING,Old Colony,4300,,,Bristol Aggie,4463,,,Mayflower,Mayflower,3:30 P.M.,,0
2026-09-15,137369,FINAL,Cape Cod Tech,4073,3.0,0.0,South Shore Voc-Tech,4356,4.0,1.0,Mayflower,Mayflower,3:30 P.M.,,0
2026-09-15,137492,FINAL,Drury,4120,5.0,1.0,Chicopee,4088,2.0,0.0,Pioneer Valley,Central,4:30 P.M.,,0
2026-09-15,137500,FINAL,Greater Lawrence,4154,7.0,1.0,Minuteman,4255,1.0,0.0,Commonwealth,Commonwealth,4:00 P.M.,,0
2026-09-15,137531,FINAL,Hamilton-Wenham,4163,4.0,1.0,Rockport,4490,0.0,0.0,Cape Ann,Cape Ann,4:00 P.M.,,0
2026-09-15,137569,UPCOMING,Hampshire,4518,,,Southwick,4519,,,Kurty-Fielding,Central,7:00 P.M.,,0
2026-09-15,137604,FINAL,Manchester Essex,4229,1.0,0.0,Ipswich,4190,2.0,1.0,Cape Ann,Cape Ann,7:00 P.M.,,0
2026-09-15,137706,FINAL,Lunenburg,4219,0.0,2.0,Littleton,4212,0.0,2.0,Mid-Wach,Mid-Wach,5:30 P.M.,,0
2026-09-15,137911,UPCOMING,Tahanto,4513,,,Maynard,4239,,,Mid-Wach,Mid-Wach,4:00 P.M.,,0
2026-09-15,138103,FINAL,Hopedale,4507,6.0,1.0,Northbridge,4292,1.0,0.0,CMAC,CMAC,4:00 P.M.,,0
2026-09-15,138114,FINAL,Mt. Greylock,4262,3.0,1.0,Monument Mtn.,4260,0.0,0.0,Grieve,Central,4:30 P.M.,,0
2026-09-15,138410,FINAL,Quabbin,4325,7.0,1.0,Mahar,4226,1.0,0.0,Mid-Wach,Grieve,3:30 P.M.,,0
2026-09-15,138508,FINAL,Burncoat,4066,2.0,2.0,St. Bernard’s,4365,2.0,2.0,CMAC,CMAC,4:00 P.M.,,0
2026-09-15,138520,FINAL,Nashoba Valley Tech,4268,1.0,0.0,Greater Lowell,4155,8.0,1.0,Commonwealth,Commonwealth,4:00 P.M.,,0
2026-09-15,138644,UPCOMING,New Mission/English High,4494,,,TechBoston,4117,,,Boston City,Boston City,4:00 P.M.,,0
2026-09-15,138968,FINAL,Boston Collegiate,4592,12.0,1.0,Prospect Hill,4593,0.0,0.0,Charter School Athletic,Charter School Athletic,3:30 P.M.,,0
2026-09-15,138983,FINAL,Rising Tide Charter,4746,6.0,1.0,Wareham,4407,0.0,0.0,Cape & Islands,Mayflower,4:00 P.M.,,0
2026-09-15,150872,FINAL,North Middlesex,4286,1.0,1.0,Oakmont,4299,0.0,0.0,Mid-Wach,Mid-Wach,4:00 P.M.,,0
2026-09-15,150875,FINAL,Triton,4395,1.0,0.0,North Reading,4288,4.0,1.0,Cape Ann,Cape Ann,4:30 P.M.,,0
2026-09-15,150877,FINAL,Essex Tech,4745,1.0,0.0,Lynnfield,4223,3.0,1.0,Cape Ann,Cape Ann,5:00 P.M.,,0
2026-09-15,150882,FINAL,Groton-Dunstable,4160,3.0,1.0,Marlborough,4233,1.0,0.0,Mid-Wach,Mid-Wach,4:15 P.M.,,0
2026-09-15,150925,FINAL,Wilmington,4432,3.0,1.0,Watertown,4409,1.0,0.0,Middlesex,Middlesex,7:00 P.M.,,0
2026-09-16,133753,FINAL,Acton-Boxborough,4003,8.0,1.0,Waltham,4405,0.0,0.0,Dual County,Dual County,4:00 P.M.,,0
2026-09-16,133810,FINAL,Cardinal Spellman,4075,4.0,1.0,Archbishop Williams,4012,0.0,0.0,Catholic Central,Catholic Central,3:30 P.M.,,0
2026-09-16,133928,FINAL,Ashland,4015,1.0,0.0,Hopkinton,4180,2.0,1.0,Tri-Valley,Tri-Valley,4:00 P.M.,,0
2026-09-16,133987,FINAL,Barnstable,4024,1.0,1.0,Dennis-Yarmouth,4111,0.0,0.0,Pioneer,Cape & Islands,3:30 P.M.,,0
2026-09-16,134059,FINAL,Bedford,4031,0.0,0.0,Newton South,4280,4.0,1.0,Dual County,Dual County,4:00 P.M.,,0
2026-09-16,134159,FINAL,Beverly,4038,3.0,1.0,Danvers,4103,2.0,0.0,Northeastern,Northeastern,4:00 P.M.,,0
2026-09-16,134229,FINAL,Boston Latin,4049,1.0,2.0,Lincoln-Sudbury,4211,1.0,2.0,Dual County,Dual County,4:00 P.M.,,0
2026-09-16,134404,FINAL,Cambridge,4067,0.0,0.0,Concord-Carlisle,4097,2.0,1.0,Dual County,Dual County,4:30 P.M.,,0
2026-09-16,135045,FINAL,Marblehead,4231,1.0,1.0,Peabody,4306,0.0,0.0,Northeastern,Northeastern,4:00 P.M.,,0
2026-09-16,135309,FINAL,East Bridgewater,4126,2.0,1.0,Abington,4002,0.0,0.0,South Shore,South Shore,4:00 P.M.,,0
2026-09-16,135506,FINAL,Swampscott,4383,3.0,1.0,Saugus,4341,0.0,0.0,Northeastern,Northeastern,3:30 P.M.,,0
2026-09-16,135564,FINAL,Oxford,4303,2.0,1.0,Doherty,4116,0.0,0.0,CMAC,CMAC,3:30 P.M.,,0
2026-09-16,135703,FINAL,Norwood,4297,1.0,0.0,Holliston,4174,5.0,1.0,Tri-Valley,Tri-Valley,4:30 P.M.,,0
2026-09-16,135918,FINAL,Norwell,4296,9.0,1.0,Middleborough,4247,0.0,0.0,South Shore,South Shore,4:00 P.M.,,0
2026-09-16,136057,FINAL,St. Paul,4954,1.0,0.0,Advanced Math and Science,4595,7.0,1.0,CMAC,CMAC,3:30 P.M.,,0
2026-09-16,136194,FINAL,Bay Path,4027,1.0,1.0,David Prouty,4106,0.0,0.0,CMAC,CMAC,3:30 P.M.,,0
2026-09-16,136224,UPCOMING,St. Bernard’s,4365,,,Blackstone-Millville,4486,,,CMAC,CMAC,4:30 P.M.,,0
2026-09-16,136526,FINAL,Carver,4077,1.0,0.0,Hull,4184,8.0,1.0,South Shore,South Shore,4:00 P.M.,,0
2026-09-16,136695,FINAL,Cohasset,4094,6.0,1.0,Mashpee,4237,0.0,0.0,South Shore,South Shore,4:30 P.M.,,0
2026-09-16,136724,FINAL,Douglas,4506,1.0,1.0,Sutton,4512,0.0,0.0,CMAC,CMAC,3:30 P.M.,,0
2026-09-16,136887,UPCOMING,Falmouth Academy,4135,,,Sturgis West,4735,,,Cape & Islands,Cape & Islands,4:00 P.M.,,0
2026-09-16,137004,FINAL,Somerset Berkley,4350,2.0,1.0,Apponequet,4011,1.0,0.0,South Coast,South Coast,3:45 P.M.,,0
2026-09-16,137077,FINAL,Weston,4423,0.0,2.0,Wayland,4411,0.0,2.0,Dual County,Dual County,4:00 P.M.,,0
2026-09-16,137087,FINAL,Granby,4520,3.0,1.0,Frontier,4146,1.0,0.0,Central,Pioneer Valley,4:00 P.M.,,0
2026-09-16,137156,FINAL,Medfield,4241,6.0,1.0,Westwood,4424,1.0,0.0,Tri-Valley,Tri-Valley,6:30 P.M.,,0
2026-09-16,137175,FINAL,Keefe Tech,4191,5.0,1.0,Abby Kelley Foster,4503,0.0,0.0,CMAC,CMAC,4:00 P.M.,,0
2026-09-16,137385,POSTPONED,Charlestown,4084,,,Maimonides,4473,,,Boston City,Independent,4:00 P.M.,,0
2026-09-16,137408,FINAL,Collegiate Charter,4986,1.0,0.0,Lowell Catholic,4217,4.0,1.0,Charter School Athletic,Commonwealth,4:30 P.M.,,0
2026-09-16,138000,FINAL,Millis,4251,1.0,0.0,Dedham,4108,2.0,1.0,Tri-Valley,Tri-Valley,4:30 P.M.,,0
2026-09-16,138065,FINAL,Falmouth,4134,9.0,1.0,Monomoy,4706,0.0,0.0,Cape & Islands,Cape & Islands,4:00 P.M.,,0
2026-09-16,138305,FINAL,Whittier,4428,2.0,1.0,Northeast,4293,0.0,0.0,Commonwealth,Independent,5:00 P.M.,,0
2026-09-16,138341,FINAL,East Boston,4125,2.0,0.0,O’Bryant,4298,3.0,1.0,Boston City,Boston City,4:00 P.M.,,0
2026-09-16,138396,UPCOMING,Taconic,4385,,,Lenox,4532,,,Pioneer Valley,Central,5:30 P.M.,,0
2026-09-16,138470,FINAL,Quaboag,4510,0.0,0.0,Uxbridge,4398,5.0,1.0,CMAC,CMAC,4:00 P.M.,,0
2026-09-16,138481,FINAL,Rockland,4331,11.0,1.0,Randolph,4327,0.0,0.0,South Shore,South Shore,4:00 P.M.,,0
2026-09-16,138603,FINAL,Sandwich,4340,4.0,1.0,St. John Paul II,4689,0.0,0.0,Cape & Islands,Cape & Islands,4:00 P.M.,,0
2026-09-16,138645,FINAL,Fairhaven,4133,5.0,1.0,Seekonk,4344,1.0,0.0,South Coast,South Coast,4:00 P.M.,,0
2026-09-16,138726,FINAL,Worcester South,4444,3.0,2.0,Notre Dame Academy-Worcester,4451,3.0,2.0,CMAC,CMAC,6:30 P.M.,,0
2026-09-16,139018,FINAL,Pittsfield,4314,0.0,0.0,Wahconah,4401,3.0,1.0,Kurty-Fielding,Kurty-Fielding,4:00 P.M.,,0
2026-09-16,139056,FINAL,Greater New Bedford,4156,1.0,0.0,West Bridgewater,4415,9.0,1.0,South Coast,South Coast,6:00 P.M.,,0
2026-09-16,150948,FINAL,Tantasqua,4387,1.0,0.0,Auburn,4019,6.0,1.0,CMAC,CMAC,3:30 P.M.,,0
2026-09-16,150951,FINAL,Winsor,4436,0.0,0.0,Thayer,4390,6.0,1.0,EIL,ISL,3:30 P.M.,,0
2026-09-16,150956,FINAL,Nauset,4271,3.0,1.0,Nantucket,4265,0.0,0.0,Cape & Islands,Cape & Islands,4:00 P.M.,,0
2026-09-16,150958,FINAL,Newton Country Day,4278,8.0,1.0,Marianapolis,4567,0.0,0.0,EIL,Independent,,,0
2026-09-16,150978,FINAL,Medway,4243,1.0,0.0,Norton,4295,2.0,1.0,Tri-Valley,Tri-Valley,3:45 P.M.,,0
2026-09-16,150981,FINAL,Austin Prep,4020,0.0,2.0,Milton Academy,4253,0.0,2.0,Independent,ISL,,,0
2026-09-16,150985,FINAL,Fontbonne,4447,1.0,2.0,Latin Academy,4202,1.0,2.0,Catholic Conference,Boston City,4:00 P.M.,,0
2026-09-16,150986,FINAL,St. Mary’s,4374,0.0,0.0,Bishop Fenwick,4043,3.0,1.0,Catholic Central,Catholic Central,4:00 P.M.,,0
2026-09-16,150993,FINAL,Beaver Country Day,4030,5.0,1.0,Dana Hall,4102,0.0,0.0,EIL,EIL,3:30 P.M.,,0
2026-09-16,151024,FINAL,Covenant Christian,4629,1.0,0.0,Berwick,4037,6.0,1.0,IGC,EIL,3:30 P.M.,,0
2026-09-16,151030,FINAL,Burncoat,4066,4.0,1.0,Worcester Tech,4445,0.0,0.0,CMAC,CMAC,,,0
2026-09-16,151031,FINAL,Concord Academy,4096,5.0,1.0,Bancroft,4023,0.0,0.0,EIL,EIL,,,0
2026-09-17,133694,FINAL,Ludlow,4218,2.0,1.0,Agawam,4004,1.0,0.0,Coombs,Kurty-Fielding,4:00 P.M.,,0
2026-09-17,133816,FINAL,Algonquin,4005,1.0,1.0,Grafton,4153,0.0,0.0,Mid-Wach,Mid-Wach,6:00 P.M.,,0
2026-09-17,133906,FINAL,Andover,4009,6.0,1.0,Lawrence,4203,0.0,0.0,Merrimack Valley,Merrimack Valley,7:00 P.M.,,0
2026-09-17,134089,FINAL,Oliver Ames,4302,1.0,1.0,Attleboro,4018,0.0,0.0,Hockomock,Hockomock,3:45 P.M.,,0
2026-09-17,134253,FINAL,Natick,4270,3.0,1.0,Braintree,4051,2.0,0.0,Bay State,Bay State,4:30 P.M.,,0
2026-09-17,134290,FINAL,Bridgewater-Raynham,4053,7.0,1.0,Dartmouth,4105,0.0,0.0,Pioneer,Pioneer,4:00 P.M.,,0
2026-09-17,134334,FINAL,New Bedford,4273,1.0,0.0,Brockton,4058,4.0,1.0,Big Three,Big Three,6:00 P.M.,,0
2026-09-17,134377,FINAL,Walpole,4404,1.0,0.0,Brookline,4059,2.0,1.0,Bay State,Bay State,4:30 P.M.,,0
2026-09-17,134445,FINAL,Central Catholic,4081,5.0,1.0,Haverhill,4167,0.0,0.0,Merrimack Valley,Merrimack Valley,7:00 P.M.,,0
2026-09-17,134499,FINAL,Chelmsford,4085,1.0,2.0,Wilmington,4432,1.0,2.0,Merrimack Valley,Middlesex,6:00 P.M.,,0
2026-09-17,134551,FINAL,Durfee,4122,3.0,2.0,Bishop Stang,4045,3.0,2.0,Big Three,Catholic Central,6:00 P.M.,,0
2026-09-17,134604,FINAL,Framingham,4143,5.0,1.0,Weymouth,4425,3.0,0.0,Bay State,Bay State,4:00 P.M.,,0
2026-09-17,134630,FINAL,Foxborough,4142,0.0,0.0,Franklin,4144,1.0,1.0,Hockomock,Hockomock,3:30 P.M.,,0
2026-09-17,134842,FINAL,Lynn English,4221,0.0,0.0,Gloucester,4150,3.0,1.0,Greater Boston,Northeastern,6:00 P.M.,,0
2026-09-17,134887,FINAL,Somerville,4351,4.0,1.0,Medford,4242,0.0,0.0,Greater Boston,Greater Boston,4:15 P.M.,,0
2026-09-17,134912,FINAL,Methuen,4246,0.0,0.0,North Andover,4283,5.0,1.0,Merrimack Valley,Merrimack Valley,5:30 P.M.,,0
2026-09-17,134954,FINAL,Wellesley,4413,3.0,1.0,Needham,4272,0.0,0.0,Bay State,Bay State,4:00 P.M.,,0
2026-09-17,134999,FINAL,Newton North,4279,1.0,2.0,Milton,4252,1.0,2.0,Bay State,Bay State,4:00 P.M.,,0
2026-09-17,135081,FINAL,Whitman-Hanson,4427,1.0,2.0,Plymouth North,4315,1.0,2.0,Patriot,Patriot,6:00 P.M.,,0
2026-09-17,135109,FINAL,Shrewsbury,4348,4.0,1.0,Nashoba,4267,0.0,0.0,Mid-Wach,Mid-Wach,6:00 P.M.,,0
2026-09-17,135144,FINAL,Springfield Central,4360,0.0,0.0,Ware,4406,3.0,1.0,Grieve,Grieve,4:00 P.M.,,0
2026-09-17,135178,FINAL,Canton,4071,4.0,1.0,Taunton,4388,0.0,0.0,Hockomock,Hockomock,6:45 P.M.,,0
2026-09-17,135193,FINAL,Westborough,4418,1.0,0.0,Wachusett,4400,2.0,1.0,Mid-Wach,Mid-Wach,4:00 P.M.,,0
2026-09-17,135279,FINAL,Masconomet,4236,2.0,1.0,Winchester,4434,0.0,0.0,Northeastern,Middlesex,4:15 P.M.,,0
2026-09-17,135351,FINAL,Billerica,4040,3.0,1.0,Dracut,4119,0.0,0.0,Merrimack Valley,Merrimack Valley,6:00 P.M.,,0
2026-09-17,135396,FINAL,Bristol-Plymouth,4057,8.0,1.0,Southeastern,4358,1.0,0.0,Mayflower,Mayflower,3:30 P.M.,,0
2026-09-17,135460,FINAL,Excel Academy,4969,2.0,2.0,Chelsea,4086,2.0,2.0,Charter School Athletic,Greater Boston,4:00 P.M.,,0
2026-09-17,135542,FINAL,Tri-County,4392,2.0,1.0,Diman,4115,1.0,0.0,Mayflower,Mayflower,3:30 P.M.,,0
2026-09-17,135597,FINAL,Hingham,4171,1.0,0.0,Duxbury,4123,3.0,1.0,Patriot,Patriot,4:00 P.M.,,0
2026-09-17,135726,FINAL,King Philip,4197,5.0,1.0,Sharon,4345,0.0,0.0,Hockomock,Hockomock,3:45 P.M.,,0
2026-09-17,135750,UPCOMING,North Middlesex,4286,,,Leominster,4208,,,Mid-Wach,Mid-Wach,4:00 P.M.,,0
2026-09-17,135786,FINAL,Belchertown,4032,3.0,1.0,Longmeadow,4214,2.0,0.0,Coombs,Kurty-Fielding,6:30 P.M.,,0
2026-09-17,135809,FINAL,Tewksbury,4389,5.0,1.0,Lowell,4216,0.0,0.0,Merrimack Valley,Merrimack Valley,4:00 P.M.,,0
2026-09-17,135838,FINAL,Mansfield,4230,1.0,0.0,Milford,4249,2.0,1.0,Hockomock,Hockomock,3:45 P.M.,,0
2026-09-17,135874,FINAL,Silver Lake,4349,6.0,1.0,Marshfield,4234,0.0,0.0,Patriot,Patriot,4:00 P.M.,,0
2026-09-17,135998,FINAL,Hamilton-Wenham,4163,0.0,0.0,Newburyport,4276,2.0,1.0,Cape Ann,Cape Ann,4:00 P.M.,,0
2026-09-17,136028,FINAL,North Attleborough,4284,1.0,1.0,Stoughton,4381,0.0,0.0,Hockomock,Hockomock,6:30 P.M.,,0
2026-09-17,136040,FINAL,Scituate,4343,1.0,0.0,North Quincy,4287,2.0,1.0,Patriot,Patriot,4:00 P.M.,,0
2026-09-17,136092,FINAL,Amesbury,4007,2.0,0.0,Essex Tech,4745,3.0,1.0,Cape Ann,Cape Ann,4:00 P.M.,,0
2026-09-17,136122,UPCOMING,Franklin,4144,,,Athol,4017,,,Hockomock,Bi-County,7:00 P.M.,,0
2026-09-17,136155,FINAL,Ayer Shirley,4022,1.0,0.0,Maynard,4239,2.0,1.0,Mid-Wach,Mid-Wach,5:30 P.M.,,0
2026-09-17,136260,FINAL,Blue Hills,4047,10.0,1.0,Upper Cape,4457,0.0,0.0,Mayflower,Mayflower,3:30 P.M.,,0
2026-09-17,136333,FINAL,Bromfield,4505,1.0,1.0,Tahanto,4513,0.0,0.0,Mid-Wach,Mid-Wach,4:00 P.M.,,0
2026-09-17,136495,FINAL,Brooke Charter,5071,3.0,1.0,Codman Charter,4482,2.0,0.0,Charter School Athletic,Charter School Athletic,4:00 P.M.,,0
2026-09-17,136567,FINAL,Ursuline,4448,1.0,0.0,Notre Dame (Hingham),4449,2.0,1.0,Catholic Conference,Catholic Conference,3:45 P.M.,,0
2026-09-17,136573,FINAL,Madison Park,4225,0.0,0.0,Cathedral/Cristo Rey,4079,8.0,1.0,Boston City,Catholic Central,4:00 P.M.,,0
2026-09-17,136650,FINAL,Clinton,4093,1.0,1.0,Fitchburg,4139,0.0,0.0,Mid-Wach,Mid-Wach,3:30 P.M.,,0
2026-09-17,136756,UPCOMING,Quincy,4326,,,Plymouth South,4316,,,Patriot,Patriot,4:00 P.M.,,0
2026-09-17,136793,FINAL,Easthampton,4130,2.0,1.0,Palmer,4304,0.0,0.0,Pioneer Valley,Grieve,4:00 P.M.,,0
2026-09-17,136964,FINAL,Shepherd Hill,4347,4.0,1.0,Marlborough,4233,1.0,0.0,Mid-Wach,Mid-Wach,4:00 P.M.,,0
2026-09-17,137112,FINAL,West Boylston,4414,1.0,0.0,Gardner,4147,6.0,1.0,Mid-Wach,Mid-Wach,7:00 P.M.,,0
2026-09-17,137233,POSTPONED,Argosy Collegiate,5032,,,Roxbury Prep,4847,,,Charter School Athletic,Charter School Athletic,6:00 P.M.,,0
2026-09-17,137249,FINAL,Avon,4460,5.0,1.0,Atlantis Charter,4818,0.0,0.0,Mayflower,Mayflower,3:30 P.M.,,0
2026-09-17,137299,FINAL,Holbrook,4172,3.0,1.0,Boston Collegiate,4592,0.0,0.0,Mayflower,Charter School Athletic,3:30 P.M.,,0
2026-09-17,137320,FINAL,TechBoston,4117,0.0,0.0,Boston International,4547,2.0,1.0,Boston City,Boston City,4:00 P.M.,,0
2026-09-17,137462,FINAL,Georgetown,4148,0.0,0.0,Lynnfield,4223,1.0,1.0,Cape Ann,Cape Ann,6:00 P.M.,,0
2026-09-17,137493,FINAL,Monument Mtn.,4260,2.0,1.0,Drury,4120,1.0,0.0,Central,Pioneer Valley,6:00 P.M.,,0
2026-09-17,137571,UPCOMING,Monson,4429,,,Hampshire,4518,,,Central,Kurty-Fielding,4:00 P.M.,,0
2026-09-17,137610,FINAL,Ipswich,4190,0.0,0.0,North Reading,4288,5.0,1.0,Cape Ann,Cape Ann,4:30 P.M.,,0
2026-09-17,137709,FINAL,Littleton,4212,2.0,2.0,Hudson,4182,2.0,2.0,Mid-Wach,Mid-Wach,7:00 P.M.,,0
2026-09-17,137738,FINAL,Innovation Academy,4690,1.0,0.0,Lowell Catholic,4217,3.0,1.0,Commonwealth,Commonwealth,4:00 P.M.,,0
2026-09-17,137757,FINAL,Lunenburg,4219,2.0,0.0,Tyngsborough,4397,3.0,1.0,Mid-Wach,Mid-Wach,5:30 P.M.,,0
2026-09-17,137801,FINAL,Hampden Charter East,4712,0.0,2.0,Gateway,4517,0.0,2.0,Pioneer Valley,Pioneer Valley,4:00 P.M.,,0
2026-09-17,137844,FINAL,Manchester Essex,4229,0.0,2.0,Pentucket,4309,0.0,2.0,Cape Ann,Cape Ann,4:00 P.M.,,0
2026-09-17,137890,FINAL,Chicopee,4088,8.0,1.0,Greenfield,4157,0.0,0.0,Central,Bi-County,6:00 P.M.,,0
2026-09-17,138036,FINAL,Minuteman,4255,2.0,1.0,Randolph,4327,0.0,0.0,Commonwealth,South Shore,4:15 P.M.,,0
2026-09-17,138169,FINAL,Holyoke,4176,1.0,0.0,Hopkins,4531,8.0,1.0,Pioneer Valley,Pioneer Valley,6:00 P.M.,,0
2026-09-17,138256,FINAL,Quabbin,4325,7.0,1.0,Narragansett,4266,1.0,0.0,Mid-Wach,Mid-Wach,3:30 P.M.,,0
2026-09-17,138379,FINAL,Taconic,4385,0.0,0.0,Lee,4206,3.0,1.0,Pioneer Valley,Independent,5:30 P.M.,,0
2026-09-17,138412,FINAL,Mahar,4226,1.0,1.0,St. Mary (Westfield),4537,0.0,0.0,Grieve,Bi-County,4:00 P.M.,,0
2026-09-17,138425,FINAL,McCann Tech,4240,0.0,0.0,Smith Voc.,4539,4.0,1.0,Tri-County,Tri-County,4:00 P.M.,,0
2026-09-17,138452,FINAL,Mt. Everett,4533,4.0,1.0,Westfield Tech,4420,1.0,0.0,Pioneer Valley,Tri-County,4:30 P.M.,,0
2026-09-17,138523,FINAL,Shawsheen,4346,1.0,0.0,Nashoba Valley Tech,4268,3.0,1.0,Commonwealth,Commonwealth,4:00 P.M.,,0
2026-09-17,138647,FINAL,Dearborn STEM,5016,1.0,1.0,New Mission/English High,4494,0.0,0.0,Boston City,Boston City,4:00 P.M.,,0
2026-09-17,138716,FINAL,Old Colony,4300,0.0,0.0,Norfolk Aggie,4458,8.0,1.0,Mayflower,Mayflower,3:30 P.M.,,0
2026-09-17,138765,UPCOMING,South Shore Voc-Tech,4356,,,Sturgis East,4456,,,Mayflower,Cape & Islands,3:30 P.M.,,0
2026-09-17,138896,FINAL,Commerce,4361,0.0,0.0,Pathfinder,4305,1.0,1.0,Tri-County,Bi-County,4:00 P.M.,,0
2026-09-17,138940,FINAL,Pioneer Valley,4536,4.0,1.0,Smith Academy,4538,0.0,0.0,Pioneer Valley,Bi-County,4:00 P.M.,,0
2026-09-17,138991,FINAL,Rockport,4490,4.0,1.0,Triton,4395,3.0,0.0,Cape Ann,Cape Ann,6:00 P.M.,,0
2026-09-17,139030,FINAL,Westport,4461,10.0,1.0,Wareham,4407,0.0,0.0,Mayflower,Mayflower,3:45 P.M.,,0
2026-09-17,151064,FINAL,Pembroke,4308,1.0,0.0,Hanover,4164,4.0,1.0,Patriot,Patriot,4:00 P.M.,,0
2026-09-17,151078,FINAL,Stoneham,4380,0.0,0.0,Arlington Catholic,4014,1.0,1.0,Middlesex,Catholic Central,4:15 P.M.,,0
2026-09-17,151111,FINAL,Tiverton (R.I.),4643,0.0,0.0,Dighton-Rehoboth,4114,7.0,1.0,Independent,South Coast,6:00 P.M.,,0
2026-09-17,151127,FINAL,Northbridge,4292,4.0,1.0,Millbury,4250,0.0,0.0,CMAC,CMAC,6:00 P.M.,,0
2026-09-17,151146,FINAL,Watertown,4409,1.0,0.0,Malden Catholic,4228,3.0,1.0,Middlesex,Catholic Conference,7:00 P.M.,,0
2026-09-18,133741,FINAL,Granby,4520,7.0,1.0,Amherst-Pelham,4008,2.0,0.0,Central,Pioneer Valley,4:00 P.M.,,0
2026-09-18,133910,FINAL,Andover,4009,1.0,1.0,Woburn,4438,0.0,0.0,Merrimack Valley,Middlesex,7:00 P.M.,,0
2026-09-18,133937,FINAL,Ashland,4015,3.0,1.0,Blackstone Valley,4046,0.0,0.0,Tri-Valley,CMAC,4:30 P.M.,,0
2026-09-18,133998,FINAL,Barnstable,4024,1.0,1.0,Carver,4077,0.0,0.0,Pioneer,South Shore,4:45 P.M.,,0
2026-09-18,134004,FINAL,Arlington,4013,5.0,1.0,Cambridge,4067,1.0,0.0,Middlesex,Dual County,4:30 P.M.,,0
2026-09-18,135311,FINAL,Cohasset,4094,5.0,1.0,Abington,4002,0.0,0.0,South Shore,South Shore,4:00 P.M.,,0
2026-09-18,135426,FINAL,Burlington,4065,1.0,0.0,Tewksbury,4389,5.0,1.0,Middlesex,Merrimack Valley,4:15 P.M.,,0
2026-09-18,135461,FINAL,Chelsea,4086,0.0,0.0,Northeast,4293,1.0,1.0,Greater Boston,Independent,4:15 P.M.,,0
2026-09-18,135475,FINAL,Chicopee Comprehensive,4089,3.0,1.0,West Springfield,4417,2.0,0.0,Kurty-Fielding,Coombs,4:00 P.M.,,0
2026-09-18,135502,FINAL,Danvers,4103,2.0,1.0,North Reading,4288,1.0,0.0,Northeastern,Cape Ann,6:30 P.M.,,0
2026-09-18,135566,FINAL,Quaboag,4510,1.0,2.0,Doherty,4116,1.0,2.0,CMAC,CMAC,4:00 P.M.,,0
2026-09-18,135633,FINAL,East Longmeadow,4127,1.0,1.0,Westfield,4419,0.0,0.0,Coombs,Coombs,7:00 P.M.,,0
2026-09-18,135826,FINAL,Revere,4329,2.0,1.0,Lynn Classical,4220,1.0,0.0,Greater Boston,Greater Boston,4:15 P.M.,,0
2026-09-18,135971,FINAL,Minnechaug,4254,0.0,0.0,Pope Francis,4796,3.0,1.0,Coombs,Bi-County,5:00 P.M.,,0
2026-09-18,136060,FINAL,Uxbridge,4398,0.0,0.0,Advanced Math and Science,4595,2.0,1.0,CMAC,CMAC,3:30 P.M.,,0
2026-09-18,136227,FINAL,Monty Tech,4259,0.0,0.0,Blackstone-Millville,4486,2.0,1.0,CMAC,CMAC,4:00 P.M.,,0
2026-09-18,136451,FINAL,South Hadley,4353,0.0,2.0,Northampton,4291,0.0,2.0,Kurty-Fielding,Central,6:00 P.M.,,0
2026-09-18,136497,FINAL,South Shore Charter,4589,5.0,1.0,Brooke Charter,5071,2.0,0.0,Charter School Athletic,Charter School Athletic,3:30 P.M.,,0
2026-09-18,136761,FINAL,Plymouth South,4316,0.0,2.0,Nauset,4271,0.0,2.0,Patriot,Cape & Islands,4:00 P.M.,,0
2026-09-18,136810,POSTPONED,Renaissance,4664,,,Putnam,4362,,,Pioneer Valley,Tri-County,4:00 P.M.,,0
2026-09-18,137088,FINAL,Frontier,4146,1.0,0.0,Southwick,4519,2.0,1.0,Pioneer Valley,Central,4:00 P.M.,,0
2026-09-18,137177,FINAL,Abby Kelley Foster,4503,1.0,0.0,Parker Charter,4483,7.0,1.0,CMAC,CMAC,3:30 P.M.,,0
2026-09-18,137330,POSTPONED,Brighton,4055,,,Charlestown,4084,,,Boston City,Boston City,6:30 P.M.,,0
2026-09-18,137373,FINAL,Cape Cod Tech,4073,1.0,0.0,Mashpee,4237,9.0,1.0,Mayflower,South Shore,3:45 P.M.,,0
2026-09-18,137431,FINAL,David Prouty,4106,0.0,0.0,Hopedale,4507,3.0,1.0,CMAC,CMAC,3:30 P.M.,,0
2026-09-18,137502,FINAL,Greater Lawrence,4154,1.0,2.0,Lynn Tech,4222,1.0,2.0,Commonwealth,Commonwealth,5:00 P.M.,,0
2026-09-18,137585,FINAL,Franklin County Tech,4145,3.0,1.0,Athol,4017,2.0,0.0,Bi-County,Bi-County,7:00 P.M.,,0
2026-09-18,137614,FINAL,Ipswich,4190,1.0,2.0,Salem,4336,1.0,2.0,Cape Ann,Northeastern,4:30 P.M.,,0
2026-09-18,137641,FINAL,Keefe Tech,4191,9.0,1.0,Worcester Tech,4445,0.0,0.0,CMAC,CMAC,3:30 P.M.,,0
2026-09-18,137674,UPCOMING,Leicester,4207,,,Whitinsville Christian,4487,,,CMAC,CMAC,3:30 P.M.,,0
2026-09-18,137946,UPCOMING,Northbridge,4292,,,Millbury,4250,,,CMAC,CMAC,3:30 P.M.,,0
2026-09-18,138055,FINAL,Hoosac School,4688,2.0,0.0,Springfield International,4480,5.0,1.0,Independent,Pioneer Valley,4:30 P.M.,,0
2026-09-18,138067,FINAL,Nantucket,4265,3.0,1.0,Monomoy,4706,1.0,0.0,Cape & Islands,Cape & Islands,4:00 P.M.,,0
2026-09-18,138168,FINAL,Pittsfield,4314,1.0,0.0,Mt. Greylock,4262,3.0,1.0,Kurty-Fielding,Grieve,4:30 P.M.,,0
2026-09-18,138208,UPCOMING,Whittier,4428,,,Mystic Valley,4264,,,Commonwealth,Commonwealth,4:00 P.M.,,0
2026-09-18,138344,UPCOMING,O’Bryant,4298,,,Latin Academy,4202,,,Boston City,Boston City,4:00 P.M.,,0
2026-09-18,138399,FINAL,Wahconah,4401,3.0,1.0,Lenox,4532,0.0,0.0,Kurty-Fielding,Central,4:00 P.M.,,0
2026-09-18,138495,FINAL,Rockland,4331,1.0,2.0,Cardinal Spellman,4075,1.0,2.0,South Shore,Catholic Central,4:00 P.M.,,0
2026-09-18,138510,FINAL,St. Paul,4954,2.0,0.0,St. Bernard’s,4365,8.0,1.0,CMAC,CMAC,3:45 P.M.,,0
2026-09-18,138609,FINAL,Sandwich,4340,2.0,1.0,Falmouth,4134,0.0,0.0,Cape & Islands,Cape & Islands,4:00 P.M.,,0
2026-09-18,138650,FINAL,East Bridgewater,4126,3.0,1.0,Seekonk,4344,0.0,0.0,South Shore,South Coast,6:00 P.M.,,0
2026-09-18,138847,FINAL,Sutton,4512,2.0,1.0,Auburn,4019,0.0,0.0,CMAC,CMAC,3:30 P.M.,,0
2026-09-18,138984,FINAL,Dennis-Yarmouth,4111,0.0,0.0,Rising Tide Charter,4746,7.0,1.0,Cape & Islands,Cape & Islands,4:00 P.M.,,0
2026-09-18,139026,FINAL,St. John Paul II,4689,2.0,0.0,Martha’s Vineyard,4235,5.0,1.0,Cape & Islands,Cape & Islands,4:00 P.M.,,0
2026-09-18,151166,FINAL,Boston Collegiate,4592,4.0,1.0,Roxbury Prep,4847,0.0,0.0,Charter School Athletic,Charter School Athletic,4:00 P.M.,,0
2026-09-18,151198,FINAL,Sacred Heart,4462,0.0,0.0,St. George’s,4367,6.0,1.0,Independent,ISL,,,0
2026-09-19,133813,FINAL,Archbishop Williams,4012,4.0,1.0,Martha’s Vineyard,4235,0.0,0.0,Catholic Central,Cape & Islands,5:00 P.M.,,0
2026-09-19,134118,FINAL,Belmont,4034,2.0,1.0,Westford,4421,0.0,0.0,Middlesex,Dual County,4:30 P.M.,,0
2026-09-19,134197,FINAL,Wachusett,4400,0.0,0.0,Bishop Feehan,4042,5.0,1.0,Mid-Wach,Catholic Central,12:00 P.M.,,0
2026-09-19,134255,FINAL,Canton,4071,1.0,0.0,Braintree,4051,3.0,1.0,Hockomock,Bay State,7:00 P.M.,,0
2026-09-19,134380,FINAL,Brookline,4059,3.0,1.0,Newton South,4280,0.0,0.0,Bay State,Dual County,2:00 P.M.,,0
2026-09-19,134502,FINAL,Chelmsford,4085,1.0,1.0,Groton-Dunstable,4160,0.0,0.0,Merrimack Valley,Mid-Wach,11:00 A.M.,,0
2026-09-19,134581,FINAL,Lawrence,4203,0.0,0.0,Everett,4132,8.0,1.0,Merrimack Valley,Greater Boston,10:00 A.M.,,0
2026-09-19,134633,FINAL,Hopkinton,4180,3.0,1.0,Franklin,4144,2.0,0.0,Tri-Valley,Hockomock,10:00 A.M.,,0
2026-09-19,134737,FINAL,Lexington,4209,1.0,2.0,Winchester,4434,1.0,2.0,Middlesex,Middlesex,6:00 P.M.,,0
2026-09-19,134891,FINAL,Medford,4242,1.0,0.0,Billerica,4040,3.0,1.0,Greater Boston,Merrimack Valley,6:00 P.M.,,0
2026-09-19,135000,FINAL,Newton North,4279,2.0,2.0,Boston Latin,4049,2.0,2.0,Bay State,Dual County,11:00 A.M.,,0
2026-09-19,135027,FINAL,Marblehead,4231,1.0,2.0,North Andover,4283,1.0,2.0,Northeastern,Merrimack Valley,6:30 P.M.,,0
2026-09-19,135047,FINAL,Melrose,4244,2.0,2.0,Peabody,4306,2.0,2.0,Middlesex,Northeastern,10:00 A.M.,,0
2026-09-19,135236,FINAL,Westborough,4418,5.0,1.0,Clinton,4093,0.0,0.0,Mid-Wach,Mid-Wach,11:00 A.M.,,0
2026-09-19,135259,FINAL,Weymouth,4425,0.0,0.0,Dover-Sherborn,4118,3.0,1.0,Bay State,Tri-Valley,12:00 P.M.,,0
2026-09-19,135948,FINAL,Somerset Berkley,4350,1.0,1.0,Milford,4249,0.0,0.0,South Coast,Hockomock,10:00 A.M.,,0
2026-09-19,136156,UPCOMING,Ayer Shirley,4022,,,Lunenburg,4219,,,Mid-Wach,Mid-Wach,10:00 A.M.,,0
2026-09-19,136498,FINAL,Stoughton,4381,2.0,1.0,Norwood,4297,0.0,0.0,Hockomock,Tri-Valley,12:00 P.M.,,0
2026-09-19,136570,FINAL,Scituate,4343,0.0,0.0,Notre Dame (Hingham),4449,1.0,1.0,Patriot,Catholic Conference,11:00 A.M.,,0
2026-09-19,136626,FINAL,Oliver Ames,4302,4.0,1.0,Norwell,4296,2.0,0.0,Hockomock,South Shore,12:00 P.M.,,0
2026-09-19,136726,FINAL,Douglas,4506,3.0,1.0,Nipmuc,4281,1.0,0.0,CMAC,CMAC,12:00 P.M.,,0
2026-09-19,136910,FINAL,St. Mary’s,4374,0.0,2.0,Reading,4328,0.0,2.0,Catholic Central,Middlesex,11:00 A.M.,,0
2026-09-19,137080,FINAL,Maynard,4239,0.0,0.0,Wayland,4411,2.0,1.0,Mid-Wach,Dual County,2:00 P.M.,,0
2026-09-19,137115,FINAL,Gardner,4147,5.0,1.0,Narragansett,4266,0.0,0.0,Mid-Wach,Mid-Wach,12:00 P.M.,,0
2026-09-19,137135,FINAL,West Springfield,4417,0.0,0.0,Belchertown,4032,1.0,1.0,Coombs,Coombs,3:30 P.M.,,0
2026-09-19,137588,FINAL,Franklin County Tech,4145,0.0,0.0,Pioneer Valley,4536,2.0,1.0,Bi-County,Pioneer Valley,1:30 P.M.,,0
2026-09-19,137783,FINAL,Winthrop,4437,3.0,1.0,Lynn Tech,4222,2.0,0.0,Northeastern,Commonwealth,11:00 A.M.,,0
2026-09-19,138176,FINAL,Hopkins,4531,6.0,1.0,Smith Academy,4538,0.0,0.0,Pioneer Valley,Bi-County,3:00 P.M.,,0
2026-09-19,138263,UPCOMING,Innovation Academy,4690,,,Sizer,4509,,,Commonwealth,Worcester County,11:00 A.M.,,0
2026-09-19,138927,FINAL,Tahanto,4513,1.0,0.0,Nashoba,4267,6.0,1.0,Mid-Wach,Mid-Wach,11:00 A.M.,,0
2026-09-19,138990,FINAL,Oakmont,4299,0.0,0.0,Tyngsborough,4397,1.0,1.0,Mid-Wach,Mid-Wach,10:00 A.M.,,0
2026-09-19,151228,FINAL,Wellesley,4413,0.0,0.0,Concord-Carlisle,4097,4.0,1.0,Bay State,Dual County,12:00 P.M.,,0
2026-09-19,151231,FINAL,Austin Prep,4020,5.0,1.0,Thayer,4390,0.0,0.0,Independent,ISL,,,0
2026-09-19,151233,FINAL,Malden Catholic,4228,1.0,0.0,Ursuline,4448,3.0,1.0,Catholic Conference,Catholic Conference,12:00 P.M.,,0
2026-09-19,151254,FINAL,Berkshire,4036,2.0,0.0,Lawrence Academy,4204,6.0,1.0,Independent,ISL,,,0
2026-09-19,151259,FINAL,Berwick,4037,4.0,1.0,Wheeler (R.I.),4426,0.0,0.0,EIL,EIL,,,0
2026-09-21,133829,FINAL,Bishop Stang,4045,0.0,0.0,Archbishop Williams,4012,2.0,1.0,Catholic Central,Catholic Central,3:30 P.M.,,0
2026-09-21,134200,FINAL,Norton,4295,0.0,0.0,Bishop Feehan,4042,2.0,1.0,Tri-Valley,Catholic Central,3:45 P.M.,,0
2026-09-21,134338,FINAL,Latin Academy,4202,4.0,1.0,Brockton,4058,3.0,0.0,Boston City,Big Three,4:00 P.M.,,0
2026-09-21,134554,FINAL,Durfee,4122,4.0,1.0,Joseph Case,4078,3.0,0.0,Big Three,South Coast,6:00 P.M.,,0
2026-09-21,134889,FINAL,Medford,4242,1.0,2.0,Wakefield,4402,1.0,2.0,Greater Boston,Middlesex,5:00 P.M.,,0
2026-09-21,135147,FINAL,Springfield International,4480,5.0,1.0,Springfield Central,4360,4.0,0.0,Pioneer Valley,Grieve,4:00 P.M.,,0
2026-09-21,135504,FINAL,Masconomet,4236,5.0,1.0,Danvers,4103,1.0,0.0,Northeastern,Northeastern,4:00 P.M.,,0
2026-09-21,135751,FINAL,Leominster,4208,3.0,0.0,Auburn,4019,7.0,1.0,Mid-Wach,CMAC,4:00 P.M.,,0
2026-09-21,135877,FINAL,Marshfield,4234,7.0,1.0,Plymouth South,4316,0.0,0.0,Patriot,Patriot,4:00 P.M.,,0
2026-09-21,136000,FINAL,Newburyport,4276,8.0,1.0,Ipswich,4190,0.0,0.0,Cape Ann,Cape Ann,4:00 P.M.,,0
2026-09-21,136124,FINAL,Athol,4017,7.0,1.0,Smith Academy,4538,0.0,0.0,Bi-County,Bi-County,6:00 P.M.,,0
2026-09-21,136280,FINAL,Bourne,4050,1.0,0.0,West Bridgewater,4415,7.0,1.0,South Coast,South Coast,3:45 P.M.,,0
2026-09-21,136577,FINAL,Cathedral/Cristo Rey,4079,0.0,2.0,Boston International,4547,0.0,2.0,Catholic Central,Boston City,3:15 P.M.,,0
2026-09-21,136727,FINAL,Monson,4429,1.0,0.0,Douglas,4506,5.0,1.0,Central,CMAC,4:00 P.M.,,0
2026-09-21,136795,FINAL,Greenfield,4157,0.0,0.0,Easthampton,4130,6.0,1.0,Bi-County,Pioneer Valley,4:00 P.M.,,0
2026-09-21,136812,FINAL,Pathfinder,4305,2.0,1.0,Putnam,4362,1.0,0.0,Bi-County,Tri-County,4:00 P.M.,,0
2026-09-21,136990,FINAL,Pembroke,4308,0.0,0.0,Silver Lake,4349,2.0,1.0,Patriot,Patriot,4:00 P.M.,,0
2026-09-21,137006,FINAL,Somerset Berkley,4350,1.0,1.0,Dighton-Rehoboth,4114,0.0,0.0,South Coast,South Coast,3:45 P.M.,,0
2026-09-21,137036,FINAL,Rising Tide Charter,4746,5.0,1.0,Southeastern,4358,3.0,0.0,Cape & Islands,Mayflower,4:00 P.M.,,0
2026-09-21,137178,FINAL,Abby Kelley Foster,4503,4.0,1.0,Assabet,4016,2.0,0.0,CMAC,CMAC,3:30 P.M.,,0
2026-09-21,137433,FINAL,David Prouty,4106,2.0,2.0,Worcester South,4444,2.0,2.0,CMAC,CMAC,3:30 P.M.,,0
2026-09-21,137504,FINAL,Lowell Catholic,4217,2.0,0.0,Greater Lawrence,4154,6.0,1.0,Commonwealth,Commonwealth,5:00 P.M.,,0
2026-09-21,137593,FINAL,St. Mary (Westfield),4537,0.0,0.0,Franklin County Tech,4145,2.0,1.0,Bi-County,Bi-County,4:00 P.M.,,0
2026-09-21,137787,FINAL,Minuteman,4255,1.0,2.0,Lynn Tech,4222,1.0,2.0,Commonwealth,Commonwealth,4:30 P.M.,,0
2026-09-21,137799,FINAL,Madison Park,4225,1.0,0.0,New Mission/English High,4494,2.0,1.0,Boston City,Boston City,4:00 P.M.,,0
2026-09-21,137806,FINAL,Gateway,4517,11.0,1.0,Taconic,4385,0.0,0.0,Pioneer Valley,Pioneer Valley,6:00 P.M.,,0
2026-09-21,137942,FINAL,Westfield Tech,4420,3.0,1.0,Hampden Charter East,4712,0.0,0.0,Tri-County,Pioneer Valley,4:00 P.M.,,0
2026-09-21,138001,FINAL,Uxbridge,4398,2.0,2.0,Millis,4251,2.0,2.0,CMAC,Tri-Valley,3:30 P.M.,,0
2026-09-21,138056,FINAL,Hoosac School,4688,1.0,2.0,McCann Tech,4240,1.0,2.0,Independent,Tri-County,4:30 P.M.,,0
2026-09-21,138070,FINAL,Monomoy,4706,1.0,0.0,Sturgis West,4735,4.0,1.0,Cape & Islands,Cape & Islands,6:00 P.M.,,0
2026-09-21,138180,FINAL,Palmer,4304,0.0,0.0,Hopkins,4531,3.0,1.0,Grieve,Pioneer Valley,4:00 P.M.,,0
2026-09-21,138214,FINAL,Shawsheen,4346,1.0,1.0,Mystic Valley,4264,0.0,0.0,Commonwealth,Commonwealth,4:00 P.M.,,0
2026-09-21,138266,UPCOMING,Innovation Academy,4690,,,Prospect Hill,4593,,,Commonwealth,Charter School Athletic,4:00 P.M.,,0
2026-09-21,138306,FINAL,Northeast,4293,0.0,0.0,Greater Lowell,4155,8.0,1.0,Independent,Commonwealth,6:00 P.M.,,0
2026-09-21,138382,FINAL,Lee,4206,5.0,1.0,Mt. Everett,4533,2.0,0.0,Independent,Pioneer Valley,4:15 P.M.,,0
2026-09-21,138415,FINAL,Mahar,4226,0.0,2.0,Pioneer Valley,4536,0.0,2.0,Grieve,Pioneer Valley,4:00 P.M.,,0
2026-09-21,138513,UPCOMING,Monty Tech,4259,,,St. Bernard’s,4365,,,CMAC,CMAC,4:00 P.M.,,0
2026-09-21,138526,SUSPENDED,Nashoba Valley Tech,4268,,,Trivium,4686,,,Commonwealth,Worcester County,4:00 P.M.,,0
2026-09-21,138653,FINAL,Seekonk,4344,2.0,0.0,Nantucket,4265,3.0,1.0,South Coast,Cape & Islands,3:45 P.M.,,0
2026-09-21,138727,UPCOMING,David Prouty,4106,,,South High,4962,,,CMAC,Independent,3:30 P.M.,,0
2026-09-21,138850,FINAL,Tantasqua,4387,0.0,0.0,Sutton,4512,7.0,1.0,CMAC,CMAC,4:00 P.M.,,0
2026-09-21,138853,UPCOMING,Advanced Math and Science,4595,,,Parker Charter,4483,,,CMAC,CMAC,3:30 P.M.,,0
2026-09-21,139085,FINAL,Ware,4406,2.0,0.0,Smith Voc.,4539,4.0,1.0,Grieve,Tri-County,7:00 P.M.,,0
2026-09-21,139109,FINAL,Whitinsville Christian,4487,2.0,0.0,Blackstone Valley,4046,3.0,1.0,CMAC,CMAC,4:00 P.M.,,0
2026-09-21,151391,FINAL,Arlington Catholic,4014,0.0,2.0,St. Mary’s,4374,0.0,2.0,Catholic Central,Catholic Central,4:00 P.M.,,0
2026-09-21,151394,FINAL,Malden Catholic,4228,2.0,2.0,Bishop Fenwick,4043,2.0,2.0,Catholic Conference,Catholic Central,4:00 P.M.,,0
2026-09-21,151414,FINAL,Fontbonne,4447,0.0,0.0,Cardinal Spellman,4075,8.0,1.0,Catholic Conference,Catholic Central,,,0
2026-09-21,151433,FINAL,East Boston,4125,4.0,1.0,Dearborn STEM,5016,0.0,0.0,Boston City,Boston City,4:00 P.M.,,0
2026-09-21,151440,FINAL,Chicopee,4088,7.0,1.0,Holyoke,4176,0.0,0.0,Central,Pioneer Valley,6:00 P.M.,,0
2026-09-21,151447,FINAL,Salem,4336,1.0,1.0,Gloucester,4150,0.0,0.0,Northeastern,Northeastern,4:30 P.M.,,0
2026-09-21,151459,FINAL,Apponequet,4011,5.0,1.0,Greater New Bedford,4156,1.0,0.0,South Coast,South Coast,4:00 P.M.,,0
2026-09-22,133696,FINAL,Agawam,4004,1.0,0.0,Northampton,4291,6.0,1.0,Kurty-Fielding,Central,4:00 P.M.,,0
2026-09-22,133742,FINAL,Southwick,4519,2.0,0.0,Amherst-Pelham,4008,4.0,1.0,Central,Pioneer Valley,4:00 P.M.,,0
2026-09-22,133756,FINAL,Newton South,4280,1.0,2.0,Acton-Boxborough,4003,1.0,2.0,Dual County,Dual County,4:30 P.M.,,0
2026-09-22,133819,FINAL,Nashoba,4267,0.0,2.0,Algonquin,4005,0.0,2.0,Mid-Wach,Mid-Wach,4:00 P.M.,,0
2026-09-22,133914,FINAL,Methuen,4246,1.0,0.0,Andover,4009,4.0,1.0,Merrimack Valley,Merrimack Valley,6:00 P.M.,,0
2026-09-22,133939,FINAL,Norwood,4297,1.0,0.0,Ashland,4015,2.0,1.0,Tri-Valley,Tri-Valley,4:30 P.M.,,0
2026-09-22,134001,FINAL,Bristol Aggie,4463,4.0,1.0,Barnstable,4024,2.0,0.0,Mayflower,Pioneer,3:30 P.M.,,0
2026-09-22,134007,FINAL,Burlington,4065,1.0,1.0,Arlington,4013,0.0,0.0,Middlesex,Middlesex,4:15 P.M.,,0
2026-09-22,134060,FINAL,Lincoln-Sudbury,4211,4.0,1.0,Bedford,4031,1.0,0.0,Dual County,Dual County,4:00 P.M.,,0
2026-09-22,134090,FINAL,Stoughton,4381,0.0,2.0,Attleboro,4018,0.0,2.0,Hockomock,Hockomock,5:30 P.M.,,0
2026-09-22,134230,FINAL,Concord-Carlisle,4097,2.0,1.0,Boston Latin,4049,0.0,0.0,Dual County,Dual County,4:30 P.M.,,0
2026-09-22,134291,FINAL,Bridgewater-Raynham,4053,0.0,0.0,Milton,4252,2.0,1.0,Pioneer,Bay State,4:00 P.M.,,0
2026-09-22,134446,FINAL,Central Catholic,4081,8.0,1.0,Lawrence,4203,0.0,0.0,Merrimack Valley,Merrimack Valley,5:30 P.M.,,0
2026-09-22,134504,FINAL,Dracut,4119,1.0,0.0,Chelmsford,4085,3.0,1.0,Merrimack Valley,Merrimack Valley,6:30 P.M.,,0
2026-09-22,134582,UPCOMING,Revere,4329,,,Everett,4132,,,Greater Boston,Greater Boston,4:15 P.M.,,0
2026-09-22,134634,FINAL,Sharon,4345,1.0,0.0,Franklin,4144,3.0,1.0,Hockomock,Hockomock,3:45 P.M.,,0
2026-09-22,134657,FINAL,Haverhill,4167,6.0,1.0,Lowell,4216,0.0,0.0,Merrimack Valley,Merrimack Valley,6:30 P.M.,,0
2026-09-22,134844,FINAL,Lynn English,4221,0.0,0.0,Chelsea,4086,1.0,1.0,Greater Boston,Greater Boston,4:00 P.M.,,0
2026-09-22,134867,FINAL,Medford,4242,4.0,1.0,Malden,4227,0.0,0.0,Greater Boston,Greater Boston,4:15 P.M.,,0
2026-09-22,134973,POSTPONED,New Bedford,4273,,,Dartmouth,4105,,,Big Three,Pioneer,6:00 P.M.,,0
2026-09-22,135028,FINAL,North Andover,4283,1.0,0.0,Tewksbury,4389,2.0,1.0,Merrimack Valley,Merrimack Valley,4:30 P.M.,,0
2026-09-22,135084,FINAL,Plymouth North,4315,1.0,1.0,Scituate,4343,0.0,0.0,Patriot,Patriot,4:00 P.M.,,0
2026-09-22,135111,FINAL,Westborough,4418,0.0,0.0,Shrewsbury,4348,3.0,1.0,Mid-Wach,Mid-Wach,6:00 P.M.,,0
2026-09-22,135180,FINAL,Milford,4249,4.0,1.0,Taunton,4388,1.0,0.0,Hockomock,Hockomock,3:45 P.M.,,0
2026-09-22,135196,FINAL,Wachusett,4400,0.0,2.0,Grafton,4153,0.0,2.0,Mid-Wach,Mid-Wach,6:00 P.M.,,0
2026-09-22,135212,FINAL,Waltham,4405,4.0,1.0,Weston,4423,0.0,0.0,Dual County,Dual County,6:00 P.M.,,0
2026-09-22,135314,FINAL,Norwell,4296,8.0,1.0,Abington,4002,1.0,0.0,South Shore,South Shore,4:00 P.M.,,0
2026-09-22,135399,FINAL,Diman,4115,0.0,0.0,Bristol-Plymouth,4057,4.0,1.0,Mayflower,Mayflower,3:30 P.M.,,0
2026-09-22,135441,FINAL,Mansfield,4230,1.0,2.0,Canton,4071,1.0,2.0,Hockomock,Hockomock,3:45 P.M.,,0
2026-09-22,135477,FINAL,Chicopee Comprehensive,4089,0.0,0.0,Ludlow,4218,4.0,1.0,Kurty-Fielding,Coombs,6:00 P.M.,,0
2026-09-22,135567,FINAL,Doherty,4116,0.0,0.0,Sutton,4512,5.0,1.0,CMAC,CMAC,6:30 P.M.,,0
2026-09-22,135599,FINAL,Duxbury,4123,6.0,1.0,North Quincy,4287,0.0,0.0,Patriot,Patriot,4:00 P.M.,,0
2026-09-22,135634,FINAL,East Longmeadow,4127,1.0,2.0,Longmeadow,4214,1.0,2.0,Coombs,Kurty-Fielding,7:00 P.M.,,0
2026-09-22,135679,FINAL,Quincy,4326,0.0,0.0,Hingham,4171,11.0,1.0,Patriot,Patriot,3:45 P.M.,,0
2026-09-22,135727,FINAL,Foxborough,4142,2.0,2.0,King Philip,4197,2.0,2.0,Hockomock,Hockomock,3:30 P.M.,,0
2026-09-22,135753,FINAL,Leominster,4208,2.0,1.0,Groton-Dunstable,4160,0.0,0.0,Mid-Wach,Mid-Wach,7:00 P.M.,,0
2026-09-22,135828,FINAL,Somerville,4351,10.0,1.0,Lynn Classical,4220,0.0,0.0,Greater Boston,Greater Boston,4:15 P.M.,,0
2026-09-22,135920,FINAL,Carver,4077,0.0,0.0,Middleborough,4247,3.0,1.0,South Shore,South Shore,4:00 P.M.,,0
2026-09-22,135972,FINAL,Belchertown,4032,2.0,0.0,Minnechaug,4254,3.0,1.0,Coombs,Coombs,4:00 P.M.,,0
2026-09-22,136062,FINAL,Advanced Math and Science,4595,4.0,1.0,Oxford,4303,1.0,0.0,CMAC,CMAC,3:30 P.M.,,0
2026-09-22,136095,UPCOMING,Triton,4395,,,Amesbury,4007,,,Cape Ann,Cape Ann,4:00 P.M.,,0
2026-09-22,136158,FINAL,Narragansett,4266,4.0,1.0,Ayer Shirley,4022,1.0,0.0,Mid-Wach,Mid-Wach,4:00 P.M.,,0
2026-09-22,136196,FINAL,Bay Path,4027,3.0,1.0,Quaboag,4510,1.0,0.0,CMAC,CMAC,3:30 P.M.,,0
2026-09-22,136261,FINAL,Southeastern,4358,0.0,0.0,Blue Hills,4047,1.0,1.0,Mayflower,Mayflower,3:30 P.M.,,0
2026-09-22,136338,FINAL,Bromfield,4505,1.0,0.0,Lunenburg,4219,5.0,1.0,Mid-Wach,Mid-Wach,4:00 P.M.,,0
2026-09-22,136499,FINAL,Brooke Charter,5071,5.0,1.0,Brighton,4055,1.0,0.0,Charter School Athletic,Boston City,4:00 P.M.,,0
2026-09-22,136697,FINAL,Cohasset,4094,6.0,1.0,Randolph,4327,0.0,0.0,South Shore,South Shore,4:30 P.M.,,0
2026-09-22,136888,FINAL,Falmouth Academy,4135,2.0,2.0,Dennis-Yarmouth,4111,2.0,2.0,Cape & Islands,Cape & Islands,4:00 P.M.,,0
2026-09-22,136965,FINAL,Shepherd Hill,4347,1.0,2.0,North Middlesex,4286,1.0,2.0,Mid-Wach,Mid-Wach,4:00 P.M.,,0
2026-09-22,137089,FINAL,Frontier,4146,1.0,0.0,Hampshire,4518,3.0,1.0,Pioneer Valley,Kurty-Fielding,7:00 P.M.,,0
2026-09-22,137117,FINAL,Gardner,4147,2.0,0.0,Quabbin,4325,3.0,1.0,Mid-Wach,Mid-Wach,7:00 P.M.,,0
2026-09-22,137136,FINAL,West Springfield,4417,1.0,2.0,South Hadley,4353,1.0,2.0,Coombs,Kurty-Fielding,7:00 P.M.,,0
2026-09-22,137149,FINAL,Westfield,4419,1.0,0.0,Pope Francis,4796,3.0,1.0,Coombs,Bi-County,4:00 P.M.,,0
2026-09-22,137165,FINAL,Hanover,4164,0.0,2.0,Whitman-Hanson,4427,0.0,2.0,Patriot,Patriot,6:00 P.M.,,0
2026-09-22,137234,POSTPONED,Argosy Collegiate,5032,,,Codman Charter,4482,,,Charter School Athletic,Charter School Athletic,4:30 P.M.,,0
2026-09-22,137251,FINAL,Atlantis Charter,4818,1.0,2.0,Roxbury Prep,4847,1.0,2.0,Mayflower,Charter School Athletic,3:30 P.M.,,0
2026-09-22,137278,FINAL,Wareham,4407,3.0,2.0,Avon,4460,3.0,2.0,Mayflower,Mayflower,3:45 P.M.,,0
2026-09-22,137375,FINAL,Cape Cod Tech,4073,1.0,0.0,Old Colony,4300,6.0,1.0,Mayflower,Mayflower,3:30 P.M.,,0
2026-09-22,137410,UPCOMING,Pioneer Charter I,4701,,,Collegiate Charter,4986,,,Charter School Athletic,Charter School Athletic,6:30 P.M.,,0
2026-09-22,137465,FINAL,Essex Tech,4745,1.0,0.0,Georgetown,4148,2.0,1.0,Cape Ann,Cape Ann,4:00 P.M.,,0
2026-09-22,137499,FINAL,Drury,4120,0.0,0.0,Wahconah,4401,3.0,1.0,Pioneer Valley,Kurty-Fielding,4:30 P.M.,,0
2026-09-22,137535,FINAL,Lynnfield,4223,0.0,2.0,Hamilton-Wenham,4163,0.0,2.0,Cape Ann,Cape Ann,4:00 P.M.,,0
2026-09-22,137710,FINAL,Littleton,4212,1.0,2.0,Tyngsborough,4397,1.0,2.0,Mid-Wach,Mid-Wach,4:00 P.M.,,0
2026-09-22,137848,FINAL,North Reading,4288,1.0,1.0,Manchester Essex,4229,0.0,0.0,Cape Ann,Cape Ann,4:30 P.M.,,0
2026-09-22,137872,UPCOMING,Mashpee,4237,,,East Bridgewater,4126,,,South Shore,South Shore,4:00 P.M.,,0
2026-09-22,137916,FINAL,Maynard,4239,0.0,0.0,Hudson,4182,6.0,1.0,Mid-Wach,Mid-Wach,6:00 P.M.,,0
2026-09-22,138017,FINAL,Holbrook,4172,0.0,0.0,Westport,4461,2.0,1.0,Mayflower,Mayflower,3:30 P.M.,,0
2026-09-22,138107,FINAL,Hopedale,4507,7.0,1.0,Notre Dame Academy-Worcester,4451,1.0,0.0,CMAC,CMAC,4:00 P.M.,,0
2026-09-22,138118,POSTPONED,Pittsfield,4314,,,Monument Mtn.,4260,,,Kurty-Fielding,Central,4:00 P.M.,,0
2026-09-22,138172,FINAL,Lenox,4532,1.0,0.0,Mt. Greylock,4262,5.0,1.0,Central,Grieve,6:00 P.M.,,0
2026-09-22,138228,FINAL,Hull,4184,1.0,0.0,Rockland,4331,4.0,1.0,South Shore,South Shore,5:30 P.M.,,0
2026-09-22,138280,SUSPENDED,Northbridge,4292,,,Nipmuc,4281,,,CMAC,CMAC,3:30 P.M.,,0
2026-09-22,138346,FINAL,Ursuline,4448,4.0,1.0,O’Bryant,4298,0.0,0.0,Catholic Conference,Boston City,3:45 P.M.,,0
2026-09-22,138373,FINAL,Pathfinder,4305,0.0,0.0,Lee,4206,4.0,1.0,Bi-County,Independent,4:00 P.M.,,0
2026-09-22,138515,FINAL,St. Bernard’s,4365,9.0,1.0,Sizer,4509,0.0,0.0,CMAC,Worcester County,4:30 P.M.,,0
2026-09-22,138612,FINAL,Nauset,4271,0.0,0.0,Sandwich,4340,2.0,1.0,Cape & Islands,Cape & Islands,4:00 P.M.,,0
2026-09-22,138718,UPCOMING,South Shore Voc-Tech,4356,,,Norfolk Aggie,4458,,,Mayflower,Mayflower,3:30 P.M.,,0
2026-09-22,138952,FINAL,Upper Cape,4457,0.0,0.0,Tri-County,4392,6.0,1.0,Mayflower,Mayflower,3:30 P.M.,,0
2026-09-22,138979,FINAL,Hampden Charter East,4712,1.0,1.0,Commerce,4361,0.0,0.0,Pioneer Valley,Tri-County,4:00 P.M.,,0
2026-09-22,138992,FINAL,Rockport,4490,1.0,0.0,Pentucket,4309,4.0,1.0,Cape Ann,Cape Ann,4:00 P.M.,,0
2026-09-22,139027,FINAL,Falmouth,4134,5.0,1.0,St. John Paul II,4689,0.0,0.0,Cape & Islands,Cape & Islands,4:00 P.M.,,0
2026-09-22,139120,FINAL,Fitchburg,4139,4.0,1.0,West Boylston,4414,1.0,0.0,Mid-Wach,Mid-Wach,6:00 P.M.,,0
2026-09-22,151484,FINAL,Marshfield,4234,3.0,1.0,Plymouth South,4316,0.0,0.0,Patriot,Patriot,4:00 P.M.,,0
2026-09-22,151569,FINAL,Marlborough,4233,2.0,1.0,Oakmont,4299,1.0,0.0,Mid-Wach,Mid-Wach,7:00 P.M.,,0
2026-09-23,133837,FINAL,Archbishop Williams,4012,1.0,1.0,St. Mary’s,4374,0.0,0.0,Catholic Central,Catholic Central,4:00 P.M.,,0
2026-09-23,133940,FINAL,Westwood,4424,1.0,2.0,Ashland,4015,1.0,2.0,Tri-Valley,Tri-Valley,6:00 P.M.,,0
2026-09-23,134120,FINAL,Wakefield,4402,0.0,0.0,Belmont,4034,3.0,1.0,Middlesex,Middlesex,4:15 P.M.,,0
2026-09-23,134161,UPCOMING,Gloucester,4150,,,Beverly,4038,,,Northeastern,Northeastern,4:30 P.M.,,0
2026-09-23,134555,FINAL,Durfee,4122,4.0,1.0,New Bedford,4273,2.0,0.0,Big Three,Big Three,6:00 P.M.,,0
2026-09-23,134690,FINAL,Hopkinton,4180,7.0,1.0,Norwood,4297,0.0,0.0,Tri-Valley,Tri-Valley,5:00 P.M.,,0
2026-09-23,134738,FINAL,Wilmington,4432,0.0,0.0,Lexington,4209,2.0,1.0,Middlesex,Middlesex,7:00 P.M.,,0
2026-09-23,135050,FINAL,Peabody,4306,3.0,1.0,Swampscott,4383,2.0,0.0,Northeastern,Northeastern,4:30 P.M.,,0
2026-09-23,135280,FINAL,Winchester,4434,4.0,1.0,Melrose,4244,0.0,0.0,Middlesex,Middlesex,4:15 P.M.,,0
2026-09-23,135295,FINAL,Watertown,4409,0.0,0.0,Woburn,4438,2.0,1.0,Middlesex,Middlesex,7:00 P.M.,,0
2026-09-23,135369,FINAL,Bishop Fenwick,4043,5.0,1.0,Bishop Stang,4045,0.0,0.0,Catholic Central,Catholic Central,4:00 P.M.,,0
2026-09-23,135568,FINAL,Doherty,4116,0.0,0.0,Uxbridge,4398,9.0,1.0,CMAC,CMAC,6:30 P.M.,,0
2026-09-23,135706,FINAL,Holliston,4174,1.0,0.0,Medfield,4241,5.0,1.0,Tri-Valley,Tri-Valley,4:30 P.M.,,0
2026-09-23,135850,FINAL,Salem,4336,1.0,0.0,Marblehead,4231,4.0,1.0,Northeastern,Northeastern,4:00 P.M.,,0
2026-09-23,135893,FINAL,Masconomet,4236,7.0,1.0,Winthrop,4437,0.0,0.0,Northeastern,Northeastern,6:00 P.M.,,0
2026-09-23,135922,FINAL,Old Colony,4300,0.0,0.0,Middleborough,4247,5.0,1.0,Mayflower,South Shore,4:00 P.M.,,0
2026-09-23,136031,FINAL,Oliver Ames,4302,1.0,1.0,North Attleborough,4284,0.0,0.0,Hockomock,Hockomock,3:45 P.M.,,0
2026-09-23,136282,UPCOMING,Bourne,4050,,,Somerset Berkley,4350,,,South Coast,South Coast,3:45 P.M.,,0
2026-09-23,136580,FINAL,Cathedral/Cristo Rey,4079,5.0,1.0,Dearborn STEM,5016,0.0,0.0,Catholic Central,Boston City,3:15 P.M.,,0
2026-09-23,136698,FINAL,Cohasset,4094,2.0,1.0,Silver Lake,4349,1.0,0.0,South Shore,Patriot,4:00 P.M.,,0
2026-09-23,136731,FINAL,Douglas,4506,4.0,1.0,Auburn,4019,1.0,0.0,CMAC,CMAC,3:30 P.M.,,0
2026-09-23,136862,FINAL,Charlestown,4084,0.0,0.0,Excel Academy,4969,6.0,1.0,Boston City,Charter School Athletic,4:00 P.M.,,0
2026-09-23,136913,FINAL,Stoneham,4380,0.0,0.0,Reading,4328,1.0,1.0,Middlesex,Middlesex,4:15 P.M.,,0
2026-09-23,137179,FINAL,Abby Kelley Foster,4503,3.0,1.0,Worcester Tech,4445,2.0,0.0,CMAC,CMAC,3:30 P.M.,,0
2026-09-23,137322,FINAL,Boston International,4547,1.0,0.0,East Boston,4125,2.0,1.0,Boston City,Boston City,4:00 P.M.,,0
2026-09-23,137596,FINAL,Springfield International,4480,3.0,1.0,Franklin County Tech,4145,2.0,0.0,Pioneer Valley,Bi-County,4:00 P.M.,,0
2026-09-23,137643,FINAL,Trivium,4686,0.0,0.0,Keefe Tech,4191,3.0,1.0,Worcester County,CMAC,4:00 P.M.,,0
2026-09-23,137676,FINAL,Millbury,4250,1.0,0.0,Leicester,4207,6.0,1.0,CMAC,CMAC,6:00 P.M.,,0
2026-09-23,137800,UPCOMING,TechBoston,4117,,,Madison Park,4225,,,Boston City,Boston City,4:00 P.M.,,0
2026-09-23,137814,UPCOMING,Maimonides,4473,,,Randolph,4327,,,Independent,South Shore,5:30 P.M.,,0
2026-09-23,137820,UPCOMING,Randolph,4327,,,Maimonides,4473,,,South Shore,Independent,5:30 P.M.,,0
2026-09-23,137850,UPCOMING,Granby,4520,,,Monson,4429,,,Central,Central,4:00 P.M.,,0
2026-09-23,137894,FINAL,Hopkins,4531,8.0,1.0,Greenfield,4157,2.0,0.0,Pioneer Valley,Bi-County,4:00 P.M.,,0
2026-09-23,138004,FINAL,Dover-Sherborn,4118,4.0,1.0,Millis,4251,0.0,0.0,Tri-Valley,Tri-Valley,4:00 P.M.,,0
2026-09-23,138057,FINAL,Pioneer Valley,4536,4.0,1.0,Hoosac School,4688,1.0,0.0,Pioneer Valley,Independent,4:30 P.M.,,0
2026-09-23,138268,UPCOMING,Pioneer Charter I,4701,,,Innovation Academy,4690,,,Charter School Athletic,Commonwealth,7:00 P.M.,,0
2026-09-23,138284,FINAL,Blackstone Valley,4046,1.0,0.0,Northbridge,4292,2.0,1.0,CMAC,CMAC,3:30 P.M.,,0
2026-09-23,138400,FINAL,Holyoke,4176,3.0,0.0,Lenox,4532,4.0,1.0,Pioneer Valley,Central,6:30 P.M.,,0
2026-09-23,138579,FINAL,Assabet,4016,2.0,0.0,St. Paul,4954,6.0,1.0,CMAC,CMAC,3:30 P.M.,,0
2026-09-23,138662,FINAL,Seekonk,4344,4.0,1.0,Greater New Bedford,4156,0.0,0.0,South Coast,South Coast,6:00 P.M.,,0
2026-09-23,138856,FINAL,Parker Charter,4483,4.0,1.0,Burncoat,4066,0.0,0.0,CMAC,CMAC,3:30 P.M.,,0
2026-09-23,139057,FINAL,West Bridgewater,4415,3.0,1.0,Old Rochester,4301,2.0,0.0,South Coast,South Coast,3:45 P.M.,,0
2026-09-23,151686,FINAL,Cardinal Spellman,4075,7.0,1.0,Arlington Catholic,4014,0.0,0.0,Catholic Central,Catholic Central,,,0
2026-09-23,151694,FINAL,BB&N,4028,2.0,0.0,Worcester Academy,4441,3.0,1.0,ISL,Independent,,,0
2026-09-23,151695,FINAL,Dedham,4108,3.0,1.0,Medway,4243,1.0,0.0,Tri-Valley,Tri-Valley,,,0
2026-09-23,151699,FINAL,Lexington Christian,4210,0.0,0.0,Newton Country Day,4278,6.0,1.0,EIL,EIL,,,0
2026-09-23,151705,FINAL,Cushing,4101,0.0,0.0,Lawrence Academy,4204,8.0,1.0,Independent,ISL,,,0
2026-09-23,151707,FINAL,Malden Catholic,4228,3.0,1.0,Fontbonne,4447,0.0,0.0,Catholic Conference,Catholic Conference,,,0
2026-09-23,151716,FINAL,Thayer,4390,3.0,1.0,St. Paul’s,4375,0.0,0.0,ISL,Independent,,,0
2026-09-23,151717,FINAL,Danvers,4103,6.0,1.0,Saugus,4341,0.0,0.0,Northeastern,Northeastern,,,0
2026-09-23,151728,FINAL,Kents Hill,4194,1.0,0.0,Berwick,4037,8.0,1.0,Independent,EIL,,,0
2026-09-23,151745,FINAL,Dexter Southfield,4113,7.0,1.0,Rivers,4330,0.0,0.0,Independent,ISL,,,0
2026-09-23,151768,FINAL,Wayland,4411,2.0,1.0,Cambridge,4067,1.0,0.0,Dual County,Dual County,,,0
2026-09-23,151786,FINAL,Austin Prep,4020,3.0,1.0,Northfield Mt. Hermon,4294,2.0,0.0,Independent,Independent,,,0
2026-09-23,151808,FINAL,Pingree,4312,7.0,1.0,Beaver Country Day,4030,0.0,0.0,EIL,EIL,,,0
2026-09-24,133746,FINAL,Amherst-Pelham,4008,2.0,1.0,Frontier,4146,1.0,0.0,Pioneer Valley,Pioneer Valley,4:30 P.M.,,0
2026-09-24,133762,FINAL,Acton-Boxborough,4003,2.0,1.0,Nashoba,4267,1.0,0.0,Dual County,Mid-Wach,4:30 P.M.,,0
2026-09-24,133820,FINAL,Algonquin,4005,2.0,1.0,Shepherd Hill,4347,0.0,0.0,Mid-Wach,Mid-Wach,6:00 P.M.,,0
2026-09-24,134005,POSTPONED,Dartmouth,4105,,,Barnstable,4024,,,Pioneer,Pioneer,4:00 P.M.,,0
2026-09-24,134092,FINAL,Attleboro,4018,0.0,0.0,Canton,4071,2.0,1.0,Hockomock,Hockomock,4:30 P.M.,,0
2026-09-24,134163,FINAL,Marblehead,4231,0.0,0.0,Beverly,4038,1.0,1.0,Northeastern,Northeastern,7:00 P.M.,,0
2026-09-24,134202,FINAL,Bishop Feehan,4042,8.0,1.0,Hope (R.I.),4496,1.0,0.0,Catholic Central,Independent,5:00 P.M.,,0
2026-09-24,134233,FINAL,Boston Latin,4049,3.0,0.0,Ursuline,4448,4.0,1.0,Dual County,Catholic Conference,4:00 P.M.,,0
2026-09-24,134256,FINAL,Braintree,4051,2.0,1.0,Newton North,4279,1.0,0.0,Bay State,Bay State,4:00 P.M.,,0
2026-09-24,134341,FINAL,Brockton,4058,2.0,0.0,Abington,4002,4.0,1.0,Big Three,South Shore,6:00 P.M.,,0
2026-09-24,134383,FINAL,Brookline,4059,0.0,2.0,Framingham,4143,0.0,2.0,Bay State,Bay State,4:00 P.M.,,0
2026-09-24,134449,FINAL,Central Catholic,4081,5.0,1.0,Tewksbury,4389,2.0,0.0,Merrimack Valley,Merrimack Valley,7:00 P.M.,,0
2026-09-24,134506,FINAL,Lawrence,4203,0.0,0.0,Chelmsford,4085,8.0,1.0,Merrimack Valley,Merrimack Valley,4:30 P.M.,,0
2026-09-24,134583,FINAL,Lynn Classical,4220,0.0,0.0,Everett,4132,4.0,1.0,Greater Boston,Greater Boston,5:45 P.M.,,0
2026-09-24,134660,FINAL,North Andover,4283,5.0,1.0,Haverhill,4167,1.0,0.0,Merrimack Valley,Merrimack Valley,6:15 P.M.,,0
2026-09-24,134766,FINAL,Shrewsbury,4348,2.0,1.0,Lincoln-Sudbury,4211,0.0,0.0,Mid-Wach,Dual County,6:00 P.M.,,0
2026-09-24,134869,FINAL,Chelsea,4086,2.0,1.0,Malden,4227,1.0,0.0,Greater Boston,Greater Boston,4:15 P.M.,,0
2026-09-24,134913,FINAL,Methuen,4246,0.0,0.0,Billerica,4040,3.0,1.0,Merrimack Valley,Merrimack Valley,5:30 P.M.,,0
2026-09-24,134927,FINAL,Wellesley,4413,4.0,1.0,Natick,4270,1.0,0.0,Bay State,Bay State,4:00 P.M.,,0
2026-09-24,134956,FINAL,Needham,4272,2.0,1.0,Milton,4252,0.0,0.0,Bay State,Bay State,4:00 P.M.,,0
2026-09-24,135085,FINAL,Hingham,4171,6.0,1.0,Plymouth North,4315,0.0,0.0,Patriot,Patriot,4:00 P.M.,,0
2026-09-24,135197,POSTPONED,Westfield,4419,,,Wachusett,4400,,,Coombs,Mid-Wach,5:00 P.M.,,0
2026-09-24,135214,FINAL,Waltham,4405,1.0,2.0,Somerville,4351,1.0,2.0,Dual County,Greater Boston,6:00 P.M.,,0
2026-09-24,135261,FINAL,Weymouth,4425,3.0,1.0,Walpole,4404,0.0,0.0,Bay State,Bay State,5:30 P.M.,,0
2026-09-24,135401,FINAL,Blue Hills,4047,2.0,2.0,Bristol-Plymouth,4057,2.0,2.0,Mayflower,Mayflower,3:30 P.M.,,0
2026-09-24,135543,FINAL,Upper Cape,4457,0.0,0.0,Diman,4115,5.0,1.0,Mayflower,Mayflower,3:30 P.M.,,0
2026-09-24,135601,FINAL,Duxbury,4123,4.0,1.0,Silver Lake,4349,0.0,0.0,Patriot,Patriot,4:00 P.M.,,0
2026-09-24,135636,FINAL,Ludlow,4218,0.0,0.0,East Longmeadow,4127,2.0,1.0,Coombs,Coombs,3:45 P.M.,,0
2026-09-24,135655,FINAL,Minnechaug,4254,2.0,1.0,Grafton,4153,1.0,0.0,Coombs,Mid-Wach,5:00 P.M.,,0
2026-09-24,135789,FINAL,Pope Francis,4796,3.0,1.0,Longmeadow,4214,1.0,0.0,Bi-County,Kurty-Fielding,4:00 P.M.,,0
2026-09-24,135811,UPCOMING,Lowell,4216,,,Dracut,4119,,,Merrimack Valley,Merrimack Valley,5:45 P.M.,,0
2026-09-24,135839,FINAL,Stoughton,4381,2.0,2.0,Mansfield,4230,2.0,2.0,Hockomock,Hockomock,5:30 P.M.,,0
2026-09-24,135879,FINAL,Whitman-Hanson,4427,2.0,1.0,Marshfield,4234,1.0,0.0,Patriot,Patriot,6:00 P.M.,,0
2026-09-24,135950,FINAL,Hopedale,4507,4.0,0.0,Milford,4249,5.0,1.0,CMAC,Hockomock,3:45 P.M.,,0
2026-09-24,136003,FINAL,Essex Tech,4745,0.0,0.0,Newburyport,4276,1.0,1.0,Cape Ann,Cape Ann,5:00 P.M.,,0
2026-09-24,136042,FINAL,Norwell,4296,4.0,1.0,North Quincy,4287,0.0,0.0,South Shore,Patriot,4:00 P.M.,,0
2026-09-24,136096,FINAL,Amesbury,4007,2.0,1.0,Rockport,4490,1.0,0.0,Cape Ann,Cape Ann,4:00 P.M.,,0
2026-09-24,136161,UPCOMING,Ayer Shirley,4022,,,Fitchburg,4139,,,Mid-Wach,Mid-Wach,4:00 P.M.,,0
2026-09-24,136198,FINAL,Worcester South,4444,0.0,0.0,Bay Path,4027,1.0,1.0,CMAC,CMAC,5:00 P.M.,,0
2026-09-24,136230,FINAL,Blackstone-Millville,4486,8.0,1.0,Assabet,4016,0.0,0.0,CMAC,CMAC,4:15 P.M.,,0
2026-09-24,136343,FINAL,Littleton,4212,1.0,1.0,Bromfield,4505,0.0,0.0,Mid-Wach,Mid-Wach,7:00 P.M.,,0
2026-09-24,136652,FINAL,Clinton,4093,1.0,0.0,Quabbin,4325,4.0,1.0,Mid-Wach,Mid-Wach,5:30 P.M.,,0
2026-09-24,136764,FINAL,Plymouth South,4316,2.0,2.0,Pembroke,4308,2.0,2.0,Patriot,Patriot,4:00 P.M.,,0
2026-09-24,136798,FINAL,Easthampton,4130,7.0,1.0,Chicopee,4088,0.0,0.0,Pioneer Valley,Central,4:00 P.M.,,0
2026-09-24,136817,POSTPONED,Putnam,4362,,,Renaissance,4664,,,Tri-County,Pioneer Valley,4:00 P.M.,,0
2026-09-24,136863,FINAL,Excel Academy,4969,3.0,1.0,Collegiate Charter,4986,2.0,0.0,Charter School Athletic,Charter School Athletic,3:15 P.M.,,0
2026-09-24,137038,FINAL,Tri-County,4392,2.0,2.0,Southeastern,4358,2.0,2.0,Mayflower,Mayflower,3:30 P.M.,,0
2026-09-24,137120,FINAL,Gardner,4147,4.0,1.0,St. Bernard’s,4365,0.0,0.0,Mid-Wach,CMAC,4:30 P.M.,,0
2026-09-24,137253,FINAL,Wareham,4407,7.0,1.0,Atlantis Charter,4818,0.0,0.0,Mayflower,Mayflower,3:45 P.M.,,0
2026-09-24,137279,FINAL,Avon,4460,1.0,0.0,Holbrook,4172,7.0,1.0,Mayflower,Mayflower,3:30 P.M.,,0
2026-09-24,137301,FINAL,Boston Collegiate,4592,9.0,1.0,Salem Academy,4604,0.0,0.0,Charter School Athletic,Charter School Athletic,4:00 P.M.,,0
2026-09-24,137333,POSTPONED,Maimonides,4473,,,Brighton,4055,,,Independent,Boston City,5:30 P.M.,,0
2026-09-24,137349,UPCOMING,Bristol Aggie,4463,,,South Shore Voc-Tech,4356,,,Mayflower,Mayflower,3:30 P.M.,,0
2026-09-24,137377,UPCOMING,Norfolk Aggie,4458,,,Cape Cod Tech,4073,,,Mayflower,Mayflower,3:30 P.M.,,0
2026-09-24,137436,FINAL,David Prouty,4106,1.0,0.0,Leicester,4207,3.0,1.0,CMAC,CMAC,6:30 P.M.,,0
2026-09-24,137506,FINAL,Pittsfield,4314,4.0,1.0,Drury,4120,0.0,0.0,Kurty-Fielding,Pioneer Valley,6:00 P.M.,,0
2026-09-24,137540,FINAL,Ipswich,4190,1.0,0.0,Hamilton-Wenham,4163,2.0,1.0,Cape Ann,Cape Ann,4:00 P.M.,,0
2026-09-24,137600,FINAL,Franklin County Tech,4145,1.0,0.0,Mahar,4226,5.0,1.0,Bi-County,Grieve,7:00 P.M.,,0
2026-09-24,137758,FINAL,Tahanto,4513,0.0,0.0,Lunenburg,4219,5.0,1.0,Mid-Wach,Mid-Wach,4:00 P.M.,,0
2026-09-24,137807,FINAL,Gateway,4517,1.0,0.0,Lee,4206,6.0,1.0,Pioneer Valley,Independent,6:00 P.M.,,0
2026-09-24,137874,FINAL,Falmouth,4134,2.0,1.0,Mashpee,4237,0.0,0.0,Cape & Islands,South Shore,4:00 P.M.,,0
2026-09-24,137918,FINAL,Tyngsborough,4397,5.0,1.0,Maynard,4239,0.0,0.0,Mid-Wach,Mid-Wach,4:00 P.M.,,0
2026-09-24,137944,FINAL,Hampden Charter East,4712,2.0,0.0,Mt. Everett,4533,3.0,1.0,Pioneer Valley,Pioneer Valley,4:00 P.M.,,0
2026-09-24,138042,FINAL,Lowell Catholic,4217,2.0,2.0,Minuteman,4255,2.0,2.0,Commonwealth,Commonwealth,4:45 P.M.,,0
2026-09-24,138072,FINAL,Sandwich,4340,6.0,1.0,Monomoy,4706,0.0,0.0,Cape & Islands,Cape & Islands,4:00 P.M.,,0
2026-09-24,138215,UPCOMING,Mystic Valley,4264,,,Whittier,4428,,,Commonwealth,Commonwealth,4:30 P.M.,,0
2026-09-24,138314,UPCOMING,Nashoba,4267,,,Northeast,4293,,,Mid-Wach,Independent,5:30 P.M.,,0
2026-09-24,138426,FINAL,McCann Tech,4240,0.0,2.0,Ware,4406,0.0,2.0,Tri-County,Grieve,4:00 P.M.,,0
2026-09-24,138441,FINAL,Southwick,4519,3.0,1.0,Monson,4429,0.0,0.0,Central,Central,4:00 P.M.,,0
2026-09-24,138447,FINAL,Oxford,4303,4.0,1.0,Quaboag,4510,0.0,0.0,CMAC,CMAC,6:00 P.M.,,0
2026-09-24,138533,FINAL,Nashoba Valley Tech,4268,2.0,1.0,Northeast,4293,0.0,0.0,Commonwealth,Independent,5:30 P.M.,,0
2026-09-24,138667,FINAL,New Mission/English High,4494,0.0,2.0,Roxbury Prep,4847,0.0,2.0,Boston City,Charter School Athletic,4:00 P.M.,,0
2026-09-24,138816,FINAL,Sturgis East,4456,3.0,1.0,Rising Tide Charter,4746,2.0,0.0,Cape & Islands,Cape & Islands,4:00 P.M.,,0
2026-09-24,139031,POSTPONED,St. John Paul II,4689,,,Nantucket,4265,,,Cape & Islands,Cape & Islands,4:00 P.M.,,0
2026-09-24,139053,FINAL,Smith Academy,4538,2.0,2.0,St. Mary (Westfield),4537,2.0,2.0,Bi-County,Bi-County,4:00 P.M.,,0
2026-09-24,139091,POSTPONED,Taconic,4385,,,Westfield Tech,4420,,,Pioneer Valley,Tri-County,4:00 P.M.,,0
2026-09-24,151813,FINAL,Old Colony,4300,2.0,2.0,Joseph Case,4078,2.0,2.0,Mayflower,South Coast,3:30 P.M.,,0
2026-09-24,151814,FINAL,Lynnfield,4223,3.0,1.0,North Reading,4288,0.0,0.0,Cape Ann,Cape Ann,4:00 P.M.,,0
2026-09-24,151878,FINAL,Hanover,4164,3.0,1.0,Scituate,4343,0.0,0.0,Patriot,Patriot,4:00 P.M.,,0
2026-09-24,151881,FINAL,Medway,4243,1.0,1.0,Dover-Sherborn,4118,0.0,0.0,Tri-Valley,Tri-Valley,4:00 P.M.,,0
2026-09-24,151886,FINAL,Hudson,4182,9.0,1.0,Marlborough,4233,2.0,0.0,Mid-Wach,Mid-Wach,4:00 P.M.,,0
2026-09-24,151900,FINAL,Saugus,4341,2.0,1.0,Latin Academy,4202,1.0,0.0,Northeastern,Boston City,4:00 P.M.,,0
2026-09-24,151908,FINAL,Medford,4242,1.0,0.0,Burlington,4065,5.0,1.0,Greater Boston,Middlesex,4:00 P.M.,,0
2026-09-24,151913,FINAL,Gloucester,4150,1.0,2.0,Winthrop,4437,1.0,2.0,Northeastern,Northeastern,4:30 P.M.,,0
2026-09-25,134009,FINAL,Newton South,4280,1.0,1.0,Arlington,4013,0.0,0.0,Dual County,Middlesex,6:15 P.M.,,0
2026-09-25,134637,FINAL,Franklin,4144,3.0,1.0,Oliver Ames,4302,1.0,0.0,Hockomock,Hockomock,4:00 P.M.,,0
2026-09-25,134846,FINAL,Lynn English,4221,0.0,0.0,Malden,4227,4.0,1.0,Greater Boston,Greater Boston,4:15 P.M.,,0
2026-09-25,135003,UPCOMING,Dracut,4119,,,Newton North,4279,,,Merrimack Valley,Bay State,6:30 P.M.,,0
2026-09-25,135150,UPCOMING,Springfield Central,4360,,,Hoosac School,4688,,,Grieve,Independent,4:00 P.M.,,0
2026-09-25,135152,POSTPONED,Renaissance,4664,,,Springfield Central,4360,,,Pioneer Valley,Grieve,4:00 P.M.,,0
2026-09-25,135181,FINAL,Taunton,4388,0.0,2.0,North Attleborough,4284,0.0,2.0,Hockomock,Hockomock,3:45 P.M.,,0
2026-09-25,135316,FINAL,Abington,4002,2.0,0.0,Blue Hills,4047,3.0,1.0,South Shore,Mayflower,3:15 P.M.,,0
2026-09-25,135508,FINAL,Danvers,4103,1.0,2.0,Melrose,4244,1.0,2.0,Northeastern,Middlesex,5:30 P.M.,,0
2026-09-25,135569,UPCOMING,Doherty,4116,,,Advanced Math and Science,4595,,,CMAC,CMAC,3:30 P.M.,,0
2026-09-25,135680,FINAL,Hingham,4171,1.0,1.0,Notre Dame (Hingham),4449,0.0,0.0,Patriot,Catholic Conference,6:00 P.M.,,0
2026-09-25,135707,FINAL,Holliston,4174,3.0,2.0,Westwood,4424,3.0,2.0,Tri-Valley,Tri-Valley,4:30 P.M.,,0
2026-09-25,135728,FINAL,Milford,4249,0.0,0.0,King Philip,4197,9.0,1.0,Hockomock,Hockomock,3:45 P.M.,,0
2026-09-25,135790,FINAL,Northampton,4291,1.0,1.0,Longmeadow,4214,0.0,0.0,Central,Kurty-Fielding,6:30 P.M.,,0
2026-09-25,135925,POSTPONED,Fairhaven,4133,,,Middleborough,4247,,,South Coast,South Shore,4:00 P.M.,,0
2026-09-25,136201,FINAL,Bay Path,4027,5.0,1.0,Notre Dame Academy-Worcester,4451,0.0,0.0,CMAC,CMAC,3:30 P.M.,,0
2026-09-25,136346,FINAL,Oakmont,4299,1.0,2.0,Bromfield,4505,1.0,2.0,Mid-Wach,Mid-Wach,4:00 P.M.,,0
2026-09-25,136502,UPCOMING,Brooke Charter,5071,,,Foxborough Charter,4588,,,Charter School Athletic,Charter School Athletic,4:00 P.M.,,0
2026-09-25,136581,FINAL,Cathedral/Cristo Rey,4079,4.0,1.0,TechBoston,4117,2.0,0.0,Catholic Central,Boston City,3:15 P.M.,,0
2026-09-25,136653,FINAL,Clinton,4093,0.0,2.0,Maynard,4239,0.0,2.0,Mid-Wach,Mid-Wach,6:00 P.M.,,0
2026-09-25,136944,FINAL,Sharon,4345,0.0,0.0,Foxborough,4142,2.0,1.0,Hockomock,Hockomock,3:30 P.M.,,0
2026-09-25,137091,FINAL,Frontier,4146,9.0,1.0,Greenfield,4157,1.0,0.0,Pioneer Valley,Bi-County,4:00 P.M.,,0
2026-09-25,137182,FINAL,Abby Kelley Foster,4503,0.0,0.0,Trivium,4686,5.0,1.0,CMAC,Worcester County,3:30 P.M.,,0
2026-09-25,137303,UPCOMING,O’Bryant,4298,,,Boston Collegiate,4592,,,Boston City,Charter School Athletic,4:00 P.M.,,0
2026-09-25,137346,UPCOMING,Bristol Aggie,4463,,,Cape Cod Tech,4073,,,Mayflower,Mayflower,3:30 P.M.,,0
2026-09-25,137467,FINAL,Georgetown,4148,6.0,1.0,Manchester Essex,4229,0.0,0.0,Cape Ann,Cape Ann,7:00 P.M.,,0
2026-09-25,137574,UPCOMING,Hampshire,4518,,,Granby,4520,,,Kurty-Fielding,Central,7:00 P.M.,,0
2026-09-25,137644,FINAL,Keefe Tech,4191,5.0,1.0,Burncoat,4066,0.0,0.0,CMAC,CMAC,3:30 P.M.,,0
2026-09-25,137739,UPCOMING,Lowell Catholic,4217,,,Sizer,4509,,,Commonwealth,Worcester County,7:00 P.M.,,0
2026-09-25,137951,FINAL,Whitinsville Christian,4487,3.0,2.0,Millbury,4250,3.0,2.0,CMAC,CMAC,4:00 P.M.,,0
2026-09-25,138019,UPCOMING,Holbrook,4172,,,Norfolk Aggie,4458,,,Mayflower,Mayflower,3:30 P.M.,,0
2026-09-25,138121,FINAL,Lenox,4532,3.0,1.0,Monument Mtn.,4260,2.0,0.0,Central,Central,6:00 P.M.,,0
2026-09-25,138178,FINAL,Mt. Greylock,4262,1.0,2.0,Wahconah,4401,1.0,2.0,Grieve,Kurty-Fielding,6:00 P.M.,,0
2026-09-25,138230,POSTPONED,Hull,4184,,,Pembroke,4308,,,South Shore,Patriot,4:00 P.M.,,0
2026-09-25,138258,FINAL,Narragansett,4266,1.0,0.0,Monty Tech,4259,5.0,1.0,Mid-Wach,CMAC,3:45 P.M.,,0
2026-09-25,138446,FINAL,Ludlow,4218,1.0,1.0,Monson,4429,0.0,0.0,Coombs,Central,6:00 P.M.,,0
2026-09-25,138701,FINAL,Belchertown,4032,0.0,0.0,South Hadley,4353,1.0,1.0,Coombs,Kurty-Fielding,6:15 P.M.,,0
2026-09-25,138748,UPCOMING,Old Colony,4300,,,Joseph Case,4078,,,Mayflower,South Coast,3:30 P.M.,,0
2026-09-25,138805,FINAL,Holyoke,4176,4.0,1.0,Palmer,4304,2.0,0.0,Pioneer Valley,Grieve,4:00 P.M.,,0
2026-09-25,138862,FINAL,Worcester Tech,4445,1.0,0.0,Parker Charter,4483,4.0,1.0,CMAC,CMAC,3:30 P.M.,,0
2026-09-25,138907,UPCOMING,East Boston,4125,,,Pioneer Charter I,4701,,,Boston City,Charter School Athletic,4:00 P.M.,,0
2026-09-25,139059,FINAL,East Bridgewater,4126,4.0,1.0,West Bridgewater,4415,1.0,0.0,South Shore,South Coast,4:00 P.M.,,0
2026-09-25,151937,FINAL,Dedham,4108,1.0,0.0,Norton,4295,2.0,1.0,Tri-Valley,Tri-Valley,4:00 P.M.,,0
2026-09-25,151952,FINAL,Norwell,4296,2.0,2.0,Hanover,4164,2.0,2.0,South Shore,Patriot,3:30 P.M.,,0
2026-09-25,151961,FINAL,Auburn,4019,2.0,0.0,Nipmuc,4281,6.0,1.0,CMAC,CMAC,3:30 P.M.,,0
2026-09-25,151962,FINAL,Arlington Catholic,4014,0.0,0.0,Ursuline,4448,3.0,1.0,Catholic Central,Catholic Conference,4:00 P.M.,,0
2026-09-25,151963,FINAL,Malden Catholic,4228,3.0,1.0,Mystic Valley,4264,0.0,0.0,Catholic Conference,Commonwealth,4:15 P.M.,,0
2026-09-25,151971,FINAL,Westfield Tech,4420,2.0,1.0,Commerce,4361,1.0,0.0,Tri-County,Tri-County,5:00 P.M.,,0
2026-09-25,151972,FINAL,North Middlesex,4286,4.0,1.0,Leominster,4208,0.0,0.0,Mid-Wach,Mid-Wach,6:00 P.M.,,0
2026-09-25,151990,FINAL,Concord Academy,4096,5.0,1.0,Beaver Country Day,4030,0.0,0.0,EIL,EIL,,,0
2026-09-25,151997,FINAL,Fontbonne,4447,0.0,0.0,Watertown,4409,7.0,1.0,Catholic Conference,Middlesex,7:00 P.M.,,0
2026-09-25,152614,FINAL,Essex Tech,4745,0.0,0.0,Bishop Fenwick,4043,3.0,1.0,Cape Ann,Catholic Central,,,0
2026-09-26,133699,UPCOMING,Agawam,4004,,,Pope Francis,4796,,,Kurty-Fielding,Bi-County,2:00 P.M.,,0
2026-09-26,133763,POSTPONED,Bedford,4031,,,Acton-Boxborough,4003,,,Dual County,Dual County,4:45 P.M.,,0
2026-09-26,133878,UPCOMING,Archbishop Williams,4012,,,Latin Academy,4202,,,Catholic Central,Boston City,6:00 P.M.,,0
2026-09-26,134123,UPCOMING,Wellesley,4413,,,Belmont,4034,,,Bay State,Middlesex,11:00 A.M.,,0
2026-09-26,134165,UPCOMING,Haverhill,4167,,,Beverly,4038,,,Merrimack Valley,Northeastern,1:30 P.M.,,0
2026-09-26,134257,POSTPONED,Braintree,4051,,,Central Catholic,4081,,,Bay State,Merrimack Valley,11:00 A.M.,,0
2026-09-26,134407,UPCOMING,Weston,4423,,,Cambridge,4067,,,Dual County,Dual County,2:00 P.M.,,0
2026-09-26,134526,UPCOMING,Concord-Carlisle,4097,,,Lincoln-Sudbury,4211,,,Dual County,Dual County,4:45 P.M.,,0
2026-09-26,134558,UPCOMING,Durfee,4122,,,Greater New Bedford,4156,,,Big Three,South Coast,12:00 P.M.,,0
2026-09-26,134606,UPCOMING,Framingham,4143,,,Woburn,4438,,,Bay State,Middlesex,11:00 A.M.,,0
2026-09-26,134929,UPCOMING,Winchester,4434,,,Natick,4270,,,Middlesex,Bay State,6:00 P.M.,,0
2026-09-26,135264,POSTPONED,Weymouth,4425,,,Whitman-Hanson,4427,,,Bay State,Patriot,6:00 P.M.,,0
2026-09-26,135814,FINAL,Greater Lowell,4155,7.0,1.0,Lowell,4216,0.0,0.0,Commonwealth,Merrimack Valley,10:00 A.M.,,0
2026-09-26,135986,UPCOMING,Nashoba,4267,,,Medway,4243,,,Mid-Wach,Tri-Valley,11:00 A.M.,,0
2026-09-26,136127,FINAL,Athol,4017,3.0,1.0,Pioneer Valley,4536,0.0,0.0,Bi-County,Pioneer Valley,1:00 P.M.,,0
2026-09-26,136916,UPCOMING,Reading,4328,,,Somerville,4351,,,Middlesex,Greater Boston,1:00 P.M.,,0
2026-09-26,137055,UPCOMING,St. Mary’s,4374,,,Wakefield,4402,,,Catholic Central,Middlesex,12:00 P.M.,,0
2026-09-26,137082,FINAL,Westfield,4419,0.0,0.0,Wayland,4411,4.0,1.0,Coombs,Dual County,11:30 A.M.,,0
2026-09-26,137210,UPCOMING,Notre Dame (Tyngsborough),4540,,,Nashoba Valley Tech,4268,,,Commonwealth,Commonwealth,11:00 A.M.,,0
2026-09-26,138780,UPCOMING,Springfield International,4480,,,Ware,4406,,,Pioneer Valley,Grieve,1:30 P.M.,,0
2026-09-26,138858,UPCOMING,Martha’s Vineyard,4235,,,Sutton,4512,,,Cape & Islands,CMAC,,,0
2026-09-28,133702,FINAL,Agawam,4004,6,1,Chicopee Comprehensive,4089,0,0,Kurty-Fielding,Kurty-Fielding,6:00 P.M.,,0
2026-09-28,133880,FINAL,Archbishop Williams,4012,1,0,Bishop Fenwick,4043,5,1,Catholic Central,Catholic Central,4:00 P.M.,,0
2026-09-28,133942,FINAL,Ashland,4015,2,0,Dedham,4108,4,1,Tri-Valley,Tri-Valley,5:00 P.M.,,0
2026-09-28,134012,POSTPONED,Arlington,4013,,,Shrewsbury,4348,,,Middlesex,Mid-Wach,4:30 P.M.,,0
2026-09-28,134094,FINAL,Franklin,4144,4,1,Attleboro,4018,0,0,Hockomock,Hockomock,3:45 P.M.,,0
2026-09-28,134167,FINAL,Beverly,4038,0,0,Masconomet,4236,2,1,Northeastern,Northeastern,4:00 P.M.,,0
2026-09-28,134206,FINAL,Bishop Feehan,4042,2,2,La Salle (R.I.),4201,2,2,Catholic Central,Independent,4:00 P.M.,,0
2026-09-28,134585,FINAL,Everett,4132,2,1,O’Bryant,4298,1,0,Greater Boston,Boston City,4:15 P.M.,,0
2026-09-28,134692,FINAL,Natick,4270,3,0,Hopkinton,4180,4,1,Bay State,Tri-Valley,4:00 P.M.,,0
2026-09-28,134914,FINAL,Somerville,4351,4,1,Methuen,4246,2,0,Greater Boston,Merrimack Valley,4:15 P.M.,,0
2026-09-28,134976,FINAL,New Bedford,4273,1,2,Joseph Case,4078,1,2,Big Three,South Coast,4:00 P.M.,,0
2026-09-28,135029,FINAL,Westford,4421,1,2,North Andover,4283,1,2,Dual County,Merrimack Valley,6:15 P.M.,,0
2026-09-28,135052,FINAL,Peabody,4306,1,0,Danvers,4103,2,1,Northeastern,Northeastern,4:00 P.M.,,0
2026-09-28,135183,FINAL,Taunton,4388,1,2,Sharon,4345,1,2,Hockomock,Hockomock,3:45 P.M.,,0
2026-09-28,135372,FINAL,Bishop Stang,4045,1,0,Arlington Catholic,4014,2,1,Catholic Central,Catholic Central,3:30 P.M.,,0
2026-09-28,135442,FINAL,North Attleborough,4284,4,1,Canton,4071,1,0,Hockomock,Hockomock,6:30 P.M.,,0
2026-09-28,135570,FINAL,Doherty,4116,0,0,North Middlesex,4286,5,1,CMAC,Mid-Wach,6:30 P.M.,,0
2026-09-28,135658,FINAL,Grafton,4153,4,1,Leicester,4207,1,0,Mid-Wach,CMAC,4:00 P.M.,,0
2026-09-28,135708,FINAL,Holliston,4174,6,1,Medway,4243,0,0,Tri-Valley,Tri-Valley,4:00 P.M.,,0
2026-09-28,135730,FINAL,King Philip,4197,2,1,Oliver Ames,4302,0,0,Hockomock,Hockomock,3:45 P.M.,,0
2026-09-28,135793,POSTPONED,Longmeadow,4214,,,Pope Francis,4796,,,Kurty-Fielding,Bi-County,7:00 P.M.,,0
2026-09-28,135831,FINAL,Lynn Classical,4220,2,0,Revere,4329,4,1,Greater Boston,Greater Boston,6:00 P.M.,,0
2026-09-28,135840,FINAL,Mansfield,4230,0,0,Foxborough,4142,1,1,Hockomock,Hockomock,7:00 P.M.,,0
2026-09-28,135953,FINAL,Stoughton,4381,1,0,Milford,4249,5,1,Hockomock,Hockomock,5:30 P.M.,,0
2026-09-28,135975,FINAL,Minnechaug,4254,1,1,Westfield,4419,0,0,Coombs,Coombs,6:45 P.M.,,0
2026-09-28,136064,POSTPONED,Quaboag,4510,,,Advanced Math and Science,4595,,,CMAC,CMAC,7:00 P.M.,,0
2026-09-28,136099,POSTPONED,Amesbury,4007,,,Salem,4336,,,Cape Ann,Northeastern,4:00 P.M.,,0
2026-09-28,136202,POSTPONED,Hopedale,4507,,,Bay Path,4027,,,CMAC,CMAC,4:00 P.M.,,0
2026-09-28,136233,FINAL,St. Paul,4954,1,0,Blackstone-Millville,4486,8,1,CMAC,CMAC,3:30 P.M.,,0
2026-09-28,136504,FINAL,Norwood,4297,1,0,Norton,4295,8,1,Tri-Valley,Tri-Valley,4:00 P.M.,,0
2026-09-28,136537,FINAL,Rockland,4331,6,1,Carver,4077,0,0,South Shore,South Shore,4:30 P.M.,,0
2026-09-28,136589,FINAL,East Boston,4125,2,2,Cathedral/Cristo Rey,4079,2,2,Boston City,Catholic Central,4:00 P.M.,,0
2026-09-28,136824,UPCOMING,Putnam,4362,,,Commerce,4361,,,Tri-County,Tri-County,4:00 P.M.,,0
2026-09-28,137008,FINAL,Greater New Bedford,4156,0,0,Somerset Berkley,4350,10,1,South Coast,South Coast,3:45 P.M.,,0
2026-09-28,137094,POSTPONED,Frontier,4146,,,Monson,4429,,,Pioneer Valley,Central,4:00 P.M.,,0
2026-09-28,137185,POSTPONED,Burncoat,4066,,,Abby Kelley Foster,4503,,,CMAC,CMAC,3:30 P.M.,,0
2026-09-28,137211,UPCOMING,Greater Lawrence,4154,,,Notre Dame (Tyngsborough),4540,,,Commonwealth,Commonwealth,4:00 P.M.,,0
2026-09-28,137256,UPCOMING,Atlantis Charter,4818,,,New Heights Charter,5088,,,Mayflower,Charter School Athletic,3:30 P.M.,,0
2026-09-28,137413,POSTPONED,Collegiate Charter,4986,,,Salem Academy,4604,,,Charter School Athletic,Charter School Athletic,6:15 P.M.,,0
2026-09-28,137512,POSTPONED,Drury,4120,,,Mt. Greylock,4262,,,Pioneer Valley,Grieve,4:30 P.M.,,0
2026-09-28,137645,POSTPONED,Parker Charter,4483,,,Keefe Tech,4191,,,CMAC,CMAC,3:30 P.M.,,0
2026-09-28,137853,POSTPONED,Granby,4520,,,Southwick,4519,,,Central,Central,4:00 P.M.,,0
2026-09-28,137876,FINAL,Mashpee,4237,1,0,Hull,4184,6,1,South Shore,South Shore,4:30 P.M.,,0
2026-09-28,138022,UPCOMING,Holbrook,4172,,,Norfolk Aggie,4458,,,Mayflower,Mayflower,3:30 P.M.,,0
2026-09-28,138076,FINAL,Monomoy,4706,0,0,Nauset,4271,6,1,Cape & Islands,Cape & Islands,4:00 P.M.,,0
2026-09-28,138218,UPCOMING,Mystic Valley,4264,,,Nashoba,4267,,,Commonwealth,Mid-Wach,4:30 P.M.,,0
2026-09-28,138316,FINAL,Whittier,4428,1,2,Northeast,4293,1,2,Commonwealth,Independent,5:00 P.M.,,0
2026-09-28,138401,FINAL,Pittsfield,4314,6,1,Lenox,4532,1,0,Kurty-Fielding,Central,6:00 P.M.,,0
2026-09-28,138450,FINAL,Uxbridge,4398,2,1,Oxford,4303,1,0,CMAC,CMAC,3:30 P.M.,,0
2026-09-28,138458,UPCOMING,Mt. Everett,4533,,,St. Mary (Westfield),4537,,,Pioneer Valley,Bi-County,4:00 P.M.,,0
2026-09-28,138517,FINAL,Assabet,4016,1,0,St. Bernard’s,4365,2,1,CMAC,CMAC,4:30 P.M.,,0
2026-09-28,138536,UPCOMING,Mystic Valley,4264,,,Nashoba Valley Tech,4268,,,Commonwealth,Commonwealth,4:30 P.M.,,0
2026-09-28,138703,FINAL,Ludlow,4218,2,2,South Hadley,4353,2,2,Coombs,Kurty-Fielding,6:00 P.M.,,0
2026-09-28,138732,FINAL,Worcester South,4444,4,1,Marlborough,4233,3,0,CMAC,Mid-Wach,6:30 P.M.,,0
2026-09-28,138833,POSTPONED,Sturgis West,4735,,,Nantucket,4265,,,Cape & Islands,Cape & Islands,3:00 P.M.,,0
2026-09-28,139058,POSTPONED,Sizer,4509,,,Trivium,4686,,,Worcester County,Worcester County,3:30 P.M.,,0
2026-09-28,139061,FINAL,West Bridgewater,4415,8,1,Rising Tide Charter,4746,1,0,South Coast,Cape & Islands,4:00 P.M.,,0
2026-09-28,151462,POSTPONED,Apponequet,4011,,,Old Rochester,4301,,,South Coast,South Coast,4:00 P.M.,,0
2026-09-28,152033,FINAL,St. Mary’s,4374,0,0,Cardinal Spellman,4075,4,1,Catholic Central,Catholic Central,3:30 P.M.,,0
2026-09-28,152036,FINAL,Norwell,4296,7,1,East Bridgewater,4126,1,0,South Shore,South Shore,4:00 P.M.,,0
2026-09-28,152099,FINAL,Gloucester,4150,2,2,Saugus,4341,2,2,Northeastern,Northeastern,4:30 P.M.,,0
2026-09-29,133823,FINAL,Auburn,4019,1,2,Algonquin,4005,1,2,CMAC,Mid-Wach,5:15 P.M.,,0
2026-09-29,133917,FINAL,Haverhill,4167,2,2,Andover,4009,2,2,Merrimack Valley,Merrimack Valley,6:30 P.M.,,0
2026-09-29,134011,FINAL,Barnstable,4024,0,0,Bridgewater-Raynham,4053,6,1,Pioneer,Pioneer,4:00 P.M.,,0
2026-09-29,134015,FINAL,Arlington,4013,4,1,Stoneham,4380,0,0,Middlesex,Middlesex,4:30 P.M.,,0
2026-09-29,134124,FINAL,Belmont,4034,4,1,Burlington,4065,0,0,Middlesex,Middlesex,4:30 P.M.,,0
2026-09-29,134258,FINAL,Milton,4252,1,1,Braintree,4051,0,0,Bay State,Bay State,4:00 P.M.,,0
2026-09-29,134345,FINAL,Brockton,4058,5,1,Durfee,4122,1,0,Big Three,Big Three,6:00 P.M.,,0
2026-09-29,134385,FINAL,Newton North,4279,2,1,Brookline,4059,0,0,Bay State,Bay State,4:00 P.M.,,0
2026-09-29,134451,FINAL,Dracut,4119,0,0,Central Catholic,4081,5,1,Merrimack Valley,Merrimack Valley,6:30 P.M.,,0
2026-09-29,134509,FINAL,Chelmsford,4085,6,1,Methuen,4246,0,0,Merrimack Valley,Merrimack Valley,5:30 P.M.,,0
2026-09-29,134607,FINAL,Framingham,4143,0,0,Wellesley,4413,3,1,Bay State,Bay State,4:00 P.M.,,0
2026-09-29,134712,FINAL,Lowell,4216,6,1,Lawrence,4203,0,0,Merrimack Valley,Merrimack Valley,5:00 P.M.,,0
2026-09-29,134739,FINAL,Lexington,4209,1,0,Melrose,4244,2,1,Middlesex,Middlesex,4:15 P.M.,,0
2026-09-29,134810,FINAL,Nashoba,4267,0,0,Lincoln-Sudbury,4211,1,1,Mid-Wach,Dual County,4:30 P.M.,,0
2026-09-29,134871,FINAL,Malden,4227,6,1,Northeast,4293,0,0,Greater Boston,Independent,4:15 P.M.,,0
2026-09-29,134932,FINAL,Weymouth,4425,0,0,Natick,4270,1,1,Bay State,Bay State,5:30 P.M.,,0
2026-09-29,134957,FINAL,Walpole,4404,1,0,Needham,4272,3,1,Bay State,Bay State,6:00 P.M.,,0
2026-09-29,135087,FINAL,Plymouth South,4316,0,0,Plymouth North,4315,1,1,Patriot,Patriot,4:00 P.M.,,0
2026-09-29,135153,FINAL,Springfield Central,4360,5,1,McCann Tech,4240,0,0,Grieve,Tri-County,4:00 P.M.,,0
2026-09-29,135198,FINAL,Littleton,4212,0,0,Wachusett,4400,1,1,Mid-Wach,Mid-Wach,4:00 P.M.,,0
2026-09-29,135283,FINAL,Winchester,4434,2,1,Wakefield,4402,0,0,Middlesex,Middlesex,4:15 P.M.,,0
2026-09-29,135296,FINAL,Woburn,4438,3,2,Wilmington,4432,3,2,Middlesex,Middlesex,4:30 P.M.,,0
2026-09-29,135353,FINAL,Billerica,4040,0,0,Tewksbury,4389,4,1,Merrimack Valley,Merrimack Valley,6:00 P.M.,,0
2026-09-29,135404,POSTPONED,Bristol-Plymouth,4057,,,Tri-County,4392,,,Mayflower,Mayflower,4:00 P.M.,,0
2026-09-29,135462,FINAL,Chelsea,4086,0,0,Somerville,4351,6,1,Greater Boston,Greater Boston,4:15 P.M.,,0
2026-09-29,135545,FINAL,Diman,4115,0,0,Blue Hills,4047,1,1,Mayflower,Mayflower,3:30 P.M.,,0
2026-09-29,135603,FINAL,Duxbury,4123,4,1,Hanover,4164,1,0,Patriot,Patriot,6:00 P.M.,,0
2026-09-29,135637,FINAL,Belchertown,4032,3,1,East Longmeadow,4127,0,0,Coombs,Coombs,4:00 P.M.,,0
2026-09-29,135682,FINAL,Pembroke,4308,0,0,Hingham,4171,3,1,Patriot,Patriot,4:00 P.M.,,0
2026-09-29,135756,FINAL,Leominster,4208,8,1,Burncoat,4066,0,0,Mid-Wach,CMAC,6:00 P.M.,,0
2026-09-29,135881,FINAL,Marshfield,4234,0,0,North Quincy,4287,2,1,Patriot,Patriot,4:00 P.M.,,0
2026-09-29,136006,FINAL,Newburyport,4276,7,1,Triton,4395,0,0,Cape Ann,Cape Ann,4:00 P.M.,,0
2026-09-29,136101,FINAL,Ipswich,4190,4,1,Amesbury,4007,1,0,Cape Ann,Cape Ann,4:00 P.M.,,0
2026-09-29,136128,FINAL,St. Mary (Westfield),4537,1,0,Athol,4017,2,1,Bi-County,Bi-County,4:00 P.M.,,0
2026-09-29,136164,FINAL,Ayer Shirley,4022,0,0,Quabbin,4325,6,1,Mid-Wach,Mid-Wach,4:00 P.M.,,0
2026-09-29,136285,FINAL,Bourne,4050,0,0,Fairhaven,4133,5,1,South Coast,South Coast,3:45 P.M.,,0
2026-09-29,136350,FINAL,Tyngsborough,4397,5,1,Bromfield,4505,0,0,Mid-Wach,Mid-Wach,4:00 P.M.,,0
2026-09-29,136458,POSTPONED,Northampton,4291,,,West Springfield,4417,,,Central,Coombs,6:30 P.M.,,0
2026-09-29,136655,FINAL,Gardner,4147,1,1,Clinton,4093,0,0,Mid-Wach,Mid-Wach,4:00 P.M.,,0
2026-09-29,136801,FINAL,Easthampton,4130,4,1,Holyoke,4176,0,0,Pioneer Valley,Pioneer Valley,5:00 P.M.,,0
2026-09-29,136829,UPCOMING,Commerce,4361,,,Putnam,4362,,,Tri-County,Tri-County,4:00 P.M.,,0
2026-09-29,136893,FINAL,Whitman-Hanson,4427,6,1,Quincy,4326,0,0,Patriot,Patriot,6:00 P.M.,,0
2026-09-29,136907,FINAL,Falmouth Academy,4135,1,0,Sturgis East,4456,5,1,Cape & Islands,Cape & Islands,4:00 P.M.,,0
2026-09-29,136919,POSTPONED,Reading,4328,,,Watertown,4409,,,Middlesex,Middlesex,4:15 P.M.,,0
2026-09-29,136947,UPCOMING,Avon,4460,,,Foxborough Charter,4588,,,Mayflower,Charter School Athletic,3:30 P.M.,,0
2026-09-29,136991,FINAL,Silver Lake,4349,2,1,Scituate,4343,0,0,Patriot,Patriot,4:00 P.M.,,0
2026-09-29,137041,UPCOMING,Southeastern,4358,,,Upper Cape,4457,,,Mayflower,Mayflower,3:30 P.M.,,0
2026-09-29,137097,FINAL,Pioneer Valley,4536,0,2,Frontier,4146,0,2,Pioneer Valley,Pioneer Valley,4:00 P.M.,,0
2026-09-29,137259,FINAL,Atlantis Charter,4818,0,0,Westport,4461,8,1,Mayflower,Mayflower,3:30 P.M.,,0
2026-09-29,137323,FINAL,New Mission/English High,4494,0,0,Boston International,4547,6,1,Boston City,Boston City,4:00 P.M.,,0
2026-09-29,137351,UPCOMING,Norfolk Aggie,4458,,,Bristol Aggie,4463,,,Mayflower,Mayflower,3:30 P.M.,,0
2026-09-29,137468,POSTPONED,Rockport,4490,,,Georgetown,4148,,,Cape Ann,Cape Ann,6:00 P.M.,,0
2026-09-29,137545,FINAL,Manchester Essex,4229,0,0,Hamilton-Wenham,4163,1,1,Cape Ann,Cape Ann,4:00 P.M.,,0
2026-09-29,137740,FINAL,Lowell Catholic,4217,6,1,Lynn Tech,4222,2,0,Commonwealth,Commonwealth,5:00 P.M.,,0
2026-09-29,137759,FINAL,Maynard,4239,0,0,Lunenburg,4219,6,1,Mid-Wach,Mid-Wach,4:00 P.M.,,0
2026-09-29,137809,UPCOMING,Westfield Tech,4420,,,Gateway,4517,,,Tri-County,Pioneer Valley,4:00 P.M.,,0
2026-09-29,137898,FINAL,Greenfield,4157,2,0,Palmer,4304,5,1,Bi-County,Grieve,4:00 P.M.,,0
2026-09-29,137949,POSTPONED,Lee,4206,,,Hampden Charter East,4712,,,Independent,Pioneer Valley,8:00 A.M.,,0
2026-09-29,138027,FINAL,Holbrook,4172,7,1,Wareham,4407,1,0,Mayflower,Mayflower,3:45 P.M.,,0
2026-09-29,138043,FINAL,Innovation Academy,4690,0,0,Minuteman,4255,2,1,Commonwealth,Commonwealth,4:00 P.M.,,0
2026-09-29,138058,FINAL,Smith Voc.,4539,7,1,Hoosac School,4688,0,0,Tri-County,Independent,4:00 P.M.,,0
2026-09-29,138122,FINAL,Wahconah,4401,6,1,Monument Mtn.,4260,2,0,Kurty-Fielding,Central,7:00 P.M.,,0
2026-09-29,138189,FINAL,Hopkins,4531,2,1,Chicopee,4088,0,0,Pioneer Valley,Central,4:00 P.M.,,0
2026-09-29,138260,FINAL,West Boylston,4414,1,0,Narragansett,4266,3,1,Mid-Wach,Mid-Wach,3:30 P.M.,,0
2026-09-29,138285,FINAL,Northbridge,4292,2,1,Whitinsville Christian,4487,0,0,CMAC,CMAC,6:30 P.M.,,0
2026-09-29,138417,FINAL,Smith Academy,4538,0,0,Mahar,4226,3,1,Bi-County,Grieve,4:00 P.M.,,0
2026-09-29,138459,FINAL,Mt. Everett,4533,7,1,Taconic,4385,1,0,Pioneer Valley,Pioneer Valley,4:30 P.M.,,0
2026-09-29,138471,FINAL,Quaboag,4510,1,2,Ware,4406,1,2,CMAC,Grieve,4:00 P.M.,,0
2026-09-29,138635,UPCOMING,New Heights Charter,5088,,,South Shore Charter,4589,,,Charter School Athletic,Charter School Athletic,4:00 P.M.,,0
2026-09-29,138666,FINAL,Dighton-Rehoboth,4114,8,1,Seekonk,4344,2,0,South Coast,South Coast,5:30 P.M.,,0
2026-09-29,138861,FINAL,Nipmuc,4281,0,0,Sutton,4512,4,1,CMAC,CMAC,4:00 P.M.,,0
2026-09-29,138934,FINAL,Hudson,4182,4,1,Tahanto,4513,0,0,Mid-Wach,Mid-Wach,6:30 P.M.,,0
2026-09-29,139095,FINAL,Dearborn STEM,5016,1,0,TechBoston,4117,3,1,Boston City,Boston City,4:00 P.M.,,0
2026-09-29,152187,FINAL,Blackstone Valley,4046,1,0,Oakmont,4299,4,1,CMAC,Mid-Wach,4:00 P.M.,,0
2026-09-29,152194,FINAL,St. John Paul II,4689,1,0,Nantucket,4265,5,1,Cape & Islands,Cape & Islands,3:30 P.M.,,0
2026-09-29,152196,FINAL,Lynnfield,4223,2,1,Pentucket,4309,0,0,Cape Ann,Cape Ann,,,0
2026-09-29,152202,FINAL,Essex Tech,4745,0,0,North Reading,4288,2,1,Cape Ann,Cape Ann,5:00 P.M.,,0
2026-09-29,152208,FINAL,Greater Lowell,4155,2,1,Monty Tech,4259,1,0,Commonwealth,CMAC,4:00 P.M.,,0
2026-09-29,152223,FINAL,Fitchburg,4139,6,1,Worcester Tech,4445,0,0,Mid-Wach,CMAC,,,0
2026-09-29,152239,FINAL,Drury,4120,1,0,Mt. Greylock,4262,3,1,Pioneer Valley,Grieve,4:30 P.M.,,0
2026-09-29,152242,FINAL,Medford,4242,8,1,Lynn English,4221,0,0,Greater Boston,Greater Boston,4:30 P.M.,,0
2026-09-29,152243,FINAL,Longmeadow,4214,0,0,Pope Francis,4796,1,1,Kurty-Fielding,Bi-County,7:00 P.M.,,0
2026-09-30,133751,FINAL,Monson,4429,1,0,Amherst-Pelham,4008,2,1,Central,Pioneer Valley,4:00 P.M.,,0
2026-09-30,133765,FINAL,Acton-Boxborough,4003,2,2,Westford,4421,2,2,Dual County,Dual County,4:00 P.M.,,0
2026-09-30,133945,FINAL,Dover-Sherborn,4118,3,1,Ashland,4015,1,0,Tri-Valley,Tri-Valley,4:00 P.M.,,0
2026-09-30,134064,FINAL,Bedford,4031,1,0,Wayland,4411,2,1,Dual County,Dual County,4:00 P.M.,,0
2026-09-30,134097,FINAL,North Attleborough,4284,1,1,Attleboro,4018,0,0,Hockomock,Hockomock,7:00 P.M.,,0
2026-09-30,134236,FINAL,Boston Latin,4049,3,1,Waltham,4405,0,0,Dual County,Dual County,4:00 P.M.,,0
2026-09-30,134408,FINAL,Cambridge,4067,1,0,Newton South,4280,4,1,Dual County,Dual County,4:30 P.M.,,0
2026-09-30,134528,FINAL,Concord-Carlisle,4097,5,1,Hopkinton,4180,0,0,Dual County,Tri-Valley,4:30 P.M.,,0
2026-09-30,134587,FINAL,Everett,4132,3,1,Revere,4329,1,0,Greater Boston,Greater Boston,7:00 P.M.,,0
2026-09-30,134640,FINAL,Canton,4071,1,0,Franklin,4144,4,1,Hockomock,Hockomock,6:30 P.M.,,0
2026-09-30,134715,FINAL,Whittier,4428,4,1,Lawrence,4203,0,0,Commonwealth,Merrimack Valley,5:00 P.M.,,0
2026-09-30,134894,FINAL,St. Mary’s,4374,2,1,Medford,4242,0,0,Catholic Central,Greater Boston,4:30 P.M.,,0
2026-09-30,134978,FINAL,Bishop Stang,4045,3,1,New Bedford,4273,0,0,Catholic Central,Big Three,3:45 P.M.,,0
2026-09-30,135053,FINAL,Peabody,4306,0,0,Masconomet,4236,2,1,Northeastern,Northeastern,4:00 P.M.,,0
2026-09-30,135184,FINAL,Mansfield,4230,4,1,Taunton,4388,0,0,Hockomock,Hockomock,7:00 P.M.,,0
2026-09-30,135480,UPCOMING,Chicopee,4088,,,Chicopee Comprehensive,4089,,,Central,Kurty-Fielding,6:00 P.M.,,0
2026-09-30,135511,FINAL,Marblehead,4231,3,1,Danvers,4103,0,0,Northeastern,Northeastern,4:00 P.M.,,0
2026-09-30,135527,UPCOMING,Barrington (R.I.),4025,,,Dartmouth,4105,,,Independent,Pioneer,4:30 P.M.,,0
2026-09-30,135639,FINAL,East Longmeadow,4127,1,0,Minnechaug,4254,3,1,Coombs,Coombs,7:00 P.M.,,0
2026-09-30,135709,FINAL,Millis,4251,1,2,Holliston,4174,1,2,Tri-Valley,Tri-Valley,4:15 P.M.,,0
2026-09-30,135732,FINAL,King Philip,4197,8,1,Stoughton,4381,1,0,Hockomock,Hockomock,3:45 P.M.,,0
2026-09-30,135930,FINAL,Middleborough,4247,1,0,Hull,4184,2,1,South Shore,South Shore,4:00 P.M.,,0
2026-09-30,135954,FINAL,Foxborough,4142,5,1,Milford,4249,3,0,Hockomock,Hockomock,3:30 P.M.,,0
2026-09-30,136065,FINAL,Notre Dame Academy-Worcester,4451,1,0,Advanced Math and Science,4595,6,1,CMAC,CMAC,3:45 P.M.,,0
2026-09-30,136130,FINAL,Springfield International,4480,6,1,Athol,4017,0,0,Pioneer Valley,Bi-County,4:00 P.M.,,0
2026-09-30,136203,FINAL,Blackstone-Millville,4486,3,0,Bay Path,4027,5,1,CMAC,CMAC,3:45 P.M.,,0
2026-09-30,136286,FINAL,Seekonk,4344,4,1,Bourne,4050,0,0,South Coast,South Coast,4:30 P.M.,,0
2026-09-30,136507,FINAL,Brooke Charter,5071,6,1,Charlestown,4084,1,0,Charter School Athletic,Boston City,4:00 P.M.,,0
2026-09-30,136518,FINAL,Dedham,4108,7,1,Norwood,4297,0,0,Tri-Valley,Tri-Valley,4:30 P.M.,,0
2026-09-30,136538,FINAL,Carver,4077,0,0,East Bridgewater,4126,5,1,South Shore,South Shore,4:00 P.M.,,0
2026-09-30,136593,FINAL,Cathedral/Cristo Rey,4079,5,1,Roxbury Prep,4847,0,0,Catholic Central,Charter School Athletic,3:15 P.M.,,0
2026-09-30,136685,FINAL,Oliver Ames,4302,2,1,Sharon,4345,0,0,Hockomock,Hockomock,3:45 P.M.,,0
2026-09-30,136699,FINAL,Cohasset,4094,3,1,Rockland,4331,1,0,South Shore,South Shore,4:00 P.M.,,0
2026-09-30,136807,FINAL,Lenox,4532,4,1,Easthampton,4130,2,0,Central,Pioneer Valley,7:00 P.M.,,0
2026-09-30,136864,FINAL,Excel Academy,4969,7,1,Brighton,4055,0,0,Charter School Athletic,Boston City,4:00 P.M.,,0
2026-09-30,136968,FINAL,Sutton,4512,4,1,Shepherd Hill,4347,0,0,CMAC,Mid-Wach,4:00 P.M.,,0
2026-09-30,137010,FINAL,Somerset Berkley,4350,5,1,Joseph Case,4078,0,0,South Coast,South Coast,3:45 P.M.,,0
2026-09-30,137157,FINAL,Medway,4243,0,0,Westwood,4424,2,1,Tri-Valley,Tri-Valley,5:00 P.M.,,0
2026-09-30,137401,UPCOMING,Codman Charter,4482,,,New Heights Charter,5088,,,Charter School Athletic,Charter School Athletic,6:00 P.M.,,0
2026-09-30,137442,FINAL,Worcester Tech,4445,0,0,David Prouty,4106,5,1,CMAC,CMAC,3:30 P.M.,,0
2026-09-30,137514,FINAL,Pioneer Valley,4536,1,0,Drury,4120,2,1,Pioneer Valley,Pioneer Valley,4:00 P.M.,,0
2026-09-30,137648,FINAL,Assabet,4016,0,0,Keefe Tech,4191,6,1,CMAC,CMAC,3:30 P.M.,,0
2026-09-30,137679,UPCOMING,Tantasqua,4387,,,Leicester,4207,,,CMAC,CMAC,4:00 P.M.,,0
2026-09-30,137877,FINAL,Mashpee,4237,0,0,Norwell,4296,7,1,South Shore,South Shore,4:30 P.M.,,0
2026-09-30,137954,UPCOMING,Hampden Charter East,4712,,,Renaissance,4664,,,Pioneer Valley,Pioneer Valley,4:00 P.M.,,0
2026-09-30,137955,FINAL,Blackstone Valley,4046,1,2,Millbury,4250,1,2,CMAC,CMAC,3:30 P.M.,,0
2026-09-30,138059,UPCOMING,Newman School,4277,,,Hoosac School,4688,,,IGC,Independent,3:30 P.M.,,0
2026-09-30,138078,FINAL,Monomoy,4706,0,0,St. John Paul II,4689,1,1,Cape & Islands,Cape & Islands,4:00 P.M.,,0
2026-09-30,138348,UPCOMING,Fontbonne,4447,,,O’Bryant,4298,,,Catholic Conference,Boston City,4:00 P.M.,,0
2026-09-30,138584,UPCOMING,Monty Tech,4259,,,St. Paul,4954,,,CMAC,CMAC,4:00 P.M.,,0
2026-09-30,138613,FINAL,Martha’s Vineyard,4235,1,0,Sandwich,4340,4,1,Cape & Islands,Cape & Islands,3:15 P.M.,,0
2026-09-30,138752,FINAL,South Shore Voc-Tech,4356,0,0,Old Colony,4300,2,1,Mayflower,Mayflower,3:30 P.M.,,0
2026-09-30,138774,UPCOMING,Palmer,4304,,,Southwick,4519,,,Grieve,Central,4:00 P.M.,,0
2026-09-30,138835,UPCOMING,Sturgis West,4735,,,Dennis-Yarmouth,4111,,,Cape & Islands,Cape & Islands,4:00 P.M.,,0
2026-09-30,138908,FINAL,Salem Academy,4604,0,0,Pioneer Charter I,4701,5,1,Charter School Athletic,Charter School Athletic,3:30 P.M.,,0
2026-09-30,139015,FINAL,Uxbridge,4398,2,2,Whitinsville Christian,4487,2,2,CMAC,CMAC,5:30 P.M.,,0
2026-09-30,139067,FINAL,Fairhaven,4133,2,0,West Bridgewater,4415,4,1,South Coast,South Coast,3:45 P.M.,,0
2026-09-30,152324,FINAL,Dighton-Rehoboth,4114,1,0,Apponequet,4011,4,1,South Coast,South Coast,,,0
2026-09-30,152329,FINAL,Governor’s Academy,4152,3,0,Thayer,4390,4,1,ISL,ISL,,,0
2026-09-30,152356,FINAL,New Hampton,4275,4,1,Beaver Country Day,4030,1,0,Independent,EIL,,,0
2026-09-30,152372,FINAL,Newton Country Day,4278,5,1,Concord Academy,4096,1,0,EIL,EIL,,,0
2026-09-30,152388,FINAL,Falmouth,4134,0,2,Nauset,4271,0,2,Cape & Islands,Cape & Islands,,,0
2026-09-30,152423,FINAL,Berwick,4037,4,1,Lexington Christian,4210,0,0,EIL,EIL,,,0
2026-09-30,152428,FINAL,Gloucester,4150,0,0,Swampscott,4383,4,1,Northeastern,Northeastern,,,0
2026-09-30,152443,FINAL,Plymouth North,4315,0,0,Duxbury,4123,5,1,Patriot,Patriot,,,0
2026-09-30,152450,FINAL,Charlestown,4084,1,0,Boston Collegiate,4592,6,1,Boston City,Charter School Athletic,,,0
2026-09-30,152453,FINAL,East Boston,4125,0,0,Latin Academy,4202,8,1,Boston City,Boston City,4:00 P.M.,,0
2026-09-30,152460,FINAL,Salem,4336,3,1,Saugus,4341,0,0,Northeastern,Northeastern,,,0
2026-09-30,152464,FINAL,Tabor,4384,2,2,Middlesex,4248,2,2,ISL,ISL,,,0
2026-09-30,152612,FINAL,Bishop Fenwick,4043,2,1,Malden Catholic,4228,0,0,Catholic Central,Catholic Conference,,,0
2026-09-30,152761,FINAL,Norton,4295,0,0,Medfield,4241,5,1,Tri-Valley,Tri-Valley,6:15 P.M.,,0
2026-10-01,133704,FINAL,South Hadley,4353,5,1,Agawam,4004,0,0,Kurty-Fielding,Kurty-Fielding,4:00 P.M.,,0
2026-10-01,133825,FINAL,Algonquin,4005,0,0,Westborough,4418,2,1,Mid-Wach,Mid-Wach,6:00 P.M.,,0
2026-10-01,133881,FINAL,Archbishop Williams,4012,0,0,Ursuline,4448,2,1,Catholic Central,Catholic Conference,4:00 P.M.,,0
2026-10-01,133920,FINAL,Andover,4009,2,1,North Andover,4283,0,0,Merrimack Valley,Merrimack Valley,7:00 P.M.,,0
2026-10-01,134018,FINAL,Reading,4328,1,0,Arlington,4013,2,1,Middlesex,Middlesex,7:00 P.M.,,0
2026-10-01,134126,FINAL,Woburn,4438,0,0,Belmont,4034,1,1,Middlesex,Middlesex,4:30 P.M.,,0
2026-10-01,134260,FINAL,Braintree,4051,0,2,Walpole,4404,0,2,Bay State,Bay State,4:00 P.M.,,0
2026-10-01,134294,FINAL,Bridgewater-Raynham,4053,3,1,Bishop Stang,4045,0,0,Pioneer,Catholic Central,4:00 P.M.,,0
2026-10-01,134386,FINAL,Brookline,4059,0,2,Natick,4270,0,2,Bay State,Bay State,4:00 P.M.,,0
2026-10-01,134452,FINAL,Central Catholic,4081,1,1,Chelmsford,4085,0,0,Merrimack Valley,Merrimack Valley,7:00 P.M.,,0
2026-10-01,134561,FINAL,Dartmouth,4105,7,1,Durfee,4122,2,0,Pioneer,Big Three,4:00 P.M.,,0
2026-10-01,134609,FINAL,Newton North,4279,2,1,Framingham,4143,0,0,Bay State,Bay State,4:00 P.M.,,0
2026-10-01,134662,FINAL,Lawrence,4203,0,0,Haverhill,4167,6,1,Merrimack Valley,Merrimack Valley,4:30 P.M.,,0
2026-10-01,134742,FINAL,Winchester,4434,2,1,Lexington,4209,0,0,Middlesex,Middlesex,6:00 P.M.,,0
2026-10-01,134847,FINAL,Chelsea,4086,5,1,Lynn English,4221,1,0,Greater Boston,Greater Boston,4:15 P.M.,,0
2026-10-01,134873,FINAL,Lynn Classical,4220,0,0,Malden,4227,3,1,Greater Boston,Greater Boston,4:00 P.M.,,0
2026-10-01,134915,FINAL,Tewksbury,4389,4,1,Methuen,4246,0,0,Merrimack Valley,Merrimack Valley,7:00 P.M.,,0
2026-10-01,134958,FINAL,Weymouth,4425,0,0,Needham,4272,5,1,Bay State,Bay State,4:00 P.M.,,0
2026-10-01,135090,UPCOMING,Plymouth North,4315,,,Duxbury,4123,,,Patriot,Patriot,4:00 P.M.,,0
2026-10-01,135114,FINAL,Shrewsbury,4348,1,2,Wachusett,4400,1,2,Mid-Wach,Mid-Wach,6:00 P.M.,,0
2026-10-01,135156,FINAL,Springfield Central,4360,2,1,Putnam,4362,1,0,Grieve,Tri-County,6:00 P.M.,,0
2026-10-01,135225,FINAL,Milton,4252,0,0,Wellesley,4413,1,1,Bay State,Bay State,4:00 P.M.,,0
2026-10-01,135355,UPCOMING,Lowell,4216,,,Billerica,4040,,,Merrimack Valley,Merrimack Valley,5:00 P.M.,,0
2026-10-01,135406,FINAL,Bristol Aggie,4463,1,0,Bristol-Plymouth,4057,7,1,Mayflower,Mayflower,3:30 P.M.,,0
2026-10-01,135407,FINAL,Bristol-Plymouth,4057,8,1,Upper Cape,4457,1,0,Mayflower,Mayflower,4:00 P.M.,,0
2026-10-01,135427,FINAL,Wakefield,4402,1,2,Burlington,4065,1,2,Middlesex,Middlesex,4:15 P.M.,,0
2026-10-01,135481,FINAL,Chicopee Comprehensive,4089,0,0,Northampton,4291,5,1,Kurty-Fielding,Central,7:00 P.M.,,0
2026-10-01,135546,UPCOMING,Southeastern,4358,,,Diman,4115,,,Mayflower,Mayflower,3:30 P.M.,,0
2026-10-01,135660,FINAL,Grafton,4153,2,1,Nashoba,4267,0,0,Mid-Wach,Mid-Wach,4:00 P.M.,,0
2026-10-01,135683,FINAL,Hingham,4171,5,1,Marshfield,4234,0,0,Patriot,Patriot,4:00 P.M.,,0
2026-10-01,135758,FINAL,Oakmont,4299,1,1,Leominster,4208,0,0,Mid-Wach,Mid-Wach,7:00 P.M.,,0
2026-10-01,135902,FINAL,Melrose,4244,0,2,Wilmington,4432,0,2,Middlesex,Middlesex,4:15 P.M.,,0
2026-10-01,136007,FINAL,Manchester Essex,4229,0,0,Newburyport,4276,7,1,Cape Ann,Cape Ann,4:15 P.M.,,0
2026-10-01,136048,FINAL,North Quincy,4287,3,1,Pembroke,4308,2,0,Patriot,Patriot,4:00 P.M.,,0
2026-10-01,136102,FINAL,Amesbury,4007,0,2,Pentucket,4309,0,2,Cape Ann,Cape Ann,4:00 P.M.,,0
2026-10-01,136165,FINAL,Ayer Shirley,4022,2,2,Gardner,4147,2,2,Mid-Wach,Mid-Wach,5:00 P.M.,,0
2026-10-01,136264,FINAL,Tri-County,4392,0,0,Blue Hills,4047,2,1,Mayflower,Mayflower,3:30 P.M.,,0
2026-10-01,136352,FINAL,Bromfield,4505,1,2,Maynard,4239,1,2,Mid-Wach,Mid-Wach,4:00 P.M.,,0
2026-10-01,136657,FINAL,Clinton,4093,3,1,West Boylston,4414,0,0,Mid-Wach,Mid-Wach,3:30 P.M.,,0
2026-10-01,136765,FINAL,Hanover,4164,3,1,Plymouth South,4316,1,0,Patriot,Patriot,4:00 P.M.,,0
2026-10-01,136865,FINAL,Pioneer Charter I,4701,4,2,Excel Academy,4969,4,2,Charter School Athletic,Charter School Athletic,6:30 P.M.,,0
2026-10-01,136896,FINAL,Scituate,4343,5,1,Quincy,4326,0,0,Patriot,Patriot,4:00 P.M.,,0
2026-10-01,136970,FINAL,Shepherd Hill,4347,3,1,Groton-Dunstable,4160,1,0,Mid-Wach,Mid-Wach,4:00 P.M.,,0
2026-10-01,136972,FINAL,Groton-Dunstable,4160,1,0,Shepherd Hill,4347,3,1,Mid-Wach,Mid-Wach,4:30 P.M.,,0
2026-10-01,136994,FINAL,Silver Lake,4349,2,1,Whitman-Hanson,4427,1,0,Patriot,Patriot,6:00 P.M.,,0
2026-10-01,137098,FINAL,Frontier,4146,0,2,Granby,4520,0,2,Pioneer Valley,Central,4:00 P.M.,,0
2026-10-01,137137,FINAL,Ludlow,4218,1,2,West Springfield,4417,1,2,Coombs,Coombs,6:00 P.M.,,0
2026-10-01,137214,FINAL,Notre Dame (Tyngsborough),4540,5,1,Lowell Catholic,4217,2,0,Commonwealth,Commonwealth,4:30 P.M.,,0
2026-10-01,137262,UPCOMING,Holbrook,4172,,,Atlantis Charter,4818,,,Mayflower,Mayflower,3:30 P.M.,,0
2026-10-01,137282,FINAL,Avon,4460,0,0,Westport,4461,6,1,Mayflower,Mayflower,3:30 P.M.,,0
2026-10-01,137324,FINAL,Dearborn STEM,5016,1,2,Boston International,4547,1,2,Boston City,Boston City,4:00 P.M.,,0
2026-10-01,137378,UPCOMING,South Shore Voc-Tech,4356,,,Cape Cod Tech,4073,,,Mayflower,Mayflower,3:30 P.M.,,0
2026-10-01,137388,FINAL,Charlestown,4084,1,0,Madison Park,4225,6,1,Boston City,Boston City,4:00 P.M.,,0
2026-10-01,137471,FINAL,Georgetown,4148,3,1,Triton,4395,0,0,Cape Ann,Cape Ann,4:00 P.M.,,0
2026-10-01,137509,FINAL,Greater Lawrence,4154,10,1,Innovation Academy,4690,0,0,Commonwealth,Commonwealth,4:00 P.M.,,0
2026-10-01,137547,FINAL,Hamilton-Wenham,4163,1,2,Essex Tech,4745,1,2,Cape Ann,Cape Ann,6:00 P.M.,,0
2026-10-01,137577,FINAL,Southwick,4519,1,0,Hampshire,4518,4,1,Central,Kurty-Fielding,4:00 P.M.,,0
2026-10-01,137611,FINAL,Narragansett,4266,4,1,Franklin County Tech,4145,0,0,Mid-Wach,Bi-County,4:00 P.M.,,0
2026-10-01,137712,FINAL,Littleton,4212,3,1,Tahanto,4513,1,0,Mid-Wach,Mid-Wach,4:00 P.M.,,0
2026-10-01,137789,FINAL,Lynn Tech,4222,4,1,Minuteman,4255,1,0,Commonwealth,Commonwealth,5:45 P.M.,,0
2026-10-01,137882,UPCOMING,Sturgis East,4456,,,Mashpee,4237,,,Cape & Islands,South Shore,4:00 P.M.,,0
2026-10-01,137939,FINAL,Hampden Charter East,4712,4,1,Taconic,4385,2,0,Pioneer Valley,Pioneer Valley,4:00 P.M.,,0
2026-10-01,137958,FINAL,Millbury,4250,3,1,Quaboag,4510,0,0,CMAC,CMAC,4:00 P.M.,,0
2026-10-01,138126,FINAL,Monument Mtn.,4260,0,0,Mt. Greylock,4262,3,1,Central,Grieve,6:00 P.M.,,0
2026-10-01,138483,FINAL,Randolph,4327,0,0,Abington,4002,9,1,South Shore,South Shore,4:00 P.M.,,0
2026-10-01,138522,FINAL,St. Bernard’s,4365,5,1,Burncoat,4066,0,0,CMAC,CMAC,4:30 P.M.,,0
2026-10-01,138673,FINAL,TechBoston,4117,5,1,New Mission/English High,4494,0,0,Boston City,Boston City,4:00 P.M.,,0
2026-10-01,138735,FINAL,Worcester South,4444,0,0,Auburn,4019,5,1,CMAC,CMAC,6:30 P.M.,,0
2026-10-01,138879,FINAL,Sizer,4509,0,0,Parker Charter,4483,6,1,Worcester County,CMAC,3:30 P.M.,,0
2026-10-01,138995,FINAL,Rockport,4490,1,0,North Reading,4288,5,1,Cape Ann,Cape Ann,4:30 P.M.,,0
2026-10-01,139002,FINAL,Hudson,4182,3,0,Tyngsborough,4397,4,1,Mid-Wach,Mid-Wach,4:00 P.M.,,0
2026-10-01,139024,FINAL,Wahconah,4401,1,1,Pittsfield,4314,0,0,Kurty-Fielding,Kurty-Fielding,7:00 P.M.,,0
2026-10-01,139068,FINAL,Cardinal Spellman,4075,2,1,West Bridgewater,4415,0,0,Catholic Central,South Coast,3:30 P.M.,,0
2026-10-01,152558,FINAL,Quabbin,4325,5,1,Fitchburg,4139,2,0,Mid-Wach,Mid-Wach,4:00 P.M.,,0
2026-10-01,152564,FINAL,Watertown,4409,0,0,Stoneham,4380,2,1,Middlesex,Middlesex,4:00 P.M.,,0
2026-10-01,152575,FINAL,Springfield International,4480,1,2,Ware,4406,1,2,Pioneer Valley,Grieve,4:00 P.M.,,0
2026-10-02,133759,FINAL,Amherst-Pelham,4008,2,1,West Springfield,4417,1,0,Pioneer Valley,Coombs,4:15 P.M.,,0
2026-10-02,133766,FINAL,Acton-Boxborough,4003,2,2,Beverly,4038,2,2,Dual County,Northeastern,4:30 P.M.,,0
2026-10-02,134062,UPCOMING,Bedford,4031,,,Dracut,4119,,,Dual County,Merrimack Valley,3:45 P.M.,,0
2026-10-02,134348,FINAL,Stoughton,4381,5,1,Brockton,4058,0,0,Hockomock,Big Three,5:30 P.M.,,0
2026-10-02,134589,FINAL,Waltham,4405,1,2,Everett,4132,1,2,Dual County,Greater Boston,4:30 P.M.,,0
2026-10-02,134664,FINAL,Georgetown,4148,2,2,Haverhill,4167,2,2,Cape Ann,Merrimack Valley,6:00 P.M.,,0
2026-10-02,135159,FINAL,Springfield Central,4360,0,0,Smith Voc.,4539,4,1,Grieve,Tri-County,4:00 P.M.,,0
2026-10-02,135251,FINAL,Wayland,4411,2,1,Westford,4421,1,0,Dual County,Dual County,4:00 P.M.,,0
2026-10-02,135512,FINAL,Bishop Fenwick,4043,2,2,Danvers,4103,2,2,Catholic Central,Northeastern,4:00 P.M.,,0
2026-10-02,135573,FINAL,Doherty,4116,1,0,Tantasqua,4387,3,1,CMAC,CMAC,6:30 P.M.,,0
2026-10-02,135796,FINAL,Westfield,4419,0,2,Longmeadow,4214,0,2,Coombs,Kurty-Fielding,4:00 P.M.,,0
2026-10-02,135931,FINAL,Rockland,4331,1,1,Middleborough,4247,0,0,South Shore,South Shore,4:00 P.M.,,0
2026-10-02,135988,POSTPONED,Nipmuc,4281,,,Nashoba,4267,,,CMAC,Mid-Wach,7:00 P.M.,,0
2026-10-02,136067,FINAL,Douglas,4506,3,1,Advanced Math and Science,4595,2,0,CMAC,CMAC,4:00 P.M.,,0
2026-10-02,136132,FINAL,Mahar,4226,4,1,Athol,4017,0,0,Grieve,Bi-County,4:00 P.M.,,0
2026-10-02,136205,FINAL,Bay Path,4027,1,2,Whitinsville Christian,4487,1,2,CMAC,CMAC,3:30 P.M.,,0
2026-10-02,136540,FINAL,Dennis-Yarmouth,4111,0,0,Carver,4077,4,1,Cape & Islands,South Shore,4:45 P.M.,,0
2026-10-02,136686,FINAL,Oliver Ames,4302,0,0,Medfield,4241,3,1,Hockomock,Tri-Valley,4:30 P.M.,,0
2026-10-02,136811,FINAL,Easthampton,4130,1,2,Hopkins,4531,1,2,Pioneer Valley,Pioneer Valley,4:00 P.M.,,0
2026-10-02,136835,FINAL,Westfield Tech,4420,7,1,Putnam,4362,1,0,Tri-County,Tri-County,4:00 P.M.,,0
2026-10-02,136915,FINAL,Rising Tide Charter,4746,7,1,Falmouth Academy,4135,0,0,Cape & Islands,Cape & Islands,4:00 P.M.,,0
2026-10-02,136948,FINAL,South Shore Charter,4589,1,1,Foxborough Charter,4588,0,0,Charter School Athletic,Charter School Athletic,3:30 P.M.,,0
2026-10-02,137158,FINAL,Westwood,4424,0,2,Dover-Sherborn,4118,0,2,Tri-Valley,Tri-Valley,6:00 P.M.,,0
2026-10-02,137239,POSTPONED,Codman Charter,4482,,,Argosy Collegiate,5032,,,Charter School Athletic,Charter School Athletic,6:00 P.M.,,0
2026-10-02,137334,FINAL,Brighton,4055,1,0,Madison Park,4225,3,1,Boston City,Boston City,6:30 P.M.,,0
2026-10-02,137516,FINAL,Lenox,4532,1,0,Drury,4120,3,1,Central,Pioneer Valley,4:30 P.M.,,0
2026-10-02,137616,FINAL,Ipswich,4190,0,0,Lynnfield,4223,4,1,Cape Ann,Cape Ann,4:00 P.M.,,0
2026-10-02,137619,FINAL,Franklin County Tech,4145,4,1,Smith Academy,4538,0,0,Bi-County,Bi-County,4:00 P.M.,,0
2026-10-02,137811,FINAL,Gateway,4517,2,2,Pathfinder,4305,2,2,Pioneer Valley,Bi-County,6:00 P.M.,,0
2026-10-02,137902,FINAL,Holyoke,4176,7,1,Greenfield,4157,4,0,Pioneer Valley,Bi-County,4:00 P.M.,,0
2026-10-02,138005,FINAL,Northbridge,4292,1,1,Millis,4251,0,0,CMAC,Tri-Valley,3:30 P.M.,,0
2026-10-02,138071,FINAL,Hoosac School,4688,1,0,Ware,4406,3,1,Independent,Grieve,4:30 P.M.,,0
2026-10-02,138131,FINAL,Hopedale,4507,2,1,Uxbridge,4398,1,0,CMAC,CMAC,4:00 P.M.,,0
2026-10-02,138321,UPCOMING,Northeast,4293,,,Shawsheen,4346,,,Independent,Commonwealth,5:00 P.M.,,0
2026-10-02,138350,FINAL,O’Bryant,4298,6,1,East Boston,4125,1,0,Boston City,Boston City,4:00 P.M.,,0
2026-10-02,138385,UPCOMING,Monson,4429,,,Lee,4206,,,Central,Independent,5:00 P.M.,,0
2026-10-02,138427,FINAL,McCann Tech,4240,0,0,Springfield International,4480,1,1,Tri-County,Pioneer Valley,4:00 P.M.,,0
2026-10-02,138460,FINAL,Mt. Everett,4533,4,1,Commerce,4361,1,0,Pioneer Valley,Tri-County,4:30 P.M.,,0
2026-10-02,138587,FINAL,St. Paul,4954,1,0,Notre Dame Academy-Worcester,4451,4,1,CMAC,CMAC,3:45 P.M.,,0
2026-10-02,138616,FINAL,Nantucket,4265,1,0,Sandwich,4340,4,1,Cape & Islands,Cape & Islands,4:00 P.M.,,0
2026-10-02,138755,FINAL,Wareham,4407,1,0,Old Colony,4300,2,1,Mayflower,Mayflower,3:30 P.M.,,0
2026-10-02,138808,FINAL,Chicopee,4088,0,0,Palmer,4304,2,1,Central,Grieve,6:00 P.M.,,0
2026-10-02,138819,UPCOMING,Sturgis West,4735,,,Sturgis East,4456,,,Cape & Islands,Cape & Islands,4:00 P.M.,,0
2026-10-02,138880,FINAL,Parker Charter,4483,4,1,Assabet,4016,0,0,CMAC,CMAC,4:00 P.M.,,0
2026-10-02,138958,FINAL,Greater New Bedford,4156,1,0,Tri-County,4392,2,1,South Coast,Mayflower,3:30 P.M.,,0
2026-10-02,152616,FINAL,Martha’s Vineyard,4235,1,1,Falmouth,4134,0,0,Cape & Islands,Cape & Islands,3:00 P.M.,,0
2026-10-02,152619,FINAL,Blue Hills,4047,3,1,Westport,4461,1,0,Mayflower,Mayflower,3:30 P.M.,,0
2026-10-02,152621,FINAL,New Bedford,4273,2,0,Bristol-Plymouth,4057,3,1,Big Three,Mayflower,4:00 P.M.,,0
2026-10-02,152622,FINAL,Winthrop,4437,5,1,Revere,4329,1,0,Northeastern,Greater Boston,4:00 P.M.,,0
2026-10-02,152632,FINAL,Roxbury Prep,4847,2,0,Cathedral/Cristo Rey,4079,8,1,Charter School Athletic,Catholic Central,3:15 P.M.,,0
2026-10-02,152637,FINAL,Concord Academy,4096,1,0,Austin Prep,4020,6,1,EIL,Independent,,,0
2026-10-02,152639,FINAL,Cohasset,4094,4,1,Old Rochester,4301,0,0,South Shore,South Coast,4:00 P.M.,,0
2026-10-02,152645,FINAL,Whittier,4428,0,0,Greater Lowell,4155,5,1,Commonwealth,Commonwealth,4:00 P.M.,,0
2026-10-02,152646,FINAL,Beaver Country Day,4030,2,0,Berwick,4037,3,1,EIL,EIL,,,0
2026-10-02,152668,FINAL,Notre Dame (Hingham),4449,4,1,Malden Catholic,4228,0,0,Catholic Conference,Catholic Conference,4:00 P.M.,,0
2026-10-02,152689,UPCOMING,Boston Latin,4049,2,,Fontbonne,4447,0,,Dual County,Catholic Conference,4:00 P.M.,,0
2026-10-03,134017,FINAL,Quincy,4326,6,1,Barnstable,4024,1,0,Patriot,Pioneer,11:00 A.M.,,0
2026-10-03,134128,FINAL,Belmont,4034,0,0,Bishop Feehan,4042,1,1,Middlesex,Catholic Central,1:00 P.M.,,0
2026-10-03,134296,FINAL,Bridgewater-Raynham,4053,1,2,Sharon,4345,1,2,Pioneer,Hockomock,1:00 P.M.,,0
2026-10-03,134815,FINAL,Wachusett,4400,1,2,Lincoln-Sudbury,4211,1,2,Mid-Wach,Dual County,1:00 P.M.,,0
2026-10-03,134980,UPCOMING,New Bedford,4273,,,Bristol-Plymouth,4057,,,Big Three,Mayflower,10:00 A.M.,,0
2026-10-03,135006,FINAL,Newton North,4279,0,0,Newton South,4280,2,1,Bay State,Dual County,2:00 P.M.,,0
2026-10-03,135030,FINAL,Masconomet,4236,5,1,North Andover,4283,0,0,Northeastern,Merrimack Valley,10:00 A.M.,,0
2026-10-03,135055,FINAL,Hamilton-Wenham,4163,1,0,Peabody,4306,3,1,Cape Ann,Northeastern,2:00 P.M.,,0
2026-10-03,135216,UPCOMING,Watertown,4409,,,Waltham,4405,,,Middlesex,Dual County,4:00 P.M.,,0
2026-10-03,135239,FINAL,Westborough,4418,2,1,Tahanto,4513,1,0,Mid-Wach,Mid-Wach,12:00 P.M.,,0
2026-10-03,135482,UPCOMING,Pittsfield,4314,,,Chicopee Comprehensive,4089,,,Kurty-Fielding,Kurty-Fielding,11:00 A.M.,,0
2026-10-03,135606,FINAL,Duxbury,4123,2,2,Norwell,4296,2,2,Patriot,South Shore,4:00 P.M.,,0
2026-10-03,135661,FINAL,Sutton,4512,1,2,Grafton,4153,1,2,CMAC,Mid-Wach,12:30 P.M.,,0
2026-10-03,135964,FINAL,Milton,4252,1,1,East Bridgewater,4126,0,0,Bay State,South Shore,4:00 P.M.,,0
2026-10-03,136236,FINAL,Blackstone-Millville,4486,4,1,Monty Tech,4259,3,0,CMAC,CMAC,6:00 P.M.,,0
2026-10-03,136460,FINAL,Northampton,4291,3,1,Mt. Greylock,4262,1,0,Central,Grieve,1:00 P.M.,,0
2026-10-03,136512,UPCOMING,Millis,4251,,,Norwood,4297,,,Tri-Valley,Tri-Valley,1:30 P.M.,,0
2026-10-03,137021,FINAL,Stoneham,4380,2,2,Somerville,4351,2,2,Middlesex,Greater Boston,10:00 A.M.,,0
2026-10-03,137072,FINAL,Walpole,4404,0,0,Foxborough,4142,1,1,Bay State,Hockomock,11:00 A.M.,,0
2026-10-03,137444,FINAL,Oxford,4303,1,0,David Prouty,4106,2,1,CMAC,CMAC,11:00 A.M.,,0
2026-10-03,137580,UPCOMING,Hampshire,4518,,,Monument Mtn.,4260,,,Kurty-Fielding,Central,2:00 P.M.,,0
2026-10-03,137761,FINAL,North Middlesex,4286,3,1,Lunenburg,4219,1,0,Mid-Wach,Mid-Wach,12:00 P.M.,,0
2026-10-03,137859,FINAL,Granby,4520,1,2,South Hadley,4353,1,2,Central,Kurty-Fielding,11:00 A.M.,,0
2026-10-03,137885,FINAL,Monomoy,4706,1,0,Mashpee,4237,4,1,Cape & Islands,South Shore,2:00 P.M.,,0
2026-10-03,137925,FINAL,Maynard,4239,0,0,Weston,4423,4,1,Mid-Wach,Dual County,10:00 A.M.,,0
2026-10-03,137962,FINAL,Millbury,4250,2,2,West Boylston,4414,2,2,CMAC,Mid-Wach,12:00 P.M.,,0
2026-10-03,138224,FINAL,Mystic Valley,4264,0,0,Pioneer Charter I,4701,1,1,Commonwealth,Charter School Athletic,12:00 P.M.,,0
2026-10-03,138429,FINAL,Pioneer Valley,4536,4,1,McCann Tech,4240,0,0,Pioneer Valley,Tri-County,11:00 A.M.,,0
2026-10-03,139007,UPCOMING,Saugus,4341,,,Tyngsborough,4397,,,Northeastern,Mid-Wach,6:00 P.M.,,0
2026-10-03,152678,FINAL,Arlington Catholic,4014,1,0,Burlington,4065,5,1,Catholic Central,Middlesex,12:00 P.M.,,0
2026-10-03,152686,FINAL,Ursuline,4448,0,0,Cardinal Spellman,4075,3,1,Catholic Conference,Catholic Central,11:30 A.M.,,0
2026-10-03,152696,FINAL,Fontbonne,4447,0,0,Latin Academy,4202,2,1,Catholic Conference,Boston City,,,0
2026-10-03,152704,FINAL,Wellesley,4413,0,2,Lexington,4209,0,2,Bay State,Middlesex,2:30 P.M.,,0
2026-10-03,152712,FINAL,Concord-Carlisle,4097,0,0,Winchester,4434,1,1,Dual County,Middlesex,3:00 P.M.,,0
2026-10-03,152735,FINAL,Phillips Andover,4310,2,1,Tabor,4384,0,0,Independent,ISL,,,0
2026-10-03,152744,FINAL,Lawrence Academy,4204,6,1,St. Mark’s,4372,0,0,ISL,ISL,,,0
2026-10-05,133705,FINAL,Agawam,4004,1,1,West Springfield,4417,0,0,Kurty-Fielding,Coombs,4:00 P.M.,,0
2026-10-05,133764,FINAL,Amherst-Pelham,4008,0,0,Granby,4520,1,1,Pioneer Valley,Central,4:30 P.M.,,0
2026-10-05,133886,FINAL,Arlington Catholic,4014,0,0,Archbishop Williams,4012,6,1,Catholic Central,Catholic Central,4:00 P.M.,,0
2026-10-05,133947,FINAL,Ashland,4015,0,0,Medway,4243,2,1,Tri-Valley,Tri-Valley,4:30 P.M.,,0
2026-10-05,134022,FINAL,Melrose,4244,0,0,Arlington,4013,3,1,Middlesex,Middlesex,4:15 P.M.,,0
2026-10-05,134130,FINAL,Wilmington,4432,1,0,Belmont,4034,2,1,Middlesex,Middlesex,7:00 P.M.,,0
2026-10-05,134169,FINAL,Winthrop,4437,0,0,Beverly,4038,9,1,Northeastern,Northeastern,4:00 P.M.,,0
2026-10-05,134578,FINAL,Everett,4132,2,0,Malden,4227,3,1,Greater Boston,Greater Boston,7:00 P.M.,,0
2026-10-05,134694,FINAL,Hopkinton,4180,1,0,Norton,4295,3,1,Tri-Valley,Tri-Valley,4:00 P.M.,,0
2026-10-05,134745,FINAL,Stoneham,4380,0,0,Lexington,4209,4,1,Middlesex,Middlesex,4:15 P.M.,,0
2026-10-05,134983,FINAL,Joseph Case,4078,1,1,New Bedford,4273,0,0,South Coast,Big Three,4:00 P.M.,,0
2026-10-05,135056,FINAL,Salem,4336,0,0,Peabody,4306,1,1,Northeastern,Northeastern,4:00 P.M.,,0
2026-10-05,135162,FINAL,Holyoke,4176,7,1,Springfield Central,4360,3,0,Pioneer Valley,Grieve,4:00 P.M.,,0
2026-10-05,135287,FINAL,Watertown,4409,0,0,Winchester,4434,6,1,Middlesex,Middlesex,7:00 P.M.,,0
2026-10-05,135297,FINAL,Burlington,4065,1,1,Woburn,4438,0,0,Middlesex,Middlesex,4:15 P.M.,,0
2026-10-05,135317,FINAL,Hull,4184,3,1,Abington,4002,1,0,South Shore,South Shore,4:00 P.M.,,0
2026-10-05,135374,FINAL,St. Mary’s,4374,3,1,Bishop Stang,4045,0,0,Catholic Central,Catholic Central,3:30 P.M.,,0
2026-10-05,135387,UPCOMING,St. Mary’s,4374,,,Bishop Stang,4045,,,Catholic Central,Catholic Central,5:15 P.M.,,0
2026-10-05,135463,UPCOMING,Chelsea,4086,,,Northeast,4293,,,Greater Boston,Independent,4:15 P.M.,,0
2026-10-05,135484,FINAL,Chicopee Comprehensive,4089,2,0,South Hadley,4353,7,1,Kurty-Fielding,Kurty-Fielding,7:00 P.M.,,0
2026-10-05,135515,FINAL,Swampscott,4383,0,0,Danvers,4103,3,1,Northeastern,Northeastern,4:30 P.M.,,0
2026-10-05,135576,FINAL,Doherty,4116,2,1,Oxford,4303,0,0,CMAC,CMAC,5:00 P.M.,,0
2026-10-05,135608,FINAL,Notre Dame (Hingham),4449,0,0,Duxbury,4123,2,1,Catholic Conference,Patriot,4:00 P.M.,,0
2026-10-05,135642,FINAL,East Longmeadow,4127,1,0,Pope Francis,4796,4,1,Coombs,Bi-County,7:00 P.M.,,0
2026-10-05,135711,FINAL,Nipmuc,4281,1,2,Holliston,4174,1,2,CMAC,Tri-Valley,4:00 P.M.,,0
2026-10-05,135798,FINAL,Longmeadow,4214,1,2,Minnechaug,4254,1,2,Kurty-Fielding,Coombs,4:00 P.M.,,0
2026-10-05,135852,FINAL,Marblehead,4231,6,1,Gloucester,4150,0,0,Northeastern,Northeastern,4:30 P.M.,,0
2026-10-05,135894,FINAL,Saugus,4341,0,0,Masconomet,4236,5,1,Northeastern,Northeastern,4:30 P.M.,,0
2026-10-05,135933,FINAL,Middleborough,4247,0,0,Rockland,4331,1,1,South Shore,South Shore,4:00 P.M.,,0
2026-10-05,135955,FINAL,Milford,4249,1,0,Northbridge,4292,3,1,Hockomock,CMAC,3:45 P.M.,,0
2026-10-05,136068,FINAL,Bromfield,4505,2,0,Advanced Math and Science,4595,5,1,Mid-Wach,CMAC,4:00 P.M.,,0
2026-10-05,136208,FINAL,David Prouty,4106,0,0,Bay Path,4027,4,1,CMAC,CMAC,6:00 P.M.,,0
2026-10-05,136291,FINAL,West Bridgewater,4415,6,1,Bourne,4050,1,0,South Coast,South Coast,3:45 P.M.,,0
2026-10-05,136466,FINAL,Ludlow,4218,0,0,Northampton,4291,3,1,Coombs,Central,4:00 P.M.,,0
2026-10-05,136520,FINAL,Norwood,4297,0,0,Dover-Sherborn,4118,4,1,Tri-Valley,Tri-Valley,4:30 P.M.,,0
2026-10-05,136543,FINAL,Mashpee,4237,4,1,Carver,4077,2,0,South Shore,South Shore,4:30 P.M.,,0
2026-10-05,136701,FINAL,Norwell,4296,3,2,Cohasset,4094,3,2,South Shore,South Shore,4:00 P.M.,,0
2026-10-05,136921,FINAL,Wakefield,4402,2,1,Reading,4328,0,0,Middlesex,Middlesex,4:15 P.M.,,0
2026-10-05,137013,FINAL,Apponequet,4011,2,0,Somerset Berkley,4350,3,1,South Coast,South Coast,4:00 P.M.,,0
2026-10-05,137099,FINAL,Southwick,4519,1,0,Frontier,4146,2,1,Central,Pioneer Valley,7:00 P.M.,,0
2026-10-05,137150,FINAL,Belchertown,4032,3,1,Westfield,4419,2,0,Coombs,Coombs,6:30 P.M.,,0
2026-10-05,137160,FINAL,Westwood,4424,0,2,Millis,4251,0,2,Tri-Valley,Tri-Valley,6:00 P.M.,,0
2026-10-05,137187,FINAL,Abby Kelley Foster,4503,1,0,Keefe Tech,4191,3,1,CMAC,CMAC,3:30 P.M.,,0
2026-10-05,137381,FINAL,Cape Cod Tech,4073,4,1,Upper Cape,4457,0,0,Mayflower,Mayflower,3:30 P.M.,,0
2026-10-05,137521,FINAL,Drury,4120,1,0,Monument Mtn.,4260,4,1,Pioneer Valley,Central,4:30 P.M.,,0
2026-10-05,137582,FINAL,Hampshire,4518,5,1,Monson,4429,0,0,Kurty-Fielding,Central,7:00 P.M.,,0
2026-10-05,137680,FINAL,Leicester,4207,8,1,Blackstone Valley,4046,2,0,CMAC,CMAC,3:30 P.M.,,0
2026-10-05,137743,FINAL,Lowell Catholic,4217,6,1,Prospect Hill,4593,0,0,Commonwealth,Charter School Athletic,5:00 P.M.,,0
2026-10-05,137961,UPCOMING,Commerce,4361,,,Hampden Charter East,4712,,,Tri-County,Pioneer Valley,4:00 P.M.,,0
2026-10-05,137964,FINAL,Millbury,4250,2,1,Whitinsville Christian,4487,1,0,CMAC,CMAC,3:30 P.M.,,0
2026-10-05,138183,FINAL,Mt. Greylock,4262,1,0,Pittsfield,4314,2,1,Grieve,Kurty-Fielding,6:00 P.M.,,0
2026-10-05,138404,FINAL,Lenox,4532,0,0,Wahconah,4401,2,1,Central,Kurty-Fielding,6:00 P.M.,,0
2026-10-05,138473,FINAL,Uxbridge,4398,3,1,Quaboag,4510,0,0,CMAC,CMAC,7:00 P.M.,,0
2026-10-05,138485,FINAL,Randolph,4327,0,0,East Bridgewater,4126,10,1,South Shore,South Shore,4:00 P.M.,,0
2026-10-05,138542,FINAL,Greater Lowell,4155,4,1,Nashoba Valley Tech,4268,0,0,Commonwealth,Commonwealth,4:00 P.M.,,0
2026-10-05,138670,FINAL,Westport,4461,3,1,Seekonk,4344,1,0,Mayflower,South Coast,4:00 P.M.,,0
2026-10-05,138737,FINAL,Notre Dame Academy-Worcester,4451,3,1,Worcester South,4444,1,0,CMAC,CMAC,3:45 P.M.,,0
2026-10-05,138882,UPCOMING,Parker Charter,4483,,,Worcester Tech,4445,,,CMAC,CMAC,4:00 P.M.,,0
2026-10-05,139064,FINAL,Trivium,4686,8,1,Sizer,4509,0,0,Worcester County,Worcester County,3:30 P.M.,,0
2026-10-05,139113,FINAL,Ware,4406,0,0,Chicopee,4088,4,1,Grieve,Central,7:00 P.M.,,0
2026-10-05,152750,FINAL,Cardinal Spellman,4075,3,1,Bishop Fenwick,4043,2,0,Catholic Central,Catholic Central,3:30 P.M.,,0
2026-10-05,152759,FINAL,Medfield,4241,4,1,Dedham,4108,1,0,Tri-Valley,Tri-Valley,5:00 P.M.,,0
2026-10-05,152782,FINAL,Charlestown,4084,0,0,Brighton,4055,2,1,Boston City,Boston City,,,0
2026-10-06,133748,FINAL,Hampshire,4518,1,1,Amherst-Pelham,4008,0,0,Kurty-Fielding,Pioneer Valley,7:00 P.M.,,0
2026-10-06,133772,FINAL,Wayland,4411,2,1,Acton-Boxborough,4003,1,0,Dual County,Dual County,4:00 P.M.,,0
2026-10-06,133828,FINAL,Algonquin,4005,0,0,Shrewsbury,4348,1,1,Mid-Wach,Mid-Wach,6:00 P.M.,,0
2026-10-06,133931,FINAL,Billerica,4040,1,2,Andover,4009,1,2,Merrimack Valley,Merrimack Valley,6:00 P.M.,,0
2026-10-06,134019,FINAL,Barnstable,4024,1,0,Durfee,4122,3,1,Pioneer,Big Three,4:00 P.M.,,0
2026-10-06,134066,FINAL,Waltham,4405,0,0,Bedford,4031,3,1,Dual County,Dual County,4:00 P.M.,,0
2026-10-06,134101,FINAL,Attleboro,4018,3,0,Milford,4249,4,1,Hockomock,Hockomock,4:00 P.M.,,0
2026-10-06,134237,FINAL,Newton South,4280,5,1,Boston Latin,4049,0,0,Dual County,Dual County,4:00 P.M.,,0
2026-10-06,134262,FINAL,Needham,4272,2,2,Braintree,4051,2,2,Bay State,Bay State,4:00 P.M.,,0
2026-10-06,134304,FINAL,Sandwich,4340,1,0,Bridgewater-Raynham,4053,5,1,Cape & Islands,Pioneer,4:00 P.M.,,0
2026-10-06,134389,FINAL,Wellesley,4413,3,1,Brookline,4059,0,0,Bay State,Bay State,4:00 P.M.,,0
2026-10-06,134411,FINAL,Lincoln-Sudbury,4211,6,1,Cambridge,4067,3,0,Dual County,Dual County,4:00 P.M.,,0
2026-10-06,134455,FINAL,Central Catholic,4081,5,1,North Andover,4283,0,0,Merrimack Valley,Merrimack Valley,7:00 P.M.,,0
2026-10-06,134510,FINAL,Chelmsford,4085,6,1,Lowell,4216,0,0,Merrimack Valley,Merrimack Valley,5:30 P.M.,,0
2026-10-06,134590,FINAL,Everett,4132,4,1,Lynn Classical,4220,0,0,Greater Boston,Greater Boston,4:15 P.M.,,0
2026-10-06,134610,FINAL,Framingham,4143,1,0,Walpole,4404,4,1,Bay State,Bay State,4:00 P.M.,,0
2026-10-06,134642,FINAL,Franklin,4144,2,1,Taunton,4388,0,0,Hockomock,Hockomock,4:00 P.M.,,0
2026-10-06,134666,FINAL,Tewksbury,4389,3,1,Haverhill,4167,1,0,Merrimack Valley,Merrimack Valley,7:15 P.M.,,0
2026-10-06,134716,FINAL,Lawrence,4203,0,0,Dracut,4119,8,1,Merrimack Valley,Merrimack Valley,4:30 P.M.,,0
2026-10-06,134850,FINAL,Lynn English,4221,0,0,Somerville,4351,9,1,Greater Boston,Greater Boston,4:00 P.M.,,0
2026-10-06,134876,UPCOMING,Malden,4227,,,Chelsea,4086,,,Greater Boston,Greater Boston,4:15 P.M.,,0
2026-10-06,134896,FINAL,Revere,4329,1,0,Medford,4242,5,1,Greater Boston,Greater Boston,4:15 P.M.,,0
2026-10-06,134935,FINAL,Natick,4270,1,2,Newton North,4279,1,2,Bay State,Bay State,6:00 P.M.,,0
2026-10-06,135093,FINAL,North Quincy,4287,5,1,Plymouth North,4315,3,0,Patriot,Patriot,4:00 P.M.,,0
2026-10-06,135164,FINAL,Ware,4406,5,1,Springfield Central,4360,0,0,Grieve,Grieve,7:00 P.M.,,0
2026-10-06,135201,FINAL,Nashoba,4267,0,0,Wachusett,4400,1,1,Mid-Wach,Mid-Wach,4:00 P.M.,,0
2026-10-06,135242,FINAL,Westborough,4418,0,2,Grafton,4153,0,2,Mid-Wach,Mid-Wach,6:00 P.M.,,0
2026-10-06,135254,FINAL,Westford,4421,3,1,Weston,4423,1,0,Dual County,Dual County,4:00 P.M.,,0
2026-10-06,135267,FINAL,Milton,4252,2,1,Weymouth,4425,1,0,Bay State,Bay State,4:00 P.M.,,0
2026-10-06,135409,FINAL,Southeastern,4358,1,0,Bristol-Plymouth,4057,2,1,Mayflower,Mayflower,3:30 P.M.,,0
2026-10-06,135445,FINAL,Canton,4071,0,2,Foxborough,4142,0,2,Hockomock,Hockomock,6:45 P.M.,,0
2026-10-06,135547,UPCOMING,Tri-County,4392,,,Diman,4115,,,Mayflower,Mayflower,3:30 P.M.,,0
2026-10-06,135609,FINAL,Quincy,4326,0,0,Duxbury,4123,9,1,Patriot,Patriot,4:00 P.M.,,0
2026-10-06,135684,FINAL,Scituate,4343,0,0,Hingham,4171,1,1,Patriot,Patriot,4:00 P.M.,,0
2026-10-06,135733,FINAL,North Attleborough,4284,2,2,King Philip,4197,2,2,Hockomock,Hockomock,7:00 P.M.,,0
2026-10-06,135761,FINAL,Leominster,4208,1,2,Marlborough,4233,1,2,Mid-Wach,Mid-Wach,7:00 P.M.,,0
2026-10-06,135842,FINAL,Oliver Ames,4302,3,1,Mansfield,4230,0,0,Hockomock,Hockomock,5:30 P.M.,,0
2026-10-06,135882,FINAL,Hanover,4164,0,0,Marshfield,4234,1,1,Patriot,Patriot,4:00 P.M.,,0
2026-10-06,136009,FINAL,Lynnfield,4223,0,0,Newburyport,4276,2,1,Cape Ann,Cape Ann,6:00 P.M.,,0
2026-10-06,136103,FINAL,Amesbury,4007,1,0,Hamilton-Wenham,4163,4,1,Cape Ann,Cape Ann,4:00 P.M.,,0
2026-10-06,136135,UPCOMING,Athol,4017,,,Franklin,4144,,,Bi-County,Hockomock,6:00 P.M.,,0
2026-10-06,136168,FINAL,Ayer Shirley,4022,2,0,Clinton,4093,3,1,Mid-Wach,Mid-Wach,3:45 P.M.,,0
2026-10-06,136238,FINAL,St. Bernard’s,4365,0,0,Blackstone-Millville,4486,4,1,CMAC,CMAC,4:30 P.M.,,0
2026-10-06,136267,FINAL,Upper Cape,4457,0,0,Blue Hills,4047,6,1,Mayflower,Mayflower,3:30 P.M.,,0
2026-10-06,136510,FINAL,New Heights Charter,5088,0,0,Brooke Charter,5071,8,1,Charter School Athletic,Charter School Athletic,4:00 P.M.,,0
2026-10-06,136596,FINAL,Cathedral/Cristo Rey,4079,1,0,East Boston,4125,3,1,Catholic Central,Boston City,3:15 P.M.,,0
2026-10-06,136739,FINAL,Sutton,4512,0,0,Douglas,4506,2,1,CMAC,CMAC,3:30 P.M.,,0
2026-10-06,136776,FINAL,Plymouth South,4316,1,0,Silver Lake,4349,2,1,Patriot,Patriot,4:00 P.M.,,0
2026-10-06,136814,FINAL,Palmer,4304,2,0,Easthampton,4130,3,1,Grieve,Pioneer Valley,4:00 P.M.,,0
2026-10-06,136867,FINAL,Salem Academy,4604,1,0,Excel Academy,4969,5,1,Charter School Athletic,Charter School Athletic,3:30 P.M.,,0
2026-10-06,136923,POSTPONED,Falmouth Academy,4135,,,Cape Cod Academy,4072,,,Cape & Islands,Cape & Islands,4:00 P.M.,,0
2026-10-06,136954,FINAL,Sharon,4345,4,1,Stoughton,4381,0,0,Hockomock,Hockomock,3:45 P.M.,,0
2026-10-06,136975,FINAL,Shepherd Hill,4347,2,1,Oakmont,4299,0,0,Mid-Wach,Mid-Wach,4:00 P.M.,,0
2026-10-06,137166,FINAL,Whitman-Hanson,4427,2,1,Pembroke,4308,0,0,Patriot,Patriot,6:00 P.M.,,0
2026-10-06,137216,UPCOMING,Innovation Academy,4690,,,Notre Dame (Tyngsborough),4540,,,Commonwealth,Commonwealth,4:00 P.M.,,0
2026-10-06,137265,UPCOMING,Atlantis Charter,4818,,,Avon,4460,,,Mayflower,Mayflower,3:30 P.M.,,0
2026-10-06,137305,UPCOMING,Boston Collegiate,4592,,,Holbrook,4172,,,Charter School Athletic,Mayflower,4:00 P.M.,,0
2026-10-06,137353,FINAL,Cape Cod Tech,4073,4,0,Bristol Aggie,4463,5,1,Mayflower,Mayflower,3:30 P.M.,,0
2026-10-06,137391,POSTPONED,Maimonides,4473,,,Charlestown,4084,,,Independent,Boston City,5:30 P.M.,,0
2026-10-06,137415,FINAL,Collegiate Charter,4986,1,1,Roxbury Prep,4847,0,0,Charter School Athletic,Charter School Athletic,4:45 P.M.,,0
2026-10-06,137474,FINAL,Georgetown,4148,2,0,Ipswich,4190,3,1,Cape Ann,Cape Ann,4:00 P.M.,,0
2026-10-06,137625,FINAL,Athol,4017,2,1,Franklin County Tech,4145,1,0,Bi-County,Bi-County,6:00 P.M.,,0
2026-10-06,137714,FINAL,Maynard,4239,0,0,Littleton,4212,2,1,Mid-Wach,Mid-Wach,4:00 P.M.,,0
2026-10-06,137746,UPCOMING,Nashoba,4267,,,Lowell Catholic,4217,,,Mid-Wach,Commonwealth,4:00 P.M.,,0
2026-10-06,137763,FINAL,Hudson,4182,4,1,Lunenburg,4219,0,0,Mid-Wach,Mid-Wach,5:00 P.M.,,0
2026-10-06,137791,FINAL,Lynn Tech,4222,1,2,Mystic Valley,4264,1,2,Commonwealth,Commonwealth,4:00 P.M.,,0
2026-10-06,137817,FINAL,Gateway,4517,3,1,Mt. Everett,4533,2,0,Pioneer Valley,Pioneer Valley,4:30 P.M.,,0
2026-10-06,137851,FINAL,Manchester Essex,4229,6,1,Rockport,4490,2,0,Cape Ann,Cape Ann,4:00 P.M.,,0
2026-10-06,137908,FINAL,Greenfield,4157,0,0,Chicopee,4088,6,1,Bi-County,Central,4:00 P.M.,,0
2026-10-06,137963,FINAL,Taconic,4385,0,0,Hampden Charter East,4712,2,1,Pioneer Valley,Pioneer Valley,4:00 P.M.,,0
2026-10-06,138045,UPCOMING,Minuteman,4255,,,KIPP,4703,,,Commonwealth,Commonwealth,4:00 P.M.,,0
2026-10-06,138074,FINAL,Springfield International,4480,3,1,Hoosac School,4688,0,0,Pioneer Valley,Independent,4:00 P.M.,,0
2026-10-06,138089,FINAL,Martha’s Vineyard,4235,5,1,Monomoy,4706,1,0,Cape & Islands,Cape & Islands,3:15 P.M.,,0
2026-10-06,138192,FINAL,Hopkins,4531,7,1,Holyoke,4176,0,0,Pioneer Valley,Pioneer Valley,5:00 P.M.,,0
2026-10-06,138265,FINAL,Fitchburg,4139,6,1,Narragansett,4266,0,0,Mid-Wach,Mid-Wach,6:00 P.M.,,0
2026-10-06,138388,UPCOMING,Westfield Tech,4420,,,Lee,4206,,,Tri-County,Independent,4:00 P.M.,,0
2026-10-06,138418,FINAL,St. Mary (Westfield),4537,1,2,Mahar,4226,1,2,Bi-County,Grieve,4:00 P.M.,,0
2026-10-06,138432,FINAL,Smith Voc.,4539,6,1,McCann Tech,4240,0,0,Tri-County,Tri-County,4:00 P.M.,,0
2026-10-06,138545,FINAL,Nashoba Valley Tech,4268,2,2,Lowell Catholic,4217,2,2,Commonwealth,Commonwealth,4:00 P.M.,,0
2026-10-06,138677,FINAL,New Mission/English High,4494,0,0,Dearborn STEM,5016,3,1,Boston City,Boston City,4:00 P.M.,,0
2026-10-06,138720,UPCOMING,Norfolk Aggie,4458,,,Old Colony,4300,,,Mayflower,Mayflower,3:30 P.M.,,0
2026-10-06,138822,UPCOMING,Sturgis East,4456,,,Dennis-Yarmouth,4111,,,Cape & Islands,Cape & Islands,4:00 P.M.,,0
2026-10-06,138838,FINAL,Rising Tide Charter,4746,2,1,Sturgis West,4735,1,0,Cape & Islands,Cape & Islands,4:00 P.M.,,0
2026-10-06,138900,FINAL,Pathfinder,4305,7,1,Commerce,4361,2,0,Bi-County,Tri-County,4:00 P.M.,,0
2026-10-06,138941,FINAL,Tahanto,4513,1,2,Tyngsborough,4397,1,2,Mid-Wach,Mid-Wach,4:00 P.M.,,0
2026-10-06,139036,FINAL,Wareham,4407,0,0,Westport,4461,7,1,Mayflower,Mayflower,3:45 P.M.,,0
2026-10-06,139037,FINAL,Nauset,4271,4,1,St. John Paul II,4689,0,0,Cape & Islands,Cape & Islands,4:00 P.M.,,0
2026-10-06,139122,FINAL,West Boylston,4414,0,0,Quabbin,4325,4,1,Mid-Wach,Mid-Wach,3:30 P.M.,,0
2026-10-06,152874,FINAL,Falmouth,4134,4,1,Nantucket,4265,1,0,Cape & Islands,Cape & Islands,,,0
2026-10-06,152888,FINAL,Pentucket,4309,0,0,North Reading,4288,4,1,Cape Ann,Cape Ann,,,0
2026-10-06,152895,FINAL,Essex Tech,4745,2,1,Triton,4395,1,0,Cape Ann,Cape Ann,,,0
2026-10-06,152973,FINAL,Burncoat,4066,3,1,Abby Kelley Foster,4503,2,0,CMAC,CMAC,3:30 P.M.,,0
2026-10-06,152978,FINAL,North Middlesex,4286,0,0,Groton-Dunstable,4160,1,1,Mid-Wach,Mid-Wach,6:00 P.M.,,0
2026-10-07,133889,FINAL,East Bridgewater,4126,0,2,Archbishop Williams,4012,0,2,South Shore,Catholic Central,4:00 P.M.,,0
2026-10-07,133949,FINAL,Millis,4251,1,2,Ashland,4015,1,2,Tri-Valley,Tri-Valley,4:15 P.M.,,0
2026-10-07,134133,FINAL,Lexington,4209,2,1,Belmont,4034,1,0,Middlesex,Middlesex,6:00 P.M.,,0
2026-10-07,134172,FINAL,Beverly,4038,1,1,Peabody,4306,0,0,Northeastern,Northeastern,6:00 P.M.,,0
2026-10-07,134207,FINAL,Bishop Feehan,4042,6,1,Westwood,4424,0,0,Catholic Central,Tri-Valley,4:00 P.M.,,0
2026-10-07,134361,FINAL,Brockton,4058,4,1,Latin Academy,4202,1,0,Big Three,Boston City,6:00 P.M.,,0
2026-10-07,134695,FINAL,Dedham,4108,1,2,Hopkinton,4180,1,2,Tri-Valley,Tri-Valley,4:30 P.M.,,0
2026-10-07,134879,FINAL,O’Bryant,4298,0,2,Malden,4227,0,2,Boston City,Greater Boston,4:00 P.M.,,0
2026-10-07,135284,FINAL,Reading,4328,1,0,Winchester,4434,4,1,Middlesex,Middlesex,7:00 P.M.,,0
2026-10-07,135300,FINAL,Arlington,4013,1,2,Woburn,4438,1,2,Middlesex,Middlesex,4:30 P.M.,,0
2026-10-07,135377,FINAL,Cardinal Spellman,4075,4,1,Bishop Stang,4045,0,0,Catholic Central,Catholic Central,3:30 P.M.,,0
2026-10-07,135430,FINAL,Burlington,4065,1,0,Wilmington,4432,2,1,Middlesex,Middlesex,6:00 P.M.,,0
2026-10-07,135579,UPCOMING,Bay Path,4027,,,Doherty,4116,,,CMAC,CMAC,3:30 P.M.,,0
2026-10-07,135645,FINAL,Westfield,4419,3,1,East Longmeadow,4127,0,0,Coombs,Coombs,4:00 P.M.,,0
2026-10-07,135712,FINAL,Norton,4295,0,2,Holliston,4174,0,2,Tri-Valley,Tri-Valley,6:00 P.M.,,0
2026-10-07,135854,FINAL,Marblehead,4231,0,2,Masconomet,4236,0,2,Northeastern,Northeastern,4:00 P.M.,,0
2026-10-07,135905,FINAL,Melrose,4244,2,1,Stoneham,4380,0,0,Middlesex,Middlesex,4:15 P.M.,,0
2026-10-07,136240,FINAL,Quaboag,4510,0,0,Blackstone-Millville,4486,4,1,CMAC,CMAC,6:30 P.M.,,0
2026-10-07,136482,FINAL,Northampton,4291,1,1,South Hadley,4353,0,0,Central,Kurty-Fielding,6:00 P.M.,,0
2026-10-07,136514,FINAL,Brooke Charter,5071,6,1,Madison Park,4225,3,0,Charter School Athletic,Boston City,4:00 P.M.,,0
2026-10-07,136527,FINAL,Medway,4243,2,1,Norwood,4297,0,0,Tri-Valley,Tri-Valley,4:45 P.M.,,0
2026-10-07,137014,FINAL,Old Rochester,4301,0,0,Somerset Berkley,4350,3,1,South Coast,South Coast,3:45 P.M.,,0
2026-10-07,137058,FINAL,Watertown,4409,1,0,Wakefield,4402,2,1,Middlesex,Middlesex,6:30 P.M.,,0
2026-10-07,137307,FINAL,Boston Collegiate,4592,2,1,Pioneer Charter I,4701,1,0,Charter School Athletic,Charter School Athletic,4:00 P.M.,,0
2026-10-07,137446,FINAL,St. Paul,4954,1,0,David Prouty,4106,5,1,CMAC,CMAC,3:30 P.M.,,0
2026-10-07,137821,FINAL,Randolph,4327,4,1,Maimonides,4473,0,0,South Shore,Independent,3:45 P.M.,,0
2026-10-07,137968,FINAL,Nipmuc,4281,5,1,Millbury,4250,2,0,CMAC,CMAC,4:00 P.M.,,0
2026-10-07,138405,FINAL,Lenox,4532,3,1,Smith Voc.,4539,1,0,Central,Tri-County,6:00 P.M.,,0
2026-10-07,138449,FINAL,Palmer,4304,2,1,Monson,4429,1,0,Grieve,Central,4:00 P.M.,,0
2026-10-07,138590,POSTPONED,Argosy Collegiate,5032,,,South Shore Charter,4589,,,Charter School Athletic,Charter School Athletic,4:00 P.M.,,0
2026-10-07,138674,FINAL,Seekonk,4344,4,1,Fairhaven,4133,1,0,South Coast,South Coast,6:00 P.M.,,0
2026-10-07,138739,FINAL,Worcester South,4444,6,1,Worcester Tech,4445,2,0,CMAC,CMAC,6:30 P.M.,,0
2026-10-07,139070,FINAL,West Bridgewater,4415,3,1,Apponequet,4011,1,0,South Coast,South Coast,3:45 P.M.,,0
2026-10-07,152983,FINAL,Oxford,4303,0,0,Advanced Math and Science,4595,5,1,CMAC,CMAC,3:30 P.M.,,0
2026-10-07,152991,FINAL,Dighton-Rehoboth,4114,5,1,Greater New Bedford,4156,0,0,South Coast,South Coast,3:45 P.M.,,0
2026-10-07,153001,FINAL,Blackstone Valley,4046,0,0,Tantasqua,4387,3,1,CMAC,CMAC,,,0
2026-10-07,153016,FINAL,Tabor,4384,0,0,Nobles,4282,1,1,ISL,ISL,,,0
2026-10-07,153018,FINAL,Auburn,4019,6,1,Burncoat,4066,0,0,CMAC,CMAC,,,0
2026-10-07,153055,FINAL,Winthrop,4437,4,1,Gloucester,4150,0,0,Northeastern,Northeastern,,,0
2026-10-07,153056,FINAL,Austin Prep,4020,1,1,Phillips Andover,4310,0,0,Independent,Independent,3:00 P.M.,,0
2026-10-07,153059,FINAL,Brooks,4060,0,0,Thayer,4390,3,1,ISL,ISL,,,0
2026-10-07,153079,FINAL,Fontbonne,4447,0,0,Ursuline,4448,7,1,Catholic Conference,Catholic Conference,,,0
2026-10-07,153081,FINAL,Middlesex,4248,0,0,Lawrence Academy,4204,4,1,ISL,ISL,,,0
2026-10-07,153092,FINAL,Lee,4206,1,1,Hampden Charter East,4712,0,0,Independent,Pioneer Valley,,,0
2026-10-07,153093,FINAL,West Springfield,4417,5,1,Chicopee Comprehensive,4089,0,0,Coombs,Kurty-Fielding,,,0
2026-10-07,153096,FINAL,Dana Hall,4102,1,1,Berwick,4037,0,0,EIL,EIL,,,0
2026-10-08,133708,UPCOMING,Agawam,4004,,,Ludlow,4218,,,Kurty-Fielding,Coombs,6:00 P.M.,,0
2026-10-08,133769,UPCOMING,Amherst-Pelham,4008,,,Southwick,4519,,,Pioneer Valley,Central,4:30 P.M.,,0
2026-10-08,133775,UPCOMING,Acton-Boxborough,4003,,,Arlington,4013,,,Dual County,Middlesex,4:30 P.M.,,0
2026-10-08,133832,UPCOMING,Wachusett,4400,,,Algonquin,4005,,,Mid-Wach,Mid-Wach,6:00 P.M.,,0
2026-10-08,133934,UPCOMING,Andover,4009,,,Central Catholic,4081,,,Merrimack Valley,Merrimack Valley,7:00 P.M.,,0
2026-10-08,134068,UPCOMING,Bedford,4031,,,Weston,4423,,,Dual County,Dual County,4:00 P.M.,,0
2026-10-08,134103,UPCOMING,Attleboro,4018,,,Mansfield,4230,,,Hockomock,Hockomock,3:45 P.M.,,0
2026-10-08,134264,UPCOMING,Braintree,4051,,,Framingham,4143,,,Bay State,Bay State,4:00 P.M.,,0
2026-10-08,134305,UPCOMING,Dartmouth,4105,,,Bridgewater-Raynham,4053,,,Pioneer,Pioneer,4:00 P.M.,,0
2026-10-08,134390,UPCOMING,Brookline,4059,,,Weymouth,4425,,,Bay State,Bay State,4:00 P.M.,,0
2026-10-08,134414,UPCOMING,Cambridge,4067,,,Wayland,4411,,,Dual County,Dual County,4:30 P.M.,,0
2026-10-08,134512,UPCOMING,Chelmsford,4085,,,Billerica,4040,,,Merrimack Valley,Merrimack Valley,5:30 P.M.,,0
2026-10-08,134531,UPCOMING,Concord-Carlisle,4097,,,Waltham,4405,,,Dual County,Dual County,4:30 P.M.,,0
2026-10-08,134562,UPCOMING,New Bedford,4273,,,Durfee,4122,,,Big Three,Big Three,6:00 P.M.,,0
2026-10-08,134644,UPCOMING,Franklin,4144,,,North Attleborough,4284,,,Hockomock,Hockomock,4:00 P.M.,,0
2026-10-08,134669,UPCOMING,Somerville,4351,,,Haverhill,4167,,,Greater Boston,Merrimack Valley,4:15 P.M.,,0
2026-10-08,134718,UPCOMING,Tewksbury,4389,,,Lawrence,4203,,,Merrimack Valley,Merrimack Valley,4:30 P.M.,,0
2026-10-08,134819,UPCOMING,Lincoln-Sudbury,4211,,,Newton South,4280,,,Dual County,Dual County,4:00 P.M.,,0
2026-10-08,134851,UPCOMING,Revere,4329,,,Lynn English,4221,,,Greater Boston,Greater Boston,4:15 P.M.,,0
2026-10-08,134918,UPCOMING,Dracut,4119,,,Methuen,4246,,,Merrimack Valley,Merrimack Valley,6:30 P.M.,,0
2026-10-08,134936,UPCOMING,Natick,4270,,,Milton,4252,,,Bay State,Bay State,6:00 P.M.,,0
2026-10-08,134961,UPCOMING,Needham,4272,,,Newton North,4279,,,Bay State,Bay State,4:30 P.M.,,0
2026-10-08,135032,UPCOMING,North Andover,4283,,,Lowell,4216,,,Merrimack Valley,Merrimack Valley,6:15 P.M.,,0
2026-10-08,135057,UPCOMING,Peabody,4306,,,Saugus,4341,,,Northeastern,Northeastern,4:00 P.M.,,0
2026-10-08,135096,UPCOMING,Plymouth North,4315,,,Silver Lake,4349,,,Patriot,Patriot,4:00 P.M.,,0
2026-10-08,135117,UPCOMING,Shrewsbury,4348,,,Grafton,4153,,,Mid-Wach,Mid-Wach,6:00 P.M.,,0
2026-10-08,135185,UPCOMING,Taunton,4388,,,King Philip,4197,,,Hockomock,Hockomock,3:45 P.M.,,0
2026-10-08,135228,UPCOMING,Wellesley,4413,,,Walpole,4404,,,Bay State,Bay State,4:00 P.M.,,0
2026-10-08,135243,UPCOMING,Westborough,4418,,,Nashoba,4267,,,Mid-Wach,Mid-Wach,6:00 P.M.,,0
2026-10-08,135410,UPCOMING,Bristol-Plymouth,4057,,,Diman,4115,,,Mayflower,Mayflower,4:00 P.M.,,0
2026-10-08,135446,UPCOMING,Sharon,4345,,,Canton,4071,,,Hockomock,Hockomock,4:00 P.M.,,0
2026-10-08,135464,UPCOMING,Lynn Tech,4222,,,Chelsea,4086,,,Commonwealth,Greater Boston,5:45 P.M.,,0
2026-10-08,135486,UPCOMING,West Springfield,4417,,,Chicopee Comprehensive,4089,,,Coombs,Kurty-Fielding,7:00 P.M.,,0
2026-10-08,135612,UPCOMING,Marshfield,4234,,,Duxbury,4123,,,Patriot,Patriot,4:00 P.M.,,0
2026-10-08,135685,UPCOMING,Whitman-Hanson,4427,,,Hingham,4171,,,Patriot,Patriot,4:00 P.M.,,0
2026-10-08,135764,UPCOMING,Shepherd Hill,4347,,,Leominster,4208,,,Mid-Wach,Mid-Wach,4:00 P.M.,,0
2026-10-08,135801,UPCOMING,Longmeadow,4214,,,Belchertown,4032,,,Kurty-Fielding,Coombs,6:30 P.M.,,0
2026-10-08,135832,UPCOMING,Lynn Classical,4220,,,Prospect Hill,4593,,,Greater Boston,Charter School Athletic,4:00 P.M.,,0
2026-10-08,135928,UPCOMING,Middleborough,4247,,,Randolph,4327,,,South Shore,South Shore,4:30 P.M.,,0
2026-10-08,135957,UPCOMING,Milford,4249,,,Oliver Ames,4302,,,Hockomock,Hockomock,4:00 P.M.,,0
2026-10-08,135977,UPCOMING,Minnechaug,4254,,,Pope Francis,4796,,,Coombs,Bi-County,6:45 P.M.,,0
2026-10-08,136010,UPCOMING,Newburyport,4276,,,North Reading,4288,,,Cape Ann,Cape Ann,4:45 P.M.,,0
2026-10-08,136049,UPCOMING,North Quincy,4287,,,Plymouth South,4316,,,Patriot,Patriot,4:00 P.M.,,0
2026-10-08,136104,UPCOMING,Amesbury,4007,,,Manchester Essex,4229,,,Cape Ann,Cape Ann,4:00 P.M.,,0
2026-10-08,136270,UPCOMING,Blue Hills,4047,,,Southeastern,4358,,,Mayflower,Mayflower,3:30 P.M.,,0
2026-10-08,136294,UPCOMING,Bourne,4050,,,Old Rochester,4301,,,South Coast,South Coast,3:45 P.M.,,0
2026-10-08,136355,UPCOMING,Bromfield,4505,,,Hudson,4182,,,Mid-Wach,Mid-Wach,4:00 P.M.,,0
2026-10-08,136546,UPCOMING,Carver,4077,,,Rising Tide Charter,4746,,,South Shore,Cape & Islands,3:30 P.M.,,0
2026-10-08,136659,UPCOMING,Clinton,4093,,,Narragansett,4266,,,Mid-Wach,Mid-Wach,3:30 P.M.,,0
2026-10-08,136703,UPCOMING,Martha’s Vineyard,4235,,,Cohasset,4094,,,Cape & Islands,South Shore,3:15 P.M.,,0
2026-10-08,136871,UPCOMING,Excel Academy,4969,,,Salem Academy,4604,,,Charter School Athletic,Charter School Athletic,3:30 P.M.,,0
2026-10-08,136898,UPCOMING,Quincy,4326,,,Hanover,4164,,,Patriot,Patriot,4:00 P.M.,,0
2026-10-08,136925,UPCOMING,Sturgis West,4735,,,Falmouth Academy,4135,,,Cape & Islands,Cape & Islands,4:00 P.M.,,0
2026-10-08,136951,UPCOMING,Roxbury Prep,4847,,,Foxborough Charter,4588,,,Charter School Athletic,Charter School Athletic,6:00 P.M.,,0
2026-10-08,137046,UPCOMING,Stoughton,4381,,,Foxborough,4142,,,Hockomock,Hockomock,5:30 P.M.,,0
2026-10-08,137101,UPCOMING,Hampshire,4518,,,Frontier,4146,,,Kurty-Fielding,Pioneer Valley,7:00 P.M.,,0
2026-10-08,137123,UPCOMING,Gardner,4147,,,Fitchburg,4139,,,Mid-Wach,Mid-Wach,6:00 P.M.,,0
2026-10-08,137189,UPCOMING,Parker Charter,4483,,,Abby Kelley Foster,4503,,,CMAC,CMAC,4:00 P.M.,,0
2026-10-08,137217,UPCOMING,Notre Dame (Tyngsborough),4540,,,Collegiate Charter,4986,,,Commonwealth,Charter School Athletic,4:30 P.M.,,0
2026-10-08,137240,UPCOMING,Joseph Case,4078,,,Argosy Collegiate,5032,,,South Coast,Charter School Athletic,3:45 P.M.,,0
2026-10-08,137284,UPCOMING,Avon,4460,,,Wareham,4407,,,Mayflower,Mayflower,3:45 P.M.,,0
2026-10-08,137326,UPCOMING,Boston International,4547,,,TechBoston,4117,,,Boston City,Boston City,4:00 P.M.,,0
2026-10-08,137336,UPCOMING,Charlestown,4084,,,Brighton,4055,,,Boston City,Boston City,4:00 P.M.,,0
2026-10-08,137476,UPCOMING,Hamilton-Wenham,4163,,,Georgetown,4148,,,Cape Ann,Cape Ann,4:00 P.M.,,0
2026-10-08,137526,UPCOMING,Wahconah,4401,,,Drury,4120,,,Kurty-Fielding,Pioneer Valley,7:00 P.M.,,0
2026-10-08,137622,UPCOMING,Ipswich,4190,,,Rockport,4490,,,Cape Ann,Cape Ann,4:00 P.M.,,0
2026-10-08,137650,UPCOMING,Keefe Tech,4191,,,Minuteman,4255,,,CMAC,Commonwealth,4:00 P.M.,,0
2026-10-08,137683,UPCOMING,Whitinsville Christian,4487,,,Leicester,4207,,,CMAC,CMAC,4:00 P.M.,,0
2026-10-08,137717,UPCOMING,Littleton,4212,,,Lunenburg,4219,,,Mid-Wach,Mid-Wach,7:00 P.M.,,0
2026-10-08,137866,UPCOMING,Monson,4429,,,Granby,4520,,,Central,Central,4:00 P.M.,,0
2026-10-08,137926,UPCOMING,Maynard,4239,,,Tahanto,4513,,,Mid-Wach,Mid-Wach,4:00 P.M.,,0
2026-10-08,138030,UPCOMING,Westport,4461,,,Holbrook,4172,,,Mayflower,Mayflower,3:30 P.M.,,0
2026-10-08,138090,UPCOMING,Monomoy,4706,,,Falmouth,4134,,,Cape & Islands,Cape & Islands,6:00 P.M.,,0
2026-10-08,138132,UPCOMING,Monument Mtn.,4260,,,Pittsfield,4314,,,Central,Kurty-Fielding,6:00 P.M.,,0
2026-10-08,138188,UPCOMING,Mt. Greylock,4262,,,Lenox,4532,,,Grieve,Central,4:30 P.M.,,0
2026-10-08,138229,UPCOMING,Mystic Valley,4264,,,Northeast,4293,,,Commonwealth,Independent,4:15 P.M.,,0
2026-10-08,138239,UPCOMING,Hull,4184,,,East Bridgewater,4126,,,South Shore,South Shore,5:30 P.M.,,0
2026-10-08,138547,UPCOMING,Nashoba Valley Tech,4268,,,Whittier,4428,,,Commonwealth,Commonwealth,6:00 P.M.,,0
2026-10-08,138617,UPCOMING,St. John Paul II,4689,,,Sandwich,4340,,,Cape & Islands,Cape & Islands,4:00 P.M.,,0
2026-10-08,138724,UPCOMING,Norfolk Aggie,4458,,,South Shore Voc-Tech,4356,,,Mayflower,Mayflower,3:30 P.M.,,0
2026-10-08,138909,UPCOMING,Pioneer Charter I,4701,,,East Boston,4125,,,Charter School Athletic,Boston City,6:30 P.M.,,0
2026-10-08,138963,UPCOMING,Tri-County,4392,,,Upper Cape,4457,,,Mayflower,Mayflower,3:30 P.M.,,0
2026-10-08,139011,UPCOMING,Greater Lowell,4155,,,Tyngsborough,4397,,,Commonwealth,Mid-Wach,3:30 P.M.,,0
2026-10-09,133892,UPCOMING,North Quincy,4287,,,Archbishop Williams,4012,,,Patriot,Catholic Central,6:00 P.M.,,0
2026-10-09,134362,UPCOMING,Rockland,4331,,,Brockton,4058,,,South Shore,Big Three,4:00 P.M.,,0
2026-10-09,134592,UPCOMING,Everett,4132,,,Lynn English,4221,,,Greater Boston,Greater Boston,4:15 P.M.,,0
2026-10-09,134899,UPCOMING,Malden Catholic,4228,,,Medford,4242,,,Catholic Conference,Greater Boston,4:00 P.M.,,0
2026-10-09,134937,UPCOMING,Natick,4270,,,Dover-Sherborn,4118,,,Bay State,Tri-Valley,4:00 P.M.,,0
2026-10-09,135165,UPCOMING,Springfield Central,4360,,,Springfield International,4480,,,Grieve,Pioneer Valley,4:00 P.M.,,0
2026-10-09,135489,UPCOMING,Southwick,4519,,,Chicopee Comprehensive,4089,,,Central,Kurty-Fielding,6:00 P.M.,,0
2026-10-09,135581,UPCOMING,Doherty,4116,,,Quaboag,4510,,,CMAC,CMAC,3:30 P.M.,,0
2026-10-09,135803,UPCOMING,Longmeadow,4214,,,South Hadley,4353,,,Kurty-Fielding,Kurty-Fielding,4:00 P.M.,,0
2026-10-09,135856,UPCOMING,Melrose,4244,,,Marblehead,4231,,,Middlesex,Northeastern,4:15 P.M.,,0
2026-10-09,136070,UPCOMING,Advanced Math and Science,4595,,,Uxbridge,4398,,,CMAC,CMAC,3:30 P.M.,,0
2026-10-09,136136,UPCOMING,Smith Academy,4538,,,Athol,4017,,,Bi-County,Bi-County,4:00 P.M.,,0
2026-10-09,136211,UPCOMING,Bay Path,4027,,,Worcester South,4444,,,CMAC,CMAC,3:30 P.M.,,0
2026-10-09,136288,UPCOMING,Bourne,4050,,,Southeastern,4358,,,South Coast,Mayflower,4:30 P.M.,,0
2026-10-09,136485,UPCOMING,Brattleboro (Vt.),4729,,,Northampton,4291,,,Independent,Central,6:00 P.M.,,0
2026-10-09,136515,UPCOMING,New Mission/English High,4494,,,Brooke Charter,5071,,,Boston City,Charter School Athletic,2:25 P.M.,,0
2026-10-09,136547,UPCOMING,Wareham,4407,,,Carver,4077,,,Mayflower,South Shore,5:30 P.M.,,0
2026-10-09,136576,UPCOMING,Norwell,4296,,,Notre Dame (Hingham),4449,,,South Shore,Catholic Conference,3:45 P.M.,,0
2026-10-09,136599,UPCOMING,O’Bryant,4298,,,Cathedral/Cristo Rey,4079,,,Boston City,Catholic Central,4:00 P.M.,,0
2026-10-09,136742,UPCOMING,Nipmuc,4281,,,Douglas,4506,,,CMAC,CMAC,,,0
2026-10-09,136820,UPCOMING,Frontier,4146,,,Easthampton,4130,,,Pioneer Valley,Pioneer Valley,4:00 P.M.,,0
2026-10-09,136927,UPCOMING,Watertown,4409,,,Reading,4328,,,Middlesex,Middlesex,7:00 P.M.,,0
2026-10-09,136945,UPCOMING,New Heights Charter,5088,,,Foxborough Charter,4588,,,Charter School Athletic,Charter School Athletic,4:00 P.M.,,0
2026-10-09,137059,UPCOMING,Wakefield,4402,,,Bishop Fenwick,4043,,,Middlesex,Catholic Central,4:15 P.M.,,0
2026-10-09,137140,UPCOMING,Westfield,4419,,,West Springfield,4417,,,Coombs,Coombs,4:00 P.M.,,0
2026-10-09,137192,UPCOMING,Monty Tech,4259,,,Abby Kelley Foster,4503,,,CMAC,CMAC,4:00 P.M.,,0
2026-10-09,137286,UPCOMING,Avon,4460,,,South Shore Voc-Tech,4356,,,Mayflower,Mayflower,3:30 P.M.,,0
2026-10-09,137402,UPCOMING,South Shore Charter,4589,,,Codman Charter,4482,,,Charter School Athletic,Charter School Athletic,3:30 P.M.,,0
2026-10-09,137447,UPCOMING,Hopedale,4507,,,David Prouty,4106,,,CMAC,CMAC,4:00 P.M.,,0
2026-10-09,137631,UPCOMING,Franklin County Tech,4145,,,St. Mary (Westfield),4537,,,Bi-County,Bi-County,4:00 P.M.,,0
2026-10-09,137653,UPCOMING,Worcester Tech,4445,,,Keefe Tech,4191,,,CMAC,CMAC,3:00 P.M.,,0
2026-10-09,137747,UPCOMING,Lowell Catholic,4217,,,Innovation Academy,4690,,,Commonwealth,Commonwealth,5:00 P.M.,,0
2026-10-09,137822,UPCOMING,Gateway,4517,,,Hampden Charter East,4712,,,Pioneer Valley,Pioneer Valley,6:00 P.M.,,0
2026-10-09,137971,UPCOMING,Millbury,4250,,,Northbridge,4292,,,CMAC,CMAC,3:30 P.M.,,0
2026-10-09,138077,UPCOMING,McCann Tech,4240,,,Hoosac School,4688,,,Tri-County,Independent,4:00 P.M.,,0
2026-10-09,138195,UPCOMING,Hopkins,4531,,,Palmer,4304,,,Pioneer Valley,Grieve,4:00 P.M.,,0
2026-10-09,138390,UPCOMING,Lee,4206,,,Taconic,4385,,,Independent,Pioneer Valley,4:15 P.M.,,0
2026-10-09,138419,UPCOMING,Pioneer Valley,4536,,,Mahar,4226,,,Pioneer Valley,Grieve,4:00 P.M.,,0
2026-10-09,138455,UPCOMING,West Boylston,4414,,,Oxford,4303,,,Mid-Wach,CMAC,3:30 P.M.,,0
2026-10-09,138466,UPCOMING,Westfield Tech,4420,,,Mt. Everett,4533,,,Tri-County,Pioneer Valley,4:00 P.M.,,0
2026-10-09,138525,UPCOMING,St. Bernard’s,4365,,,St. Paul,4954,,,CMAC,CMAC,4:30 P.M.,,0
2026-10-09,138839,UPCOMING,Nantucket,4265,,,Sturgis West,4735,,,Cape & Islands,Cape & Islands,4:00 P.M.,,0
2026-10-09,138865,UPCOMING,Auburn,4019,,,Sutton,4512,,,CMAC,CMAC,3:30 P.M.,,0
2026-10-09,138903,UPCOMING,Pathfinder,4305,,,Renaissance,4664,,,Bi-County,Pioneer Valley,7:00 P.M.,,0
2026-10-09,138947,UPCOMING,Pioneer Valley,4536,,,St. Mary (Westfield),4537,,,Pioneer Valley,Bi-County,4:00 P.M.,,0
2026-10-09,139073,UPCOMING,West Bridgewater,4415,,,Norton,4295,,,South Coast,Tri-Valley,3:45 P.M.,,0
2026-10-09,139088,UPCOMING,Smith Voc.,4539,,,Ware,4406,,,Tri-County,Grieve,4:00 P.M.,,0
2026-10-10,134098,UPCOMING,Sharon,4345,,,Attleboro,4018,,,Hockomock,Hockomock,11:00 A.M.,,0
2026-10-10,134174,UPCOMING,Beverly,4038,,,Woburn,4438,,,Northeastern,Middlesex,10:00 A.M.,,0
2026-10-10,134208,UPCOMING,Winchester,4434,,,Bishop Feehan,4042,,,Middlesex,Catholic Central,6:30 P.M.,,0
2026-10-10,134214,UPCOMING,Central Catholic,4081,,,Newton North,4279,,,Merrimack Valley,Bay State,12:00 P.M.,,0
2026-10-10,134265,UPCOMING,Braintree,4051,,,Lexington,4209,,,Bay State,Middlesex,11:00 P.M.,,0
2026-10-10,134307,UPCOMING,Bridgewater-Raynham,4053,,,Apponequet,4011,,,Pioneer,South Coast,10:00 A.M.,,0
2026-10-10,134513,UPCOMING,Westford,4421,,,Chelmsford,4085,,,Dual County,Merrimack Valley,2:00 P.M.,,0
2026-10-10,134532,UPCOMING,Medfield,4241,,,Concord-Carlisle,4097,,,Tri-Valley,Dual County,11:00 A.M.,,0
2026-10-10,134697,UPCOMING,Hopkinton,4180,,,Mansfield,4230,,,Tri-Valley,Hockomock,5:15 P.M.,,0
2026-10-10,134964,UPCOMING,Westwood,4424,,,Needham,4272,,,Tri-Valley,Bay State,11:00 A.M.,,0
2026-10-10,134986,UPCOMING,Greater New Bedford,4156,,,New Bedford,4273,,,South Coast,Big Three,4:00 P.M.,,0
2026-10-10,135204,UPCOMING,Minnechaug,4254,,,Wachusett,4400,,,Coombs,Mid-Wach,11:00 A.M.,,0
2026-10-10,135356,UPCOMING,Billerica,4040,,,Saugus,4341,,,Merrimack Valley,Northeastern,11:00 A.M.,,0
2026-10-10,135518,UPCOMING,Danvers,4103,,,Lynnfield,4223,,,Northeastern,Cape Ann,6:00 P.M.,,0
2026-10-10,135688,UPCOMING,Milton,4252,,,Hingham,4171,,,Bay State,Patriot,3:00 P.M.,,0
2026-10-10,135735,UPCOMING,Notre Dame (Hingham),4449,,,King Philip,4197,,,Catholic Conference,Hockomock,11:00 A.M.,,0
2026-10-10,136011,UPCOMING,Newburyport,4276,,,St. Mary’s,4374,,,Cape Ann,Catholic Central,10:00 A.M.,,0
2026-10-10,137515,UPCOMING,Shawsheen,4346,,,Greater Lawrence,4154,,,Commonwealth,Commonwealth,12:00 P.M.,,0
2026-10-10,137528,UPCOMING,Drury,4120,,,Granby,4520,,,Pioneer Valley,Central,11:00 A.M.,,0
2026-10-10,137685,UPCOMING,Leicester,4207,,,Northbridge,4292,,,CMAC,CMAC,5:00 P.M.,,0
2026-10-10,137854,UPCOMING,Manchester Essex,4229,,,Salem,4336,,,Cape Ann,Northeastern,5:00 P.M.,,0
2026-10-10,138140,UPCOMING,Monument Mtn.,4260,,,Wahconah,4401,,,Central,Kurty-Fielding,6:00 P.M.,,0
2026-10-10,138231,UPCOMING,Joseph Case,4078,,,Mystic Valley,4264,,,South Coast,Commonwealth,12:00 P.M.,,0
2026-10-10,138550,UPCOMING,Nashoba Valley Tech,4268,,,Martha’s Vineyard,4235,,,Commonwealth,Cape & Islands,1:00 P.M.,,0
2026-10-10,138998,UPCOMING,Gloucester,4150,,,Rockport,4490,,,Northeastern,Cape Ann,10:00 A.M.,,0
2026-10-12,133894,UPCOMING,Archbishop Williams,4012,,,Stoughton,4381,,,Catholic Central,Hockomock,2:00 P.M.,,0
2026-10-12,134024,UPCOMING,Arlington,4013,,,Watertown,4409,,,Middlesex,Middlesex,10:00 A.M.,,0
2026-10-12,134136,UPCOMING,Belmont,4034,,,Stoneham,4380,,,Middlesex,Middlesex,6:00 P.M.,,0
2026-10-12,134755,UPCOMING,Lexington,4209,,,Wakefield,4402,,,Middlesex,Middlesex,10:00 A.M.,,0
2026-10-12,135289,UPCOMING,Winchester,4434,,,Burlington,4065,,,Middlesex,Middlesex,5:00 P.M.,,0
2026-10-12,135302,UPCOMING,Woburn,4438,,,Melrose,4244,,,Middlesex,Middlesex,4:30 P.M.,,0
2026-10-12,135318,UPCOMING,Rockland,4331,,,Abington,4002,,,South Shore,South Shore,4:00 P.M.,,0
2026-10-12,135549,UPCOMING,Diman,4115,,,Joseph Case,4078,,,Mayflower,South Coast,3:45 P.M.,,0
2026-10-12,135804,UPCOMING,Longmeadow,4214,,,Hampshire,4518,,,Kurty-Fielding,Kurty-Fielding,4:00 P.M.,,0
2026-10-12,136045,UPCOMING,North Quincy,4287,,,Quincy,4326,,,Patriot,Patriot,3:00 P.M.,,0
2026-10-12,136214,UPCOMING,Oxford,4303,,,Bay Path,4027,,,CMAC,CMAC,3:30 P.M.,,0
2026-10-12,136744,UPCOMING,Lunenburg,4219,,,Douglas,4506,,,Mid-Wach,CMAC,1:30 P.M.,,0
2026-10-12,136821,UPCOMING,Easthampton,4130,,,Wahconah,4401,,,Pioneer Valley,Kurty-Fielding,4:00 P.M.,,0
2026-10-12,136931,UPCOMING,Reading,4328,,,Wilmington,4432,,,Middlesex,Middlesex,10:00 A.M.,,0
2026-10-12,137103,UPCOMING,Frontier,4146,,,Pittsfield,4314,,,Pioneer Valley,Kurty-Fielding,4:00 P.M.,,0
2026-10-12,137529,UPCOMING,Drury,4120,,,Mount Anthony (Vt.),4728,,,Pioneer Valley,Independent,11:00 A.M.,,0
2026-10-12,137607,UPCOMING,Franklin County Tech,4145,,,Westfield Tech,4420,,,Bi-County,Tri-County,6:00 P.M.,,0
2026-10-12,138081,UPCOMING,Smith Academy,4538,,,Hoosac School,4688,,,Bi-County,Independent,,,0
2026-10-12,138142,UPCOMING,Chicopee,4088,,,Monument Mtn.,4260,,,Central,Central,6:00 P.M.,,0
2026-10-12,138323,UPCOMING,Revere,4329,,,Northeast,4293,,,Greater Boston,Independent,4:15 P.M.,,0
2026-10-12,138476,UPCOMING,Quabbin,4325,,,Quaboag,4510,,,Mid-Wach,CMAC,2:00 P.M.,,0
2026-10-12,138980,UPCOMING,Renaissance,4664,,,Commerce,4361,,,Pioneer Valley,Tri-County,4:00 P.M.,,0
2026-10-13,133709,UPCOMING,Agawam,4004,,,Southwick,4519,,,Kurty-Fielding,Central,7:15 P.M.,,0
2026-10-13,133779,UPCOMING,Weston,4423,,,Acton-Boxborough,4003,,,Dual County,Dual County,4:00 P.M.,,0
2026-10-13,133834,UPCOMING,Grafton,4153,,,Algonquin,4005,,,Mid-Wach,Mid-Wach,4:00 P.M.,,0
2026-10-13,133936,UPCOMING,Chelmsford,4085,,,Andover,4009,,,Merrimack Valley,Merrimack Valley,6:00 P.M.,,0
2026-10-13,134025,UPCOMING,Barnstable,4024,,,Dennis-Yarmouth,4111,,,Pioneer,Cape & Islands,4:00 P.M.,,0
2026-10-13,134071,UPCOMING,Westford,4421,,,Bedford,4031,,,Dual County,Dual County,4:00 P.M.,,0
2026-10-13,134176,UPCOMING,Danvers,4103,,,Beverly,4038,,,Northeastern,Northeastern,6:30 P.M.,,0
2026-10-13,134205,UPCOMING,Bishop Feehan,4042,,,Masconomet,4236,,,Catholic Central,Northeastern,4:30 P.M.,,0
2026-10-13,134239,UPCOMING,Wayland,4411,,,Boston Latin,4049,,,Dual County,Dual County,4:00 P.M.,,0
2026-10-13,134417,UPCOMING,Waltham,4405,,,Cambridge,4067,,,Dual County,Dual County,4:30 P.M.,,0
2026-10-13,134484,UPCOMING,Lowell,4216,,,Central Catholic,4081,,,Merrimack Valley,Merrimack Valley,5:00 P.M.,,0
2026-10-13,134535,UPCOMING,Newton South,4280,,,Concord-Carlisle,4097,,,Dual County,Dual County,4:30 P.M.,,0
2026-10-13,134563,UPCOMING,Durfee,4122,,,Westport,4461,,,Big Three,Mayflower,6:00 P.M.,,0
2026-10-13,134595,UPCOMING,Everett,4132,,,Somerville,4351,,,Greater Boston,Greater Boston,7:00 P.M.,,0
2026-10-13,134645,UPCOMING,Franklin,4144,,,Medfield,4241,,,Hockomock,Tri-Valley,6:00 P.M.,,0
2026-10-13,134672,UPCOMING,Haverhill,4167,,,Methuen,4246,,,Merrimack Valley,Merrimack Valley,6:30 P.M.,,0
2026-10-13,134854,UPCOMING,Lynn English,4221,,,Lynn Classical,4220,,,Greater Boston,Greater Boston,4:00 P.M.,,0
2026-10-13,134882,UPCOMING,Malden,4227,,,Revere,4329,,,Greater Boston,Greater Boston,4:15 P.M.,,0
2026-10-13,134900,UPCOMING,Chelsea,4086,,,Medford,4242,,,Greater Boston,Greater Boston,4:15 P.M.,,0
2026-10-13,134988,UPCOMING,New Bedford,4273,,,Bishop Stang,4045,,,Big Three,Catholic Central,4:00 P.M.,,0
2026-10-13,135033,UPCOMING,Billerica,4040,,,North Andover,4283,,,Merrimack Valley,Merrimack Valley,6:00 P.M.,,0
2026-10-13,135062,UPCOMING,Peabody,4306,,,Marblehead,4231,,,Northeastern,Northeastern,4:00 P.M.,,0
2026-10-13,135097,UPCOMING,Plymouth North,4315,,,Hingham,4171,,,Patriot,Patriot,4:00 P.M.,,0
2026-10-13,135119,UPCOMING,Nashoba,4267,,,Shrewsbury,4348,,,Mid-Wach,Mid-Wach,4:00 P.M.,,0
2026-10-13,135166,UPCOMING,Springfield Central,4360,,,Lenox,4532,,,Grieve,Central,4:00 P.M.,,0
2026-10-13,135205,UPCOMING,Wachusett,4400,,,Westborough,4418,,,Mid-Wach,Mid-Wach,6:00 P.M.,,0
2026-10-13,135413,UPCOMING,Bristol-Plymouth,4057,,,Blue Hills,4047,,,Mayflower,Mayflower,4:00 P.M.,,0
2026-10-13,135530,UPCOMING,Dartmouth,4105,,,Dighton-Rehoboth,4114,,,Pioneer,South Coast,4:00 P.M.,,0
2026-10-13,135550,UPCOMING,Diman,4115,,,Upper Cape,4457,,,Mayflower,Mayflower,3:30 P.M.,,0
2026-10-13,135615,UPCOMING,Silver Lake,4349,,,Duxbury,4123,,,Patriot,Patriot,4:00 P.M.,,0
2026-10-13,135647,UPCOMING,West Springfield,4417,,,East Longmeadow,4127,,,Coombs,Coombs,5:00 P.M.,,0
2026-10-13,135765,UPCOMING,Leominster,4208,,,North Middlesex,4286,,,Mid-Wach,Mid-Wach,7:00 P.M.,,0
2026-10-13,135885,UPCOMING,Marshfield,4234,,,Whitman-Hanson,4427,,,Patriot,Patriot,6:00 P.M.,,0
2026-10-13,135935,UPCOMING,Middleborough,4247,,,Old Colony,4300,,,South Shore,Mayflower,4:00 P.M.,,0
2026-10-13,135980,UPCOMING,Ludlow,4218,,,Minnechaug,4254,,,Coombs,Coombs,6:00 P.M.,,0
2026-10-13,136013,UPCOMING,Newburyport,4276,,,Rockport,4490,,,Cape Ann,Cape Ann,6:00 P.M.,,0
2026-10-13,136073,UPCOMING,Advanced Math and Science,4595,,,Sutton,4512,,,CMAC,CMAC,3:30 P.M.,,0
2026-10-13,136105,UPCOMING,North Reading,4288,,,Amesbury,4007,,,Cape Ann,Cape Ann,4:45 P.M.,,0
2026-10-13,136139,UPCOMING,Athol,4017,,,Holyoke,4176,,,Bi-County,Pioneer Valley,6:00 P.M.,,0
2026-10-13,136357,UPCOMING,Tahanto,4513,,,Bromfield,4505,,,Mid-Wach,Mid-Wach,4:00 P.M.,,0
2026-10-13,136486,UPCOMING,Northampton,4291,,,Belchertown,4032,,,Central,Coombs,6:30 P.M.,,0
2026-10-13,136604,UPCOMING,Dearborn STEM,5016,,,Cathedral/Cristo Rey,4079,,,Boston City,Catholic Central,4:00 P.M.,,0
2026-10-13,136660,UPCOMING,Fitchburg,4139,,,Clinton,4093,,,Mid-Wach,Mid-Wach,6:00 P.M.,,0
2026-10-13,136732,UPCOMING,Hopedale,4507,,,Douglas,4506,,,CMAC,CMAC,3:30 P.M.,,0
2026-10-13,136778,UPCOMING,Pembroke,4308,,,Plymouth South,4316,,,Patriot,Patriot,4:00 P.M.,,0
2026-10-13,136839,UPCOMING,Putnam,4362,,,Pathfinder,4305,,,Tri-County,Bi-County,4:00 P.M.,,0
2026-10-13,136976,UPCOMING,Marlborough,4233,,,Shepherd Hill,4347,,,Mid-Wach,Mid-Wach,7:00 P.M.,,0
2026-10-13,137042,UPCOMING,Southeastern,4358,,,Tri-County,4392,,,Mayflower,Mayflower,3:30 P.M.,,0
2026-10-13,137125,UPCOMING,Gardner,4147,,,West Boylston,4414,,,Mid-Wach,Mid-Wach,5:00 P.M.,,0
2026-10-13,137195,UPCOMING,Abby Kelley Foster,4503,,,Sizer,4509,,,CMAC,Worcester County,3:30 P.M.,,0
2026-10-13,137218,UPCOMING,Notre Dame (Tyngsborough),4540,,,Innovation Academy,4690,,,Commonwealth,Commonwealth,4:00 P.M.,,0
2026-10-13,137268,UPCOMING,Atlantis Charter,4818,,,Wareham,4407,,,Mayflower,Mayflower,3:45 P.M.,,0
2026-10-13,137309,UPCOMING,Boston Collegiate,4592,,,O’Bryant,4298,,,Charter School Athletic,Boston City,4:00 P.M.,,0
2026-10-13,137338,UPCOMING,New Mission/English High,4494,,,Brighton,4055,,,Boston City,Boston City,4:00 P.M.,,0
2026-10-13,137356,UPCOMING,South Shore Voc-Tech,4356,,,Bristol Aggie,4463,,,Mayflower,Mayflower,3:30 P.M.,,0
2026-10-13,137384,UPCOMING,Cape Cod Tech,4073,,,Norfolk Aggie,4458,,,Mayflower,Mayflower,3:30 P.M.,,0
2026-10-13,137416,UPCOMING,Collegiate Charter,4986,,,Pioneer Charter I,4701,,,Charter School Athletic,Charter School Athletic,4:30 P.M.,,0
2026-10-13,137439,UPCOMING,David Prouty,4106,,,Notre Dame Academy-Worcester,4451,,,CMAC,CMAC,4:00 P.M.,,0
2026-10-13,137478,UPCOMING,Pentucket,4309,,,Georgetown,4148,,,Cape Ann,Cape Ann,4:00 P.M.,,0
2026-10-13,137548,UPCOMING,Triton,4395,,,Hamilton-Wenham,4163,,,Cape Ann,Cape Ann,4:00 P.M.,,0
2026-10-13,137628,UPCOMING,Essex Tech,4745,,,Ipswich,4190,,,Cape Ann,Cape Ann,5:00 P.M.,,0
2026-10-13,137720,UPCOMING,Hudson,4182,,,Littleton,4212,,,Mid-Wach,Mid-Wach,4:00 P.M.,,0
2026-10-13,137750,UPCOMING,Lynn Tech,4222,,,Lowell Catholic,4217,,,Commonwealth,Commonwealth,5:45 P.M.,,0
2026-10-13,137764,UPCOMING,Tyngsborough,4397,,,Lunenburg,4219,,,Mid-Wach,Mid-Wach,5:00 P.M.,,0
2026-10-13,137826,UPCOMING,Nashoba,4267,,,Maimonides,4473,,,Mid-Wach,Independent,4:30 P.M.,,0
2026-10-13,137829,UPCOMING,Taconic,4385,,,Gateway,4517,,,Pioneer Valley,Pioneer Valley,4:00 P.M.,,0
2026-10-13,137857,UPCOMING,Lynnfield,4223,,,Manchester Essex,4229,,,Cape Ann,Cape Ann,4:00 P.M.,,0
2026-10-13,137913,UPCOMING,Springfield International,4480,,,Greenfield,4157,,,Pioneer Valley,Bi-County,4:00 P.M.,,0
2026-10-13,137966,UPCOMING,Hampden Charter East,4712,,,Westfield Tech,4420,,,Pioneer Valley,Tri-County,4:00 P.M.,,0
2026-10-13,138047,UPCOMING,Randolph,4327,,,Minuteman,4255,,,South Shore,Commonwealth,4:15 P.M.,,0
2026-10-13,138198,UPCOMING,Hopkins,4531,,,Monson,4429,,,Pioneer Valley,Central,4:00 P.M.,,0
2026-10-13,138237,UPCOMING,Greater Lowell,4155,,,Mystic Valley,4264,,,Commonwealth,Commonwealth,4:30 P.M.,,0
2026-10-13,138267,UPCOMING,Narragansett,4266,,,Quabbin,4325,,,Mid-Wach,Mid-Wach,3:30 P.M.,,0
2026-10-13,138392,UPCOMING,Mt. Everett,4533,,,Lee,4206,,,Pioneer Valley,Independent,4:30 P.M.,,0
2026-10-13,138553,UPCOMING,Nashoba Valley Tech,4268,,,Maimonides,4473,,,Commonwealth,Independent,4:30 P.M.,,0
2026-10-13,138593,UPCOMING,St. Paul,4954,,,Assabet,4016,,,CMAC,CMAC,3:30 P.M.,,0
2026-10-13,138596,UPCOMING,Argosy Collegiate,5032,,,Brooke Charter,5071,,,Charter School Athletic,Charter School Athletic,4:00 P.M.,,0
2026-10-13,138675,UPCOMING,Seekonk,4344,,,East Bridgewater,4126,,,South Coast,South Shore,6:00 P.M.,,0
2026-10-13,138709,UPCOMING,South Hadley,4353,,,Pope Francis,4796,,,Kurty-Fielding,Bi-County,6:15 P.M.,,0
2026-10-13,138831,UPCOMING,St. John Paul II,4689,,,Sturgis West,4735,,,Cape & Islands,Cape & Islands,3:30 P.M.,,0
2026-10-13,138950,UPCOMING,Chicopee Comprehensive,4089,,,Pioneer Valley,4536,,,Kurty-Fielding,Pioneer Valley,7:00 P.M.,,0
2026-10-13,138981,UPCOMING,Renaissance,4664,,,Commerce,4361,,,Pioneer Valley,Tri-County,4:00 P.M.,,0
2026-10-13,139054,UPCOMING,Ware,4406,,,St. Mary (Westfield),4537,,,Grieve,Bi-County,7:00 P.M.,,0
2026-10-14,133777,UPCOMING,Amherst-Pelham,4008,,,Easthampton,4130,,,Pioneer Valley,Pioneer Valley,6:00 P.M.,,0
2026-10-14,133895,UPCOMING,Archbishop Williams,4012,,,Cardinal Spellman,4075,,,Catholic Central,Catholic Central,4:00 P.M.,,0
2026-10-14,134106,UPCOMING,Taunton,4388,,,Attleboro,4018,,,Hockomock,Hockomock,3:45 P.M.,,0
2026-10-14,134139,UPCOMING,Winchester,4434,,,Belmont,4034,,,Middlesex,Middlesex,4:15 P.M.,,0
2026-10-14,134647,UPCOMING,Stoughton,4381,,,Franklin,4144,,,Hockomock,Hockomock,5:30 P.M.,,0
2026-10-14,134699,UPCOMING,Hopkinton,4180,,,Dover-Sherborn,4118,,,Tri-Valley,Tri-Valley,4:00 P.M.,,0
2026-10-14,135304,UPCOMING,Woburn,4438,,,Reading,4328,,,Middlesex,Middlesex,4:30 P.M.,,0
2026-10-14,135320,UPCOMING,Abington,4002,,,Middleborough,4247,,,South Shore,South Shore,4:00 P.M.,,0
2026-10-14,135378,UPCOMING,Bishop Stang,4045,,,Nauset,4271,,,Catholic Central,Cape & Islands,4:30 P.M.,,0
2026-10-14,135431,UPCOMING,Stoneham,4380,,,Burlington,4065,,,Middlesex,Middlesex,6:30 P.M.,,0
2026-10-14,135448,UPCOMING,King Philip,4197,,,Canton,4071,,,Hockomock,Hockomock,3:45 P.M.,,0
2026-10-14,135465,UPCOMING,Gloucester,4150,,,Chelsea,4086,,,Northeastern,Greater Boston,4:30 P.M.,,0
2026-10-14,135584,UPCOMING,Uxbridge,4398,,,Doherty,4116,,,CMAC,CMAC,3:30 P.M.,,0
2026-10-14,135715,UPCOMING,Holliston,4174,,,Dedham,4108,,,Tri-Valley,Tri-Valley,4:00 P.M.,,0
2026-10-14,135844,UPCOMING,Mansfield,4230,,,North Attleborough,4284,,,Hockomock,Hockomock,3:45 P.M.,,0
2026-10-14,135906,UPCOMING,Watertown,4409,,,Melrose,4244,,,Middlesex,Middlesex,4:30 P.M.,,0
2026-10-14,135959,UPCOMING,Milford,4249,,,Sharon,4345,,,Hockomock,Hockomock,6:30 P.M.,,0
2026-10-14,136075,UPCOMING,Oxford,4303,,,Advanced Math and Science,4595,,,CMAC,CMAC,3:30 P.M.,,0
2026-10-14,136141,UPCOMING,Greenfield,4157,,,Athol,4017,,,Bi-County,Bi-County,4:00 P.M.,,0
2026-10-14,136296,UPCOMING,Bourne,4050,,,Seekonk,4344,,,South Coast,South Coast,4:00 P.M.,,0
2026-10-14,136530,UPCOMING,Norwood,4297,,,Millis,4251,,,Tri-Valley,Tri-Valley,4:30 P.M.,,0
2026-10-14,136549,UPCOMING,Carver,4077,,,Randolph,4327,,,South Shore,South Shore,4:00 P.M.,,0
2026-10-14,136688,UPCOMING,Foxborough,4142,,,Oliver Ames,4302,,,Hockomock,Hockomock,3:45 P.M.,,0
2026-10-14,136705,UPCOMING,East Bridgewater,4126,,,Cohasset,4094,,,South Shore,South Shore,4:00 P.M.,,0
2026-10-14,136956,UPCOMING,Roxbury Prep,4847,,,Foxborough Charter,4588,,,Charter School Athletic,Charter School Athletic,6:00 P.M.,,0
2026-10-14,137016,UPCOMING,Somerset Berkley,4350,,,Greater New Bedford,4156,,,South Coast,South Coast,3:45 P.M.,,0
2026-10-14,137024,UPCOMING,Somerville,4351,,,Salem,4336,,,Greater Boston,Northeastern,4:30 P.M.,,0
2026-10-14,137060,UPCOMING,Wakefield,4402,,,Wilmington,4432,,,Middlesex,Middlesex,4:15 P.M.,,0
2026-10-14,137162,UPCOMING,Westwood,4424,,,Norton,4295,,,Tri-Valley,Tri-Valley,6:00 P.M.,,0
2026-10-14,137197,UPCOMING,Worcester Tech,4445,,,Abby Kelley Foster,4503,,,CMAC,CMAC,3:30 P.M.,,0
2026-10-14,137287,UPCOMING,New Heights Charter,5088,,,Avon,4460,,,Charter School Athletic,Mayflower,4:00 P.M.,,0
2026-10-14,137312,UPCOMING,Collegiate Charter,4986,,,Boston Collegiate,4592,,,Charter School Athletic,Charter School Athletic,6:00 P.M.,,0
2026-10-14,137394,UPCOMING,Madison Park,4225,,,Charlestown,4084,,,Boston City,Boston City,4:00 P.M.,,0
2026-10-14,137448,UPCOMING,Worcester South,4444,,,David Prouty,4106,,,CMAC,CMAC,6:30 P.M.,,0
2026-10-14,137532,UPCOMING,Mt. Greylock,4262,,,Drury,4120,,,Grieve,Pioneer Valley,4:00 P.M.,,0
2026-10-14,137586,UPCOMING,Monument Mtn.,4260,,,Hampshire,4518,,,Central,Kurty-Fielding,4:30 P.M.,,0
2026-10-14,137656,UPCOMING,Keefe Tech,4191,,,Trivium,4686,,,CMAC,Worcester County,4:00 P.M.,,0
2026-10-14,137687,UPCOMING,Leicester,4207,,,Millbury,4250,,,CMAC,CMAC,6:00 P.M.,,0
2026-10-14,137867,UPCOMING,Granby,4520,,,Palmer,4304,,,Central,Grieve,4:00 P.M.,,0
2026-10-14,137889,UPCOMING,Mashpee,4237,,,Rockland,4331,,,South Shore,South Shore,4:00 P.M.,,0
2026-10-14,138084,UPCOMING,Chicopee,4088,,,Hoosac School,4688,,,Central,Independent,6:00 P.M.,,0
2026-10-14,138093,UPCOMING,Monomoy,4706,,,Nantucket,4265,,,Cape & Islands,Cape & Islands,4:00 P.M.,,0
2026-10-14,138134,UPCOMING,Notre Dame Academy-Worcester,4451,,,Hopedale,4507,,,CMAC,CMAC,3:45 P.M.,,0
2026-10-14,138247,UPCOMING,Hull,4184,,,Norwell,4296,,,South Shore,South Shore,5:30 P.M.,,0
2026-10-14,138288,UPCOMING,Northbridge,4292,,,Blackstone Valley,4046,,,CMAC,CMAC,6:30 P.M.,,0
2026-10-14,138434,UPCOMING,Pittsfield,4314,,,McCann Tech,4240,,,Kurty-Fielding,Tri-County,4:00 P.M.,,0
2026-10-14,138444,UPCOMING,Monson,4429,,,Wahconah,4401,,,Central,Kurty-Fielding,4:00 P.M.,,0
2026-10-14,138529,UPCOMING,St. Bernard’s,4365,,,Monty Tech,4259,,,CMAC,CMAC,4:30 P.M.,,0
2026-10-14,138620,UPCOMING,Falmouth,4134,,,Sandwich,4340,,,Cape & Islands,Cape & Islands,4:00 P.M.,,0
2026-10-14,138884,UPCOMING,Burncoat,4066,,,Parker Charter,4483,,,CMAC,CMAC,3:30 P.M.,,0
2026-10-14,138985,UPCOMING,Rising Tide Charter,4746,,,Dennis-Yarmouth,4111,,,Cape & Islands,Cape & Islands,4:00 P.M.,,0
2026-10-14,139043,UPCOMING,Martha’s Vineyard,4235,,,St. John Paul II,4689,,,Cape & Islands,Cape & Islands,3:15 P.M.,,0
2026-10-14,139076,UPCOMING,West Bridgewater,4415,,,Fairhaven,4133,,,South Coast,South Coast,3:45 P.M.,,0
2026-10-14,139094,UPCOMING,Smith Voc.,4539,,,Holyoke,4176,,,Tri-County,Pioneer Valley,5:00 P.M.,,0
2026-10-15,133712,UPCOMING,Northampton,4291,,,Agawam,4004,,,Central,Kurty-Fielding,6:00 P.M.,,0
2026-10-15,133782,UPCOMING,Boston Latin,4049,,,Acton-Boxborough,4003,,,Dual County,Dual County,4:00 P.M.,,0
2026-10-15,133840,UPCOMING,Algonquin,4005,,,Bishop Feehan,4042,,,Mid-Wach,Catholic Central,6:00 P.M.,,0
2026-10-15,133951,UPCOMING,Westborough,4418,,,Ashland,4015,,,Mid-Wach,Tri-Valley,4:00 P.M.,,0
2026-10-15,133973,UPCOMING,Andover,4009,,,Lowell,4216,,,Merrimack Valley,Merrimack Valley,7:00 P.M.,,0
2026-10-15,134026,UPCOMING,Lexington,4209,,,Arlington,4013,,,Middlesex,Middlesex,5:00 P.M.,,0
2026-10-15,134028,UPCOMING,Barnstable,4024,,,Dartmouth,4105,,,Pioneer,Pioneer,4:00 P.M.,,0
2026-10-15,134074,UPCOMING,Bedford,4031,,,Medford,4242,,,Dual County,Greater Boston,4:30 P.M.,,0
2026-10-15,134268,UPCOMING,Weymouth,4425,,,Braintree,4051,,,Bay State,Bay State,5:30 P.M.,,0
2026-10-15,134365,UPCOMING,Brockton,4058,,,New Bedford,4273,,,Big Three,Big Three,6:00 P.M.,,0
2026-10-15,134391,UPCOMING,Brookline,4059,,,Needham,4272,,,Bay State,Bay State,4:00 P.M.,,0
2026-10-15,134485,UPCOMING,Billerica,4040,,,Central Catholic,4081,,,Merrimack Valley,Merrimack Valley,6:00 P.M.,,0
2026-10-15,134516,UPCOMING,North Andover,4283,,,Chelmsford,4085,,,Merrimack Valley,Merrimack Valley,6:15 P.M.,,0
2026-10-15,134596,UPCOMING,Malden,4227,,,Everett,4132,,,Greater Boston,Greater Boston,4:15 P.M.,,0
2026-10-15,134613,UPCOMING,Framingham,4143,,,Natick,4270,,,Bay State,Bay State,4:00 P.M.,,0
2026-10-15,134673,UPCOMING,Dracut,4119,,,Haverhill,4167,,,Merrimack Valley,Merrimack Valley,6:30 P.M.,,0
2026-10-15,134721,UPCOMING,Methuen,4246,,,Lawrence,4203,,,Merrimack Valley,Merrimack Valley,5:30 P.M.,,0
2026-10-15,134829,UPCOMING,Lincoln-Sudbury,4211,,,Wayland,4411,,,Dual County,Dual County,4:00 P.M.,,0
2026-10-15,135008,UPCOMING,Newton North,4279,,,Wellesley,4413,,,Bay State,Bay State,4:00 P.M.,,0
2026-10-15,135015,UPCOMING,Newton South,4280,,,Waltham,4405,,,Dual County,Dual County,4:30 P.M.,,0
2026-10-15,135051,UPCOMING,Pentucket,4309,,,Peabody,4306,,,Cape Ann,Northeastern,4:30 P.M.,,0
2026-10-15,135099,UPCOMING,Marshfield,4234,,,Plymouth North,4315,,,Patriot,Patriot,4:00 P.M.,,0
2026-10-15,135122,UPCOMING,Shrewsbury,4348,,,Tahanto,4513,,,Mid-Wach,Mid-Wach,4:00 P.M.,,0
2026-10-15,135416,UPCOMING,Tri-County,4392,,,Bristol-Plymouth,4057,,,Mayflower,Mayflower,3:30 P.M.,,0
2026-10-15,135492,UPCOMING,Chicopee Comprehensive,4089,,,Ludlow,4218,,,Kurty-Fielding,Coombs,4:00 P.M.,,0
2026-10-15,135552,UPCOMING,Blue Hills,4047,,,Diman,4115,,,Mayflower,Mayflower,6:00 P.M.,,0
2026-10-15,135650,UPCOMING,Longmeadow,4214,,,East Longmeadow,4127,,,Kurty-Fielding,Coombs,7:00 P.M.,,0
2026-10-15,135662,UPCOMING,Shepherd Hill,4347,,,Grafton,4153,,,Mid-Wach,Mid-Wach,4:00 P.M.,,0
2026-10-15,135965,UPCOMING,Walpole,4404,,,Milton,4252,,,Bay State,Bay State,4:00 P.M.,,0
2026-10-15,135981,UPCOMING,Minnechaug,4254,,,Belchertown,4032,,,Coombs,Coombs,6:45 P.M.,,0
2026-10-15,136170,UPCOMING,Ayer Shirley,4022,,,Narragansett,4266,,,Mid-Wach,Mid-Wach,4:00 P.M.,,0
2026-10-15,136423,UPCOMING,North Quincy,4287,,,Hanover,4164,,,Patriot,Patriot,4:00 P.M.,,0
2026-10-15,136608,UPCOMING,Maimonides,4473,,,Cathedral/Cristo Rey,4079,,,Independent,Catholic Central,5:30 P.M.,,0
2026-10-15,136663,UPCOMING,Southwick,4519,,,Clinton,4093,,,Central,Mid-Wach,6:30 P.M.,,0
2026-10-15,136735,UPCOMING,Douglas,4506,,,Tantasqua,4387,,,CMAC,CMAC,4:00 P.M.,,0
2026-10-15,136781,UPCOMING,Scituate,4343,,,Plymouth South,4316,,,Patriot,Patriot,4:00 P.M.,,0
2026-10-15,136874,UPCOMING,Excel Academy,4969,,,Winthrop,4437,,,Charter School Athletic,Northeastern,4:00 P.M.,,0
2026-10-15,136899,UPCOMING,Pembroke,4308,,,Quincy,4326,,,Patriot,Patriot,4:00 P.M.,,0
2026-10-15,137104,UPCOMING,Wahconah,4401,,,Frontier,4146,,,Kurty-Fielding,Pioneer Valley,7:00 P.M.,,0
2026-10-15,137128,UPCOMING,Quabbin,4325,,,Gardner,4147,,,Mid-Wach,Mid-Wach,7:00 P.M.,,0
2026-10-15,137143,UPCOMING,South Hadley,4353,,,West Springfield,4417,,,Kurty-Fielding,Coombs,4:00 P.M.,,0
2026-10-15,137152,UPCOMING,Pope Francis,4796,,,Westfield,4419,,,Bi-County,Coombs,5:15 P.M.,,0
2026-10-15,137269,UPCOMING,Westport,4461,,,Atlantis Charter,4818,,,Mayflower,Mayflower,3:30 P.M.,,0
2026-10-15,137315,UPCOMING,Salem Academy,4604,,,Boston Collegiate,4592,,,Charter School Athletic,Charter School Athletic,4:00 P.M.,,0
2026-10-15,137327,UPCOMING,Boston International,4547,,,New Mission/English High,4494,,,Boston City,Boston City,4:00 P.M.,,0
2026-10-15,137359,UPCOMING,Bristol Aggie,4463,,,Norfolk Aggie,4458,,,Mayflower,Mayflower,3:30 P.M.,,0
2026-10-15,137517,UPCOMING,Lynn Tech,4222,,,Greater Lawrence,4154,,,Commonwealth,Commonwealth,7:30 P.M.,,0
2026-10-15,137550,UPCOMING,Rockport,4490,,,Hamilton-Wenham,4163,,,Cape Ann,Cape Ann,6:00 P.M.,,0
2026-10-15,137632,UPCOMING,Ipswich,4190,,,Manchester Essex,4229,,,Cape Ann,Cape Ann,4:00 P.M.,,0
2026-10-15,137721,UPCOMING,Tyngsborough,4397,,,Littleton,4212,,,Mid-Wach,Mid-Wach,4:00 P.M.,,0
2026-10-15,137766,UPCOMING,Lunenburg,4219,,,Bromfield,4505,,,Mid-Wach,Mid-Wach,6:30 P.M.,,0
2026-10-15,137932,UPCOMING,Hudson,4182,,,Maynard,4239,,,Mid-Wach,Mid-Wach,4:00 P.M.,,0
2026-10-15,138034,UPCOMING,Wareham,4407,,,Holbrook,4172,,,Mayflower,Mayflower,3:45 P.M.,,0
2026-10-15,138052,UPCOMING,Minuteman,4255,,,Innovation Academy,4690,,,Commonwealth,Commonwealth,4:00 P.M.,,0
2026-10-15,138203,UPCOMING,Hopkins,4531,,,Springfield International,4480,,,Pioneer Valley,Pioneer Valley,4:00 P.M.,,0
2026-10-15,138241,UPCOMING,Mystic Valley,4264,,,Shawsheen,4346,,,Commonwealth,Commonwealth,6:15 P.M.,,0
2026-10-15,138327,UPCOMING,Northeast,4293,,,Nashoba,4267,,,Independent,Mid-Wach,4:00 P.M.,,0
2026-10-15,138559,UPCOMING,Northeast,4293,,,Nashoba Valley Tech,4268,,,Independent,Commonwealth,4:00 P.M.,,0
2026-10-15,138758,UPCOMING,Old Colony,4300,,,South Shore Voc-Tech,4356,,,Mayflower,Mayflower,3:30 P.M.,,0
2026-10-15,138904,UPCOMING,Sizer,4509,,,Pathfinder,4305,,,Worcester County,Bi-County,4:00 P.M.,,0
2026-10-15,138914,UPCOMING,Pioneer Charter I,4701,,,Prospect Hill,4593,,,Charter School Athletic,Charter School Athletic,6:30 P.M.,,0
2026-10-15,139055,UPCOMING,St. Mary (Westfield),4537,,,Smith Academy,4538,,,Bi-County,Bi-County,4:00 P.M.,,0
2026-10-15,139098,UPCOMING,TechBoston,4117,,,Dearborn STEM,5016,,,Boston City,Boston City,4:00 P.M.,,0
2026-10-15,139111,UPCOMING,Upper Cape,4457,,,Southeastern,4358,,,Mayflower,Mayflower,3:30 P.M.,,0
2026-10-15,139124,UPCOMING,West Boylston,4414,,,Fitchburg,4139,,,Mid-Wach,Mid-Wach,4:00 P.M.,,0
2026-10-16,133714,UPCOMING,Agawam,4004,,,Westfield,4419,,,Kurty-Fielding,Coombs,7:00 P.M.,,0
2026-10-16,133953,UPCOMING,Norton,4295,,,Ashland,4015,,,Tri-Valley,Tri-Valley,6:30 P.M.,,0
2026-10-16,134107,UPCOMING,Attleboro,4018,,,Bridgewater-Raynham,4053,,,Hockomock,Pioneer,3:45 P.M.,,0
2026-10-16,134565,UPCOMING,Taunton,4388,,,Durfee,4122,,,Hockomock,Big Three,3:45 P.M.,,0
2026-10-16,134700,UPCOMING,Medway,4243,,,Hopkinton,4180,,,Tri-Valley,Tri-Valley,6:00 P.M.,,0
2026-10-16,135168,UPCOMING,Hoosac School,4688,,,Springfield Central,4360,,,Independent,Grieve,4:30 P.M.,,0
2026-10-16,135323,UPCOMING,Sharon,4345,,,Abington,4002,,,Hockomock,South Shore,6:00 P.M.,,0
2026-10-16,135466,UPCOMING,Chelsea,4086,,,East Boston,4125,,,Greater Boston,Boston City,4:15 P.M.,,0
2026-10-16,135587,UPCOMING,Advanced Math and Science,4595,,,Doherty,4116,,,CMAC,CMAC,3:30 P.M.,,0
2026-10-16,135617,UPCOMING,Duxbury,4123,,,Whitman-Hanson,4427,,,Patriot,Patriot,4:00 P.M.,,0
2026-10-16,135718,UPCOMING,Dover-Sherborn,4118,,,Holliston,4174,,,Tri-Valley,Tri-Valley,4:00 P.M.,,0
2026-10-16,135806,UPCOMING,Mt. Greylock,4262,,,Longmeadow,4214,,,Grieve,Kurty-Fielding,6:30 P.M.,,0
2026-10-16,135858,UPCOMING,Manchester Essex,4229,,,Marblehead,4231,,,Cape Ann,Northeastern,4:00 P.M.,,0
2026-10-16,135936,UPCOMING,Middleborough,4247,,,Fairhaven,4133,,,South Shore,South Coast,4:00 P.M.,,0
2026-10-16,136032,UPCOMING,Shepherd Hill,4347,,,North Attleborough,4284,,,Mid-Wach,Hockomock,4:00 P.M.,,0
2026-10-16,136108,UPCOMING,Georgetown,4148,,,Amesbury,4007,,,Cape Ann,Cape Ann,7:00 P.M.,,0
2026-10-16,136143,UPCOMING,Pioneer Valley,4536,,,Athol,4017,,,Pioneer Valley,Bi-County,6:30 P.M.,,0
2026-10-16,136216,UPCOMING,Notre Dame Academy-Worcester,4451,,,Bay Path,4027,,,CMAC,CMAC,3:45 P.M.,,0
2026-10-16,136243,UPCOMING,Assabet,4016,,,Blackstone-Millville,4486,,,CMAC,CMAC,3:30 P.M.,,0
2026-10-16,136298,UPCOMING,Sturgis West,4735,,,Bourne,4050,,,Cape & Islands,South Coast,3:00 P.M.,,0
2026-10-16,136551,UPCOMING,Carver,4077,,,Mashpee,4237,,,South Shore,South Shore,4:30 P.M.,,0
2026-10-16,136583,UPCOMING,Notre Dame (Hingham),4449,,,Scituate,4343,,,Catholic Conference,Patriot,4:00 P.M.,,0
2026-10-16,136666,UPCOMING,Clinton,4093,,,North Middlesex,4286,,,Mid-Wach,Mid-Wach,4:00 P.M.,,0
2026-10-16,136827,UPCOMING,Chicopee,4088,,,Easthampton,4130,,,Central,Pioneer Valley,6:00 P.M.,,0
2026-10-16,136848,UPCOMING,Renaissance,4664,,,Putnam,4362,,,Pioneer Valley,Tri-County,4:00 P.M.,,0
2026-10-16,136875,UPCOMING,Brighton,4055,,,Excel Academy,4969,,,Boston City,Charter School Athletic,6:00 P.M.,,0
2026-10-16,136930,UPCOMING,Dennis-Yarmouth,4111,,,Falmouth Academy,4135,,,Cape & Islands,Cape & Islands,4:00 P.M.,,0
2026-10-16,136936,UPCOMING,Essex Tech,4745,,,Reading,4328,,,Cape Ann,Middlesex,5:00 P.M.,,0
2026-10-16,137025,UPCOMING,Somerville,4351,,,Watertown,4409,,,Greater Boston,Middlesex,4:15 P.M.,,0
2026-10-16,137043,UPCOMING,Southeastern,4358,,,Rising Tide Charter,4746,,,Mayflower,Cape & Islands,4:00 P.M.,,0
2026-10-16,137047,UPCOMING,Fontbonne,4447,,,Stoughton,4381,,,Catholic Conference,Hockomock,4:00 P.M.,,0
2026-10-16,137062,UPCOMING,Wakefield,4402,,,Salem,4336,,,Middlesex,Northeastern,5:00 P.M.,,0
2026-10-16,137220,UPCOMING,Collegiate Charter,4986,,,Notre Dame (Tyngsborough),4540,,,Charter School Athletic,Commonwealth,4:30 P.M.,,0
2026-10-16,137289,UPCOMING,Holbrook,4172,,,Avon,4460,,,Mayflower,Mayflower,3:00 P.M.,,0
2026-10-16,137451,UPCOMING,David Prouty,4106,,,Uxbridge,4398,,,CMAC,CMAC,3:30 P.M.,,0
2026-10-16,137538,UPCOMING,Drury,4120,,,Lenox,4532,,,Pioneer Valley,Central,4:30 P.M.,,0
2026-10-16,137590,UPCOMING,Hampshire,4518,,,Millbury,4250,,,Kurty-Fielding,CMAC,7:00 P.M.,,0
2026-10-16,137658,UPCOMING,Burncoat,4066,,,Keefe Tech,4191,,,CMAC,CMAC,3:30 P.M.,,0
2026-10-16,137781,UPCOMING,Mahar,4226,,,Franklin County Tech,4145,,,Grieve,Bi-County,4:00 P.M.,,0
2026-10-16,137834,UPCOMING,Lee,4206,,,Gateway,4517,,,Independent,Pioneer Valley,4:15 P.M.,,0
2026-10-16,137915,UPCOMING,Greenfield,4157,,,Hopkins,4531,,,Bi-County,Pioneer Valley,6:00 P.M.,,0
2026-10-16,137970,UPCOMING,Mt. Everett,4533,,,Hampden Charter East,4712,,,Pioneer Valley,Pioneer Valley,4:30 P.M.,,0
2026-10-16,138009,UPCOMING,Millis,4251,,,Medfield,4241,,,Tri-Valley,Tri-Valley,4:30 P.M.,,0
2026-10-16,138095,UPCOMING,Sturgis East,4456,,,Monomoy,4706,,,Cape & Islands,Cape & Islands,4:00 P.M.,,0
2026-10-16,138137,UPCOMING,Hopedale,4507,,,Worcester South,4444,,,CMAC,CMAC,4:00 P.M.,,0
2026-10-16,138193,UPCOMING,Housatonic Regional (Conn.),5022,,,Monument Mtn.,4260,,,Independent,Central,4:00 P.M.,,0
2026-10-16,138330,UPCOMING,Revere,4329,,,Northeast,4293,,,Greater Boston,Independent,4:15 P.M.,,0
2026-10-16,138353,UPCOMING,Latin Academy,4202,,,O’Bryant,4298,,,Boston City,Boston City,4:00 P.M.,,0
2026-10-16,138437,UPCOMING,Ware,4406,,,McCann Tech,4240,,,Grieve,Tri-County,7:00 P.M.,,0
2026-10-16,138534,UPCOMING,Sizer,4509,,,St. Bernard’s,4365,,,Worcester County,CMAC,3:30 P.M.,,0
2026-10-16,138597,UPCOMING,St. Paul,4954,,,Monty Tech,4259,,,CMAC,CMAC,3:45 P.M.,,0
2026-10-16,138599,UPCOMING,Argosy Collegiate,5032,,,Atlantis Charter,4818,,,Charter School Athletic,Mayflower,2:30 P.M.,,0
2026-10-16,138622,UPCOMING,Sandwich,4340,,,Nauset,4271,,,Cape & Islands,Cape & Islands,4:30 P.M.,,0
2026-10-16,138764,UPCOMING,South Shore Charter,4589,,,Roxbury Prep,4847,,,Charter School Athletic,Charter School Athletic,3:30 P.M.,,0
2026-10-16,138781,UPCOMING,Springfield International,4480,,,Smith Voc.,4539,,,Pioneer Valley,Tri-County,3:30 P.M.,,0
2026-10-16,138869,UPCOMING,Sutton,4512,,,Tantasqua,4387,,,CMAC,CMAC,3:30 P.M.,,0
2026-10-16,138906,UPCOMING,Pathfinder,4305,,,Pioneer Valley Chinese Immersion,4955,,,Bi-County,Tri-County,4:00 P.M.,,0
2026-10-16,138967,UPCOMING,Tri-County,4392,,,Greater New Bedford,4156,,,Mayflower,South Coast,3:45 P.M.,,0
2026-10-16,139033,UPCOMING,Wareham,4407,,,Upper Cape,4457,,,Mayflower,Mayflower,3:30 P.M.,,0
2026-10-16,139093,UPCOMING,Westfield Tech,4420,,,Taconic,4385,,,Tri-County,Pioneer Valley,6:00 P.M.,,0
2026-10-16,139106,UPCOMING,Blackstone Valley,4046,,,Whitinsville Christian,4487,,,CMAC,CMAC,3:30 P.M.,,0
2026-10-17,133785,UPCOMING,Shrewsbury,4348,,,Acton-Boxborough,4003,,,Mid-Wach,Dual County,12:30 P.M.,,0
2026-10-17,133791,UPCOMING,Amherst-Pelham,4008,,,Northampton,4291,,,Pioneer Valley,Central,10:00 A.M.,,0
2026-10-17,133898,UPCOMING,Nantucket,4265,,,Archbishop Williams,4012,,,Cape & Islands,Catholic Central,1:00 P.M.,,0
2026-10-17,133974,UPCOMING,Andover,4009,,,Danvers,4103,,,Merrimack Valley,Northeastern,3:00 P.M.,,0
2026-10-17,134036,UPCOMING,Falmouth,4134,,,Barnstable,4024,,,Cape & Islands,Pioneer,12:30 P.M.,,0
2026-10-17,134142,UPCOMING,Belmont,4034,,,Brookline,4059,,,Middlesex,Bay State,5:00 P.M.,,0
2026-10-17,134211,UPCOMING,Bishop Feehan,4042,,,Melrose,4244,,,Catholic Central,Middlesex,11:00 A.M.,,0
2026-10-17,134269,UPCOMING,Plymouth North,4315,,,Braintree,4051,,,Patriot,Bay State,11:00 P.M.,,0
2026-10-17,134342,UPCOMING,Brockton,4058,,,Revere,4329,,,Big Three,Greater Boston,1:00 P.M.,,0
2026-10-17,134488,UPCOMING,Central Catholic,4081,,,Masconomet,4236,,,Merrimack Valley,Northeastern,2:00 P.M.,,0
2026-10-17,134615,UPCOMING,Framingham,4143,,,Milford,4249,,,Bay State,Hockomock,11:00 A.M.,,0
2026-10-17,134650,UPCOMING,Franklin,4144,,,Natick,4270,,,Hockomock,Bay State,7:00 P.M.,,0
2026-10-17,134675,UPCOMING,Wachusett,4400,,,Haverhill,4167,,,Mid-Wach,Merrimack Valley,11:00 A.M.,,0
2026-10-17,134724,UPCOMING,Greater Lawrence,4154,,,Lawrence,4203,,,Commonwealth,Merrimack Valley,10:00 A.M.,,0
2026-10-17,134830,UPCOMING,Newton North,4279,,,Lincoln-Sudbury,4211,,,Bay State,Dual County,11:00 A.M.,,0
2026-10-17,134902,UPCOMING,Weymouth,4425,,,Medford,4242,,,Bay State,Greater Boston,10:00 A.M.,,0
2026-10-17,134965,UPCOMING,Needham,4272,,,Newton South,4280,,,Bay State,Dual County,6:30 P.M.,,0
2026-10-17,135215,UPCOMING,Waltham,4405,,,Burlington,4065,,,Dual County,Middlesex,10:00 A.M.,,0
2026-10-17,135257,UPCOMING,Westford,4421,,,Billerica,4040,,,Dual County,Merrimack Valley,11:00 A.M.,,0
2026-10-17,135450,UPCOMING,Canton,4071,,,Walpole,4404,,,Hockomock,Bay State,5:00 P.M.,,0
2026-10-17,135553,UPCOMING,Westport,4461,,,Diman,4115,,,Mayflower,Mayflower,10:00 A.M.,,0
2026-10-17,135665,UPCOMING,Wayland,4411,,,Grafton,4153,,,Dual County,Mid-Wach,12:00 P.M.,,0
2026-10-17,135691,UPCOMING,Hingham,4171,,,Norwell,4296,,,Patriot,South Shore,11:00 A.M.,,0
2026-10-17,135738,UPCOMING,Mansfield,4230,,,King Philip,4197,,,Hockomock,Hockomock,10:00 A.M.,,0
2026-10-17,135888,UPCOMING,Marshfield,4234,,,Silver Lake,4349,,,Patriot,Patriot,11:00 A.M.,,0
2026-10-17,135982,UPCOMING,Douglas,4506,,,Minnechaug,4254,,,CMAC,Coombs,11:00 A.M.,,0
2026-10-17,136016,UPCOMING,Newburyport,4276,,,Pentucket,4309,,,Cape Ann,Cape Ann,7:00 P.M.,,0
2026-10-17,136173,UPCOMING,Ayer Shirley,4022,,,Bromfield,4505,,,Mid-Wach,Mid-Wach,11:00 A.M.,,0
2026-10-17,136830,UPCOMING,Easthampton,4130,,,Southwick,4519,,,Pioneer Valley,Central,5:00 P.M.,,0
2026-10-17,137163,UPCOMING,Dedham,4108,,,Westwood,4424,,,Tri-Valley,Tri-Valley,10:00 A.M.,,0
2026-10-17,137689,UPCOMING,Northbridge,4292,,,Leicester,4207,,,CMAC,CMAC,1:00 P.M.,,0
2026-10-17,138462,UPCOMING,Quaboag,4510,,,Oxford,4303,,,CMAC,CMAC,11:30 A.M.,,0
2026-10-17,138562,UPCOMING,Martha’s Vineyard,4235,,,Nashoba Valley Tech,4268,,,Cape & Islands,Commonwealth,,,0
2026-10-17,138810,UPCOMING,Palmer,4304,,,Holyoke,4176,,,Grieve,Pioneer Valley,7:00 P.M.,,0
2026-10-17,138957,UPCOMING,Smith Academy,4538,,,Pioneer Valley,4536,,,Bi-County,Pioneer Valley,2:00 P.M.,,0
