team,elo
Apponequet,1544.951473510466
Bourne,1455.048526489534
