team,elo
Quincy/North Quincy,1565.261016399771
Canton,1546.7651949914268
Duxbury,1543.7261556904882
Malden Catholic,1518.834492099163
Latin Academy,1481.165507900837
Marshfield/Hanover,1456.2738443095118
Norwell,1453.2348050085732
Plymouth North/South,1434.738983600229
