date,game_id,status,home_team,home_team_id,home_score,home_outcome,visitor_team,visitor_team_id,visitor_score,visitor_outcome,home_conference,visitor_conference,time,overtime,is_shootout_win,season,home_elo_pre,away_elo_pre,home_elo_post,away_elo_post,home_win_prob,away_win_prob,pred_point_spread,actual_point_spread
2024-09-03,40797,FINAL,Westfield Tech,4420,29.0,0.0,Smith Voc.,4539,26.0,1.0,Pioneer,Pioneer,,,0,2024,1500.0,1500.0,1517.8223479160597,1482.1776520839403,0.5714631174083814,0.4285368825916186,5.0,3.0
2024-09-03,5150,UPCOMING,Chicopee Comprehensive,4089,,,Westfield,4419,,,Valley,Valley,3:45 P.M.,,0,2024,1514.7561779692787,1502.7555,,,0.5882909171170093,0.4117090828829907,6.200067796927874,
2024-09-04,5185,FINAL,Framingham,4143,40.0,0.0,Walpole,4404,19.0,1.0,Bay State,Bay State,4:00 P.M.,,0,2024,1500.0,1500.0,1539.7387709076156,1460.2612290923844,0.5714631174083814,0.4285368825916186,5.0,21.0
2024-09-04,5078,FINAL,Braintree,4051,45.0,0.0,Natick,4270,15.0,1.0,Bay State,Bay State,4:00 P.M.,,0,2024,1500.0,1500.0,1544.1477051440872,1455.8522948559128,0.5714631174083814,0.4285368825916186,5.0,30.0
2024-09-04,43857,FINAL,Nauset,4271,18.0,1.0,Sturgis East,4456,44.0,0.0,Cape &#38; Islands,Cape &#38; Islands,,,0,2024,1500.0,1500.0,1443.4965237025108,1556.5034762974892,0.5714631174083814,0.4285368825916186,5.0,-26.0
2024-09-04,43839,FINAL,Bellingham,4033,34.0,0.0,Douglas,4506,21.0,1.0,Tri-Valley,Dual Valley,,,0,2024,1500.0,1500.0,1533.9280020304166,1466.0719979695834,0.5714631174083814,0.4285368825916186,5.0,13.0
2024-09-04,43752,FINAL,West Bridgewater,4415,0.0,2.0,South Shore Voc-Tech,4356,0.0,2.0,South Coast,Mayflower,,,0,2024,1500.0,1500.0,1500.0,1500.0,0.5714631174083814,0.4285368825916186,5.0,0.0
2024-09-04,41079,FINAL,Hampshire,4518,50.0,0.0,McCann Tech,4240,15.0,1.0,Pioneer,Pioneer,,,0,2024,1500.0,1500.0,1546.0701010378202,1453.9298989621798,0.5714631174083814,0.4285368825916186,5.0,35.0
2024-09-04,8685,FINAL,Salem,4336,45.0,0.0,Marblehead,4231,15.0,1.0,Northeastern,Northeastern,4:00 P.M.,,0,2024,1500.0,1500.0,1544.1477051440872,1455.8522948559128,0.5714631174083814,0.4285368825916186,5.0,30.0
2024-09-04,8681,FINAL,Swampscott,4383,34.0,0.0,Beverly,4038,23.0,1.0,Northeastern,Northeastern,,,0,2024,1500.0,1482.1776520839403,1530.0885143517237,1452.0891377322166,0.5963830357666131,0.4036169642333869,6.78223479160597,11.0
2024-09-04,5164,UPCOMING,Durfee,4122,,,Diman,4115,,,Big Three,Mayflower,4:00 P.M.,,0,2024,1613.1081274654089,1494.3364170919342,,,0.7254239679765369,0.27457603202346315,16.877171037347466,
2024-09-04,7494,FINAL,Parker Charter,4483,15.0,1.0,Bay Path,4027,50.0,0.0,Colonial,Colonial,3:30 P.M.,,0,2024,1500.0,1500.0,1438.564532884137,1561.435467115863,0.5714631174083814,0.4285368825916186,5.0,-35.0
2024-09-04,7270,FINAL,Milton,4252,34.0,0.0,Weymouth,4425,21.0,1.0,Bay State,Bay State,4:30 P.M.,,0,2024,1561.435467115863,1546.102340651732,1593.6639656246355,1513.8738421429596,0.5929291601322035,0.40707083986779646,6.533312646413106,13.0
2024-09-04,7246,FINAL,Braintree,4051,47.0,0.0,Wellesley,4413,16.0,1.0,Bay State,Bay State,4:00 P.M.,,0,2024,1544.1477051440872,1531.8864895470106,1586.9161905249541,1489.1180041661437,0.5886541215646084,0.4113458784353916,6.226121559707667,31.0
2024-09-04,7199,FINAL,Newton North,4279,19.0,1.0,Weymouth,4425,42.0,0.0,Bay State,Bay State,4:00 P.M.,,0,2024,1438.564532884137,1500.0,1392.462192232405,1546.102340651732,0.4835489801073682,0.5164510198926318,-1.1435467115863047,-23.0
2024-09-04,7197,FINAL,Newton North,4279,15.0,1.0,Milton,4252,50.0,0.0,Bay State,Bay State,4:00 P.M.,,0,2024,1500.0,1500.0,1438.564532884137,1561.435467115863,0.5714631174083814,0.4285368825916186,5.0,-35.0
2024-09-04,7139,FINAL,Wellesley,4413,36.0,0.0,Natick,4270,19.0,1.0,Bay State,Bay State,4:00 P.M.,,0,2024,1500.0,1455.8522948559128,1531.8864895470106,1423.9658053089022,0.632267724040453,0.36773227595954705,9.414770514408724,17.0
2024-09-04,8680,FINAL,Danvers,4103,31.0,0.0,Beverly,4038,28.0,1.0,Northeastern,Northeastern,,,0,2024,1500.0,1500.0,1517.8223479160597,1482.1776520839403,0.5714631174083814,0.4285368825916186,5.0,3.0
2024-09-05,40790,FINAL,Springfield International,4480,15.0,1.0,Putnam,4362,50.0,0.0,Valley,Valley,,,0,2024,1500.0,1500.0,1438.564532884137,1561.435467115863,0.5714631174083814,0.4285368825916186,5.0,-35.0
2024-09-07,7508,UPCOMING,St. Mary’s,4374,,,Bishop Feehan,4042,,,Catholic Central,Catholic Central,10:00 P.M.,,0,2024,1541.083377486299,1614.1132552030165,,,0.4669057967492238,0.5330942032507762,-2.3029877716717464,
2024-09-07,7507,UPCOMING,Cardinal Spellman,4075,,,Bishop Feehan,4042,,,Catholic Central,Catholic Central,10:00 A.M.,,0,2024,1605.5361890335207,1614.1132552030165,,,0.5593315360652503,0.4406684639347497,4.142293383050424,
2024-09-07,7506,UPCOMING,Bishop Stang,4045,,,Bishop Feehan,4042,,,Catholic Central,Catholic Central,10:00 A.M.,,0,2024,1445.6827151349726,1614.1132552030165,,,0.3358728424368965,0.6641271575631035,-11.84305400680439,
2024-09-07,7505,UPCOMING,Arlington Catholic,4014,,,Bishop Feehan,4042,,,Catholic Central,Catholic Central,10:00 A.M.,,0,2024,1716.8397205573663,1614.1132552030165,,,0.7066489941240507,0.2933510058759493,15.272646535434978,
2024-09-07,7504,UPCOMING,Archbishop Williams,4012,,,Bishop Feehan,4042,,,Catholic Central,Catholic Central,10:00 A.M.,,0,2024,1351.076712948192,1614.1132552030165,,,0.226823194067488,0.773176805932512,-21.303654225482454,
2024-09-07,5049,UPCOMING,Bishop Fenwick,4043,,,Bishop Feehan,4042,,,Catholic Central,Catholic Central,10:00 A.M.,,0,2024,1393.8409966967117,1614.1132552030165,,,0.2728588646360652,0.7271411353639348,-17.027225850630476,
2024-09-09,43626,FINAL,Rockland,4331,47.0,0.0,East Bridgewater,4126,16.0,1.0,South Shore,South Shore,,,0,2024,1500.0,1500.0,1544.5558697901492,1455.4441302098508,0.5714631174083814,0.4285368825916186,5.0,31.0
2024-09-09,40351,FINAL,Advanced Math and Science,4595,20.0,1.0,Keefe Tech,4191,38.0,0.0,Colonial,Colonial,,,0,2024,1500.0,1500.0,1449.520851658404,1550.479148341596,0.5714631174083814,0.4285368825916186,5.0,-18.0
2024-09-09,43478,FINAL,Cohasset,4094,50.0,0.0,Norwell,4296,15.0,1.0,South Shore,South Shore,,,0,2024,1500.0,1500.0,1546.0701010378202,1453.9298989621798,0.5714631174083814,0.4285368825916186,5.0,35.0
2024-09-10,40563,FINAL,Blackstone Valley,4046,15.0,1.0,University Park/Claremont,4514,50.0,0.0,Colonial,Colonial,,,0,2024,1537.1589270797904,1500.0,1470.1974580584563,1566.961469021334,0.6228651238381457,0.37713487616185426,8.715892707979037,-35.0
2024-09-10,43531,FINAL,Monomoy,4706,16.0,1.0,St. John Paul II,4689,49.0,0.0,Cape &#38; Islands,Cape &#38; Islands,,,0,2024,1500.0,1500.0,1439.5444506449098,1560.4555493550902,0.5714631174083814,0.4285368825916186,5.0,-33.0
2024-09-10,43693,FINAL,Fairhaven,4133,32.0,0.0,Bourne,4050,25.0,1.0,South Coast,South Coast,,,0,2024,1500.0,1500.0,1526.7335218740895,1473.2664781259105,0.5714631174083814,0.4285368825916186,5.0,7.0
2024-09-10,40613,FINAL,Greater New Bedford,4156,26.0,1.0,Old Rochester,4301,33.0,0.0,South Coast,South Coast,,,0,2024,1500.0,1500.0,1464.3502756236944,1535.6497243763056,0.5714631174083814,0.4285368825916186,5.0,-7.0
2024-09-10,8937,UPCOMING,Plymouth South,4316,,,Pembroke,4308,,,Patriot,Patriot,4:00 P.M.,,0,2024,1394.4027116901816,1359.430870236041,,,0.619903166764528,0.38009683323547205,8.497184145414053,
2024-09-10,4974,UPCOMING,Algonquin,4005,,,Shepherd Hill,4347,,,Mid-Wach,Mid-Wach,4:00 P.M.,,0,2024,1486.0748576338822,1522.756629948798,,,0.5191570880187634,0.48084291198123663,1.3318227685084139,
2024-09-10,5151,UPCOMING,Chicopee Comprehensive,4089,,,Amherst-Pelham,4008,,,Valley,Valley,3:45 P.M.,,0,2024,1514.7561779692787,1502.7555,,,0.5882909171170093,0.4117090828829907,6.200067796927874,
2024-09-10,5165,UPCOMING,Somerset Berkley,4350,,,Diman,4115,,,South Coast,Mayflower,3:30 P.M.,,0,2024,1392.660975749111,1494.3364170919342,,,0.42617662857438415,0.5738233714256158,-5.167544134282321,
2024-09-10,40343,FINAL,Blackstone Valley,4046,37.0,0.0,Monty Tech,4259,20.0,1.0,Colonial,Colonial,,,0,2024,1500.0,1500.0,1537.1589270797904,1462.8410729202096,0.5714631174083814,0.4285368825916186,5.0,17.0
2024-09-10,43851,FINAL,Monomoy,4706,16.0,1.0,Cape Cod Academy,4072,49.0,0.0,Cape &#38; Islands,Cape &#38; Islands,,,0,2024,1439.5444506449098,1500.0,1388.2403698597584,1551.3040807851514,0.4849577955044335,0.5150422044955665,-1.045554935509017,-33.0
2024-09-10,9230,FINAL,Rising Tide Charter,4746,24.0,1.0,Sturgis East,4456,35.0,0.0,Cape &#38; Islands,Cape &#38; Islands,4:00 P.M.,,0,2024,1500.0,1556.5034762974892,1463.4240250063654,1593.0794512911239,0.4906418382189544,0.5093581617810456,-0.6503476297489215,-11.0
2024-09-10,43840,FINAL,Blackstone-Millville,4486,46.0,0.0,Bellingham,4033,23.0,1.0,Dual Valley,Tri-Valley,,,0,2024,1500.0,1533.9280020304166,1545.4671785891228,1488.460823441294,0.5231129802884767,0.47688701971152325,1.6071997969583436,23.0
2024-09-10,9219,FINAL,Dighton-Rehoboth,4114,42.0,0.0,Apponequet,4011,19.0,1.0,South Coast,South Coast,4:00 P.M.,,0,2024,1500.0,1500.0,1540.8573984349698,1459.1426015650302,0.5714631174083814,0.4285368825916186,5.0,23.0
2024-09-10,9229,FINAL,Nantucket,4265,27.0,1.0,Dennis-Yarmouth,4111,28.0,0.0,Cape &#38; Islands,Cape &#38; Islands,4:00 P.M.,,0,2024,1500.0,1500.0,1488.1167585412315,1511.8832414587685,0.5714631174083814,0.4285368825916186,5.0,-1.0
2024-09-10,8870,FINAL,Wilmington,4432,19.0,1.0,Woburn,4438,40.0,0.0,Middlesex,Middlesex,4:00 P.M.,,0,2024,1500.0,1500.0,1447.007497306866,1552.992502693134,0.5714631174083814,0.4285368825916186,5.0,-21.0
2024-09-10,8866,FINAL,Melrose,4244,28.0,1.0,Winchester,4434,29.0,0.0,Middlesex,Middlesex,4:15 P.M.,,0,2024,1500.0,1500.0,1488.1167585412315,1511.8832414587685,0.5714631174083814,0.4285368825916186,5.0,-1.0
2024-09-10,8860,FINAL,Reading,4328,15.0,1.0,Watertown,4409,50.0,0.0,Middlesex,Middlesex,4:15 P.M.,,0,2024,1500.0,1500.0,1438.564532884137,1561.435467115863,0.5714631174083814,0.4285368825916186,5.0,-35.0
2024-09-10,8850,FINAL,Lexington,4209,19.0,1.0,Wakefield,4402,42.0,0.0,Middlesex,Middlesex,4:00 P.M.,,0,2024,1500.0,1500.0,1445.5157835245316,1554.4842164754684,0.5714631174083814,0.4285368825916186,5.0,-23.0
2024-09-10,7445,FINAL,St. John’s Prep,4369,19.0,1.0,Xaverian,4446,44.0,0.0,Catholic Conference,Catholic Conference,4:00 P.M.,,0,2024,1500.0,1500.0,1444.1435398669437,1555.8564601330563,0.5714631174083814,0.4285368825916186,5.0,-25.0
2024-09-10,7334,FINAL,Silver Lake,4349,39.0,0.0,Hingham,4171,17.0,1.0,Patriot,Patriot,4:00 P.M.,,0,2024,1500.0,1500.0,1540.3102475003498,1459.6897524996502,0.5714631174083814,0.4285368825916186,5.0,22.0
2024-09-10,7211,FINAL,Franklin,4144,28.0,0.0,Sharon,4345,27.0,1.0,Hockomock,Hockomock,3:45 P.M.,,0,2024,1500.0,1500.0,1508.9111739580298,1491.0888260419702,0.5714631174083814,0.4285368825916186,5.0,1.0
2024-09-10,7483,FINAL,Milford,4249,34.0,0.0,King Philip,4197,25.0,1.0,Hockomock,Hockomock,3:45 P.M.,,0,2024,1500.0,1500.0,1529.602279129608,1470.397720870392,0.5714631174083814,0.4285368825916186,5.0,9.0
2024-09-10,5030,FINAL,Belmont,4034,15.0,1.0,Stoneham,4380,50.0,0.0,Middlesex,Middlesex,4:00 P.M.,,0,2024,1500.0,1500.0,1438.564532884137,1561.435467115863,0.5714631174083814,0.4285368825916186,5.0,-35.0
2024-09-10,5000,FINAL,Attleboro,4018,18.0,1.0,Taunton,4388,60.0,0.0,Hockomock,Hockomock,3:45 P.M.,,0,2024,1500.0,1500.0,1435.5183857006698,1564.4816142993302,0.5714631174083814,0.4285368825916186,5.0,-42.0
2024-09-10,8952,FINAL,Duxbury,4123,22.0,1.0,Plymouth North,4315,33.0,0.0,Patriot,Patriot,4:00 P.M.,,0,2024,1500.0,1500.0,1457.3990249833,1542.6009750167,0.5714631174083814,0.4285368825916186,5.0,-11.0
2024-09-10,9164,FINAL,Hudson,4182,20.0,1.0,Tyngsborough,4397,35.0,0.0,Mid-Wach,Mid-Wach,4:00 P.M.,,0,2024,1500.0,1500.0,1452.467034164926,1547.532965835074,0.5714631174083814,0.4285368825916186,5.0,-15.0
2024-09-10,4986,FINAL,Burlington,4065,46.0,0.0,Arlington,4013,17.0,1.0,Middlesex,Middlesex,4:00 P.M.,,0,2024,1500.0,1500.0,1543.7261556904882,1456.2738443095118,0.5714631174083814,0.4285368825916186,5.0,29.0
2024-09-10,8960,FINAL,Whitman-Hanson,4427,28.0,1.0,Marshfield,4234,31.0,0.0,Patriot,Patriot,4:00 P.M.,,0,2024,1500.0,1500.0,1476.233517082463,1523.766482917537,0.5714631174083814,0.4285368825916186,5.0,-3.0
2024-09-10,8996,FINAL,Oliver Ames,4302,18.0,1.0,Mansfield,4230,40.0,0.0,Hockomock,Hockomock,3:45 P.M.,,0,2024,1500.0,1500.0,1446.2454210224753,1553.7545789775247,0.5714631174083814,0.4285368825916186,5.0,-22.0
2024-09-10,9002,FINAL,North Attleborough,4284,28.0,0.0,Stoughton,4381,27.0,1.0,Hockomock,Hockomock,3:45 P.M.,,0,2024,1500.0,1500.0,1508.9111739580298,1491.0888260419702,0.5714631174083814,0.4285368825916186,5.0,1.0
2024-09-10,5067,FINAL,St. John’s (Shrewsbury),4368,37.0,0.0,BC High,4029,21.0,1.0,Catholic Conference,Catholic Conference,4:00 P.M.,,0,2024,1500.0,1500.0,1536.4240924253647,1463.5759075746353,0.5714631174083814,0.4285368825916186,5.0,16.0
2024-09-11,9280,FINAL,Wellesley,4413,20.0,1.0,Walpole,4404,38.0,0.0,Bay State,Bay State,,,0,2024,1528.3327502365153,1460.2612290923844,1469.709028770051,1518.8849505588487,0.6636660031702708,0.3363339968297292,11.807152114413089,-18.0
2024-09-11,9281,FINAL,Brookline,4059,17.0,1.0,Walpole,4404,46.0,0.0,Bay State,Bay State,,,0,2024,1460.7852539296284,1518.8849505588487,1410.9564493427883,1568.7137551456888,0.48834571079287503,0.511654289207125,-0.8099696629220261,-29.0
2024-09-11,42992,FINAL,Everett,4132,31.0,0.0,Lynn Classical,4220,24.0,1.0,Greater Boston,Greater Boston,,,0,2024,1526.7335218740895,1500.0,1551.1461269658457,1475.5873949082438,0.6086672855438081,0.3913327144561919,7.6733521874089545,7.0
2024-09-11,42122,FINAL,New Bedford,4273,43.0,0.0,Bishop Stang,4045,17.0,1.0,Big Three,Catholic Central,,,0,2024,1500.0,1500.0,1542.3716296826408,1457.6283703173592,0.5714631174083814,0.4285368825916186,5.0,26.0
2024-09-11,42633,FINAL,Winthrop,4437,48.0,0.0,Hingham,4171,15.0,1.0,Northeastern,Patriot,,,0,2024,1500.0,1459.6897524996502,1539.447617883422,1420.2421346162282,0.6271168001867322,0.3728831998132678,9.031024750034977,33.0
2024-09-11,9271,FINAL,Wellesley,4413,37.0,0.0,Brookline,4059,19.0,1.0,Bay State,Bay State,,,0,2024,1489.1180041661437,1500.0,1528.3327502365153,1460.7852539296284,0.5560586544348176,0.4439413455651824,3.911800416614369,18.0
2024-09-11,41187,FINAL,Minuteman,4255,37.0,0.0,Mystic Valley,4264,20.0,1.0,Commonwealth,Commonwealth,,,0,2024,1500.0,1500.0,1537.1589270797904,1462.8410729202096,0.5714631174083814,0.4285368825916186,5.0,17.0
2024-09-11,9263,FINAL,Tantasqua,4387,26.0,1.0,Auburn,4019,33.0,0.0,SWCL,SWCL,3:30 P.M.,,0,2024,1500.0,1453.9298989621798,1460.3968141495695,1493.5330848126102,0.6348368869980014,0.36516311300199855,9.607010103782022,-7.0
2024-09-11,9244,FINAL,Newburyport,4276,15.0,1.0,Pentucket,4309,40.0,0.0,Cape Ann,Cape Ann,,,0,2024,1500.0,1500.0,1444.1435398669437,1555.8564601330563,0.5714631174083814,0.4285368825916186,5.0,-25.0
2024-09-11,9260,FINAL,Tri-County,4392,15.0,1.0,Bristol Aggie,4463,50.0,0.0,Mayflower,Mayflower,3:30 P.M.,,0,2024,1500.0,1500.0,1438.564532884137,1561.435467115863,0.5714631174083814,0.4285368825916186,5.0,-35.0
2024-09-11,5186,UPCOMING,Milton,4252,,,Framingham,4143,,,Bay State,Bay State,4:30 P.M.,,0,2024,1605.1898505693323,1713.135082913268,,,0.4173747777193755,0.5826252222806245,-5.794523234393568,
2024-09-11,5080,FINAL,Braintree,4051,45.0,0.0,Newton North,4279,18.0,1.0,Bay State,Bay State,4:30 P.M.,,0,2024,1586.9161905249541,1392.462192232405,1606.577289417032,1372.801093340327,0.8033224068126592,0.1966775931873408,24.445399829254917,27.0
2024-09-11,5134,FINAL,Central Catholic,4081,15.0,1.0,Dracut,4119,50.0,0.0,Merrimack Valley,Merrimack Valley,3:45 P.M.,,0,2024,1500.0,1500.0,1438.564532884137,1561.435467115863,0.5714631174083814,0.4285368825916186,5.0,-35.0
2024-09-11,5146,FINAL,Chelmsford,4085,20.0,1.0,North Andover,4283,35.0,0.0,Merrimack Valley,Merrimack Valley,4:00 P.M.,,0,2024,1500.0,1500.0,1452.467034164926,1547.532965835074,0.5714631174083814,0.4285368825916186,5.0,-15.0
2024-09-11,7140,FINAL,Needham,4272,26.0,1.0,Natick,4270,29.0,0.0,Bay State,Bay State,4:00 P.M.,,0,2024,1500.0,1423.9658053089022,1471.9766367857433,1451.989168523159,0.6738194523039706,0.32618054769602944,12.603419469109781,-3.0
2024-09-11,7496,FINAL,Beverly,4038,31.0,0.0,Marblehead,4231,25.0,1.0,Northeastern,Northeastern,4:00 P.M.,,0,2024,1452.0891377322166,1455.8522948559128,1477.416124762167,1430.5253078259623,0.5661501116029434,0.4338498883970566,4.623684287630385,6.0
2024-09-11,8903,FINAL,Tewksbury,4389,42.0,0.0,Lowell,4216,19.0,1.0,Merrimack Valley,Merrimack Valley,4:00 P.M.,,0,2024,1500.0,1500.0,1540.8573984349698,1459.1426015650302,0.5714631174083814,0.4285368825916186,5.0,23.0
2024-09-11,8907,FINAL,Billerica,4040,19.0,1.0,Methuen,4246,36.0,0.0,Merrimack Valley,Merrimack Valley,3:45 P.M.,,0,2024,1500.0,1500.0,1450.4477743429054,1549.5522256570946,0.5714631174083814,0.4285368825916186,5.0,-17.0
2024-09-11,8929,FINAL,Scituate,4343,26.0,1.0,Hanover,4164,29.0,0.0,Patriot,Patriot,4:00 P.M.,,0,2024,1500.0,1500.0,1476.233517082463,1523.766482917537,0.5714631174083814,0.4285368825916186,5.0,-3.0
2024-09-11,8980,FINAL,Foxborough,4142,18.0,1.0,Canton,4071,37.0,0.0,Hockomock,Hockomock,3:45 P.M.,,0,2024,1500.0,1500.0,1448.6414848810182,1551.3585151189818,0.5714631174083814,0.4285368825916186,5.0,-19.0
2024-09-11,9008,FINAL,Hamilton-Wenham,4163,15.0,1.0,Georgetown,4148,49.0,0.0,Cape Ann,Cape Ann,3:30 P.M.,,0,2024,1500.0,1500.0,1439.0474913992825,1560.9525086007175,0.5714631174083814,0.4285368825916186,5.0,-34.0
2024-09-11,9025,FINAL,Essex Tech,4745,40.0,0.0,Triton,4395,18.0,1.0,Cape Ann,Cape Ann,4:00 P.M.,,0,2024,1500.0,1500.0,1540.3102475003498,1459.6897524996502,0.5714631174083814,0.4285368825916186,5.0,22.0
2024-09-11,9032,FINAL,Amesbury,4007,32.0,0.0,Lynnfield,4223,25.0,1.0,Cape Ann,Cape Ann,4:00 P.M.,,0,2024,1500.0,1500.0,1526.7335218740895,1473.2664781259105,0.5714631174083814,0.4285368825916186,5.0,7.0
2024-09-11,9046,FINAL,Ipswich,4190,28.0,1.0,Manchester Essex/Rockport,4229,29.0,0.0,Cape Ann,Cape Ann,4:00 P.M.,,0,2024,1500.0,1500.0,1488.1167585412315,1511.8832414587685,0.5714631174083814,0.4285368825916186,5.0,-1.0
2024-09-11,9091,FINAL,Everett,4132,31.0,0.0,Lynn English,4221,24.0,1.0,Greater Boston,Greater Boston,4:00 P.M.,,0,2024,1500.0,1500.0,1526.7335218740895,1473.2664781259105,0.5714631174083814,0.4285368825916186,5.0,7.0
2024-09-11,9095,FINAL,Medford,4242,50.0,0.0,Lynn English,4221,15.0,1.0,Greater Boston,Greater Boston,4:00 P.M.,,0,2024,1500.0,1473.2664781259105,1542.070445804736,1431.1960323211745,0.6086672855438081,0.3913327144561919,7.6733521874089545,35.0
2024-09-11,9139,FINAL,Salem,4336,43.0,0.0,Masconomet,4236,18.0,1.0,Northeastern,Northeastern,4:00 P.M.,,0,2024,1544.1477051440872,1500.0,1580.090922800764,1464.0567823433232,0.632267724040453,0.36773227595954705,9.414770514408724,25.0
2024-09-11,9240,FINAL,Holliston,4174,15.0,1.0,Norwood,4297,50.0,0.0,Tri-Valley,Tri-Valley,4:30 P.M.,,0,2024,1500.0,1500.0,1438.564532884137,1561.435467115863,0.5714631174083814,0.4285368825916186,5.0,-35.0
2024-09-11,9250,FINAL,Dedham,4108,30.0,0.0,Medway,4243,28.0,1.0,Tri-Valley,Tri-Valley,4:00 P.M.,,0,2024,1500.0,1500.0,1514.1238765608803,1485.8761234391197,0.5714631174083814,0.4285368825916186,5.0,2.0
2024-09-11,9262,FINAL,Bartlett,4026,50.0,0.0,Auburn,4019,15.0,1.0,SWCL,SWCL,3:30 P.M.,,0,2024,1500.0,1500.0,1546.0701010378202,1453.9298989621798,0.5714631174083814,0.4285368825916186,5.0,35.0
2024-09-11,9251,UPCOMING,Lexington Christian,4210,,,St. Sebastian’s,4378,,,EIL,ISL,4:00 P.M.,,0,2024,1453.6310923601593,1502.7555,,,0.5012600760298654,0.49873992397013456,0.08755923601593167,
2024-09-12,9354,FINAL,Mashpee,4237,44.0,0.0,Abington,4002,19.0,1.0,South Shore,South Shore,,,0,2024,1500.0,1500.0,1541.8864360075881,1458.1135639924119,0.5714631174083814,0.4285368825916186,5.0,25.0
2024-09-12,9060,FINAL,Chelsea,4086,33.0,0.0,Malden,4227,22.0,1.0,Greater Boston,Greater Boston,4:00 P.M.,,0,2024,1500.0,1500.0,1531.94622447694,1468.05377552306,0.5714631174083814,0.4285368825916186,5.0,11.0
2024-09-12,9066,FINAL,Somerville,4351,18.0,1.0,Revere,4329,48.0,0.0,Greater Boston,Greater Boston,4:00 P.M.,,0,2024,1500.0,1500.0,1441.1280890095327,1558.8719109904673,0.5714631174083814,0.4285368825916186,5.0,-30.0
2024-09-12,40912,FINAL,Southeastern,4358,15.0,1.0,Upper Cape,4457,45.0,0.0,Mayflower,Mayflower,,,0,2024,1500.0,1500.0,1441.1280890095327,1558.8719109904673,0.5714631174083814,0.4285368825916186,5.0,-30.0
2024-09-12,43329,FINAL,Sandwich,4340,21.0,1.0,Rockland,4331,34.0,0.0,South Shore,South Shore,,,0,2024,1500.0,1544.5558697901492,1459.793901518164,1584.7619682719853,0.5078340920025624,0.49216590799743765,0.5444130209850755,-13.0
2024-09-12,43480,FINAL,Norwell,4296,20.0,1.0,Carver,4077,39.0,0.0,South Shore,South Shore,,,0,2024,1453.9298989621798,1500.0,1408.4856584978068,1545.444240464373,0.5056553380459491,0.4943446619540509,0.39298989621797775,-19.0
2024-09-12,43552,FINAL,East Bridgewater,4126,15.0,1.0,Cohasset,4094,50.0,0.0,South Shore,South Shore,,,0,2024,1455.4441302098508,1546.0701010378202,1407.9482194308257,1593.5660118168453,0.4417995420583964,0.5582004579416036,-4.062597082796946,-35.0
2024-09-13,40564,FINAL,Advanced Math and Science,4595,20.0,1.0,Blackstone Valley,4046,41.0,0.0,Colonial,Colonial,,,0,2024,1449.520851658404,1470.1974580584563,1399.251243066898,1520.4670666499621,0.5420998401029148,0.4579001598970852,2.9323393599947623,-21.0
2024-09-16,9052,FINAL,Lynn English,4221,21.0,1.0,Everett,4132,40.0,0.0,Greater Boston,Greater Boston,4:00 P.M.,,0,2024,1431.1960323211745,1551.1461269658457,1395.186834304945,1587.1553249820752,0.4006721866093183,0.5993278133906816,-6.995009464467126,-19.0
2024-09-16,9061,FINAL,Malden,4227,25.0,1.0,Lynn Classical,4220,34.0,0.0,Greater Boston,Greater Boston,4:00 P.M.,,0,2024,1468.05377552306,1475.5873949082438,1429.31428950379,1514.326880927514,0.5608115003312389,0.43918849966876106,4.2466380614816215,-9.0
2024-09-16,9067,FINAL,Somerville,4351,15.0,1.0,Chelsea,4086,45.0,0.0,Greater Boston,Greater Boston,4:00 P.M.,,0,2024,1441.1280890095327,1531.94622447694,1395.642171734051,1577.4321417524216,0.4415267594869732,0.5584732405130268,-4.081813546740728,-30.0
2024-09-16,9096,FINAL,Revere,4329,19.0,1.0,Medford,4242,21.0,0.0,Greater Boston,Greater Boston,4:15 P.M.,,0,2024,1558.8719109904673,1542.070445804736,1539.262747436248,1561.6796093589553,0.5949676622797268,0.40503233772027325,6.6801465185731335,-2.0
2024-09-17,40916,FINAL,Bristol Aggie,4463,37.0,0.0,Upper Cape,4457,21.0,1.0,Mayflower,Mayflower,,,0,2024,1561.435467115863,1558.8719109904673,1597.552721047639,1522.7546570586915,0.5750731349200364,0.4249268650799636,5.256355612539574,16.0
2024-09-17,40852,FINAL,South Shore Voc-Tech,4356,23.0,1.0,Old Colony,4300,32.0,0.0,Mayflower,Mayflower,,,0,2024,1500.0,1500.0,1460.5247263397866,1539.4752736602134,0.5714631174083814,0.4285368825916186,5.0,-9.0
2024-09-17,5018,FINAL,Bay Path,4027,28.0,0.0,Blackstone Valley,4046,27.0,1.0,Colonial,Colonial,3:30 P.M.,,0,2024,1561.435467115863,1520.4670666499621,1569.170941582357,1512.7315921834681,0.6280023116088637,0.37199768839113634,9.096840046590092,1.0
2024-09-17,9846,FINAL,Somerset Berkley,4350,20.0,1.0,Dighton-Rehoboth,4114,37.0,0.0,South Coast,South Coast,,,0,2024,1500.0,1540.8573984349698,1455.5038056007122,1585.3535928342576,0.5131542252045296,0.4868457747954704,0.9142601565030191,-17.0
2024-09-17,41389,FINAL,Cape Cod Tech,4073,17.0,1.0,Holbrook/Avon,4172,45.0,0.0,Mayflower,Mayflower,,,0,2024,1500.0,1500.0,1442.2714388327906,1557.7285611672094,0.5714631174083814,0.4285368825916186,5.0,-28.0
2024-09-17,5001,FINAL,Franklin,4144,36.0,0.0,Attleboro,4018,21.0,1.0,Hockomock,Hockomock,3:45 P.M.,,0,2024,1508.9111739580298,1435.5183857006698,1536.3208112622842,1408.1087483964154,0.6704687682382258,0.32953123176177423,12.339278825736006,15.0
2024-09-17,43532,FINAL,Nantucket,4265,27.0,1.0,Monomoy,4706,28.0,0.0,Cape &#38; Islands,Cape &#38; Islands,,,0,2024,1488.1167585412315,1388.2403698597584,1473.493366100523,1402.863762300467,0.703236525172785,0.296763474827215,14.987638868147314,-1.0
2024-09-17,4987,FINAL,Lexington,4209,26.0,1.0,Arlington,4013,31.0,0.0,Middlesex,Middlesex,4:15 P.M.,,0,2024,1445.5157835245316,1456.2738443095118,1415.616616452797,1486.1730113812464,0.5562347622588754,0.44376523774112464,3.9241939215019785,-5.0
2024-09-17,43694,FINAL,West Bridgewater,4415,15.0,1.0,Fairhaven,4133,50.0,0.0,South Coast,South Coast,,,0,2024,1500.0,1526.7335218740895,1442.6529616649507,1584.0805602091389,0.5334331916005453,0.46656680839945475,2.3266478125910455,-35.0
2024-09-17,43767,FINAL,Rockland,4331,50.0,0.0,Mashpee,4237,15.0,1.0,South Shore,South Shore,,,0,2024,1584.7619682719853,1541.8864360075881,1624.47846042223,1502.1699438573435,0.6305633946934865,0.36943660530651345,9.287553226439718,35.0
2024-09-17,43782,FINAL,Falmouth Academy,4135,25.0,1.0,Sturgis West,4735,33.0,0.0,Cape &#38; Islands,Cape &#38; Islands,,,0,2024,1500.0,1500.0,1462.3310158016739,1537.6689841983261,0.5714631174083814,0.4285368825916186,5.0,-8.0
2024-09-17,43832,FINAL,Rising Tide Charter,4746,20.0,1.0,Cape Cod Academy,4072,41.0,0.0,Cape &#38; Islands,Cape &#38; Islands,,,0,2024,1463.4240250063654,1551.3040807851514,1422.093585318823,1592.6345204726938,0.4457011974783059,0.5542988025216942,-3.7880055778786073,-21.0
2024-09-17,9693,FINAL,Middleborough,4247,25.0,1.0,Abington,4002,30.0,0.0,South Shore,South Shore,,,0,2024,1500.0,1458.1135639924119,1466.1768106375087,1491.9367533549032,0.6292360469020523,0.37076395309794774,9.188643600758814,-5.0
2024-09-17,4975,FINAL,Westborough,4418,38.0,0.0,Algonquin,4005,21.0,1.0,Mid-Wach,Mid-Wach,4:00 P.M.,,0,2024,1500.0,1500.0,1537.1589270797904,1462.8410729202096,0.5714631174083814,0.4285368825916186,5.0,17.0
2024-09-17,43628,FINAL,Carver,4077,38.0,0.0,East Bridgewater,4126,21.0,1.0,South Shore,South Shore,,,0,2024,1545.444240464373,1407.9482194308257,1567.4373004027473,1385.9551594924515,0.7463641152931081,0.2536358847068919,18.749602103354732,17.0
2024-09-17,9690,FINAL,Arlington Catholic,4014,49.0,0.0,Bishop Stang,4045,15.0,1.0,Catholic Central,Catholic Central,,,0,2024,1529.602279129608,1414.1866638320212,1559.300900710683,1384.4880422509461,0.721559173509503,0.27844082649049695,16.541561529758678,34.0
2024-09-17,40347,FINAL,Parker Charter,4483,15.0,1.0,Monty Tech,4259,50.0,0.0,Colonial,Colonial,,,0,2024,1438.564532884137,1462.8410729202096,1380.8392523953753,1520.5663534089713,0.5369515410238205,0.4630484589761795,2.5723459963927326,-35.0
2024-09-17,9631,FINAL,Apponequet,4011,27.0,1.0,Greater New Bedford,4156,29.0,0.0,South Coast,South Coast,,,0,2024,1459.1426015650302,1464.3502756236944,1440.5505696377782,1482.9423075509465,0.5641065587627805,0.4358934412372195,4.4792325941335775,-2.0
2024-09-17,5031,FINAL,Winchester,4434,31.0,0.0,Belmont,4034,24.0,1.0,Middlesex,Middlesex,4:00 P.M.,,0,2024,1511.8832414587685,1438.564532884137,1532.4463474355937,1418.0014269073117,0.6703745442439996,0.32962545575600044,12.33187085746315,7.0
2024-09-17,5050,FINAL,Bishop Fenwick,4043,43.0,0.0,Bishop Feehan,4042,18.0,1.0,Catholic Central,Catholic Central,4:00 P.M.,,0,2024,1500.0,1500.0,1541.8864360075881,1458.1135639924119,0.5714631174083814,0.4285368825916186,5.0,25.0
2024-09-17,5068,FINAL,Catholic Memorial,4080,50.0,0.0,BC High,4029,15.0,1.0,Catholic Conference,Catholic Conference,4:00 P.M.,,0,2024,1500.0,1463.5759075746353,1540.6509780680262,1422.924929506609,0.6218709526755486,0.3781290473244514,8.642409242536473,35.0
2024-09-17,5152,FINAL,Chicopee Comprehensive,4089,31.0,0.0,Chicopee,4088,24.0,1.0,Valley,Valley,3:45 P.M.,,0,2024,1500.0,1500.0,1526.7335218740895,1473.2664781259105,0.5714631174083814,0.4285368825916186,5.0,7.0
2024-09-17,5166,FINAL,Diman,4115,45.0,0.0,Southeastern,4358,15.0,1.0,Mayflower,Mayflower,3:30 P.M.,,0,2024,1500.0,1441.1280890095327,1535.877127114742,1405.2509618947906,0.6517447020198288,0.3482552979801712,10.887191099046731,30.0
2024-09-17,7339,FINAL,Hingham,4171,19.0,1.0,Plymouth North,4315,39.0,0.0,Patriot,Patriot,3:30 P.M.,,0,2024,1420.2421346162282,1542.6009750167,1383.950164631801,1578.8929450011271,0.3973471562649506,0.6026528437350493,-7.235884040047177,-20.0
2024-09-17,7449,FINAL,Xaverian,4446,17.0,1.0,St. John’s (Shrewsbury),4368,38.0,0.0,Catholic Conference,Catholic Conference,4:00 P.M.,,0,2024,1555.8564601330563,1536.4240924253647,1500.3464128694027,1591.9341396890184,0.5986119364935036,0.40138806350649636,6.9432367707691585,-21.0
2024-09-17,7484,FINAL,Taunton,4388,39.0,0.0,King Philip,4197,19.0,1.0,Hockomock,Hockomock,3:45 P.M.,,0,2024,1564.4816142993302,1470.397720870392,1592.2265680173152,1442.652767152407,0.6962309165009631,0.30376908349903686,14.408389342893816,20.0
2024-09-17,8861,FINAL,Reading,4328,24.0,1.0,Woburn,4438,33.0,0.0,Middlesex,Middlesex,4:00 P.M.,,0,2024,1438.564532884137,1552.992502693134,1410.3581596906172,1581.1988758866537,0.40832907441498084,0.5916709255850192,-6.442796980899698,-9.0
2024-09-17,9660,FINAL,Falmouth,4134,27.0,1.0,Martha’s Vineyard,4235,29.0,0.0,Cape &#38; Islands,Cape &#38; Islands,,,0,2024,1500.0,1500.0,1481.165507900837,1518.834492099163,0.5714631174083814,0.4285368825916186,5.0,-2.0
2024-09-17,8883,FINAL,Burlington,4065,36.0,0.0,Wakefield,4402,23.0,1.0,Middlesex,Middlesex,4:00 P.M.,,0,2024,1543.7261556904882,1554.4842164754684,1578.8598127891635,1519.3505593767932,0.5562347622588754,0.44376523774112464,3.9241939215019785,13.0
2024-09-17,8890,FINAL,Melrose,4244,15.0,1.0,Watertown,4409,50.0,0.0,Middlesex,Middlesex,4:15 P.M.,,0,2024,1488.1167585412315,1561.435467115863,1437.9662732385857,1611.585952418509,0.46649197956848054,0.5335080204315195,-2.33187085746315,-35.0
2024-09-17,8930,FINAL,Hanover,4164,50.0,0.0,Plymouth South,4316,15.0,1.0,Patriot,Patriot,4:00 P.M.,,0,2024,1523.766482917537,1500.0,1566.2750882322664,1457.4913946852705,0.6045915942329434,0.3954084057670566,7.376648291753691,35.0
2024-09-17,8872,FINAL,Wilmington,4432,47.0,0.0,Stoneham,4380,15.0,1.0,Middlesex,Middlesex,4:00 P.M.,,0,2024,1447.007497306866,1561.435467115863,1509.0709532631029,1499.3720111596263,0.40832907441498084,0.5916709255850192,-6.442796980899698,32.0
2024-09-17,8947,FINAL,Scituate,4343,40.0,0.0,Quincy/North Quincy,4326,20.0,1.0,Patriot,Patriot,4:00 P.M.,,0,2024,1476.233517082463,1500.0,1518.459689990937,1457.773827091526,0.5376814834704801,0.46231851652951994,2.6233517082463096,20.0
2024-09-17,8953,FINAL,Marshfield,4234,29.0,2.0,Duxbury,4123,29.0,2.0,Patriot,Patriot,4:00 P.M.,,0,2024,1523.766482917537,1457.3990249833,1523.766482917537,1457.3990249833,0.6614729152016361,0.3385270847983639,11.636745793423689,0.0
2024-09-17,8970,FINAL,Whitman-Hanson,4427,35.0,0.0,Silver Lake,4349,20.0,1.0,Patriot,Patriot,4:00 P.M.,,0,2024,1476.233517082463,1540.3102475003498,1519.5064431954006,1497.0373213874122,0.4797530341009202,0.5202469658990798,-1.4076730417886665,15.0
2024-09-17,8977,FINAL,Sharon,4345,20.0,1.0,Milford,4249,47.0,0.0,Hockomock,Hockomock,3:45 P.M.,,0,2024,1491.0888260419702,1529.602279129608,1439.4538730152271,1581.237232156351,0.5165244496955975,0.4834755503044025,1.14865469123622,-27.0
2024-09-17,8981,FINAL,Stoughton,4381,23.0,1.0,Canton,4071,34.0,0.0,Hockomock,Hockomock,3:45 P.M.,,0,2024,1491.0888260419702,1551.3585151189818,1454.9166587719258,1587.5306823890262,0.48522503213726137,0.5147749678627387,-1.0269689077011663,-11.0
2024-09-17,8997,FINAL,North Attleborough,4284,35.0,0.0,Mansfield,4230,24.0,1.0,Hockomock,Hockomock,3:45 P.M.,,0,2024,1508.9111739580298,1553.7545789775247,1545.6316042726662,1517.0341486628884,0.507420391858327,0.492579608141673,0.5156594980505134,11.0
2024-09-17,9325,FINAL,St. John’s Prep,4369,19.0,1.0,Malden Catholic,4228,42.0,0.0,Catholic Conference,Catholic Conference,4:00 P.M.,,0,2024,1444.1435398669437,1500.0,1397.2762072323208,1546.867332634623,0.49157267452044956,0.5084273254795504,-0.5856460133056316,-23.0
2024-09-17,9582,FINAL,Arlington Catholic,4014,33.0,0.0,St. Mary’s,4374,24.0,1.0,Catholic Central,Catholic Central,,,0,2024,1500.0,1500.0,1529.602279129608,1470.397720870392,0.5714631174083814,0.4285368825916186,5.0,9.0
2024-09-17,9583,FINAL,St. Mary’s,4374,48.0,0.0,Bishop Stang,4045,15.0,1.0,Catholic Central,Catholic Central,,,0,2024,1470.397720870392,1457.6283703173592,1513.83942735573,1414.1866638320212,0.5893622127583746,0.41063778724162536,6.276935055303284,33.0
2024-09-17,9589,FINAL,Nauset,4271,18.0,1.0,Dennis-Yarmouth,4111,47.0,0.0,Cape &#38; Islands,Cape &#38; Islands,,,0,2024,1443.4965237025108,1511.8832414587685,1395.175978389556,1560.2037867717233,0.4735640608361356,0.5264359391638644,-1.8386717756257667,-29.0
2024-09-17,9604,FINAL,Archbishop Williams,4012,15.0,1.0,Cardinal Spellman,4075,47.0,0.0,Catholic Central,Catholic Central,,,0,2024,1500.0,1500.0,1440.0562466664717,1559.9437533335283,0.5714631174083814,0.4285368825916186,5.0,-32.0
2024-09-17,9607,FINAL,Shepherd Hill,4347,47.0,0.0,Shrewsbury,4348,16.0,1.0,Mid-Wach,Mid-Wach,,,0,2024,1500.0,1500.0,1544.5558697901492,1455.4441302098508,0.5714631174083814,0.4285368825916186,5.0,31.0
2024-09-18,9906,FINAL,Bellingham,4033,35.0,0.0,Norton,4295,20.0,1.0,Tri-Valley,Tri-Valley,,,0,2024,1488.460823441294,1500.0,1525.4645200413017,1462.9963033999923,0.5551245868384076,0.4448754131615924,3.8460823441293996,15.0
2024-09-18,9919,FINAL,Weymouth,4425,47.0,0.0,Brookline,4059,15.0,1.0,Bay State,Bay State,4:00 P.M.,,0,2024,1513.8738421429596,1410.9564493427883,1544.6210693523826,1380.2092221333653,0.7068767747158606,0.29312322528413937,15.291739280017122,32.0
2024-09-18,9952,FINAL,Lowell,4216,25.0,1.0,Chelmsford,4085,30.0,0.0,Merrimack Valley,Merrimack Valley,,,0,2024,1459.1426015650302,1452.467034164926,1427.9204658235547,1483.6891699064015,0.5808468580314331,0.4191531419685669,5.667556740010423,-5.0
2024-09-18,9903,FINAL,Beaver Country Day,4030,39.0,0.0,Bancroft,4023,21.0,1.0,EIL,EIL,,,0,2024,1535.6446958321194,1500.0,1569.1392757763365,1466.505420055783,0.6208153722864231,0.37918462771357686,8.56446958321194,18.0
2024-09-18,43312,FINAL,Old Rochester,4301,32.0,0.0,Dartmouth,4105,23.0,1.0,South Coast,Southeast,,,0,2024,1535.6497243763056,1500.0,1561.8423998117005,1473.807324564605,0.620822186404171,0.379177813595829,8.564972437630558,9.0
2024-09-18,43585,FINAL,Millis,4251,50.0,0.0,Dover-Sherborn,4118,15.0,1.0,Tri-Valley,Tri-Valley,,,0,2024,1500.0,1500.0,1546.0701010378202,1453.9298989621798,0.5714631174083814,0.4285368825916186,5.0,35.0
2024-09-18,9053,UPCOMING,Chelsea,4086,,,Everett,4132,,,Greater Boston,Greater Boston,4:00 P.M.,,0,2024,1478.617068897777,1590.2139736645136,,,0.412272155903365,0.5877278440966349,-6.159690476673655,
2024-09-18,43272,FINAL,Medway,4243,44.0,0.0,Medfield,4241,17.0,1.0,Tri-Valley,Tri-Valley,,,0,2024,1485.8761234391197,1500.0,1530.7162164839729,1455.1599069551469,0.5514471685043169,0.44855283149568315,3.5876123439119736,27.0
2024-09-18,9902,FINAL,Beaver Country Day,4030,37.0,0.0,Landmark,4200,22.0,1.0,EIL,MBIL,,,0,2024,1500.0,1500.0,1535.6446958321194,1464.3553041678806,0.5714631174083814,0.4285368825916186,5.0,15.0
2024-09-18,9068,FINAL,Somerville,4351,15.0,1.0,Lynn English,4221,50.0,0.0,Greater Boston,Greater Boston,4:00 P.M.,,0,2024,1395.642171734051,1395.186834304945,1334.1377100614766,1456.6912959775195,0.5721048939962948,0.4278951060037052,5.045533742910607,-35.0
2024-09-18,9875,FINAL,Tri-County,4392,19.0,1.0,Bristol-Plymouth,4057,36.0,0.0,Mayflower,Mayflower,3:30 P.M.,,0,2024,1438.564532884137,1500.0,1396.635443414282,1541.929089469855,0.4835489801073682,0.5164510198926318,-1.1435467115863047,-17.0
2024-09-18,9900,FINAL,Dedham,4108,35.0,0.0,Holliston,4174,24.0,1.0,Tri-Valley,Tri-Valley,4:30 P.M.,,0,2024,1514.1238765608803,1438.564532884137,1538.4845305667354,1414.2038788782818,0.6732183881980222,0.32678161180197784,12.55593436767433,11.0
2024-09-18,5081,FINAL,Walpole,4404,18.0,1.0,Braintree,4051,42.0,0.0,Bay State,Bay State,4:00 P.M.,,0,2024,1568.7137551456888,1606.577289417032,1518.7446983109883,1656.5463462517325,0.5174586776399032,0.48254132236009684,1.2136465728656731,-24.0
2024-09-18,5135,FINAL,Methuen,4246,32.0,0.0,Central Catholic,4081,19.0,1.0,Merrimack Valley,Merrimack Valley,3:45 P.M.,,0,2024,1549.5522256570946,1438.564532884137,1572.0045890623346,1416.112169478897,0.716409300734248,0.283590699265752,16.098769277295766,13.0
2024-09-18,5172,FINAL,Durfee,4122,43.0,0.0,Brockton,4058,20.0,1.0,Big Three,Big Three,4:00 P.M.,,0,2024,1500.0,1500.0,1540.8573984349698,1459.1426015650302,0.5714631174083814,0.4285368825916186,5.0,23.0
2024-09-18,5187,FINAL,Needham,4272,50.0,0.0,Framingham,4143,15.0,1.0,Bay State,Bay State,4:30 P.M.,,0,2024,1471.9766367857433,1539.7387709076156,1528.4750614162942,1483.2403462770646,0.47446048050474554,0.5255395194952545,-1.776213412187235,35.0
2024-09-18,7137,FINAL,Newton North,4279,15.0,1.0,Framingham,4143,50.0,0.0,Bay State,Bay State,4:30 P.M.,,0,2024,1372.801093340327,1483.2403462770646,1328.305850011733,1527.7355896056588,0.4138878022111981,0.586112197788802,-6.043925293673761,-35.0
2024-09-18,7214,FINAL,Newton North,4279,20.0,1.0,Needham,4272,43.0,0.0,Bay State,Bay State,4:30 P.M.,,0,2024,1328.305850011733,1528.4750614162942,1300.0454689469123,1556.735442481115,0.29641181441459535,0.7035881855854047,-15.016921140456134,-23.0
2024-09-18,7300,FINAL,North Andover,4283,15.0,1.0,Haverhill,4167,48.0,0.0,Merrimack Valley,Merrimack Valley,4:00 P.M.,,0,2024,1547.532965835074,1500.0,1480.1667716184095,1567.3661942166646,0.6367867923733004,0.3632132076266996,9.753296583507403,-33.0
2024-09-18,7491,FINAL,Andover,4009,18.0,1.0,Tewksbury,4389,42.0,0.0,Merrimack Valley,Merrimack Valley,4:00 P.M.,,0,2024,1500.0,1540.8573984349698,1450.446608101805,1590.4107903331649,0.5131542252045296,0.4868457747954704,0.9142601565030191,-24.0
2024-09-18,8918,FINAL,Billerica,4040,18.0,1.0,Lawrence,4203,37.0,0.0,Merrimack Valley,Merrimack Valley,3:45 P.M.,,0,2024,1450.4477743429054,1500.0,1405.4538768580862,1544.9938974848192,0.5006443987225924,0.49935560127740763,0.044777434290540444,-19.0
2024-09-18,8988,FINAL,Oliver Ames,4302,15.0,1.0,Foxborough,4142,50.0,0.0,Hockomock,Hockomock,3:45 P.M.,,0,2024,1446.2454210224753,1448.6414848810182,1385.173435858294,1509.7134700451995,0.5680820650784947,0.4319179349215053,4.76039361414571,-35.0
2024-09-18,9009,FINAL,Hamilton-Wenham,4163,15.0,1.0,Ipswich,4190,49.0,0.0,Cape Ann,Cape Ann,3:30 P.M.,,0,2024,1439.0474913992825,1488.1167585412315,1385.5744063827806,1541.5898435577335,0.501339429048764,0.49866057095123595,0.09307328580509874,-34.0
2024-09-18,9019,FINAL,Pentucket,4309,29.0,0.0,Triton,4395,27.0,1.0,Cape Ann,Cape Ann,4:00 P.M.,,0,2024,1555.8564601330563,1459.6897524996502,1565.7848171937517,1449.7613954389549,0.6987606649132522,0.30123933508674783,14.616670763340608,2.0
2024-09-18,9030,FINAL,North Reading,4288,32.0,0.0,Essex Tech,4745,23.0,1.0,Cape Ann,Cape Ann,4:00 P.M.,,0,2024,1500.0,1540.3102475003498,1533.5757620557686,1506.7344854445812,0.5139410604494382,0.4860589395505618,0.9689752499650239,9.0
2024-09-18,7398,FINAL,Norwood,4297,50.0,0.0,Hopkinton,4180,15.0,1.0,Tri-Valley,Tri-Valley,4:30 P.M.,,0,2024,1561.435467115863,1500.0,1598.5155770797744,1462.9198900360886,0.6550866099242046,0.34491339007579536,11.143546711586305,35.0
2024-09-18,9150,FINAL,Ashland,4015,19.0,1.0,Westwood,4424,36.0,0.0,Tri-Valley,Tri-Valley,4:00 P.M.,,0,2024,1500.0,1500.0,1450.4477743429054,1549.5522256570946,0.5714631174083814,0.4285368825916186,5.0,-17.0
2024-09-18,9050,FINAL,Manchester Essex/Rockport,4229,29.0,0.0,Lynnfield,4223,28.0,1.0,Cape Ann,Cape Ann,4:00 P.M.,,0,2024,1511.8832414587685,1473.2664781259105,1519.6845909441074,1465.4651286405715,0.6248343928419972,0.37516560715800285,8.8616763332858,1.0
2024-09-18,9062,FINAL,Malden,4227,24.0,1.0,Medford,4242,36.0,0.0,Greater Boston,Greater Boston,4:00 P.M.,,0,2024,1429.31428950379,1561.6796093589553,1399.7938889642603,1591.200009898485,0.3836385106220981,0.6163614893779019,-8.236531985516535,-12.0
2024-09-18,9033,FINAL,Amesbury,4007,18.0,1.0,Georgetown,4148,44.0,0.0,Cape Ann,Cape Ann,4:00 P.M.,,0,2024,1526.7335218740895,1560.9525086007175,1475.0519886252691,1612.6340418495379,0.522695098392173,0.477304901607827,1.5781013273372082,-26.0
2024-09-18,9086,FINAL,Revere,4329,38.0,0.0,Lynn Classical,4220,22.0,1.0,Greater Boston,Greater Boston,4:00 P.M.,,0,2024,1539.262747436248,1514.326880927514,1572.7343557641339,1480.855272599628,0.6061996955023324,0.39380030449766756,7.493586650873408,16.0
2024-09-18,9132,FINAL,Marblehead,4231,21.0,1.0,Swampscott,4383,37.0,0.0,Northeastern,Northeastern,4:30 P.M.,,0,2024,1430.5253078259623,1530.0885143517237,1394.0488690272039,1566.564953150482,0.429152748359998,0.570847251640002,-4.956320652576141,-16.0
2024-09-18,9140,FINAL,Masconomet,4236,39.0,0.0,Peabody,4306,21.0,1.0,Northeastern,Northeastern,4:00 P.M.,,0,2024,1464.0567823433232,1500.0,1506.4374200425982,1457.619362300725,0.5202183053190341,0.4797816946809659,1.405678234332322,18.0
2024-09-19,10031,FINAL,Gateway,4517,36.0,0.0,Hampshire,4518,19.0,1.0,Pioneer,Pioneer,,,0,2024,1500.0,1546.0701010378202,1542.8651954873615,1503.2049055504588,0.5056553380459491,0.4943446619540509,0.39298989621797775,17.0
2024-09-19,10030,FINAL,Gardner,4147,21.0,1.0,Tahanto,4513,37.0,0.0,Mid-Wach,Mid-Wach,,,0,2024,1500.0,1500.0,1451.4276921036783,1548.5723078963217,0.5714631174083814,0.4285368825916186,5.0,-16.0
2024-09-19,10029,FINAL,Clinton,4093,16.0,1.0,South Lancaster,4484,47.0,0.0,Mid-Wach,Worcester County,,,0,2024,1500.0,1500.0,1440.5837927061575,1559.4162072938425,0.5714631174083814,0.4285368825916186,5.0,-31.0
2024-09-19,10028,FINAL,Ayer Shirley,4022,24.0,1.0,Maynard,4239,31.0,0.0,Mid-Wach,Mid-Wach,,,0,2024,1500.0,1500.0,1464.3502756236944,1535.6497243763056,0.5714631174083814,0.4285368825916186,5.0,-7.0
2024-09-19,10027,FINAL,Doherty,4116,29.0,1.0,Worcester Tech,4445,30.0,0.0,Inter-High,Inter-High,,,0,2024,1500.0,1500.0,1488.1167585412315,1511.8832414587685,0.5714631174083814,0.4285368825916186,5.0,-1.0
2024-09-21,10118,FINAL,Brooks,4060,31.0,0.0,Lawrence Academy,4204,21.0,1.0,ISL,ISL,,,0,2024,1500.0,1500.0,1530.8275969495858,1469.1724030504142,0.5714631174083814,0.4285368825916186,5.0,10.0
2024-09-21,10117,FINAL,Brooks,4060,50.0,2.0,Belmont Hill,4035,50.0,2.0,ISL,ISL,,,0,2024,1500.0,1500.0,1500.0,1500.0,0.5714631174083814,0.4285368825916186,5.0,0.0
2024-09-21,10119,FINAL,Brooks,4060,48.0,2.0,Tabor,4384,48.0,2.0,ISL,ISL,,,0,2024,1530.8275969495858,1500.0,1530.8275969495858,1500.0,0.6142662377134654,0.38573376228653455,8.082759694958577,0.0
2024-09-23,5019,FINAL,Bay Path,4027,15.0,1.0,David Prouty,4106,50.0,0.0,Colonial,SWCL,3:30 P.M.,,0,2024,1569.170941582357,1500.0,1497.6714389141666,1571.4995026681904,0.6650772038707711,0.33492279612922893,11.917094158235704,-35.0
2024-09-24,4976,UPCOMING,Algonquin,4005,,,Wachusett,4400,,,Mid-Wach,Mid-Wach,4:00 P.M.,,0,2024,1486.0748576338822,1502.7555,,,0.5478039494448024,0.4521960505551976,3.331935763388219,
2024-09-24,5020,POSTPONED,South Lancaster,4484,,,Bay Path,4027,,,Worcester County,Colonial,4:00 P.M.,,0,2024,1529.4274354542058,1481.0190559031532,,,0.6379515204536169,0.3620484795463831,9.840837955105258,
2024-09-24,5153,UPCOMING,Longmeadow,4214,,,Chicopee Comprehensive,4089,,,Valley,Valley,3:45 P.M.,,0,2024,1502.7555,1514.7561779692787,,,0.5544684099242341,0.4455315900757659,3.799932203072126,
2024-09-24,8884,UPCOMING,Watkinson,4410,,,Wakefield,4402,,,Independent,Middlesex,4:15 P.M.,,0,2024,1502.7555,1571.804370943928,,,0.4726139065041762,0.5273860934958239,-1.9048870943928022,
2024-09-24,8891,UPCOMING,Watertown,4409,,,Wakefield,4402,,,Middlesex,Middlesex,4:15 P.M.,,0,2024,1681.3654811684314,1571.804370943928,,,0.7147379182013794,0.28526208179862056,15.95611102245034,
2024-09-24,8931,UPCOMING,Hanover,4164,,,North Quincy/Quincy,4287,,,Patriot,Patriot,4:00 P.M.,,0,2024,1703.5610045539017,1485.4105637922225,,,0.8239871626980109,0.17601283730198913,26.81504407616792,
2024-09-24,8949,UPCOMING,Quincy/North Quincy,4326,,,Hanover,4164,,,Patriot,Patriot,4:00 P.M.,,0,2024,1570.3201457787563,1703.5610045539017,,,0.3824474515420795,0.6175525484579205,-8.32408587751454,
2024-09-24,43845,FINAL,Archbishop Williams,4012,19.0,1.0,Bishop Fenwick,4043,38.0,0.0,Catholic Central,Catholic Central,,,0,2024,1470.7480175246994,1573.6313601543645,1432.5994257617444,1611.7799519173195,0.42447709251509624,0.5755229074849038,-5.28833426296651,-19.0
2024-09-24,43718,FINAL,Joseph Case,4078,32.0,0.0,West Bridgewater,4415,25.0,1.0,South Coast,South Coast,,,0,2024,1500.0,1442.6529616649507,1521.8497499253865,1420.8032117395642,0.6497497126442306,0.35025028735576935,10.734703833504932,7.0
2024-09-24,43669,FINAL,Martha’s Vineyard,4235,23.0,1.0,Nauset,4271,34.0,0.0,Cape &#38; Islands,Cape &#38; Islands,,,0,2024,1518.834492099163,1395.175978389556,1464.3411242663885,1449.6693462223304,0.7309914819459253,0.26900851805407466,17.36585137096072,-11.0
2024-09-24,43485,FINAL,Middleborough,4247,28.0,0.0,Norwell,4296,27.0,1.0,South Shore,South Shore,,,0,2024,1466.1768106375087,1408.4856584978068,1473.45068930587,1401.2117798294455,0.6502003772375723,0.3497996227624277,10.76911521397019,1.0
2024-09-24,43330,FINAL,Sandwich,4340,28.0,0.0,Carver,4077,27.0,1.0,South Shore,South Shore,,,0,2024,1459.793901518164,1567.4373004027473,1471.900465283101,1555.33073663781,0.41779734980397276,0.5822026501960272,-5.764339888458335,1.0
2024-09-24,43315,FINAL,Old Rochester,4301,21.0,1.0,Apponequet,4011,38.0,0.0,South Coast,South Coast,,,0,2024,1561.8423998117005,1417.1197885471383,1496.4484804318067,1482.513707927032,0.7541581136433986,0.24584188635660142,19.472261126456214,-17.0
2024-09-24,41390,FINAL,Bristol Aggie,4463,33.0,0.0,Essex Tech,4745,22.0,1.0,Mayflower,Cape Ann,,,0,2024,1597.552721047639,1506.7344854445812,1620.4953279762478,1483.7918785159723,0.69224052567439,0.30775947432561,14.08182356030577,11.0
2024-09-24,40874,FINAL,Upper Cape,4457,39.0,0.0,Old Colony,4300,21.0,1.0,Mayflower,Mayflower,,,0,2024,1522.7546570586915,1539.4752736602134,1562.703602579028,1499.5263281398768,0.547746947120794,0.45225305287920603,3.3279383398478104,18.0
2024-09-24,40853,FINAL,South Shore Voc-Tech,4356,17.0,1.0,Holbrook/Avon,4172,42.0,0.0,Mayflower,Mayflower,,,0,2024,1460.5247263397866,1557.7285611672094,1418.2525717234323,1600.0007157835637,0.43248313980310077,0.5675168601968992,-4.720383482742273,-25.0
2024-09-24,40016,FINAL,Bristol-Plymouth,4057,45.0,0.0,Southeastern,4358,15.0,1.0,Mayflower,Mayflower,3:30 P.M.,,0,2024,1541.929089469855,1405.2509618947906,1568.1504866716116,1379.029564693034,0.7454718025011011,0.2545281974988989,18.667812757506432,30.0
2024-09-24,40565,FINAL,Parker Charter,4483,15.0,1.0,Blackstone Valley,4046,50.0,0.0,Colonial,Colonial,,,0,2024,1380.8392523953753,1512.7315921834681,1339.5267415309752,1554.0441030478682,0.384282522048926,0.615717477951074,-8.189233978809284,-35.0
2024-09-24,8961,FINAL,Silver Lake,4349,26.0,1.0,Marshfield,4234,32.0,0.0,Patriot,Patriot,4:00 P.M.,,0,2024,1497.0373213874122,1523.766482917537,1465.8965648643373,1554.9072394406119,0.5334394385782749,0.4665605614217251,2.3270838469875343,-6.0
2024-09-24,8950,FINAL,Hanover,4164,42.0,0.0,Quincy/North Quincy,4326,18.0,1.0,Patriot,Patriot,4:00 P.M.,,0,2024,1566.2750882322664,1457.773827091526,1593.9420622092753,1430.1068531145172,0.7134923755755457,0.2865076244244543,15.850126114074033,24.0
2024-09-24,8938,FINAL,Pembroke,4308,18.0,1.0,Scituate,4343,45.0,0.0,Patriot,Patriot,4:00 P.M.,,0,2024,1500.0,1518.459689990937,1445.491877591543,1572.967812399394,0.5452658767092604,0.4547341232907396,3.154031000906298,-27.0
2024-09-24,8897,FINAL,Burlington,4065,21.0,1.0,Wilmington,4432,34.0,0.0,Middlesex,Middlesex,4:00 P.M.,,0,2024,1578.8598127891635,1509.0709532631029,1526.1418138576414,1561.788952194625,0.6658690629153265,0.33413093708467345,11.97888595260606,-13.0
2024-09-24,8873,FINAL,Stoneham,4380,50.0,0.0,Melrose,4244,15.0,1.0,Middlesex,Middlesex,4:00 P.M.,,0,2024,1499.3720111596263,1437.9662732385857,1536.4562782200362,1400.8820061781757,0.6550479412620133,0.34495205873798673,11.140573792104055,35.0
2024-09-24,8851,FINAL,Woburn,4438,50.0,0.0,Lexington,4209,15.0,1.0,Middlesex,Middlesex,4:00 P.M.,,0,2024,1581.1988758866537,1415.616616452797,1605.308450096962,1391.5070422424888,0.7757365071933521,0.22426349280664792,21.558225943385672,35.0
2024-09-24,7440,FINAL,St. John’s (Shrewsbury),4368,41.0,0.0,St. John’s Prep,4369,20.0,1.0,Catholic Conference,Catholic Conference,4:00 P.M.,,0,2024,1591.9341396890184,1397.2762072323208,1610.1551099844664,1379.0552369368727,0.8035078179353214,0.19649218206467856,24.46579324566976,21.0
2024-09-24,7342,FINAL,Hingham,4171,21.0,1.0,Duxbury,4123,34.0,0.0,Patriot,Patriot,4:00 P.M.,,0,2024,1383.950164631801,1457.3990249833,1347.0319544613558,1494.3172351537453,0.46630552200278175,0.5336944779972183,-2.344886035149898,-13.0
2024-09-24,5132,FINAL,Xaverian,4446,41.0,0.0,Catholic Memorial,4080,18.0,1.0,Catholic Conference,Catholic Conference,4:00 P.M.,,0,2024,1500.3464128694027,1540.6509780680262,1546.6872780592196,1494.3101128782093,0.5139492315779578,0.4860507684220422,0.969543480137645,23.0
2024-09-24,5069,FINAL,Malden Catholic,4228,38.0,0.0,BC High,4029,21.0,1.0,Catholic Conference,Catholic Conference,4:00 P.M.,,0,2024,1546.867332634623,1422.924929506609,1570.165516905685,1399.6267452355469,0.7313127142738165,0.2686872857261835,17.39424031280139,17.0
2024-09-24,5051,FINAL,St. Mary’s,4374,44.0,0.0,Bishop Feehan,4042,17.0,1.0,Catholic Central,Catholic Central,4:00 P.M.,,0,2024,1513.83942735573,1458.1135639924119,1549.0651969405847,1422.8877944075573,0.647622972746827,0.352377027253173,10.572586336331824,27.0
2024-09-24,5032,FINAL,Belmont,4034,29.0,0.0,Reading,4328,26.0,1.0,Middlesex,Middlesex,4:00 P.M.,,0,2024,1418.0014269073117,1410.3581596906172,1435.3771378785057,1392.9824487194232,0.5822024658323103,0.4177975341676897,5.764326721669454,3.0
2024-09-24,5021,FINAL,Keefe Tech,4191,38.0,0.0,Monty Tech,4259,20.0,1.0,Colonial,Colonial,3:30 P.M.,,0,2024,1550.479148341596,1520.5663534089713,1584.6625177984063,1486.382983952161,0.6130177406892933,0.38698225931070673,7.991279493262482,18.0
2024-09-24,5012,FINAL,Barnstable,4024,28.0,0.0,Falmouth,4134,27.0,1.0,Cape &#38; Islands,Cape &#38; Islands,3:30 P.M.,,0,2024,1500.0,1481.165507900837,1508.3638317842492,1472.8016761165877,0.5977847120678101,0.40221528793218986,6.883449209916307,1.0
2024-09-24,5002,FINAL,King Philip,4197,41.0,0.0,Attleboro,4018,17.0,1.0,Hockomock,Hockomock,3:45 P.M.,,0,2024,1442.652767152407,1408.1087483964154,1479.4133543850014,1371.348161163821,0.6193227156243848,0.3806772843756152,8.45440187559916,24.0
2024-09-24,40791,FINAL,Agawam,4004,50.0,0.0,Putnam,4362,15.0,1.0,Valley,Valley,,,0,2024,1500.0,1561.435467115863,1555.5213603171067,1505.9141067987564,0.4835489801073682,0.5164510198926318,-1.1435467115863047,35.0
2024-09-24,8978,FINAL,Sharon,4345,16.0,1.0,Taunton,4388,47.0,0.0,Hockomock,Hockomock,4:00 P.M.,,0,2024,1439.4538730152271,1592.2265680173152,1402.4121387415369,1629.2683022910055,0.3562661756171972,0.6437338243828028,-10.277269500208808,-31.0
2024-09-24,8966,FINAL,Plymouth North,4315,19.0,1.0,Whitman-Hanson,4427,51.0,0.0,Patriot,Patriot,3:30 P.M.,,0,2024,1578.8929450011271,1519.5064431954006,1510.4575424676323,1587.9418457288955,0.6524167456663733,0.3475832543336267,10.938650180572655,-32.0
2024-09-24,10163,FINAL,Hudson,4182,33.0,0.0,Bromfield,4505,24.0,1.0,Mid-Wach,Mid-Wach,4:00 P.M.,,0,2024,1452.467034164926,1500.0,1486.7605653607384,1465.7064688041876,0.5035502878893889,0.49644971211061106,0.24670341649259625,9.0
2024-09-24,40477,FINAL,Assabet,4016,28.0,0.0,St. Paul,4954,27.0,1.0,Colonial,Worcester County,,,0,2024,1500.0,1500.0,1508.9111739580298,1491.0888260419702,0.5714631174083814,0.4285368825916186,5.0,1.0
2024-09-24,10239,FINAL,Mashpee,4237,29.0,1.0,Cohasset,4094,30.0,0.0,South Shore,South Shore,4:30 P.M.,,0,2024,1502.1699438573435,1593.5660118168453,1493.0057080941767,1602.730247580012,0.44070658296859805,0.5592934170314019,-4.139606795950181,-1.0
2024-09-24,10218,FINAL,Cardinal Spellman,4075,38.0,0.0,Arlington Catholic,4014,19.0,1.0,Catholic Central,Catholic Central,,,0,2024,1559.9437533335283,1559.300900710683,1598.3757824177965,1520.8688716264148,0.5723691174103235,0.4276308825896765,5.064285262284534,19.0
2024-09-24,10200,FINAL,Dighton-Rehoboth,4114,42.0,0.0,Apponequet,4011,19.0,1.0,South Coast,South Coast,4:00 P.M.,,0,2024,1585.3535928342576,1440.5505696377782,1608.7843739248974,1417.1197885471383,0.7542439247263629,0.24575607527363708,19.480302319647944,23.0
2024-09-24,10195,FINAL,Bishop Stang,4045,16.0,1.0,Bishop Fenwick,4043,45.0,0.0,Catholic Central,Catholic Central,4:00 P.M.,,0,2024,1353.7962713927184,1541.8864360075881,1322.051347245942,1573.6313601543645,0.31111518076870937,0.6888848192312906,-13.809016461486976,-29.0
2024-09-24,9006,FINAL,Stoughton,4381,49.0,0.0,Oliver Ames,4302,15.0,1.0,Hockomock,Hockomock,3:45 P.M.,,0,2024,1454.9166587719258,1385.173435858294,1490.5614465878054,1349.5286480424143,0.6658106117000223,0.3341893882999777,11.974322291363183,34.0
2024-09-24,10194,FINAL,Bishop Stang,4045,26.0,1.0,Archbishop Williams,4012,33.0,0.0,Catholic Central,Catholic Central,4:00 P.M.,,0,2024,1384.4880422509461,1440.0562466664717,1353.7962713927184,1470.7480175246994,0.4919873957029508,0.5080126042970492,-0.5568204415525543,-7.0
2024-09-24,10179,FINAL,Rising Tide Charter,4746,29.0,0.0,Nantucket,4265,26.0,1.0,Cape &#38; Islands,Cape &#38; Islands,4:00 P.M.,,0,2024,1422.093585318823,1473.493366100523,1442.971778756036,1452.61517266331,0.49798556442353686,0.5020144355764631,-0.13997807816999738,3.0
2024-09-24,10172,FINAL,Nashoba,4267,17.0,1.0,North Middlesex,4286,45.0,0.0,Mid-Wach,Mid-Wach,4:00 P.M.,,0,2024,1500.0,1500.0,1442.2714388327906,1557.7285611672094,0.5714631174083814,0.4285368825916186,5.0,-28.0
2024-09-24,10167,FINAL,Greater New Bedford,4156,32.0,0.0,Somerset Berkley,4350,25.0,1.0,South Coast,South Coast,3:45 P.M.,,0,2024,1482.9423075509465,1455.5038056007122,1507.2946380128049,1431.1514751388538,0.609633484539861,0.390366515460139,7.743850195023424,7.0
2024-09-25,8909,UPCOMING,Tewksbury,4389,,,Methuen,4246,,,Merrimack Valley,Merrimack Valley,4:00 P.M.,,0,2024,1655.1780749069503,1637.6747225151703,,,0.5959409447102274,0.4040590552897726,6.7503352391780025,
2024-09-25,8910,UPCOMING,Methuen,4246,,,Tewksbury,4389,,,Merrimack Valley,Merrimack Valley,4:00 P.M.,,0,2024,1637.6747225151703,1655.1780749069503,,,0.5466305336433128,0.4533694663566872,3.2496647608219975,
2024-09-25,7281,UPCOMING,Walpole,4404,,,Milton,4252,,,Bay State,Bay State,4:00 P.M.,,0,2024,1527.1305161076725,1605.1898505693323,,,0.4597069358829759,0.540293064117024,-2.8059334461659775,
2024-09-25,7279,UPCOMING,Needham,4272,,,Milton,4252,,,Bay State,Bay State,4:00 P.M.,,0,2024,1572.3237915561353,1605.1898505693323,,,0.5246377533111803,0.47536224668881966,1.7133940986803053,
2024-09-25,7274,UPCOMING,Walpole,4404,,,Needham,4272,,,Bay State,Bay State,4:00 P.M.,,0,2024,1527.1305161076725,1572.3237915561353,,,0.5069169913800727,0.49308300861992727,0.48067245515371726,
2024-09-25,41475,FINAL,Whittier,4428,40.0,0.0,Northeast,4293,21.0,1.0,Commonwealth,Commonwealth,,,0,2024,1500.0,1500.0,1538.5134530876378,1461.4865469123622,0.5714631174083814,0.4285368825916186,5.0,19.0
2024-09-25,9092,UPCOMING,Revere,4329,,,Lynn English,4221,,,Greater Boston,Greater Boston,4:00 P.M.,,0,2024,1527.936874984804,1496.9718944011618,,,0.614453605846586,0.38554639415341396,8.096498058364228,
2024-09-25,43416,FINAL,Dover-Sherborn,4118,16.0,1.0,Medway,4243,43.0,0.0,Tri-Valley,Tri-Valley,,,0,2024,1453.9298989621798,1530.7162164839729,1407.7927697923415,1576.8533456538112,0.4615275866067472,0.5384724133932528,-2.678631752179308,-27.0
2024-09-25,42123,FINAL,Brockton,4058,44.0,0.0,New Bedford,4273,17.0,1.0,Big Three,Big Three,,,0,2024,1459.1426015650302,1542.3716296826408,1513.8915687022354,1487.6226625454356,0.452324860113636,0.547675139886364,-3.3229028117610597,27.0
2024-09-25,8908,UPCOMING,Dracut,4119,,,Methuen,4246,,,Merrimack Valley,Merrimack Valley,4:00 P.M.,,0,2024,1680.6741862971885,1637.6747225151703,,,0.6307295696894902,0.36927043031050977,9.29994637820182,
2024-09-25,10415,FINAL,Framingham,4143,50.0,0.0,Brookline,4059,15.0,1.0,Bay State,Bay State,4:00 P.M.,,0,2024,1573.9147729514586,1357.6041419923708,1593.002829419253,1338.5160855245765,0.8224458807518962,0.17755411924810383,26.63106309590878,35.0
2024-09-25,8982,FINAL,Canton,4071,30.0,0.0,North Attleborough,4284,29.0,1.0,Hockomock,Hockomock,3:45 P.M.,,0,2024,1587.5306823890262,1545.6316042726662,1595.2401490072266,1537.9221376544658,0.6292530247341095,0.3707469752658905,9.189907811636,1.0
2024-09-25,10350,FINAL,Newton South,4280,25.0,1.0,Lincoln-Sudbury,4211,35.0,0.0,Dual County,Dual County,,,0,2024,1500.0,1457.3990249833,1454.6657414963286,1502.7332834869715,0.6301951412410353,0.36980485875896474,9.260097501669998,-10.0
2024-09-25,9040,FINAL,Georgetown,4148,44.0,0.0,Manchester Essex/Rockport,4229,18.0,1.0,Cape Ann,Cape Ann,4:00 P.M.,,0,2024,1612.6340418495379,1519.6845909441074,1642.8059764436362,1489.5126563500091,0.6948480176581394,0.3051519823418606,14.294945090543047,26.0
2024-09-25,10408,FINAL,Acton-Boxborough,4003,50.0,0.0,Concord-Carlisle,4097,15.0,1.0,Dual County,Dual County,4:00 P.M.,,0,2024,1544.7248170278726,1508.9111739580298,1585.4646665304624,1468.17132445544,0.6210442844751007,0.37895571552489926,8.581364306984279,35.0
2024-09-25,9010,FINAL,Amesbury,4007,44.0,0.0,Hamilton-Wenham,4163,16.0,1.0,Cape Ann,Cape Ann,3:30 P.M.,,0,2024,1475.0519886252691,1385.5744063827806,1506.3078402942585,1354.3185547137912,0.6905939439529927,0.3094060560470073,13.947758224248854,28.0
2024-09-25,8989,FINAL,Mansfield,4230,17.0,1.0,Foxborough,4142,46.0,0.0,Hockomock,Hockomock,3:15 P.M.,,0,2024,1517.0341486628884,1509.7134700451995,1457.674679660165,1569.0729390479228,0.5817507026865005,0.41824929731349947,5.732067861768883,-29.0
2024-09-25,7402,FINAL,Hopkinton,4180,17.0,1.0,Dedham,4108,46.0,0.0,Tri-Valley,Tri-Valley,3:45 P.M.,,0,2024,1462.9198900360886,1538.4845305667354,1415.6491191566163,1585.7553014462078,0.4632757778612193,0.5367242221387807,-2.5564640530646785,-29.0
2024-09-25,7224,FINAL,Milford,4249,39.0,0.0,Franklin,4144,20.0,1.0,Hockomock,Hockomock,3:45 P.M.,,0,2024,1581.237232156351,1536.3208112622842,1614.193644570508,1503.3643988481272,0.6332959756885609,0.3667040243114391,9.491642089406673,19.0
2024-09-25,7141,FINAL,Natick,4270,23.0,1.0,Weymouth,4425,33.0,0.0,Bay State,Bay State,4:00 P.M.,,0,2024,1451.989168523159,1544.6210693523826,1420.4122088117394,1576.198029063802,0.4389538340786781,0.561046165921322,-4.263190082922369,-10.0
2024-09-25,5188,FINAL,Framingham,4143,33.0,0.0,Braintree,4051,23.0,1.0,Bay State,Bay State,4:00 P.M.,,0,2024,1527.7355896056588,1679.151426392727,1573.9147729514586,1632.9722430469271,0.3580594911760774,0.6419405088239226,-10.14158367870682,10.0
2024-09-25,5181,FINAL,Everett,4132,32.0,0.0,Malden,4227,24.0,1.0,Greater Boston,Greater Boston,4:00 P.M.,,0,2024,1587.1553249820752,1399.7938889642603,1600.5501474327996,1386.399066513536,0.796791786194146,0.20320821380585397,23.736143601781485,8.0
2024-09-25,5173,FINAL,Dartmouth,4105,21.0,1.0,Durfee,4122,43.0,0.0,Southeast,Big Three,4:00 P.M.,,0,2024,1473.807324564605,1540.8573984349698,1429.0811316418335,1585.5835913577414,0.4754826495458625,0.5245173504541375,-1.7050073870364713,-22.0
2024-09-25,5136,FINAL,Haverhill,4167,44.0,0.0,Central Catholic,4081,18.0,1.0,Merrimack Valley,Merrimack Valley,3:45 P.M.,,0,2024,1567.3661942166646,1416.112169478897,1590.9912040240238,1392.4871596715377,0.761062103821088,0.23893789617891203,20.125402473776763,26.0
2024-09-25,5113,FINAL,Acton-Boxborough,4003,50.0,0.0,Cambridge,4067,15.0,1.0,Dual County,Dual County,4:00 A.M.,,0,2024,1500.0,1491.0888260419702,1544.7248170278726,1446.3640090140975,0.5839767391030682,0.41602326089693176,5.8911173958029845,35.0
2024-09-25,5112,FINAL,Concord-Carlisle,4097,30.0,0.0,Cambridge,4067,29.0,1.0,Dual County,Dual County,4:00 P.M.,,0,2024,1500.0,1500.0,1508.9111739580298,1491.0888260419702,0.5714631174083814,0.4285368825916186,5.0,1.0
2024-09-25,5082,FINAL,Brookline,4059,15.0,1.0,Braintree,4051,48.0,0.0,Bay State,Bay State,4:00 P.M.,,0,2024,1380.2092221333653,1656.5463462517325,1357.6041419923708,1679.151426392727,0.21367715130275866,0.7863228486972413,-22.633712411836722,-33.0
2024-09-25,5071,FINAL,Weston,4423,27.0,1.0,Boston Latin,4049,30.0,0.0,Dual County,Dual County,4:30 P.M.,,0,2024,1500.0,1500.0,1476.233517082463,1523.766482917537,0.5714631174083814,0.4285368825916186,5.0,-3.0
2024-09-25,5044,FINAL,Billerica,4040,41.0,0.0,North Andover,4283,19.0,1.0,Merrimack Valley,Merrimack Valley,4:00 P.M.,,0,2024,1405.4538768580862,1480.1667716184095,1455.8260483009458,1429.79460017555,0.46449514309466183,0.5355048569053382,-2.471289476032325,22.0
2024-09-25,4988,FINAL,Winchester,4434,35.0,0.0,Arlington,4013,25.0,1.0,Middlesex,Middlesex,4:00 P.M.,,0,2024,1532.4463474355937,1486.1730113812464,1558.695527701967,1459.9238311148733,0.6351080526862753,0.36489194731372465,9.627333605434728,10.0
2024-09-25,9047,FINAL,Lynnfield,4223,18.0,1.0,Ipswich,4190,41.0,0.0,Cape Ann,Cape Ann,3:30 P.M.,,0,2024,1465.4651286405715,1541.5898435577335,1421.3720906238666,1585.6828815744384,0.46247420979941245,0.5375257902005875,-2.612471491716201,-23.0
2024-09-25,9069,FINAL,Medford,4242,30.0,0.0,Somerville,4351,25.0,1.0,Greater Boston,Greater Boston,4:00 P.M.,,0,2024,1591.200009898485,1334.1377100614766,1599.0394211496975,1326.298298810264,0.8541580424930957,0.14584195750690432,30.706229983700837,5.0
2024-09-25,9020,FINAL,Pentucket,4309,25.0,1.0,Essex Tech,4745,35.0,0.0,Cape Ann,Cape Ann,4:00 P.M.,,0,2024,1565.7848171937517,1483.7918785159723,1516.773299853445,1532.803395856279,0.6813130094586325,0.3186869905413675,13.199293867777943,-10.0
2024-09-25,9133,FINAL,Marblehead,4231,15.0,1.0,Winthrop,4437,50.0,0.0,Northeastern,Northeastern,4:30 P.M.,,0,2024,1394.0488690272039,1539.447617883422,1354.6954377338388,1578.801049176787,0.36605946993469074,0.6339405300653093,-9.539874885621817,-35.0
2024-09-25,9151,FINAL,Ashland,4015,15.0,1.0,Norwood,4297,49.0,0.0,Tri-Valley,Tri-Valley,4:30 P.M.,,0,2024,1450.4477743429054,1598.5155770797744,1411.7832125601283,1637.1801388625515,0.3625014214649509,0.6374985785350491,-9.8067802736869,-34.0
2024-09-25,10248,FINAL,Norton,4295,38.0,0.0,Medfield,4241,23.0,1.0,Tri-Valley,Tri-Valley,4:00 P.M.,,0,2024,1462.9963033999923,1455.1599069551469,1497.7252342478932,1420.430976107246,0.5824728640863138,0.4175271359136862,5.783639644484538,15.0
2024-09-25,10271,FINAL,North Reading,4288,48.0,0.0,Newburyport,4276,15.0,1.0,Cape Ann,Cape Ann,3:30 P.M.,,0,2024,1533.5757620557686,1444.1435398669437,1566.3139838153154,1411.4053181073969,0.6905381480328512,0.3094618519671488,13.943222218882488,33.0
2024-09-25,10285,FINAL,Andover,4009,16.0,1.0,Lawrence,4203,45.0,0.0,Merrimack Valley,Merrimack Valley,,,0,2024,1450.446608101805,1544.9938974848192,1405.9344259283178,1589.5060796583064,0.43624031165689187,0.5637596883431082,-4.4547289383014235,-29.0
2024-09-25,10286,FINAL,Andover,4009,38.0,0.0,Lowell,4216,22.0,1.0,Merrimack Valley,Merrimack Valley,,,0,2024,1405.9344259283178,1427.9204658235547,1445.013374871334,1388.8415168805384,0.5402281885454698,0.45977181145453017,2.80139601047631,16.0
2024-09-25,10289,FINAL,Westwood,4424,27.0,1.0,Holliston,4174,29.0,0.0,Tri-Valley,Tri-Valley,,,0,2024,1549.5522256570946,1414.2038788782818,1525.030651618717,1438.7254529166594,0.7440166196121833,0.25598338038781665,18.534834677881282,-2.0
2024-09-25,10290,FINAL,Portsmouth Abbey,4320,15.0,1.0,Beaver Country Day,4030,50.0,0.0,EIL,EIL,,,0,2024,1500.0,1569.1392757763365,1449.2053181028325,1619.933957673504,0.47248419565165706,0.527515804348343,-1.913927577633649,-35.0
2024-09-25,10349,FINAL,Lincoln-Sudbury,4211,24.0,1.0,Westford,4421,35.0,0.0,Dual County,Dual County,,,0,2024,1500.0,1500.0,1457.3990249833,1542.6009750167,0.5714631174083814,0.4285368825916186,5.0,-11.0
2024-09-25,10292,FINAL,Wheeler (R.I.),4426,15.0,1.0,Beaver Country Day,4030,50.0,0.0,EIL,EIL,,,0,2024,1500.0,1619.933957673504,1456.9231108405663,1663.0108468329377,0.4006944933108369,0.599305506689163,-6.993395767350398,-35.0
2024-09-25,9077,FINAL,Lynn Classical,4220,25.0,1.0,Chelsea,4086,30.0,0.0,Greater Boston,Greater Boston,4:00 P.M.,,0,2024,1480.855272599628,1577.4321417524216,1457.5604727122695,1600.72694163978,0.43336917868398733,0.5666308213160127,-4.657686915279351,-5.0
2024-09-26,10420,FINAL,Westford,4421,45.0,0.0,Newton South,4280,25.0,1.0,Dual County,Dual County,,,0,2024,1542.6009750167,1454.6657414963286,1571.0343507375633,1426.2323657754653,0.6886936424077867,0.31130635759221326,13.793523352037141,20.0
2024-09-27,5169,UPCOMING,North Middlesex,4286,,,Doherty,4116,,,Mid-Wach,Inter-High,4:15 P.M.,,0,2024,1573.2079954909786,1508.8831503606439,,,0.6588349590519611,0.3411650409480389,11.432484513033478,
2024-09-27,40354,FINAL,Monty Tech,4259,15.0,1.0,Sizer,4509,50.0,0.0,Colonial,Worcester County,,,0,2024,1486.382983952161,1500.0,1427.0217668397631,1559.361217112398,0.5521687679240835,0.44783123207591646,3.638298395216111,-35.0
2024-09-28,10861,FINAL,Lawrence Academy,4204,28.0,0.0,St. Mark’s,4372,27.0,1.0,ISL,ISL,,,0,2024,1469.1724030504142,1500.0,1478.9964473476073,1490.175955702807,0.5275633336988731,0.4724366663011269,1.9172403050414233,1.0
2024-09-28,10863,FINAL,Middlesex,4248,21.0,1.0,St. Mark’s,4372,40.0,0.0,ISL,ISL,,,0,2024,1500.0,1545.9749066934157,1454.5434490783298,1591.431457615086,0.5057923157659532,0.4942076842340468,0.40250933065842676,-19.0
2024-09-28,10864,FINAL,Lawrence Academy,4204,47.0,0.0,Middlesex,4248,16.0,1.0,ISL,ISL,,,0,2024,1478.9964473476073,1454.5434490783298,1520.0096943501833,1413.5302020757538,0.6055359462575296,0.3944640537424704,7.445299826927749,31.0
2024-09-28,10865,FINAL,BB&N,4028,21.0,1.0,Middlesex,4248,36.0,0.0,ISL,ISL,,,0,2024,1444.2010490093912,1413.5302020757538,1393.1256049273434,1464.6056461578016,0.6140524157364343,0.3859475842635657,8.067084693363745,-15.0
2024-09-28,10866,FINAL,Lawrence Academy,4204,50.0,0.0,BB&N,4028,15.0,1.0,ISL,ISL,,,0,2024,1520.0096943501833,1393.1256049273434,1548.5387660335866,1364.59653324394,0.7346270321308387,0.2653729678691613,17.688408942283992,35.0
2024-09-28,10862,FINAL,BB&N,4028,19.0,1.0,St. Mark’s,4372,42.0,0.0,ISL,ISL,,,0,2024,1500.0,1490.175955702807,1444.2010490093912,1545.9749066934157,0.5852528409868555,0.4147471590131445,5.982404429719304,-23.0
2024-09-30,42788,FINAL,Medford,4242,18.0,0.0,Lynn Classical,4220,10.0,1.0,Greater Boston,Greater Boston,,,0,2024,1599.0394211496975,1457.5604727122695,1615.4737922115173,1441.1261016504498,0.7506798465765123,0.24932015342348768,19.1478948437428,8.0
2024-10-01,43533,FINAL,Monomoy,4706,26.0,1.0,Rising Tide Charter,4746,33.0,0.0,Cape &#38; Islands,Cape &#38; Islands,,,0,2024,1402.863762300467,1442.971778756036,1370.7843093416864,1475.0512317148166,0.5142318633118174,0.48576813668818264,0.9891983544431013,-7.0
2024-10-01,5052,UPCOMING,Archbishop Williams,4012,,,Bishop Feehan,4042,,,Catholic Central,Catholic Central,4:00 P.M.,,0,2024,1351.076712948192,1614.1132552030165,,,0.226823194067488,0.773176805932512,-21.303654225482454,
2024-10-01,7231,UPCOMING,Taunton,4388,,,Franklin,4144,,,Hockomock,Hockomock,3:45 P.M.,,0,2024,1572.2387812960383,1460.9544959506056,,,0.716756044473143,0.283243955526857,16.128428534543264,
2024-10-01,8998,UPCOMING,Mansfield,4230,,,Stoughton,4381,,,Hockomock,Hockomock,3:30 P.M.,,0,2024,1457.1037884553116,1568.5199515562622,,,0.4125242797075586,0.5874757202924414,-6.14161631009506,
2024-10-01,43836,FINAL,Carver,4077,24.0,1.0,Mashpee,4237,31.0,0.0,South Shore,South Shore,,,0,2024,1555.33073663781,1493.0057080941767,1514.3921861795764,1533.9442585524105,0.6562427080808501,0.34375729191914994,11.232502854363338,-7.0
2024-10-01,43768,FINAL,Rockland,4331,40.0,0.0,Middleborough,4247,19.0,1.0,South Shore,South Shore,,,0,2024,1624.47846042223,1473.45068930587,1646.6574458547982,1451.2717038733017,0.7608251825801623,0.2391748174198377,20.10277711163601,21.0
2024-10-01,43708,FINAL,Bourne,4050,20.0,1.0,Joseph Case,4078,35.0,0.0,South Coast,South Coast,,,0,2024,1473.2664781259105,1521.8497499253865,1431.508062640184,1563.6081654111129,0.5020388244719866,0.49796117552801344,0.14167282005239484,-15.0
2024-10-01,43341,FINAL,Weston,4423,25.0,1.0,Wayland,4411,30.0,0.0,Dual County,Dual County,,,0,2024,1476.233517082463,1500.0,1447.3316403993585,1528.9018766831045,0.5376814834704801,0.46231851652951994,2.6233517082463096,-5.0
2024-10-01,5003,FINAL,Attleboro,4018,18.0,1.0,Milford,4249,43.0,0.0,Hockomock,Hockomock,3:45 P.M.,,0,2024,1371.348161163821,1614.193644570508,1347.1225076561607,1638.4192980781684,0.2478507847035915,0.7521492152964084,-19.2845483406687,-25.0
2024-10-01,40881,FINAL,Old Colony,4300,24.0,1.0,Bristol Aggie,4463,26.0,0.0,Mayflower,Mayflower,,,0,2024,1499.5263281398768,1620.4953279762478,1486.367219733262,1633.6544363828627,0.3992645553045258,0.6007354446954742,-7.096899983637104,-2.0
2024-10-01,11128,FINAL,Quincy/North Quincy,4326,45.0,0.0,Plymouth South,4316,15.0,1.0,Patriot,Patriot,,,0,2024,1430.1068531145172,1419.3814732667843,1472.7042593492845,1376.784067032017,0.5865116971593963,0.41348830284060367,6.072537984773294,30.0
2024-10-01,11083,FINAL,Somerset Berkley,4350,22.0,1.0,Apponequet,4011,33.0,0.0,South Coast,South Coast,,,0,2024,1431.1514751388538,1482.513707927032,1394.0240177609764,1519.6411653049095,0.49803959947610044,0.5019604005238996,-0.13622327881782895,-11.0
2024-10-01,11082,FINAL,Fitchburg,4139,40.0,0.0,Marlborough,4233,15.0,1.0,Mid-Wach,Mid-Wach,,,0,2024,1545.6064944256696,1545.3344224344544,1587.4554458701195,1503.4854709900044,0.5718466190705815,0.42815338092941846,5.027207199121517,25.0
2024-10-01,11081,FINAL,Nashoba,4267,15.0,1.0,Fitchburg,4139,50.0,0.0,Mid-Wach,Mid-Wach,,,0,2024,1396.9370163983363,1500.0,1351.3305219726667,1545.6064944256696,0.4242244863119393,0.5757755136880607,-5.306298360166375,-35.0
2024-10-01,11080,FINAL,Nashoba,4267,19.0,1.0,Marlborough,4233,40.0,0.0,Mid-Wach,Mid-Wach,,,0,2024,1442.2714388327906,1500.0,1396.9370163983363,1545.3344224344544,0.4888795405705276,0.5111204594294724,-0.7728561167209363,-21.0
2024-10-01,11079,FINAL,BC High,4029,17.0,1.0,St. John’s Prep,4369,40.0,0.0,Catholic Conference,Catholic Conference,,,0,2024,1399.6267452355469,1379.0552369368727,1342.4039949494022,1436.2779872230174,0.6001865013498926,0.3998134986501074,7.057150829867419,-23.0
2024-10-01,11073,FINAL,Hudson,4182,17.0,1.0,Assabet,4016,43.0,0.0,Mid-Wach,Colonial,,,0,2024,1435.5074178578082,1508.9111739580298,1389.3950210343116,1555.0235707815264,0.46637013802810345,0.5336298619718965,-2.34037561002217,-26.0
2024-10-01,11072,FINAL,Hudson,4182,18.0,1.0,Quabbin,4325,39.0,0.0,Mid-Wach,Mid-Wach,,,0,2024,1486.7605653607384,1500.0,1435.5074178578082,1551.2531475029302,0.5527061746568733,0.44729382534312667,3.676056536073838,-21.0
2024-10-01,11071,FINAL,Norwell,4296,38.5,1.0,East Bridgewater,4126,39.5,0.0,South Shore,South Shore,,,0,2024,1401.2117798294455,1385.9551594924515,1388.8843750542137,1398.2825642676833,0.5928228578752628,0.4071771421247372,6.525662033699405,-1.0
2024-10-01,11070,FINAL,Falmouth,4134,19.0,1.0,Nantucket,4265,64.0,0.0,Cape &#38; Islands,Cape &#38; Islands,,,0,2024,1472.8016761165877,1452.61517266331,1403.9258076864207,1521.4910410934767,0.5996545623496868,0.40034543765031316,7.0186503453277735,-45.0
2024-10-01,9011,FINAL,Manchester Essex/Rockport,4229,44.0,0.0,Hamilton-Wenham,4163,15.0,1.0,Cape Ann,Cape Ann,3:30 P.M.,,0,2024,1489.5126563500091,1354.3185547137912,1515.649415171115,1328.1817958926854,0.7438474759700371,0.2561525240299629,18.519410163621796,29.0
2024-10-01,8962,FINAL,Plymouth North,4315,31.0,0.0,Marshfield,4234,25.0,1.0,Patriot,Patriot,3:30 P.M.,,0,2024,1510.4575424676323,1554.9072394406119,1539.1799440038037,1526.1848379044404,0.5079868487227718,0.4920131512772282,0.5550303027020391,6.0
2024-10-01,8954,FINAL,Silver Lake,4349,23.0,1.0,Duxbury,4123,32.0,0.0,Patriot,Patriot,4:00 P.M.,,0,2024,1465.8965648643373,1494.3172351537453,1429.2153288536238,1530.9984711644588,0.5310152796281257,0.46898472037187433,2.157932971059199,-9.0
2024-10-01,8943,FINAL,North Quincy/Quincy,4287,45.0,0.0,Plymouth South,4316,15.0,1.0,Patriot,Patriot,4:00 P.M.,,0,2024,1500.0,1457.4913946852705,1538.1099214184862,1419.3814732667843,0.6300712150906215,0.3699287849093785,9.250860531472949,30.0
2024-10-01,11266,FINAL,Wilmington,4432,46.0,0.0,Melrose,4244,15.0,1.0,Middlesex,Middlesex,,,0,2024,1561.788952194625,1400.8820061781757,1585.5965091573162,1377.0744492154845,0.7710197042282919,0.2289802957717081,21.09069460164492,31.0
2024-10-01,8892,FINAL,Watertown,4409,50.0,0.0,Burlington,4065,15.0,1.0,Middlesex,Middlesex,4:15 P.M.,,0,2024,1611.585952418509,1526.1418138576414,1645.384525185835,1492.3432410903154,0.6856109562714963,0.31438904372850374,13.544413856086749,35.0
2024-10-01,8867,FINAL,Woburn,4438,22.0,1.0,Winchester,4434,35.0,0.0,Middlesex,Middlesex,4:00 P.M.,,0,2024,1605.308450096962,1558.695527701967,1554.9899963241044,1609.0139814748245,0.6355609533776636,0.3644390466223364,9.661292239499494,-13.0
2024-10-01,8852,FINAL,Lexington,4209,32.0,0.0,Reading,4328,23.0,1.0,Middlesex,Middlesex,4:15 P.M.,,0,2024,1391.5070422424888,1392.9824487194232,1421.2530826084806,1363.2364083534314,0.5693819603526112,0.43061803964738876,4.852459352306551,9.0
2024-10-01,7485,FINAL,King Philip,4197,36.0,0.0,Sharon,4345,21.0,1.0,Hockomock,Hockomock,3:45 P.M.,,0,2024,1479.4133543850014,1402.4121387415369,1506.4426229169899,1375.3828702095484,0.6750417360837023,0.3249582639162977,12.700121564346455,15.0
2024-10-01,7423,FINAL,Malden Catholic,4228,34.0,0.0,Xaverian,4446,21.0,1.0,Catholic Conference,Catholic Conference,4:00 P.M.,,0,2024,1570.165516905685,1546.6872780592196,1601.5020905572737,1515.350704407631,0.6041948602892848,0.3958051397107152,7.34782388464655,13.0
2024-10-01,7405,FINAL,Hopkinton,4180,24.0,1.0,Ashland,4015,31.0,0.0,Tri-Valley,Tri-Valley,3:45 P.M.,,0,2024,1415.6491191566163,1411.7832125601283,1379.6599701006996,1447.772361616045,0.5769040763198291,0.4230959236801709,5.3865906596488005,-7.0
2024-10-01,7348,FINAL,Whitman-Hanson,4427,45.0,0.0,Hingham,4171,17.0,1.0,Patriot,Patriot,4:00 P.M.,,0,2024,1587.9418457288955,1347.0319544613558,1603.8836601096573,1331.090140080594,0.8421897452668442,0.1578102547331558,29.09098912675397,28.0
2024-10-01,7216,FINAL,Newton North,4279,22.0,1.0,Walpole,4404,34.0,0.0,Bay State,Bay State,4:30 P.M.,,0,2024,1350.2820522955205,1548.1407068159972,1327.2595918909433,1571.1631672205745,0.2991931768893609,0.700806823110639,-14.785865452047664,-12.0
2024-10-01,7145,FINAL,Natick,4270,21.0,1.0,Walpole,4404,35.0,0.0,Bay State,Bay State,4:30 P.M.,,0,2024,1370.1756254631312,1518.7446983109883,1340.7796169581222,1548.1407068159972,0.36183485437904533,0.6381651456209547,-9.856907284785711,-14.0
2024-10-01,7143,FINAL,Natick,4270,23.0,1.0,Newton North,4279,32.0,0.0,Bay State,Bay State,4:30 P.M.,,0,2024,1420.4122088117394,1300.0454689469123,1370.1756254631312,1350.2820522955205,0.7272490312657777,0.27275096873422233,17.036673986482718,-9.0
2024-10-01,5133,FINAL,St. John’s (Shrewsbury),4368,32.0,0.0,Catholic Memorial,4080,23.0,1.0,Catholic Conference,Catholic Conference,4:00 P.M.,,0,2024,1610.1551099844664,1494.3101128782093,1629.3548359537485,1475.1103869089272,0.7220554985828731,0.2779445014171269,16.58449971062571,9.0
2024-10-01,5094,FINAL,Brookline,4059,15.0,1.0,Needham,4272,49.0,0.0,Bay State,Bay State,4:00 P.M.,,0,2024,1338.5160855245765,1556.735442481115,1309.1620854104233,1586.089442595268,0.2752098116834928,0.7247901883165072,-16.82193569565384,-34.0
2024-10-01,5041,FINAL,Masconomet,4236,44.0,0.0,Beverly,4038,16.0,1.0,Northeastern,Northeastern,4:00 P.M.,,0,2024,1506.4374200425982,1477.416124762167,1545.6529861368244,1438.2005586679409,0.6117996153371944,0.3882003846628056,7.90212952804311,28.0
2024-10-01,5013,FINAL,Nauset,4271,36.0,0.0,Barnstable,4024,19.0,1.0,Cape &#38; Islands,Cape &#38; Islands,4:00 P.M.,,0,2024,1449.6693462223304,1508.3638317842492,1494.1096582381451,1463.9235197684345,0.48749024072296865,0.5125097592770314,-0.8694485561918782,17.0
2024-10-01,5005,FINAL,Canton,4071,48.0,0.0,Oliver Ames,4302,15.0,1.0,Hockomock,Hockomock,3:30 P.M.,,0,2024,1595.2401490072266,1349.5286480424143,1611.5500607373604,1333.2187363122805,0.8458286608692762,0.15417133913072378,29.571150096481233,33.0
2024-10-01,8875,FINAL,Stoneham,4380,50.0,0.0,Wakefield,4402,15.0,1.0,Middlesex,Middlesex,4:00 P.M.,,0,2024,1536.4562782200362,1519.3505593767932,1579.9541435257627,1475.8526940710667,0.5953896523429875,0.40461034765701254,6.710571884324304,35.0
2024-10-01,40919,FINAL,Upper Cape,4457,43.0,0.0,Holbrook/Avon,4172,17.0,1.0,Mayflower,Mayflower,,,0,2024,1562.703602579028,1600.0007157835637,1610.334432295199,1552.3698860673928,0.518272782172868,0.481727217827132,1.2702886795464337,26.0
2024-10-01,4989,FINAL,Arlington,4013,22.0,1.0,Belmont,4034,38.0,0.0,Middlesex,Middlesex,4:00 P.M.,,0,2024,1459.9238311148733,1435.3771378785057,1408.4445058964673,1486.8564630969117,0.6056647696087357,0.3943352303912643,7.454669323636767,-16.0
2024-10-01,40854,FINAL,Cape Cod Tech,4073,23.0,1.0,South Shore Voc-Tech,4356,32.0,0.0,Mayflower,Mayflower,,,0,2024,1442.2714388327906,1418.2525717234323,1400.483742917433,1460.04026763879,0.604938858249699,0.39506114175030105,7.401886710935832,-9.0
2024-10-01,40835,FINAL,Southeastern,4358,15.0,1.0,Norfolk Aggie,4458,45.0,0.0,Mayflower,Mayflower,,,0,2024,1379.029564693034,1500.0,1337.8976876496063,1541.1318770434277,0.39926257335015913,0.6007374266498409,-7.097043530696601,-30.0
2024-10-01,40792,FINAL,Putnam,4362,44.0,0.0,East Longmeadow,4127,19.0,1.0,Valley,Valley,,,0,2024,1505.9141067987564,1500.0,1546.9876948545736,1458.9264119441827,0.5797793018459825,0.4202206981540175,5.591410679875639,25.0
2024-10-01,40359,FINAL,Monty Tech,4259,23.0,1.0,Advanced Math and Science,4595,32.0,0.0,Colonial,Colonial,,,0,2024,1427.0217668397631,1399.251243066898,1384.8783646216184,1441.3946452850428,0.6100882343989849,0.38991176560101515,7.777052377286509,-9.0
2024-10-02,8925,FINAL,Tewksbury,4389,48.0,0.0,North Andover,4283,15.0,1.0,Merrimack Valley,Merrimack Valley,4:00 P.M.,,0,2024,1570.1557422204662,1353.1070277872936,1588.8737904568625,1334.3889795508974,0.8230654702326199,0.1769345297673801,26.704871443317256,33.0
2024-10-02,11185,FINAL,Billerica,4040,37.0,0.0,Lowell,4216,23.0,1.0,Merrimack Valley,Merrimack Valley,,,0,2024,1455.8260483009458,1347.2078102682026,1479.0911777828883,1323.94268078626,0.7136300073945786,0.2863699926054214,15.86182380327432,14.0
2024-10-02,11197,FINAL,Westford,4421,39.0,0.0,Concord-Carlisle,4097,20.0,1.0,Dual County,Dual County,,,0,2024,1571.0343507375633,1468.17132445544,1597.3837401085932,1441.8219350844101,0.7068119248211903,0.29318807517880974,15.28630262821232,19.0
2024-10-02,11183,FINAL,Dracut,4119,50.0,0.0,Lowell,4216,15.0,1.0,Merrimack Valley,Merrimack Valley,,,0,2024,1561.435467115863,1388.8415168805384,1584.798563056099,1365.4784209403024,0.7826801314436325,0.21731986855636753,22.259395023532466,35.0
2024-10-02,11556,FINAL,Waltham,4405,50.0,0.0,Bedford,4031,15.0,1.0,Dual County,Dual County,,,0,2024,1500.0,1544.0781939689227,1552.836692710708,1491.2415012582148,0.5085213387721856,0.49147866122781436,0.5921806031077267,35.0
2024-10-02,43418,FINAL,Norton,4295,29.0,0.0,Medway,4243,28.0,1.0,Tri-Valley,Tri-Valley,,,0,2024,1497.7252342478932,1576.8533456538112,1508.9920807465742,1565.5864991551302,0.4581792143298609,0.5418207856701391,-2.9128111405917934,1.0
2024-10-02,8911,UPCOMING,Methuen,4246,,,Andover,4009,,,Merrimack Valley,Merrimack Valley,4:00 P.M.,,0,2024,1637.6747225151703,1356.3674223326586,,,0.8706995413922364,0.12930045860776362,33.130730018251164,
2024-10-02,8932,UPCOMING,Pembroke,4308,,,Hanover,4164,,,Patriot,Patriot,4:00 P.M.,,0,2024,1359.430870236041,1703.5610045539017,,,0.15536214417809494,0.8446378558219051,-29.413013431786066,
2024-10-02,9021,UPCOMING,North Reading,4288,,,Pentucket,4309,,,Cape Ann,Cape Ann,4:00 P.M.,,0,2024,1572.6747169344521,1554.0197310107978,,,0.5975362372874824,0.4024637627125176,6.865498592365429,
2024-10-02,9054,UPCOMING,Everett,4132,,,Revere,4329,,,Greater Boston,Greater Boston,4:00 P.M.,,0,2024,1590.2139736645136,1527.936874984804,,,0.6561804641483829,0.34381953585161706,11.227709867970953,
2024-10-02,9078,UPCOMING,Lynn English,4221,,,Chelsea,4086,,,Greater Boston,Greater Boston,4:00 P.M.,,0,2024,1496.9718944011618,1478.617068897777,,,0.5971206394848042,0.4028793605151958,6.835482550338474,
2024-10-02,42124,FINAL,New Bedford,4273,27.0,1.0,Durfee,4122,30.0,0.0,Big Three,Big Three,,,0,2024,1487.6226625454356,1585.5835913577414,1469.680667945224,1603.525585957953,0.4314137772230284,0.5685862227769716,-4.796092881230583,-3.0
2024-10-02,11164,FINAL,Duxbury,4123,23.0,1.0,Silver Lake,4349,32.0,0.0,Patriot,Patriot,,,0,2024,1530.9984711644588,1429.2153288536238,1482.262733011159,1477.9510670069235,0.705522071715328,0.294477928284672,15.178314231083505,-9.0
2024-10-02,11184,FINAL,Haverhill,4167,50.0,0.0,Lowell,4216,15.0,1.0,Merrimack Valley,Merrimack Valley,,,0,2024,1590.9912040240238,1365.4784209403024,1609.2618146961236,1347.2078102682026,0.830049633838674,0.16995036616132597,27.55127830837214,35.0
2024-10-02,9041,FINAL,Lynnfield,4223,16.0,1.0,Georgetown,4148,47.0,0.0,Cape Ann,Cape Ann,3:30 P.M.,,0,2024,1421.3720906238666,1642.8059764436362,1393.1401198474105,1671.0379472200923,0.27153416155810217,0.7284658384418978,-17.143388581976957,-31.0
2024-10-02,8668,FINAL,Central Catholic,4081,21.0,1.0,Tewksbury,4389,40.0,0.0,Merrimack Valley,Merrimack Valley,3:45 P.M.,,0,2024,1416.7870484211262,1533.7783538205967,1380.4096600212567,1570.1557422204662,0.4047690189251909,0.5952309810748091,-6.699130539947054,-19.0
2024-10-02,8667,FINAL,Tewksbury,4389,15.0,1.0,Lawrence,4203,50.0,0.0,Merrimack Valley,Merrimack Valley,3:45 P.M.,,0,2024,1590.4107903331649,1621.7800806916518,1533.7783538205967,1678.41251720422,0.5267860770858847,0.47321392291411535,1.8630709641513021,-35.0
2024-10-02,7489,FINAL,Lincoln-Sudbury,4211,24.0,1.0,Acton-Boxborough,4003,35.0,0.0,Dual County,Dual County,4:00 P.M.,,0,2024,1502.7332834869715,1585.4646665304624,1468.9608217233379,1619.237128294096,0.453034614218002,0.546965385781998,-3.273138304349095,-11.0
2024-10-02,5138,FINAL,North Andover,4283,21.0,1.0,Central Catholic,4081,37.0,0.0,Merrimack Valley,Merrimack Valley,4:00 P.M.,,0,2024,1429.79460017555,1360.2131586381922,1373.220710392616,1416.7870484211262,0.6656033616578858,0.3343966383421142,11.95814415373577,-16.0
2024-10-02,9063,FINAL,Malden,4227,40.0,0.0,Somerville,4351,24.0,1.0,Greater Boston,Greater Boston,4:00 P.M.,,0,2024,1386.399066513536,1326.298298810264,1415.8631915395572,1296.8341737842427,0.6533485545916261,0.3466514454083739,11.010076770327192,16.0
2024-10-02,5137,FINAL,Central Catholic,4081,15.0,1.0,Lawrence,4203,50.0,0.0,Merrimack Valley,Merrimack Valley,3:45 P.M.,,0,2024,1392.4871596715377,1589.5060796583064,1360.2131586381922,1621.7800806916518,0.3002077156339345,0.6997922843660656,-14.701891998676865,-35.0
2024-10-02,8669,FINAL,North Andover,4283,15.0,1.0,Lawrence,4203,50.0,0.0,Merrimack Valley,Merrimack Valley,4:00 P.M.,,0,2024,1373.220710392616,1678.41251720422,1353.1070277872936,1698.5261998095423,0.187094333351823,0.812905666648177,-25.5191806811604,-35.0
2024-10-02,5072,FINAL,Bedford,4031,41.0,0.0,Boston Latin,4049,18.0,1.0,Dual County,Dual County,4:00 P.M.,,0,2024,1500.0,1523.766482917537,1544.0781939689227,1479.6882889486142,0.5376814834704801,0.46231851652951994,2.6233517082463096,23.0
2024-10-02,8990,FINAL,Foxborough,4142,24.0,1.0,North Attleborough,4284,33.0,0.0,Hockomock,Hockomock,3:45 P.M.,,0,2024,1569.0729390479228,1537.9221376544658,1526.6104851758096,1580.384591526579,0.6147069801576702,0.3852930198423298,8.115080139345697,-9.0
2024-10-02,9018,FINAL,Triton,4395,36.0,0.0,Newburyport,4276,21.0,1.0,Cape Ann,Cape Ann,3:30 P.M.,,0,2024,1449.7613954389549,1411.4053181073969,1480.9960584351322,1380.1706551112195,0.6244825549298073,0.3755174450701927,8.835607733155802,15.0
2024-10-02,9034,FINAL,Ipswich,4190,31.0,0.0,Amesbury,4007,26.0,1.0,Cape Ann,Cape Ann,4:00 P.M.,,0,2024,1585.6828815744384,1506.3078402942585,1602.9895546618714,1489.0011672068256,0.6780320613218377,0.3219679386781623,12.937504128017986,5.0
2024-10-02,5114,FINAL,Newton South,4280,22.0,1.0,Cambridge,4067,36.0,0.0,Dual County,Dual County,3:30 P.M.,,0,2024,1426.2323657754653,1446.3640090140975,1382.1281035908546,1490.4682711987082,0.5428784415525186,0.45712155844748137,2.986835676136775,-14.0
2024-10-03,43776,FINAL,Bellingham,4033,15.0,1.0,Millis,4251,50.0,0.0,Tri-Valley,Tri-Valley,,,0,2024,1525.4645200413017,1546.0701010378202,1467.1748582775917,1604.3597628015302,0.5422013274734087,0.45779867252659134,2.9394419003481516,-35.0
2024-10-07,11328,FINAL,Abington,4002,32.0,0.0,Carver,4077,23.0,1.0,South Shore,South Shore,,,0,2024,1491.9367533549032,1514.3921861795764,1523.743030513573,1482.5859090209065,0.5395569780034735,0.46044302199652654,2.7544567175326846,9.0
2024-10-07,43331,FINAL,Sandwich,4340,38.0,0.0,Norwell,4296,21.0,1.0,South Shore,South Shore,,,0,2024,1471.900465283101,1388.8843750542137,1499.423412946521,1361.3614273907938,0.6825904535379058,0.3174095464620942,13.301609022888737,17.0
2024-10-08,5053,FINAL,Cardinal Spellman,4075,20.0,0.0,Bishop Feehan,4042,15.0,1.0,Catholic Central,Catholic Central,4:00 P.M.,,0,2024,1598.3757824177965,1422.8877944075573,1609.9057321389448,1411.357844686409,0.7855004179008527,0.21449958209914732,22.548798801023917,5.0
2024-10-08,4990,FINAL,Reading,4328,31.0,0.0,Arlington,4013,26.0,1.0,Middlesex,Middlesex,4:00 P.M.,,0,2024,1363.2364083534314,1408.4445058964673,1389.7421392139634,1381.9387750359354,0.5068956647409939,0.4931043352590061,0.47919024569641805,5.0
2024-10-08,5004,FINAL,Sharon,4345,30.0,0.0,Attleboro,4018,26.0,1.0,Hockomock,Hockomock,3:45 P.M.,,0,2024,1375.3828702095484,1347.1225076561607,1394.1766571739881,1328.328720691721,0.6107587868774175,0.38924121312258253,7.826036255338773,4.0
2024-10-08,5014,FINAL,Barnstable,4024,43.0,0.0,Dennis-Yarmouth,4111,16.0,1.0,Cape &#38; Islands,Cape &#38; Islands,4:00 P.M.,,0,2024,1463.9235197684345,1560.2037867717233,1520.525496098946,1503.601810441212,0.4337884908957235,0.5662115091042765,-4.628026700328883,27.0
2024-10-08,5154,UPCOMING,Chicopee Comprehensive,4089,,,Chicopee,4088,,,Valley,Valley,3:45 P.M.,,0,2024,1514.7561779692787,1490.7548220307212,,,0.6049147674469362,0.3950852325530638,7.400135593855748,
2024-10-08,4977,UPCOMING,Shrewsbury,4348,,,Algonquin,4005,,,Mid-Wach,Mid-Wach,4:00 P.M.,,0,2024,1482.7543700512022,1486.0748576338822,,,0.5667759079008312,0.4332240920991688,4.667951241731998,
2024-10-08,5033,UPCOMING,Woburn,4438,,,Belmont,4034,,,Middlesex,Middlesex,4:00 P.M.,,0,2024,1611.1853517166392,1482.399389266921,,,0.7367558687379051,0.2632441312620949,17.878596244971824,
2024-10-08,5054,FINAL,Bishop Stang,4045,20.0,1.0,Bishop Feehan,4042,35.0,0.0,Catholic Central,Catholic Central,4:00 P.M.,,0,2024,1322.051347245942,1411.357844686409,1285.147622296956,1448.261569635395,0.44367350811860384,0.5563264918813962,-3.9306497440466956,-15.0
2024-10-08,8974,UPCOMING,Taunton,4388,,,Milford,4249,,,Hockomock,Hockomock,4:00 P.M.,,0,2024,1572.2387812960383,1608.490112188272,,,0.5197756039996256,0.48022439600037437,1.3748669107766318,
2024-10-08,40258,FINAL,Southbridge,4357,21.0,1.0,Bay Path,4027,35.0,0.0,SWCL,Colonial,,,0,2024,1500.0,1497.6714389141666,1453.3070504398113,1544.3643884743553,0.5747425403608845,0.42525745963911554,5.232856108583337,-14.0
2024-10-08,11448,FINAL,Catholic Memorial,4080,40.0,0.0,St. John’s Prep,4369,21.0,1.0,Catholic Conference,Catholic Conference,,,0,2024,1475.1103869089272,1436.2779872230174,1508.801111388,1402.5872627439446,0.6251253293839498,0.3748746706160502,8.883239968590988,19.0
2024-10-08,11429,FINAL,Archbishop Williams,4012,19.0,1.0,St. Mary’s,4374,42.0,0.0,Catholic Central,Catholic Central,,,0,2024,1432.5994257617444,1549.0651969405847,1393.9385823096222,1587.7260403927069,0.4054980974303745,0.5945019025696254,-6.646577117884021,-23.0
2024-10-08,11427,FINAL,Bishop Stang,4045,15.0,1.0,Cardinal Spellman,4075,50.0,0.0,Catholic Central,Catholic Central,,,0,2024,1285.147622296956,1609.9057321389448,1266.811034370785,1628.2423200651158,0.1705640762714548,0.8294359237285451,-27.475810984198894,-35.0
2024-10-08,11387,FINAL,Arlington Catholic,4014,44.0,0.0,Bishop Fenwick,4043,17.0,1.0,Catholic Central,Catholic Central,,,0,2024,1520.8688716264148,1611.7799519173195,1576.7104711722452,1555.9383523714891,0.4413948346076131,0.5586051653923869,-4.091108029090469,27.0
2024-10-08,9087,FINAL,Lynn Classical,4220,24.0,1.0,Lynn English,4221,33.0,0.0,Greater Boston,Greater Boston,4:00 P.M.,,0,2024,1441.1261016504498,1456.6912959775195,1403.175305766627,1494.6420918613424,0.54939404120603,0.45060595879397003,3.4434805672930224,-9.0
2024-10-08,9003,FINAL,North Attleborough,4284,41.0,0.0,Oliver Ames,4302,20.0,1.0,Hockomock,Hockomock,3:45 P.M.,,0,2024,1580.384591526579,1333.2187363122805,1594.5801522610573,1319.0231755778022,0.8469172245428586,0.15308277545714144,29.716585521429852,21.0
2024-10-08,8983,FINAL,Mansfield,4230,37.0,0.0,Canton,4071,18.0,1.0,Hockomock,Hockomock,3:30 P.M.,,0,2024,1457.674679660165,1611.5500607373604,1515.659017396158,1553.5657230013674,0.3548117517279207,0.6451882482720793,-10.387538107719525,19.0
2024-10-08,8967,FINAL,Plymouth North,4315,24.0,1.0,Silver Lake,4349,31.0,0.0,Patriot,Patriot,3:30 P.M.,,0,2024,1539.1799440038037,1477.9510670069235,1498.3302804152552,1518.800730595472,0.6548178564575707,0.34518214354242927,11.122887699688022,-7.0
2024-10-08,8944,FINAL,Plymouth South,4316,17.0,1.0,Scituate,4343,46.0,0.0,Patriot,Patriot,4:00 P.M.,,0,2024,1376.784067032017,1572.967812399394,1346.0489403549745,1603.7029390764365,0.30121869083275893,0.698781309167241,-14.6183745367377,-29.0
2024-10-08,8939,FINAL,Quincy/North Quincy,4326,38.0,0.0,Pembroke,4308,21.0,1.0,Patriot,Patriot,4:00 P.M.,,0,2024,1472.7042593492845,1445.491877591543,1506.580254056454,1411.6158828843736,0.6093236724696505,0.39067632753034953,7.721238175774147,17.0
2024-10-08,8898,FINAL,Burlington,4065,30.0,0.0,Melrose,4244,26.0,1.0,Middlesex,Middlesex,4:00 P.M.,,0,2024,1492.3432410903154,1377.0744492154845,1505.795438121837,1363.622252183963,0.7213893345912201,0.2786106654087799,16.526879187483086,4.0
2024-10-08,8876,FINAL,Stoneham,4380,19.0,1.0,Watertown,4409,45.0,0.0,Middlesex,Middlesex,4:00 P.M.,,0,2024,1579.9541435257627,1645.384525185835,1532.7107789977035,1692.627889713894,0.47780848434744877,0.5221915156525512,-1.5430381660072272,-26.0
2024-10-08,8853,FINAL,Lexington,4209,24.0,1.0,Winchester,4434,37.0,0.0,Middlesex,Middlesex,4:15 P.M.,,0,2024,1421.2530826084806,1609.0139814748245,1396.58938536934,1633.677678713965,0.31152155433642653,0.6884784456635735,-13.776089886634395,-13.0
2024-10-08,7433,FINAL,Malden Catholic,4228,43.0,0.0,St. John’s (Shrewsbury),4368,19.0,1.0,Catholic Conference,Catholic Conference,4:00 P.M.,,0,2024,1601.5020905572737,1629.3548359537485,1646.711585097228,1584.1453414137943,0.5318293611424066,0.46817063885759336,2.2147254603525197,24.0
2024-10-08,7235,FINAL,Franklin,4144,27.0,1.0,King Philip,4197,30.0,0.0,Hockomock,Hockomock,3:45 P.M.,,0,2024,1503.3643988481272,1506.4426229169899,1479.778611693855,1530.028410071262,0.5671183027155173,0.43288169728448267,4.692177593113729,-3.0
2024-10-08,5070,FINAL,BC High,4029,15.0,1.0,Xaverian,4446,50.0,0.0,Catholic Conference,Catholic Conference,4:00 P.M.,,0,2024,1342.4039949494022,1515.350704407631,1306.916533907898,1550.8381654491352,0.33009881860978146,0.6699011813902185,-12.294670945822872,-35.0
2024-10-08,40260,FINAL,Southeastern,4358,21.0,1.0,Tri-County,4392,35.0,0.0,Mayflower,Mayflower,,,0,2024,1337.8976876496063,1396.635443414282,1298.2983021100713,1436.234828953817,0.4874280090698658,0.5125719909301343,-0.873775576467574,-14.0
2024-10-08,8973,SUSPENDED,Taunton,4388,,,King Philip,4197,,,Hockomock,Hockomock,4:00 P.M.,,0,2024,1572.2387812960383,1565.0374558596473,,,0.5815835219593303,0.4184164780406697,5.720132543639101,
2024-10-08,40361,FINAL,University Park/Claremont,4514,46.0,0.0,Monty Tech,4259,21.0,1.0,Colonial,Colonial,,,0,2024,1566.961469021334,1384.8783646216184,1587.3088321030234,1364.531001539929,0.791827704261894,0.20817229573810603,23.20831043997157,25.0
2024-10-08,40855,FINAL,Upper Cape,4457,23.0,1.0,South Shore Voc-Tech,4356,33.0,0.0,Mayflower,Mayflower,,,0,2024,1610.334432295199,1460.04026763879,1555.6584002387178,1514.7162996952711,0.7600558800701006,0.2399441199298994,20.029416465640885,-10.0
2024-10-08,43784,FINAL,Falmouth Academy,4135,31.0,0.0,Rising Tide Charter,4746,24.0,1.0,Cape &#38; Islands,Cape &#38; Islands,,,0,2024,1462.3310158016739,1475.0512317148166,1490.1885681619901,1447.1936793545003,0.5534449706496344,0.4465550293503656,3.7279784086857264,7.0
2024-10-08,43709,FINAL,Bourne,4050,43.0,0.0,West Bridgewater,4415,18.0,1.0,South Coast,South Coast,,,0,2024,1431.508062640184,1420.8032117395642,1471.9264081304436,1380.3848662493047,0.5864830377841401,0.4135169622158599,6.070485090061993,25.0
2024-10-08,40478,FINAL,Blackstone Valley,4046,23.0,1.0,Assabet,4016,38.0,0.0,Colonial,Colonial,,,0,2024,1554.0441030478682,1555.0235707815264,1506.626032661091,1602.4416411683037,0.5700817916293965,0.42991820837060346,4.902053226634189,-15.0
2024-10-08,43631,FINAL,East Bridgewater,4126,29.0,0.0,Middleborough,4247,28.0,1.0,South Shore,South Shore,,,0,2024,1398.2825642676833,1451.2717038733017,1408.7692214736605,1440.7850466673244,0.49569838844779734,0.5043016115522027,-0.29891396056184477,1.0
2024-10-08,43534,FINAL,Sturgis West,4735,31.0,0.0,Monomoy,4706,28.0,1.0,Cape &#38; Islands,Cape &#38; Islands,,,0,2024,1537.6689841983261,1370.7843093416864,1546.9417084426711,1361.5115850973414,0.7770381119525431,0.22296188804745687,21.688467485663978,3.0
2024-10-08,43648,FINAL,Seekonk,4344,15.0,1.0,Fairhaven,4133,50.0,0.0,South Coast,South Coast,,,0,2024,1500.0,1584.0805602091389,1451.5030734377312,1632.5774867714076,0.45111083449129313,0.5488891655087069,-3.408056020913887,-35.0
2024-10-08,43273,FINAL,Medfield,4241,25.0,1.0,Dover-Sherborn,4118,30.0,0.0,Tri-Valley,Tri-Valley,,,0,2024,1420.430976107246,1407.7927697923415,1388.7609378085751,1439.4628080910122,0.5891794972591027,0.4108205027408973,6.263820631490444,-5.0
2024-10-08,43051,FINAL,North Quincy/Quincy,4287,38.0,0.0,Pembroke,4308,21.0,1.0,Patriot,Patriot,,,0,2024,1538.1099214184862,1411.6158828843736,1561.1586929274206,1388.5671113754393,0.7341890773973068,0.26581092260269323,17.649403853411265,17.0
2024-10-08,41525,FINAL,Holbrook/Avon,4172,42.0,0.0,Northeast,4293,20.0,1.0,Mayflower,Commonwealth,,,0,2024,1552.3698860673928,1461.4865469123622,1581.3117178785203,1432.5447151012347,0.6923203614484412,0.3076796385515588,14.088333915503062,22.0
2024-10-08,41289,FINAL,Pope Francis,4796,18.0,1.0,Westfield Tech,4420,41.0,0.0,Pioneer,Pioneer,,,0,2024,1500.0,1517.8223479160597,1447.9267537978558,1569.895594118204,0.5461754161712142,0.45382458382878577,3.21776520839403,-23.0
2024-10-08,40883,FINAL,Old Colony,4300,33.0,0.0,Cape Cod Tech,4073,29.0,1.0,Mayflower,Mayflower,,,0,2024,1486.367219733262,1400.483742917433,1501.5206009099522,1385.3303617407425,0.6861558299408104,0.31384417005918963,13.5883476815829,4.0
2024-10-08,43346,FINAL,Falmouth,4134,23.0,1.0,Nauset,4271,32.0,0.0,Cape &#38; Islands,Cape &#38; Islands,,,0,2024,1403.9258076864207,1494.1096582381451,1373.3640141661242,1524.6714517584417,0.44242727609771226,0.5575727239022877,-4.018385055172439,-9.0
2024-10-08,8885,UPCOMING,Wilmington,4432,,,Wakefield,4402,,,Middlesex,Middlesex,4:00 P.M.,,0,2024,1527.3788587189356,1571.804370943928,,,0.5080216444534262,0.49197835554657376,0.5574487775007583,
2024-10-09,9026,UPCOMING,Triton,4395,,,North Reading,4288,,,Cape Ann,Cape Ann,4:00 P.M.,,0,2024,1453.9870813891357,1572.6747169344521,,,0.4024185649517441,0.5975814350482559,-6.868763554531642,
2024-10-09,8902,UPCOMING,Methuen,4246,,,Haverhill,4167,,,Merrimack Valley,Merrimack Valley,4:00 P.M.,,0,2024,1637.6747225151703,1737.1063968965977,,,0.4293382478359175,0.5706617521640824,-4.943167438142746,
2024-10-09,7501,UPCOMING,Chelmsford,4085,,,Tewksbury,4389,,,Merrimack Valley,Merrimack Valley,4:00 P.M.,,0,2024,1484.0566933617565,1655.1780749069503,,,0.3324264987952943,0.6675735012047057,-12.11213815451938,
2024-10-09,7500,UPCOMING,Tewksbury,4389,,,Billerica,4040,,,Merrimack Valley,Merrimack Valley,4:00 P.M.,,0,2024,1655.1780749069503,1277.9272107067682,,,0.9212500371007264,0.0787499628992736,42.725086420018215,
2024-10-09,7317,UPCOMING,Braintree,4051,,,Weymouth,4425,,,Bay State,Bay State,4:00 P.M.,,0,2024,1747.5038916982376,1522.394044712428,,,0.8297221797289611,0.17027782027103888,27.510984698580955,
2024-10-09,5045,UPCOMING,Chelmsford,4085,,,Billerica,4040,,,Merrimack Valley,Merrimack Valley,4:00 P.M.,,0,2024,1484.0566933617565,1277.9272107067682,,,0.8137252162920582,0.18627478370794182,25.612948265498837,
2024-10-09,9152,FINAL,Dedham,4108,42.0,0.0,Ashland,4015,20.0,1.0,Tri-Valley,Tri-Valley,4:30 P.M.,,0,2024,1585.7553014462078,1447.772361616045,1609.563639867457,1423.9640231947958,0.7468943566610492,0.2531056433389508,18.798293983016286,22.0
2024-10-09,8926,FINAL,North Andover,4283,15.0,1.0,Dracut,4119,50.0,0.0,Merrimack Valley,Merrimack Valley,4:00 P.M.,,0,2024,1299.6266522382225,1611.7985250985812,1280.1616982539697,1631.263479082834,0.1810599610657096,0.8189400389342905,-26.21718728603587,-35.0
2024-10-09,5095,FINAL,Brookline,4059,16.0,1.0,Milton,4252,47.0,0.0,Bay State,Bay State,4:00 P.M.,,0,2024,1309.1620854104233,1593.6639656246355,1287.7556380574479,1615.0704129776109,0.20588650292792163,0.7941134970720783,-23.45018802142122,-31.0
2024-10-09,5115,FINAL,Cambridge,4067,24.0,1.0,Westford,4421,33.0,0.0,Dual County,Dual County,4:00 P.M.,,0,2024,1490.4682711987082,1597.3837401085932,1461.5374205392336,1626.3145907680678,0.41881695993923,0.58118304006077,-5.691546890988502,-9.0
2024-10-09,5139,FINAL,Central Catholic,4081,43.0,0.0,Lowell,4216,19.0,1.0,Merrimack Valley,Merrimack Valley,,,0,2024,1380.4096600212567,1323.94268078626,1414.3434411700305,1290.0088996374864,0.6485959385094425,0.3514040614905575,10.646697923499664,24.0
2024-10-09,5182,FINAL,Somerville,4351,18.0,1.0,Everett,4132,37.0,0.0,Greater Boston,Greater Boston,4:00 P.M.,,0,2024,1296.8341737842427,1600.5501474327996,1279.903206059707,1617.4811151573354,0.18838986240526748,0.8116101375947326,-25.37159736485569,-19.0
2024-10-09,7122,FINAL,Brookline,4059,21.0,1.0,Natick,4270,38.0,0.0,Bay State,Bay State,4:00 P.M.,,0,2024,1287.7556380574479,1340.7796169581222,1244.7774065641202,1383.75784845145,0.49564825442628163,0.5043517455737183,-0.3023978900674365,-17.0
2024-10-09,7221,FINAL,Newton North,4279,27.0,1.0,Wellesley,4413,28.0,0.0,Bay State,Bay State,4:30 P.M.,,0,2024,1327.2595918909433,1469.709028770051,1319.5654881677176,1477.4031324932766,0.37000817618609577,0.6299918238139042,-9.244943687910768,-1.0
2024-10-09,7284,FINAL,Natick,4270,17.0,1.0,Milton,4252,44.0,0.0,Bay State,Bay State,4:00 P.M.,,0,2024,1383.75784845145,1615.0704129776109,1357.72336353084,1641.1048978982208,0.26043304406148277,0.7395669559385172,-18.131256452616093,-27.0
2024-10-09,7298,FINAL,Needham,4272,27.0,1.0,Weymouth,4425,32.0,0.0,Bay State,Bay State,4:00 P.M.,,0,2024,1549.7983126424122,1576.198029063802,1521.0990885742892,1604.897253131925,0.5339113975398261,0.4660886024601739,2.360028357861006,-5.0
2024-10-09,7352,FINAL,Marshfield,4234,32.0,0.0,Hingham,4171,27.0,1.0,Patriot,Patriot,4:00 P.M.,,0,2024,1526.1848379044404,1331.090140080594,1536.725518682793,1320.5494593022413,0.8039044682172304,0.19609553178276962,24.509469782384645,5.0
2024-10-09,7408,FINAL,Holliston,4174,37.0,0.0,Hopkinton,4180,22.0,1.0,Tri-Valley,Tri-Valley,3:45 P.M.,,0,2024,1438.7254529166594,1379.6599701006996,1467.6714810189903,1350.7139419983687,0.6519975733611213,0.3480024266388787,10.906548281595974,15.0
2024-10-09,7497,FINAL,Beverly,4038,15.0,1.0,Peabody,4306,50.0,0.0,Northeastern,Northeastern,4:00 P.M.,,0,2024,1438.2005586679409,1457.619362300725,1379.728648331331,1516.091272637335,0.5438965752268954,0.4561034247731046,3.0581196367215853,-35.0
2024-10-09,4983,FINAL,North Andover,4283,23.0,1.0,Andover,4009,35.0,0.0,Merrimack Valley,Merrimack Valley,4:00 P.M.,,0,2024,1334.3889795508974,1418.0134128288519,1299.6266522382225,1452.7757401415267,0.45176106124083837,0.5482389387591616,-3.3624433277954493,-12.0
2024-10-09,8955,FINAL,Duxbury,4123,17.0,1.0,Whitman-Hanson,4427,46.0,0.0,Patriot,Patriot,4:00 P.M.,,0,2024,1482.262733011159,1603.8836601096573,1441.6152156373842,1644.5311774834322,0.3983647797383493,0.6016352202616507,-7.162092709849821,-29.0
2024-10-09,8991,FINAL,Stoughton,4381,33.0,0.0,Foxborough,4142,24.0,1.0,Hockomock,Hockomock,3:45 P.M.,,0,2024,1490.5614465878054,1526.6104851758096,1523.7140945789176,1493.4578371846974,0.5200662638993018,0.4799337361006982,1.3950961411995877,9.0
2024-10-09,9012,FINAL,Lynnfield,4223,43.0,0.0,Hamilton-Wenham,4163,17.0,1.0,Cape Ann,Cape Ann,3:30 P.M.,,0,2024,1393.1401198474105,1328.1817958926854,1426.7918533544685,1294.5300623856274,0.6596541346431452,0.34034586535685485,11.495832395472508,26.0
2024-10-09,9035,FINAL,Manchester Essex/Rockport,4229,32.0,0.0,Amesbury,4007,25.0,1.0,Cape Ann,Cape Ann,4:00 P.M.,,0,2024,1515.649415171115,1489.0011672068256,1540.0693146551841,1464.5812677227564,0.6085503568369596,0.39144964316304043,7.664824796428934,7.0
2024-10-09,9042,FINAL,Georgetown,4148,47.0,0.0,Ipswich,4190,16.0,1.0,Cape Ann,Cape Ann,4:00 P.M.,,0,2024,1671.0379472200923,1602.9895546618714,1706.0103814133615,1568.0171204686021,0.663636284143698,0.336363715856302,11.804839255822094,31.0
2024-10-09,9064,FINAL,Malden,4227,19.0,1.0,Revere,4329,44.0,0.0,Greater Boston,Greater Boston,4:00 P.M.,,0,2024,1415.8631915395572,1572.7343557641339,1381.567755407657,1607.029791896034,0.35087395080407524,0.6491260491959248,-10.687116422457667,-25.0
2024-10-09,9079,FINAL,Chelsea,4086,41.0,0.0,Medford,4242,18.0,1.0,Greater Boston,Greater Boston,4:00 P.M.,,0,2024,1600.72694163978,1615.4737922115173,1643.5772802962194,1572.623453555078,0.5505599659005986,0.44944003409940136,3.525314942826276,23.0
2024-10-09,9134,FINAL,Masconomet,4236,32.0,0.0,Marblehead,4231,23.0,1.0,Northeastern,Northeastern,4:00 P.M.,,0,2024,1545.6529861368244,1354.6954377338388,1559.460001713454,1340.8884221572093,0.8001229774505864,0.19987702254941364,24.09575484029856,9.0
2024-10-09,9141,FINAL,Masconomet,4236,29.0,1.0,Danvers,4103,30.0,0.0,Northeastern,Northeastern,4:00 P.M.,,0,2024,1559.460001713454,1517.8223479160597,1546.38235481228,1530.8999948172336,0.6289018776940194,0.3710981223059806,9.163765379739425,-1.0
2024-10-09,9149,FINAL,Danvers,4103,36.0,0.0,Marblehead,4231,23.0,1.0,Northeastern,Northeastern,4:30 P.M.,,0,2024,1530.8999948172336,1340.8884221572093,1546.793663745927,1324.994753228516,0.7992506800270937,0.20074931997290635,24.00115726600243,13.0
2024-10-09,4982,FINAL,Dracut,4119,50.0,0.0,Andover,4009,15.0,1.0,Merrimack Valley,Merrimack Valley,3:45 P.M.,,0,2024,1584.798563056099,1445.013374871334,1611.7985250985812,1418.0134128288519,0.7488505711268401,0.25114942887315994,18.978518818476505,35.0
2024-10-09,11517,FINAL,Essex Tech,4745,37.0,0.0,Newburyport,4276,21.0,1.0,Cape Ann,Cape Ann,,,0,2024,1532.803395856279,1380.1706551112195,1552.9898418264504,1359.984209141048,0.7625023425254286,0.2374976574745714,20.263274074505944,16.0
2024-10-09,11522,FINAL,Lincoln-Sudbury,4211,36.0,0.0,Concord-Carlisle,4097,25.0,1.0,Dual County,Dual County,,,0,2024,1468.9608217233379,1441.8219350844101,1498.0921559614044,1412.6906008463436,0.6092229562486531,0.3907770437513469,7.713888663892772,11.0
2024-10-09,43243,FINAL,Norwood,4297,48.0,0.0,Westwood,4424,15.0,1.0,Tri-Valley,Tri-Valley,,,0,2024,1637.1801388625515,1525.030651618717,1667.0378957251692,1495.1728947560994,0.7177660777621176,0.28223392223788235,16.214948724383454,33.0
2024-10-09,43420,FINAL,Medway,4243,18.0,1.0,Bellingham,4033,40.0,0.0,Tri-Valley,Tri-Valley,,,0,2024,1565.5864991551302,1467.1748582775917,1499.6024833360705,1533.1588740966515,0.701473848299506,0.298526151700494,14.84116408775385,-22.0
2024-10-09,43564,FINAL,Millis,4251,50.0,0.0,Norton,4295,15.0,1.0,Tri-Valley,Tri-Valley,,,0,2024,1604.3597628015302,1508.9920807465742,1636.848848566475,1476.5029949816294,0.6977915997941587,0.3022084002058413,14.536768205495605,35.0
2024-10-09,4969,FINAL,Acton-Boxborough,4003,50.0,0.0,Newton South,4280,15.0,1.0,Dual County,Dual County,4:00 P.M.,,0,2024,1619.237128294096,1382.1281035908546,1636.517573283455,1364.8476586014956,0.8392600003317415,0.16073999966825847,28.71090247032414,35.0
2024-10-09,5083,FINAL,Needham,4272,28.0,1.0,Braintree,4051,38.0,0.0,Bay State,Bay State,4:00 P.M.,,0,2024,1586.089442595268,1632.9722430469271,1549.7983126424122,1669.263372999783,0.5044858903909214,0.4955141096090786,0.31171995483409776,-10.0
2024-10-09,5073,FINAL,Wayland,4411,44.0,0.0,Boston Latin,4049,15.0,1.0,Dual County,Dual County,4:30 P.M.,,0,2024,1528.9018766831045,1479.6882889486142,1565.734659498502,1442.8555061332167,0.6390214123415823,0.3609785876584177,9.921358773449038,29.0
2024-10-10,43488,FINAL,Norwell,4296,21.0,1.0,Mashpee,4237,38.0,0.0,South Shore,South Shore,,,0,2024,1361.3614273907938,1533.9442585524105,1332.6979996055725,1562.6076863376318,0.3305621812247982,0.6694378187752018,-12.25828311616167,-17.0
2024-10-10,11535,FINAL,Carver,4077,20.0,1.0,Rockland,4331,39.0,0.0,South Shore,South Shore,,,0,2024,1482.5859090209065,1646.6574458547982,1451.8952727094136,1677.348082166291,0.3414928695111451,0.6585071304888549,-11.407153683389174,-19.0
2024-10-11,5022,UPCOMING,Bay Path,4027,,,University Park/Claremont,4514,,,Colonial,Colonial,3:30 P.M.,,0,2024,1481.0190559031532,1541.9484347310472,,,0.4842765456164758,0.5157234543835242,-1.092937882789397,
2024-10-11,40479,FINAL,Monty Tech,4259,15.0,1.0,Assabet,4016,50.0,0.0,Colonial,Colonial,,,0,2024,1364.531001539929,1602.4416411683037,1337.3122763011525,1629.6603664070803,0.25318432994899853,0.7468156700510015,-18.791063962837462,-35.0
2024-10-15,5155,UPCOMING,Minnechaug,4254,,,Chicopee Comprehensive,4089,,,Valley,Valley,4:00 P.M.,,0,2024,1502.7555,1514.7561779692787,,,0.5544684099242341,0.4455315900757659,3.799932203072126,
2024-10-15,40614,FINAL,Dighton-Rehoboth,4114,42.0,0.0,Greater New Bedford,4156,17.0,1.0,South Coast,South Coast,,,0,2024,1608.7843739248974,1507.2946380128049,1637.6018097846656,1478.4772021530366,0.7051710456962298,0.2948289543037702,15.148973591209256,25.0
2024-10-15,43649,FINAL,West Bridgewater,4415,29.0,0.0,Seekonk,4344,26.0,1.0,South Coast,South Coast,,,0,2024,1380.3848662493047,1451.5030734377312,1402.4416761223792,1429.4462635646566,0.46964582963807733,0.5303541703619227,-2.1118207188426594,3.0
2024-10-15,43877,FINAL,Archbishop Williams,4012,15.0,1.0,Arlington Catholic,4014,50.0,0.0,Catholic Central,Catholic Central,,,0,2024,1324.4363618376458,1619.616704940112,1303.3633543324609,1640.689712445297,0.1960178237006313,0.8039821762993686,-24.518034310246616,-35.0
2024-10-15,43848,FINAL,Archbishop Williams,4012,15.0,1.0,Arlington,4013,50.0,0.0,Catholic Central,Middlesex,,,0,2024,1386.572740192113,1381.9387750359354,1324.4363618376458,1444.0751533904026,0.5779828842506188,0.42201711574938117,5.463396515617774,-35.0
2024-10-15,43785,FINAL,Nantucket,4265,22.0,1.0,Falmouth Academy,4135,39.0,0.0,Cape &#38; Islands,Cape &#38; Islands,,,0,2024,1453.5302802287756,1490.1885681619901,1408.5106444302521,1535.2082039605136,0.5191908350605201,0.4808091649394799,1.3341712066785476,-17.0
2024-10-15,43644,FINAL,Nantucket,4265,22.0,1.0,Falmouth,4134,39.0,0.0,Cape &#38; Islands,Cape &#38; Islands,,,0,2024,1521.4910410934767,1347.7918875840014,1453.5302802287756,1415.7526484487025,0.7837603205543838,0.21623967944561617,22.36991535094753,-17.0
2024-10-15,43347,FINAL,Dennis-Yarmouth,4111,44.0,0.0,Falmouth,4134,19.0,1.0,Cape &#38; Islands,Cape &#38; Islands,,,0,2024,1503.601810441212,1373.3640141661242,1529.1739370233347,1347.7918875840014,0.7383735535590583,0.2616264464409417,18.02377962750877,25.0
2024-10-15,43299,FINAL,Somerset Berkley,4350,28.0,1.0,Old Rochester,4301,29.0,0.0,South Coast,South Coast,,,0,2024,1394.0240177609764,1496.4484804318067,1385.1838431494484,1505.2886550433348,0.42512253575479536,0.5748774642452046,-5.242446267083028,-1.0
2024-10-15,40921,FINAL,Cape Cod Tech,4073,28.0,1.0,Upper Cape,4457,29.0,0.0,Mayflower,Mayflower,,,0,2024,1385.3303617407425,1555.6584002387178,1378.3966563829601,1562.5921055965002,0.33344074448859434,0.6665592555114057,-12.032803849797528,-1.0
2024-10-15,40884,FINAL,Holbrook/Avon,4172,33.0,0.0,Old Colony,4300,25.0,1.0,Mayflower,Mayflower,,,0,2024,1581.3117178785203,1501.5206009099522,1602.50034296462,1480.3319758238526,0.6785547048057108,0.3214452951942892,12.979111696856808,8.0
2024-10-15,43274,FINAL,Bellingham,4033,50.0,0.0,Medfield,4241,15.0,1.0,Tri-Valley,Tri-Valley,,,0,2024,1533.1588740966515,1388.7609378085751,1559.6255158158506,1362.294296089376,0.7538114334565079,0.24618856654349208,19.43979362880764,35.0
2024-10-15,40097,FINAL,Monty Tech,4259,21.0,1.0,Bay Path,4027,46.0,0.0,Colonial,Colonial,,,0,2024,1337.3122763011525,1544.3643884743553,1309.1412164686226,1572.5354483068852,0.28821593123242234,0.7117840687675776,-15.705211217320288,-25.0
2024-10-15,40018,FINAL,Bristol-Plymouth,4057,15.0,1.0,Norfolk Aggie,4458,45.0,0.0,Mayflower,Mayflower,3:30 P.M.,,0,2024,1568.1504866716116,1541.1318770434277,1505.405553873484,1603.8768098415553,0.6090581109929212,0.3909418890070788,7.701860962818387,-30.0
2024-10-15,11609,FINAL,St. Mary’s,4374,42.0,0.0,Bishop Fenwick,4043,17.0,1.0,Catholic Central,Catholic Central,,,0,2024,1587.7260403927069,1520.3628775877296,1620.6893225912313,1487.3995953892052,0.6627552129098685,0.3372447870901315,11.736316280497727,25.0
2024-10-15,11608,FINAL,Cardinal Spellman,4075,50.0,0.0,Bishop Fenwick,4043,15.0,1.0,Catholic Central,Catholic Central,,,0,2024,1628.2423200651158,1555.9383523714891,1663.8177948488753,1520.3628775877296,0.6690824913096316,0.3309175086903684,12.230396769362665,35.0
2024-10-15,11537,FINAL,Carver,4077,16.0,1.0,Cohasset,4094,39.0,0.0,South Shore,South Shore,,,0,2024,1451.8952727094136,1602.730247580012,1417.6839919754282,1636.9415283139974,0.3588284168054281,0.6411715831945719,-10.083497487059844,-23.0
2024-10-15,5056,FINAL,Bishop Feehan,4042,15.0,1.0,Arlington Catholic,4014,50.0,0.0,Catholic Central,Catholic Central,4:00 P.M.,,0,2024,1455.6274117529042,1576.7104711722452,1412.7211779850375,1619.616704940112,0.39910708351897245,0.6008929164810275,-7.1083059419341,-35.0
2024-10-15,5055,FINAL,Bishop Feehan,4042,30.0,0.0,Archbishop Williams,4012,29.0,1.0,Catholic Central,Catholic Central,4:00 P.M.,,0,2024,1448.261569635395,1393.9385823096222,1455.6274117529042,1386.572740192113,0.6457778701699457,0.3542221298300543,10.432298732577284,1.0
2024-10-15,40798,FINAL,Frontier,4146,48.0,0.0,Smith Voc.,4539,19.0,1.0,Pioneer,Pioneer,,,0,2024,1500.0,1482.1776520839403,1541.1834288583507,1440.9942232255896,0.5963830357666131,0.4036169642333869,6.78223479160597,29.0
2024-10-16,9055,FINAL,Medford,4242,24.0,0.0,Everett,4132,13.0,1.0,Greater Boston,Greater Boston,4:15 P.M.,,0,2024,1572.623453555078,1617.4811151573354,1609.3454130091175,1580.7591557032958,0.5073998794928234,0.4926001205071766,0.5142338397742605,11.0
2024-10-16,9148,FINAL,Peabody,4306,40.0,0.0,Marblehead,4231,20.0,1.0,Northeastern,Northeastern,4:30 P.M.,,0,2024,1516.091272637335,1324.994753228516,1534.3354925388226,1306.7505333270283,0.8002508847208023,0.1997491152791977,24.109651940881896,20.0
2024-10-16,9070,FINAL,Lynn Classical,4220,50.0,0.0,Somerville,4351,15.0,1.0,Greater Boston,Greater Boston,4:00 P.M.,,0,2024,1403.175305766627,1279.903206059707,1432.1422673076383,1250.9362445186955,0.7305538490843378,0.26944615091566215,17.327209970692003,35.0
2024-10-16,9065,FINAL,Malden,4227,21.0,1.0,Lynn English,4221,34.0,0.0,Greater Boston,Greater Boston,4:00 P.M.,,0,2024,1381.567755407657,1494.6420918613424,1349.090489538709,1527.1193577302902,0.4102129638550734,0.5897870361449267,-6.307433645368542,-13.0
2024-10-16,8904,FINAL,Methuen,4246,49.0,0.0,Lowell,4216,15.0,1.0,Merrimack Valley,Merrimack Valley,4:00 P.M.,,0,2024,1572.0045890623346,1290.0088996374864,1585.7483189030258,1276.2651697967951,0.8711450130620617,0.1288549869379383,33.199568942484824,34.0
2024-10-16,11663,FINAL,Billerica,4040,26.0,1.0,Andover,4009,29.0,0.0,Merrimack Valley,Merrimack Valley,,,0,2024,1446.7806717968117,1415.5820080188128,1421.213013421419,1441.1496663942055,0.6147722324220375,0.3852277675779625,8.119866377799895,-3.0
2024-10-16,7250,FINAL,Needham,4272,39.0,0.0,Wellesley,4413,20.0,1.0,Bay State,Bay State,4:00 P.M.,,0,2024,1521.0990885742892,1477.4031324932766,1554.20226944518,1444.2999516223858,0.6316628918731922,0.36833710812680776,9.369595608101259,19.0
2024-10-16,5162,FINAL,Newton South,4280,21.0,1.0,Concord-Carlisle,4097,34.0,0.0,Dual County,Dual County,4:00 P.M.,,0,2024,1364.8476586014956,1412.6906008463436,1325.0160325566183,1452.522226891221,0.5031042157603075,0.4968957842396925,0.21570577551519818,-13.0
2024-10-16,5147,FINAL,Dracut,4119,50.0,0.0,Chelmsford,4085,15.0,1.0,Merrimack Valley,Merrimack Valley,4:00 P.M.,,0,2024,1631.263479082834,1483.6891699064015,1657.36702113062,1457.5856278586155,0.7571889298750544,0.24281107012494563,19.75743091764325,35.0
2024-10-16,4970,FINAL,Westford,4421,18.0,1.0,Acton-Boxborough,4003,41.0,0.0,Dual County,Dual County,4:30 P.M.,,0,2024,1626.3145907680678,1636.517573283455,1573.2070862639744,1689.6250777875484,0.557023337122843,0.442976662877157,3.979701748461275,-23.0
2024-10-16,11661,FINAL,Central Catholic,4081,34.0,0.0,Andover,4009,22.0,1.0,Merrimack Valley,Merrimack Valley,,,0,2024,1414.3434411700305,1452.7757401415267,1451.5371732927445,1415.5820080188128,0.5166411113924977,0.4833588886075023,1.1567701028503734,12.0
2024-10-16,7305,FINAL,Tewksbury,4389,30.0,0.0,Haverhill,4167,25.0,1.0,Merrimack Valley,Merrimack Valley,4:00 P.M.,,0,2024,1588.8737904568625,1609.2618146961236,1613.4650350029287,1584.6705701500573,0.5425121699573338,0.45748783004266624,2.9611975760738916,5.0
2024-10-16,11662,FINAL,Central Catholic,4081,32.0,0.0,Billerica,4040,23.0,1.0,Merrimack Valley,Merrimack Valley,,,0,2024,1451.5371732927445,1479.0911777828883,1483.847679278821,1446.7806717968117,0.532257518091499,0.467742481908501,2.2445995509856176,9.0
2024-10-16,8670,FINAL,Lawrence,4203,19.0,1.0,Chelmsford,4085,40.0,0.0,Merrimack Valley,Merrimack Valley,4:00 P.M.,,0,2024,1698.5261998095423,1457.5856278586155,1620.4266955813614,1535.6851320867963,0.8422132167022199,0.15778678329778006,29.09405719509268,-21.0
2024-10-16,7409,UPCOMING,Westwood,4424,,,Hopkinton,4180,,,Tri-Valley,Tri-Valley,4:15 P.M.,,0,2024,1485.1554177928438,1266.0677785897985,,,0.824768237369643,0.175231762630357,26.908763920304523,
2024-10-16,11665,FINAL,North Andover,4283,15.0,1.0,Methuen,4246,48.0,0.0,Merrimack Valley,Merrimack Valley,,,0,2024,1315.4682154233967,1585.7483189030258,1292.2371924014253,1608.9793419249972,0.2195939492460153,0.7804060507539847,-22.028010347962912,-33.0
2024-10-16,11675,FINAL,Beaver Country Day,4030,42.0,0.0,Berwick,4037,19.0,1.0,EIL,EIL,,,0,2024,1663.0108468329377,1500.0,1684.6390097600772,1478.3718370728604,0.7731508644209936,0.22684913557900643,21.301084683293766,23.0
2024-10-16,11676,FINAL,Beaver Country Day,4030,35.0,0.0,Lexington Christian,4210,23.0,1.0,EIL,EIL,,,0,2024,1684.6390097600772,1500.0,1700.4717345702352,1484.167275189842,0.7942425287514306,0.20575747124856936,23.46390097600772,12.0
2024-10-16,11685,FINAL,Georgetown,4148,47.0,0.0,Ipswich,4190,16.0,1.0,Cape Ann,Cape Ann,,,0,2024,1706.0103814133615,1568.0171204686021,1732.3251331128351,1541.7023687691285,0.7469055881396327,0.2530944118603673,18.79932609447594,31.0
2024-10-16,11699,FINAL,Beverly,4038,15.0,1.0,Salem,4336,50.0,0.0,Northeastern,Northeastern,,,0,2024,1379.728648331331,1580.090922800764,1347.8876394141741,1611.9319317179209,0.29618009061297135,0.7038199093870287,-15.036227446943304,-35.0
2024-10-16,42293,FINAL,Martha’s Vineyard,4235,30.0,0.0,Barnstable,4024,25.0,1.0,Cape &#38; Islands,Cape &#38; Islands,,,0,2024,1464.3411242663885,1520.525496098946,1491.6958669878018,1493.1707533775327,0.49110091335346123,0.5088990866465388,-0.6184371832557417,5.0
2024-10-16,43244,FINAL,Norwood,4297,35.0,0.0,Dedham,4108,20.0,1.0,Tri-Valley,Tri-Valley,,,0,2024,1667.0378957251692,1609.563639867457,1696.1570348897003,1580.4445007029258,0.6499163527697936,0.35008364723020635,10.747425585771225,15.0
2024-10-16,43422,FINAL,Millis,4251,50.0,0.0,Medway,4243,15.0,1.0,Tri-Valley,Tri-Valley,,,0,2024,1636.848848566475,1499.6024833360705,1664.1453763787624,1472.305955523783,0.7460919626668454,0.2539080373331546,18.724636523040452,35.0
2024-10-16,43565,FINAL,Norton,4295,33.0,0.0,Dover-Sherborn,4118,25.0,1.0,Tri-Valley,Tri-Valley,,,0,2024,1476.5029949816294,1439.4628080910122,1501.373080193021,1414.5927228796206,0.6227045478506563,0.3772954521493437,8.704018689061717,8.0
2024-10-16,5174,POSTPONED,Bishop Stang,4045,,,Durfee,4122,,,Catholic Central,Big Three,3:30 P.M.,,0,2024,1445.6827151349726,1613.1081274654089,,,0.33716469957710055,0.6628353004228995,-11.74254123304363,
2024-10-16,8671,UPCOMING,Lawrence,4203,,,Dracut,4119,,,Merrimack Valley,Merrimack Valley,4:00 P.M.,,0,2024,1724.6209658100845,1680.6741862971885,,,0.6319987624913198,0.3680012375086802,9.3946779512896,
2024-10-16,9080,UPCOMING,Revere,4329,,,Chelsea,4086,,,Greater Boston,Greater Boston,4:00 P.M.,,0,2024,1527.936874984804,1478.617068897777,,,0.6391624435353933,0.3608375564646067,9.931980608702702,
2024-10-16,11664,FINAL,Lowell,4216,24.0,1.0,North Andover,4283,31.0,0.0,Merrimack Valley,Merrimack Valley,,,0,2024,1276.2651697967951,1280.1616982539697,1240.958652627368,1315.4682154233967,0.5659615247932617,0.43403847520673833,4.610347154282545,-7.0
2024-10-16,9142,UPCOMING,Swampscott,4383,,,Masconomet,4236,,,Northeastern,Northeastern,4:00 P.M.,,0,2024,1482.454674723499,1374.0592320938447,,,0.7133678383078987,0.28663216169210126,15.839544262965433,
2024-10-17,43493,FINAL,Abington,4002,38.0,0.0,Norwell,4296,20.0,1.0,South Shore,South Shore,,,0,2024,1523.743030513573,1332.6979996055725,1541.391688369761,1315.0493417493847,0.8002035024774734,0.1997964975225266,24.104503090800062,18.0
2024-10-17,11538,UPCOMING,Middleborough,4247,,,Carver,4077,,,South Shore,South Shore,,,0,2024,1436.9873818014362,1500.634876071389,,,0.480369772201081,0.519630227798919,-1.3647494269952858,
2024-10-17,11698,FINAL,Cambridge,4067,35.0,0.0,Lincoln-Sudbury,4211,25.0,1.0,Dual County,Dual County,,,0,2024,1461.5374205392336,1498.0921559614044,1496.1146168450457,1463.5149596555923,0.5193396378613854,0.4806603621386146,1.3445264577829221,10.0
2024-10-17,5189,FINAL,Framingham,4143,35.0,0.0,Natick,4270,23.0,1.0,Bay State,Bay State,4:00 P.M.,,0,2024,1593.002829419253,1357.72336353084,1605.4812449772285,1345.2449479728646,0.8378341529216374,0.16216584707836257,28.527946588841292,12.0
2024-10-17,5085,UPCOMING,Milton,4252,,,Braintree,4051,,,Bay State,Bay State,4:00 P.M.,,0,2024,1605.1898505693323,1747.5038916982376,,,0.37018987452016694,0.6298101254798331,-9.231404112890527,
2024-10-17,5097,FINAL,Brookline,4059,15.0,1.0,Newton North,4279,49.0,0.0,Bay State,Bay State,4:00 P.M.,,0,2024,1244.7774065641202,1319.5654881677176,1195.2456319299645,1369.0972628018733,0.46438748778373934,0.5356125122162607,-2.478808160359745,-34.0
2024-10-18,5023,UPCOMING,Bay Path,4027,,,Assabet,4016,,,Colonial,Colonial,3:30 P.M.,,0,2024,1481.0190559031532,1683.9033568428608,,,0.2931626971756878,0.7068373028243122,-15.28843009397076,
2024-10-19,43348,FINAL,Falmouth,4134,19.0,1.0,Falmouth Academy,4135,44.0,0.0,Cape &#38; Islands,Cape &#38; Islands,,,0,2024,1415.7526484487025,1535.2082039605136,1376.522951407716,1574.4379010015002,0.4013559919949381,0.5986440080050619,-6.94555555118111,-25.0
2024-10-22,43490,FINAL,Norwell,4296,18.0,1.0,Rockland,4331,43.0,0.0,South Shore,South Shore,,,0,2024,1315.0493417493847,1677.348082166291,1301.157449243696,1691.2399746719798,0.14212687626627413,0.8578731237337258,-31.229874041690643,-25.0
2024-10-22,9153,FINAL,Ashland,4015,50.0,0.0,Holliston,4174,15.0,1.0,Tri-Valley,Tri-Valley,3:45 P.M.,,0,2024,1423.9640231947958,1467.6714810189903,1476.7433759474243,1414.8921282663619,0.5090547061043529,0.4909452938956471,0.6292542175805466,35.0
2024-10-22,43833,FINAL,Sturgis West,4735,36.0,0.0,Rising Tide Charter,4746,27.0,1.0,Cape &#38; Islands,Cape &#38; Islands,,,0,2024,1546.9417084426711,1447.1936793545003,1567.452056681785,1426.6833311153864,0.7030822979279584,0.2969177020720416,14.974802908817082,9.0
2024-10-22,8877,FINAL,Stoneham,4380,50.0,0.0,Burlington,4065,15.0,1.0,Middlesex,Middlesex,4:00 P.M.,,0,2024,1532.7107789977035,1505.795438121837,1574.754426788461,1463.7517903310795,0.6089165564833394,0.3910834435166606,7.6915340875866605,35.0
2024-10-22,5034,FINAL,Belmont,4034,39.0,0.0,Lexington,4209,20.0,1.0,Middlesex,Middlesex,4:00 P.M.,,0,2024,1486.8564630969117,1396.58938536934,1514.576196753373,1368.8696517128787,0.6915641861460914,0.3084358138539086,14.026707772757163,19.0
2024-10-22,8874,FINAL,Melrose,4244,32.0,0.0,Wakefield,4402,23.0,1.0,Middlesex,Middlesex,4:00 P.M.,,0,2024,1363.622252183963,1475.8526940710667,1404.282075238917,1435.1928710161126,0.411388773735695,0.5886112262643051,-6.223044188710378,9.0
2024-10-22,8862,FINAL,Winchester,4434,33.0,0.0,Reading,4328,26.0,1.0,Middlesex,Middlesex,4:00 P.M.,,0,2024,1633.677678713965,1389.7421392139634,1643.3788471812995,1380.0409707466288,0.8444908040149784,0.15550919598502155,29.39355395000016,7.0
2024-10-22,4991,FINAL,Arlington,4013,22.0,1.0,Woburn,4438,37.0,0.0,Middlesex,Middlesex,4:00 P.M.,,0,2024,1444.0751533904026,1554.9899963241044,1409.7041613702359,1589.3609883442712,0.4132238311494068,0.5867761688505932,-6.091484293370172,-15.0
2024-10-22,8893,FINAL,Watertown,4409,49.0,0.0,Wilmington,4432,15.0,1.0,Middlesex,Middlesex,4:15 P.M.,,0,2024,1692.627889713894,1585.5965091573162,1723.3717396621757,1554.8526592090345,0.7117595856854746,0.2882404143145254,15.703138055657792,34.0
2024-10-23,5175,UPCOMING,Durfee,4122,,,Brockton,4058,,,Big Three,Big Three,3:45 P.M.,,0,2024,1613.1081274654089,1508.9914251904333,,,0.7083052059969256,0.2916947940030744,15.411670227497552,
2024-10-23,43586,FINAL,Dover-Sherborn,4118,20.0,1.0,Bellingham,4033,38.0,0.0,Tri-Valley,Tri-Valley,,,0,2024,1414.5927228796206,1559.6255158158506,1382.214334981961,1592.0039037135102,0.3665484678830715,0.6334515321169285,-9.503279293622995,-18.0
2024-10-23,43275,FINAL,Medfield,4241,15.0,1.0,Millis,4251,50.0,0.0,Tri-Valley,Tri-Valley,,,0,2024,1362.294296089376,1664.1453763787624,1341.8642865835263,1684.5753858846122,0.19003675676262857,0.8099632432373715,-25.185108028938636,-35.0
2024-10-23,43284,FINAL,Westwood,4424,23.0,1.0,Dedham,4108,38.0,0.0,Tri-Valley,Tri-Valley,,,0,2024,1495.1728947560994,1580.4445007029258,1457.7917103451498,1617.8256851138754,0.44941374476860757,0.5505862552313925,-3.527160594682641,-15.0
2024-10-24,5057,UPCOMING,Archbishop Williams,4012,,,Bishop Feehan,4042,,,Catholic Central,Catholic Central,3:00 P.M.,,0,2024,1351.076712948192,1614.1132552030165,,,0.226823194067488,0.773176805932512,-21.303654225482454,
2024-10-26,11989,FINAL,Thayer,4390,28.0,1.0,St. Mark’s,4372,29.0,0.0,ISL,ISL,,,0,2024,1500.0,1659.1271242195367,1492.7651670680962,1666.3619571514405,0.3479219197505938,0.6520780802494062,-10.912712421953666,-1.0
2024-10-26,11973,FINAL,Groton,4544,42.0,0.0,Nobles,4282,20.0,1.0,ISL,ISL,,,0,2024,1500.0,1500.0,1540.3102475003498,1459.6897524996502,0.5714631174083814,0.4285368825916186,5.0,22.0
2024-10-26,11974,FINAL,Roxbury Latin,4334,23.0,1.0,Nobles,4282,34.0,0.0,ISL,ISL,,,0,2024,1500.0,1459.6897524996502,1453.2501987906664,1506.4395537089838,0.6271168001867322,0.3728831998132678,9.031024750034977,-11.0
2024-10-26,11975,FINAL,Roxbury Latin,4334,18.0,1.0,Groton,4544,45.0,0.0,ISL,ISL,,,0,2024,1453.2501987906664,1540.3102475003498,1408.578565621717,1584.9818806692992,0.4468676620591614,0.5531323379408386,-3.7060048709683313,-27.0
2024-10-26,11976,FINAL,Nobles,4282,16.0,1.0,Lawrence Academy,4204,46.0,0.0,ISL,ISL,,,0,2024,1506.4395537089838,1548.5387660335866,1453.7585992835764,1601.219720458994,0.5113681879439418,0.4886318120560582,0.7900787675397168,-30.0
2024-10-26,11977,FINAL,Lawrence Academy,4204,39.0,0.0,Groton,4544,22.0,1.0,ISL,ISL,,,0,2024,1601.219720458994,1584.9818806692992,1636.4083582259634,1549.79324290233,0.5941855614150897,0.4058144385849103,6.623783978969482,17.0
2024-10-26,11978,FINAL,Roxbury Latin,4334,15.0,1.0,Lawrence Academy,4204,49.0,0.0,ISL,ISL,,,0,2024,1408.578565621717,1636.4083582259634,1380.386820611252,1664.6001032364284,0.2643130341754774,0.7356869658245226,-17.782979260424646,-34.0
2024-10-26,11987,FINAL,Belmont Hill,4035,19.0,1.0,St. Mark’s,4372,43.0,0.0,ISL,ISL,,,0,2024,1500.0,1591.431457615086,1457.447455907478,1633.984001707608,0.44065636998453794,0.5593436300154621,-4.1431457615085945,-24.0
2024-10-26,11988,FINAL,Milton Academy,4253,25.0,1.0,St. Mark’s,4372,33.0,0.0,ISL,ISL,,,0,2024,1500.0,1633.984001707608,1474.8568774880714,1659.1271242195367,0.38143760650402875,0.6185623934959712,-8.398400170760805,-8.0
2024-10-26,11990,FINAL,Milton Academy,4253,24.0,1.0,Thayer,4390,35.0,0.0,ISL,ISL,,,0,2024,1474.8568774880714,1492.7651670680962,1434.1501713518728,1533.4718732042948,0.5460527882026147,0.4539472117973853,3.209171041997524,-11.0
2024-10-26,11991,FINAL,Belmont Hill,4035,15.0,1.0,Thayer,4390,47.0,0.0,ISL,ISL,,,0,2024,1457.447455907478,1533.4718732042948,1408.9210631538654,1581.9982659579073,0.462617739754579,0.537382260245421,-2.6024417296816864,-32.0
2024-10-26,11992,FINAL,Belmont Hill,4035,15.0,1.0,Milton Academy,4253,47.0,0.0,ISL,ISL,,,0,2024,1408.9210631538654,1434.1501713518728,1352.740448939549,1490.3307855661892,0.5355878995130168,0.4644121004869832,2.477089180199255,-32.0
2024-10-30,42702,FINAL,Westwood,4424,30.0,0.0,Hopkinton,4180,18.0,1.0,Tri-Valley,Tri-Valley,,,0,2024,1457.7917103451498,1350.7139419983687,1479.9671570624585,1328.53849528106,0.7118143658106476,0.2881856341893524,15.70777683467811,12.0
2025-09-02,49857,UPCOMING,Martha’s Vineyard,4235,,,Barnstable,4024,,,Cape & Islands,Southeast,3:30 P.M.,,0,2025,1482.899692074232,1614.5638640757238,,,0.38459334142977,0.61540665857023,-8.16641720014918,
2025-09-03,50582,UPCOMING,Bellingham,4033,,,Westwood,4424,,,Tri-Valley,Tri-Valley,4:30 P.M.,,0,2025,1458.8102021653874,1485.1554177928438,,,0.5339894688696832,0.46601053113031676,2.3654784372543647,
2025-09-03,50578,UPCOMING,Medway,4243,,,Norwood,4297,,,Tri-Valley,Tri-Valley,4:00 P.M.,,0,2025,1446.5189346790073,1724.3299618770707,,,0.21225506073994777,0.7877449392600522,-22.781102719806334,
2025-09-03,50577,UPCOMING,Millis,4251,,,Norwood,4297,,,Tri-Valley,Tri-Valley,4:00 P.M.,,0,2025,1661.4496415556227,1724.3299618770707,,,0.48147221627499986,0.5185277837250002,-1.2880320321447924,
2025-09-03,50569,UPCOMING,Dover-Sherborn,4118,,,Hopkinton,4180,,,Tri-Valley,Tri-Valley,4:00 P.M.,,0,2025,1350.175020633825,1266.0677785897985,,,0.6839497739731293,0.3160502260268707,13.41072420440264,
2025-09-03,50561,UPCOMING,Hopkinton,4180,,,Holliston,4174,,,Tri-Valley,Tri-Valley,4:00 P.M.,,0,2025,1266.0677785897985,1447.6600346725502,,,0.31918800315481544,0.6808119968451846,-13.159225608275165,
2025-09-03,50560,UPCOMING,Dover-Sherborn,4118,,,Holliston,4174,,,Tri-Valley,Tri-Valley,4:00 P.M.,,0,2025,1350.175020633825,1447.6600346725502,,,0.43208591230727766,0.5679140876927223,-4.748501403872524,
2025-09-03,50559,UPCOMING,Medfield,4241,,,Holliston,4174,,,Tri-Valley,Tri-Valley,4:00 P.M.,,0,2025,1541.7651174248808,1447.6600346725502,,,0.6962567129107061,0.3037432870892939,14.410508275233065,
2025-09-03,50544,UPCOMING,Westwood,4424,,,Dedham,4108,,,Tri-Valley,Tri-Valley,4:30 P.M.,,0,2025,1485.1554177928438,1630.479999553654,,,0.36615855129551556,0.6338414487044844,-9.532458176081013,
2025-09-03,50543,UPCOMING,Norton,4295,,,Dedham,4108,,,Tri-Valley,Tri-Valley,4:30 P.M.,,0,2025,1504.1650479901139,1630.479999553654,,,0.39190678299976184,0.6080932170002382,-7.631495156354004,
2025-09-03,50013,UPCOMING,Dartmouth,4105,,,Bishop Stang,4045,,,Southeast,Catholic Central,4:00 P.M.,,0,2025,1403.4650018673722,1445.6827151349726,,,0.5111977382208687,0.48880226177913133,0.7782286732399598,
2025-09-03,50526,UPCOMING,Norwood,4297,,,Ashland,4015,,,Tri-Valley,Tri-Valley,4:00 P.M.,,0,2025,1724.3299618770707,1511.308906708043,,,0.8196637308660178,0.18033626913398215,26.30210551690277,
2025-09-03,50525,UPCOMING,Medway,4243,,,Ashland,4015,,,Tri-Valley,Tri-Valley,4:00 P.M.,,0,2025,1446.5189346790073,1511.308906708043,,,0.4787283666405295,0.5212716333594705,-1.4789972029035652,
2025-09-03,50522,UPCOMING,Millis,4251,,,Ashland,4015,,,Tri-Valley,Tri-Valley,4:00 P.M.,,0,2025,1661.4496415556227,1511.308906708043,,,0.7598947706961228,0.24010522930387723,20.01407348475798,
2025-09-03,50273,UPCOMING,West Bridgewater,4415,,,Bridgewater-Raynham,4053,,,South Coast,Southeast,3:30 P.M.,,0,2025,1458.9615684113362,1502.7555,,,0.50893030060765,0.49106969939235,0.6206068411336219,
2025-09-03,50135,UPCOMING,Peabody,4306,,,Winthrop,4437,,,Northeastern,Northeastern,4:30 P.M.,,0,2025,1446.8517450543573,1538.1292909754598,,,0.4408747580347919,0.5591252419652081,-4.12775459211025,
2025-09-03,50105,UPCOMING,Danvers,4103,,,Masconomet,4236,,,Northeastern,Northeastern,4:00 P.M.,,0,2025,1540.642658053833,1374.0592320938447,,,0.7767375301386292,0.22326246986137077,21.65834259599883,
2025-09-03,50098,UPCOMING,Salem,4336,,,Beverly,4038,,,Northeastern,Northeastern,4:00 P.M.,,0,2025,1648.7980560196293,1516.7766913486134,,,0.7403520617162473,0.25964793828375266,18.20213646710158,
2025-09-03,50583,UPCOMING,Norton,4295,,,Westwood,4424,,,Tri-Valley,Tri-Valley,4:30 P.M.,,0,2025,1504.1650479901139,1485.1554177928438,,,0.5980270921091615,0.4019729078908385,6.90096301972701,
2025-09-03,49899,UPCOMING,West Bridgewater,4415,,,South Shore Voc-Tech,4356,,,South Coast,Mayflower,3:30 P.M.,,0,2025,1458.9615684113362,1477.0506033081974,,,0.5457948691032396,0.4542051308967604,3.1910965103138778,
2025-09-03,50542,UPCOMING,Bellingham,4033,,,Dedham,4108,,,Tri-Valley,Tri-Valley,4:30 P.M.,,0,2025,1458.8102021653874,1630.479999553654,,,0.3317262854798792,0.6682737145201207,-12.16697973882665,
2025-09-03,50586,UPCOMING,Bellingham,4033,,,Norton,4295,,,Tri-Valley,Tri-Valley,4:30 P.M.,,0,2025,1458.8102021653874,1504.1650479901139,,,0.5066845159380042,0.49331548406199577,0.46451541752735465,
2025-09-03,49744,UPCOMING,Braintree,4051,,,Needham,4272,,,Bay State,Bay State,4:00 P.M.,,0,2025,1747.5038916982376,1572.3237915561353,,,0.7852016452489643,0.2147983547510357,22.518010014210223,
2025-09-03,50614,UPCOMING,Millis,4251,,,Medway,4243,,,Tri-Valley,Tri-Valley,4:00 P.M.,,0,2025,1661.4496415556227,1446.5189346790073,,,0.8212829322376727,0.17871706776232732,26.493070687661543,
2025-09-03,49619,FINAL,Milton,4252,45.0,0.0,Brookline,4059,18.0,1.0,Bay State,Bay State,4:30 P.M.,,0,2025,1596.190281591808,1297.4645733930763,1608.0288096609947,1285.6260453238895,0.881574614912973,0.11842538508702705,34.87257081987316,27.0
2025-09-03,49620,FINAL,Natick,4270,27.0,1.0,Brookline,4059,28.0,0.0,Bay State,Bay State,4:30 P.M.,,0,2025,1397.9641151418193,1285.6260453238895,1383.034017283563,1300.556143182146,0.7179859380031124,0.2820140619968876,16.233806981792988,-1.0
2025-09-03,49681,FINAL,Milton,4252,46.0,0.0,Natick,4270,17.0,1.0,Bay State,Bay State,4:30 P.M.,,0,2025,1608.0288096609947,1383.034017283563,1625.4128138460078,1365.6500130985498,0.8296285863057087,0.17037141369429132,27.499479237743184,29.0
2025-09-03,49732,FINAL,Wellesley,4413,27.0,1.0,Newton North,4279,28.0,0.0,Bay State,Bay State,4:30 P.M.,,0,2025,1464.3309675869984,1413.9451660772552,1451.010554064913,1427.2655795993405,0.6405764843634316,0.3594235156365684,10.038580150974326,-1.0
2025-09-03,49745,FINAL,Braintree,4051,34.0,0.0,Weymouth,4425,21.0,1.0,Bay State,Bay State,4:00 P.M.,,0,2025,1615.0564599098548,1571.9311595983897,1644.2788788990867,1542.7087406091578,0.6308982673307798,0.3691017326692202,9.312530031146503,13.0
2025-09-03,49756,FINAL,Needham,4272,29.0,0.0,Weymouth,4425,28.0,1.0,Bay State,Bay State,4:00 P.M.,,0,2025,1537.9655205282706,1542.7087406091578,1547.0160016048826,1533.6582595325458,0.5647638611037518,0.43523613889624824,4.525677991911289,1.0
2025-09-03,49811,FINAL,Durfee,4122,44.0,0.0,Diman,4115,17.0,1.0,Big Three,Mayflower,4:00 P.M.,,0,2025,1571.0121425918285,1525.6876751668772,1607.6156131438786,1489.084204614827,0.6338412959520956,0.3661587040479044,9.53244674249513,27.0
2025-09-03,50122,FINAL,Marblehead,4231,33.0,0.0,Swampscott,4383,22.0,1.0,Northeastern,Northeastern,4:30 P.M.,,0,2025,1372.1728573291089,1546.248518610823,1422.219127296443,1496.202248643489,0.328663312541956,0.671336687458044,-12.407566128171425,11.0
2025-09-03,50568,FINAL,Medfield,4241,21.0,1.0,Norton,4295,38.0,0.0,Tri-Valley,Tri-Valley,4:00 P.M.,,0,2025,1395.6990720109627,1502.5699637293242,1359.3775544924147,1538.8914812478722,0.41887942175975457,0.5811205782402454,-5.6870891718361465,-17.0
2025-09-03,50598,UPCOMING,Medfield,4241,,,Dover-Sherborn,4118,,,Tri-Valley,Tri-Valley,4:00 P.M.,,0,2025,1541.7651174248808,1350.175020633825,,,0.8007046709876402,0.1992953290123598,24.159009679105587,
2025-09-03,55867,FINAL,Advanced Math and Science,4595,15.0,1.0,Assabet,4016,50.0,0.0,CMAC,CMAC,,,0,2025,1462.3844123409785,1588.5224454927438,1420.2261557850134,1630.680702048709,0.3921495163459659,0.6078504836540342,-7.613803315176528,-35.0
2025-09-03,55870,FINAL,Gardner,4147,39.0,0.0,Littleton,4212,22.0,1.0,Mid-Wach,Mid-Wach,,,0,2025,1469.1065537094644,1458.8108240115537,1505.0126220377895,1422.9047556832286,0.5859117634235824,0.4140882365764176,6.0295729697910705,17.0
2025-09-03,55871,FINAL,Lunenburg,4219,37.0,0.0,Gardner,4147,20.0,1.0,Mid-Wach,Mid-Wach,,,0,2025,1544.4891759884465,1505.0126220377895,1576.9196774905226,1472.5821205357133,0.6259938833879561,0.37400611661204386,8.947655395065704,17.0
2025-09-03,49867,UPCOMING,Bristol Aggie,4463,,,Tri-County,4392,,,Mayflower,Mayflower,3:30 P.M.,,0,2025,1562.7529764922672,1474.1313147173685,,,0.6895401691011435,0.31045983089885654,13.862166177489872,
2025-09-03,55868,FINAL,Lunenburg,4219,45.0,0.0,Littleton,4212,18.0,1.0,Mid-Wach,Mid-Wach,,,0,2025,1501.65,1501.65,1544.4891759884465,1458.8108240115537,0.5714631174083814,0.4285368825916186,5.0,27.0
2025-09-06,49958,UPCOMING,Arlington Catholic,4014,,,Bishop Feehan,4042,,,Catholic Central,Catholic Central,10:00 A.M.,,0,2025,1716.8397205573663,1614.1132552030165,,,0.7066489941240507,0.2933510058759493,15.272646535434978,
2025-09-06,49947,UPCOMING,Newburyport,4276,,,Haverhill,4167,,,Cape Ann,Merrimack Valley,9:00 A.M.,,0,2025,1338.419629327796,1737.1063968965977,,,0.11844878960485833,0.8815512103951417,-34.86867675688018,
2025-09-06,49929,UPCOMING,Cardinal Spellman,4075,,,Archbishop Williams,4012,,,Catholic Central,Catholic Central,10:00 A.M.,,0,2025,1605.5361890335207,1351.076712948192,,,0.8522816500578726,0.1477183499421274,30.44594760853288,
2025-09-06,49928,UPCOMING,Bishop Feehan,4042,,,Archbishop Williams,4012,,,Catholic Central,Catholic Central,10:00 A.M.,,0,2025,1614.1132552030165,1351.076712948192,,,0.8583901760093611,0.14160982399063893,31.303654225482454,
2025-09-06,49925,UPCOMING,Bishop Fenwick,4043,,,Archbishop Williams,4012,,,Catholic Central,Catholic Central,10:00 A.M.,,0,2025,1393.8409966967117,1351.076712948192,,,0.6304141994756248,0.3695858005243752,9.27642837485198,
2025-09-06,49923,UPCOMING,Arlington Catholic,4014,,,Archbishop Williams,4012,,,Catholic Central,Catholic Central,10:00 A.M.,,0,2025,1716.8397205573663,1351.076712948192,,,0.9163168262968767,0.08368317370312328,41.576300760917434,
2025-09-06,49959,UPCOMING,Bishop Fenwick,4043,,,Arlington Catholic,4014,,,Catholic Central,Catholic Central,10:00 A.M.,,0,2025,1393.8409966967117,1716.8397205573663,,,0.17200166593919258,0.8279983340608075,-27.299872386065452,
2025-09-06,49993,UPCOMING,Bishop Fenwick,4043,,,Bishop Feehan,4042,,,Catholic Central,Catholic Central,10:00 A.M.,,0,2025,1393.8409966967117,1614.1132552030165,,,0.2728588646360652,0.7271411353639348,-17.027225850630476,
2025-09-06,50005,UPCOMING,Bishop Fenwick,4043,,,Cardinal Spellman,4075,,,Catholic Central,Catholic Central,10:00 A.M.,,0,2025,1393.8409966967117,1605.5361890335207,,,0.28276399178438993,0.7172360082156101,-16.169519233680898,
2025-09-06,49960,UPCOMING,Cardinal Spellman,4075,,,Arlington Catholic,4014,,,Catholic Central,Catholic Central,10:00 A.M.,,0,2025,1605.5361890335207,1716.8397205573663,,,0.4126814172354724,0.5873185827645275,-6.130353152384555,
2025-09-06,49994,UPCOMING,Cardinal Spellman,4075,,,Bishop Feehan,4042,,,Catholic Central,Catholic Central,10:00 A.M.,,0,2025,1605.5361890335207,1614.1132552030165,,,0.5593315360652503,0.4406684639347497,4.142293383050424,
2025-09-09,49905,FINAL,Xaverian,4446,38.0,0.0,BC High,4029,20.0,1.0,Catholic Conference,Catholic Conference,4:00 P.M.,,0,2025,1535.7115708509207,1372.2840777182917,1555.7127406465243,1352.282907922688,0.7735712424095821,0.22642875759041792,21.342749313262903,18.0
2025-09-09,49911,FINAL,St. John’s Prep,4369,15.0,1.0,St. John’s (Shrewsbury),4368,45.0,0.0,Catholic Conference,Catholic Conference,4:00 P.M.,,0,2025,1436.383466038443,1558.0273787472422,1395.3473462796333,1599.063498506052,0.39833306799757745,0.6016669320024226,-7.164391270879923,-30.0
2025-09-09,50021,FINAL,Arlington,4013,15.0,1.0,Burlington,4065,50.0,0.0,Middlesex,Middlesex,4:00 P.M.,,0,2025,1441.151788118058,1477.3636995218233,1385.2669273598829,1533.2485602799984,0.5198322442079063,0.4801677557920937,1.3788088596234729,-35.0
2025-09-09,50033,FINAL,Stoneham,4380,15.0,1.0,Belmont,4034,50.0,0.0,Middlesex,Middlesex,4:00 P.M.,,0,2025,1551.735465948269,1511.41605182476,1484.3155915237312,1578.8359262492977,0.6271291392847536,0.37287086071524644,9.031941412350898,-35.0
2025-09-09,50043,FINAL,Lexington,4209,18.0,1.0,Wakefield,4402,43.0,0.0,Middlesex,Middlesex,4:15 P.M.,,0,2025,1413.7926666476287,1458.2292235807954,1364.1387130030198,1507.8831772254043,0.5080057539236469,0.4919942460763531,0.5563443066833316,-25.0
2025-09-09,51064,FINAL,Taunton,4388,37.0,0.0,Attleboro,4018,18.0,1.0,Hockomock,Hockomock,3:45 P.M.,,0,2025,1588.2597625349738,1386.630242863453,1605.3563899940868,1369.53361540434,0.8097668516638351,0.1902331483361649,25.162951967152072,19.0
2025-09-09,50166,FINAL,Duxbury,4123,25.0,1.0,Plymouth North,4315,30.0,0.0,Patriot,Patriot,4:00 P.M.,,0,2025,1462.5321944770474,1500.531287878221,1434.727823642504,1528.3356587127644,0.5172638275776723,0.4827361724223277,1.2000906598826304,-5.0
2025-09-09,50176,FINAL,Hingham,4171,40.0,0.0,Marshfield,4234,19.0,1.0,Patriot,Patriot,4:00 P.M.,,0,2025,1381.4181377325017,1526.2560975174713,1440.1347529901027,1467.5394822598703,0.3668089202526993,0.6331910797473007,-9.48379597849696,21.0
2025-09-09,50199,FINAL,Silver Lake,4349,21.0,1.0,Whitman-Hanson,4427,40.0,0.0,Patriot,Patriot,4:00 P.M.,,0,2025,1514.2464894989662,1598.4858889138995,1473.7246172560408,1639.007761156825,0.45088444207390355,0.5491155579260965,-3.423939941493336,-19.0
2025-09-09,50473,FINAL,East Bridgewater,4126,47.0,0.0,Mashpee,4237,16.0,1.0,South Shore,South Shore,4:30 P.M.,,0,2025,1440.5253783873525,1543.5971498462134,1500.3912391823933,1483.7312890511726,0.42421213008297065,0.5757878699170293,-5.307177145886089,31.0
2025-09-09,44193,FINAL,Sharon,4345,43.0,0.0,Franklin,4144,15.0,1.0,Hockomock,Hockomock,3:45 P.M.,,0,2025,1430.748360306572,1488.1016698348828,1482.3266464775006,1436.5233836639543,0.4894193167148834,0.5105806832851165,-0.7353309528310774,28.0
2025-09-09,50485,FINAL,Norwell,4296,28.0,0.0,Middleborough,4247,27.0,1.0,South Shore,South Shore,4:00 P.M.,,0,2025,1368.4254909932763,1461.9759812671073,1380.1191887755583,1450.2822834848253,0.43765200666158716,0.5623479933384128,-4.355049027383098,1.0
2025-09-09,49836,FINAL,Falmouth,4134,21.0,1.0,Barnstable,4024,47.0,0.0,Cape & Islands,Southeast,3:30 P.M.,,0,2025,1418.9203774431696,1497.0744047629469,1373.4801917450318,1542.5145904610847,0.4595715498628086,0.5404284501371914,-2.8154027319777244,-26.0
2025-09-09,50051,FINAL,Reading,4328,15.0,1.0,Watertown,4409,50.0,0.0,Middlesex,Middlesex,4:00 P.M.,,0,2025,1421.2774504002414,1651.3090655736578,1393.1264950004409,1679.4600209734583,0.2618557892699816,0.7381442107300185,-18.003161517341642,-35.0
2025-09-09,51071,FINAL,Canton,4071,28.0,2.0,Foxborough,4142,28.0,2.0,Hockomock,Hockomock,3:45 P.M.,,0,2025,1537.5390344109162,1497.2667509137473,1537.5390344109162,1497.2667509137473,0.6270656954666547,0.3729343045333453,9.027228349716893,0.0
2025-09-09,51083,FINAL,Stoughton,4381,29.0,0.0,North Attleborough,4284,27.0,1.0,Hockomock,Hockomock,3:45 P.M.,,0,2025,1517.5384433678748,1565.0187020149083,1533.8981161799027,1548.6590292028804,0.5036261357237211,0.49637386427627894,0.2519741352966548,2.0
2025-09-09,57398,FINAL,Malden Catholic,4228,46.0,0.0,Catholic Memorial,4080,17.0,1.0,Catholic Conference,Catholic Conference,,,0,2025,1599.9467620151427,1507.54674462996,1631.1516952412105,1476.341811403892,0.6941769841182798,0.30582301588172023,14.240001738518277,29.0
2025-09-09,51068,UPCOMING,King Philip,4197,,,Milford,4249,,,Hockomock,Hockomock,3:45 P.M.,,0,2025,1565.0374558596473,1608.490112188272,,,0.509421269742748,0.49057873025725196,0.6547343671375302,
2025-09-09,50506,UPCOMING,Cohasset,4094,,,Rockland,4331,,,South Shore,South Shore,4:00 P.M.,,0,2025,1564.2285520601533,1636.47118997888,,,0.4680339298932584,0.5319660701067416,-2.2242637918726587,
2025-09-09,50459,UPCOMING,Carver,4077,,,Abington,4002,,,South Shore,South Shore,4:30 P.M.,,0,2025,1500.634876071389,1534.1741971370013,,,0.5236711128089471,0.47632888719105293,1.6460678934387716,
2025-09-09,50062,UPCOMING,Woburn,4438,,,Wilmington,4432,,,Middlesex,Middlesex,4:00 P.M.,,0,2025,1611.1853517166392,1527.3788587189356,,,0.6835754234087891,0.3164245765912109,13.380649299770358,
2025-09-09,49901,UPCOMING,Sturgis East,4456,,,Rising Tide Charter,4746,,,Cape & Islands,Cape & Islands,4:00 P.M.,,0,2025,1687.6818973869342,1555.2389073409618,,,0.7408183474421305,0.2591816525578695,18.244299004597245,
2025-09-09,49880,UPCOMING,Cape Cod Academy,4072,,,Monomoy,4706,,,Cape & Islands,Cape & Islands,4:30 P.M.,,0,2025,1516.0572780530113,1418.4579463524065,,,0.7004937278001309,0.29950627219986914,14.759933170060481,
2025-09-09,49839,UPCOMING,Bristol-Plymouth,4057,,,Bristol Aggie,4463,,,Mayflower,Mayflower,4:00 P.M.,,0,2025,1505.182053133807,1562.7529764922672,,,0.4891062896681938,0.5108937103318062,-0.7570923358460278,
2025-09-09,51080,FINAL,Mansfield,4230,36.0,0.0,Oliver Ames,4302,22.0,1.0,Hockomock,Hockomock,3:45 P.M.,,0,2025,1512.141541655426,1380.3955276371275,1533.2604944894981,1359.2765748030554,0.7400472509030491,0.2599527490969509,18.17460140182984,14.0
2025-09-09,56398,FINAL,Hanover,4164,32.0,0.0,North Quincy/Quincy,4287,23.0,1.0,Patriot,Patriot,,,0,2025,1564.5911816802145,1542.6263242613718,1592.0764747764404,1515.141031165146,0.6021096291605187,0.3978903708394813,7.196485741884271,9.0
2025-09-10,50528,UPCOMING,Norwood,4297,,,Ashland,4015,,,Tri-Valley,Tri-Valley,4:30 P.M.,,0,2025,1724.3299618770707,1511.308906708043,,,0.8196637308660178,0.18033626913398215,26.30210551690277,
2025-09-10,50127,UPCOMING,Masconomet,4236,,,Winthrop,4437,,,Northeastern,Northeastern,4:00 P.M.,,0,2025,1374.0592320938447,1538.1292909754598,,,0.3414947827042885,0.6585052172957115,-11.407005888161507,
2025-09-10,49822,UPCOMING,New Bedford,4273,,,Bishop Stang,4045,,,Big Three,Catholic Central,4:00 P.M.,,0,2025,1503.8244300198014,1445.6827151349726,,,0.6507900460156743,0.34920995398432575,10.814171488482884,
2025-09-10,49812,UPCOMING,Dartmouth,4105,,,Durfee,4122,,,Southeast,Big Three,4:00 P.M.,,0,2025,1403.4650018673722,1613.1081274654089,,,0.28516583244993,0.71483416755007,-15.96431255980367,
2025-09-10,50099,FINAL,Beverly,4038,17.0,1.0,Danvers,4103,46.0,0.0,Northeastern,Northeastern,4:00 P.M.,,0,2025,1399.7347184074968,1533.0017547097711,1360.7149716942272,1572.0215014230407,0.3824118620072635,0.6175881379927365,-8.326703630227438,-29.0
2025-09-10,50339,FINAL,Essex Tech,4745,27.0,1.0,North Reading,4288,28.0,0.0,Cape Ann,Cape Ann,4:00 P.M.,,0,2025,1537.1531940237219,1546.0803691562612,1525.5325526201461,1557.701010559837,0.5588347241629257,0.4411652758370743,4.107282486746067,-1.0
2025-09-10,50259,FINAL,Old Rochester,4301,24.0,1.0,Greater New Bedford,4156,32.0,0.0,South Coast,South Coast,3:45 P.M.,,0,2025,1505.1933988790342,1487.2297254425346,1465.8688677512794,1526.5542565702895,0.5965788466865115,0.4034211533134885,6.796367343649967,-8.0
2025-09-10,50156,FINAL,Scituate,4343,43.0,0.0,Pembroke,4308,19.0,1.0,Patriot,Patriot,4:00 P.M.,,0,2025,1571.1309691812123,1426.9899646215442,1594.9309969901444,1403.1899368126121,0.7535368546470044,0.24646314535299563,19.41410045596681,24.0
2025-09-10,50141,FINAL,Swampscott,4383,18.0,1.0,Salem,4336,44.0,0.0,Northeastern,Northeastern,4:30 P.M.,,0,2025,1496.202248643489,1576.644394251007,1451.0853400847243,1621.7613028097717,0.45630199949248534,0.5436980005075147,-3.0442145607518114,-26.0
2025-09-10,50123,FINAL,Marblehead,4231,29.0,0.0,Peabody,4306,27.0,1.0,Northeastern,Northeastern,4:30 P.M.,,0,2025,1422.219127296443,1524.6547800010112,1441.166669545352,1505.7072377521022,0.4251067932291233,0.5748932067708767,-5.243565270456815,2.0
2025-09-10,50698,SUSPENDED,Greater Lowell,4155,,,Greater Lawrence,4154,,,Commonwealth,Commonwealth,4:00 P.M.,,0,2025,1502.7555,1502.7555,,,0.5714631174083814,0.4285368825916186,5.0,
2025-09-10,50057,FINAL,Winchester,4434,25.0,1.0,Melrose,4244,31.0,0.0,Middlesex,Middlesex,4:00 P.M.,,0,2025,1597.7138276114706,1437.5189904100744,1552.7460708572673,1482.4867471642776,0.7702951885357071,0.2297048114642929,21.019483720139625,-6.0
2025-09-10,49948,FINAL,Billerica,4040,22.0,1.0,Haverhill,4167,38.0,0.0,Merrimack Valley,Merrimack Valley,4:00 P.M.,,0,2025,1448.8627189923507,1558.3792820005383,1413.574180360558,1593.6678206323309,0.41517686041097834,0.5848231395890217,-5.9516563008187635,-16.0
2025-09-10,49743,FINAL,Braintree,4051,50.0,0.0,Wellesley,4413,15.0,1.0,Bay State,Bay State,,,0,2025,1664.9473090661468,1471.7408920770176,1686.2134945138198,1450.4747066293446,0.8021852652574039,0.19781473474259614,24.320641698912915,35.0
2025-09-10,49690,FINAL,Natick,4270,15.0,1.0,Braintree,4051,50.0,0.0,Bay State,Bay State,,,0,2025,1344.9196750864453,1644.2788788990867,1324.2512449193853,1664.9473090661468,0.19225450850614237,0.8077454914938577,-24.935920381264147,-35.0
2025-09-10,49687,FINAL,Wellesley,4413,32.0,0.0,Natick,4270,24.0,1.0,Bay State,Bay State,,,0,2025,1451.010554064913,1365.6500130985498,1471.7408920770176,1344.9196750864453,0.6855072193358166,0.3144927806641834,13.536054096636326,8.0
2025-09-10,49644,FINAL,Walpole,4404,19.0,1.0,Framingham,4143,44.0,0.0,Bay State,Bay State,5:15 P.M.,,0,2025,1549.3293220377848,1572.3224341347432,1496.6666278968041,1624.9851282757238,0.5387879449080687,0.4612120550919313,2.7006887903041616,-25.0
2025-09-10,50350,FINAL,Ipswich,4190,36.0,0.0,Hamilton-Wenham,4163,19.0,1.0,Cape Ann,Cape Ann,3:30 P.M.,,0,2025,1529.590587075316,1363.9851417983703,1549.0347197446424,1344.541009129044,0.7757597257606841,0.22424027423931592,21.56054452769458,17.0
2025-09-10,50416,FINAL,Georgetown,4148,46.0,0.0,Amesbury,4007,15.0,1.0,Cape Ann,Cape Ann,3:30 P.M.,,0,2025,1657.3078391855995,1477.9194493742468,1679.2190000406695,1456.0082885191769,0.7892591792951342,0.21074082070486577,22.93883898113527,31.0
2025-09-10,50429,FINAL,Lynnfield,4223,37.0,0.0,Manchester Essex/Rockport,4229,18.0,1.0,Cape Ann,Cape Ann,3:45 P.M.,,0,2025,1452.600541747494,1528.4964408189733,1500.879613557921,1480.2173690085463,0.46280166359068514,0.5371983364093149,-2.5895899071479334,19.0
2025-09-10,56537,FINAL,Weymouth,4425,34.0,0.0,Newton North,4279,25.0,1.0,Bay State,Bay State,,,0,2025,1533.6582595325458,1427.2655795993405,1553.6213473619455,1407.3024917699408,0.7110047037980598,0.2889952962019402,15.639267993320527,9.0
2025-09-10,50545,FINAL,Dedham,4108,35.0,0.0,Hopkinton,4180,22.0,1.0,Tri-Valley,Tri-Valley,4:15 P.M.,,0,2025,1580.5932090262966,1386.7707918383103,1596.2100403231289,1371.153960541478,0.8027473532363048,0.19725264676369525,24.38224171879863,13.0
2025-09-10,50558,FINAL,Holliston,4174,19.0,1.0,Westwood,4424,40.0,0.0,Tri-Valley,Tri-Valley,4:30 P.M.,,0,2025,1444.6277259384624,1488.2279952318472,1397.408135060585,1535.4475861097246,0.5092089113450469,0.49079108865495313,0.6399730706615173,-21.0
2025-09-10,50587,FINAL,Millis,4251,50.0,0.0,Bellingham,4033,15.0,1.0,Tri-Valley,Tri-Valley,3:45 P.M.,,0,2025,1625.3155085426902,1563.2926154880518,1662.313522800189,1526.2946012305529,0.655850251359922,0.34414974864007797,11.202289305463841,35.0
2025-09-10,50608,FINAL,Medfield,4241,38.0,0.0,Norton,4295,21.0,1.0,Tri-Valley,Tri-Valley,4:00 P.M.,,0,2025,1359.3775544924147,1538.8914812478722,1418.1856278496407,1480.0834078906462,0.32179343139777794,0.6782065686022221,-12.951392675545753,17.0
2025-09-10,50980,FINAL,Somerville,4351,16.0,1.0,Lynn Classical,4220,47.0,0.0,Greater Boston,Greater Boston,4:00 P.M.,,0,2025,1334.777283827526,1456.1853190961176,1293.3279280885026,1497.634674835141,0.3986585331515429,0.6013414668484571,-7.140803526859168,-31.0
2025-09-10,56455,FINAL,Chelmsford,4085,25.0,1.0,Central Catholic,4081,30.0,0.0,Merrimack Valley,Merrimack Valley,4:00 P.M.,,0,2025,1525.5590384981535,1490.82794511681,1492.255072784439,1524.1319108305245,0.6195765723707493,0.38042342762925074,8.47310933813435,-5.0
2025-09-10,56480,FINAL,North Andover,4283,15.0,1.0,Methuen,4246,48.0,0.0,Merrimack Valley,Merrimack Valley,3:45 P.M.,,0,2025,1362.448918908955,1574.6661590897481,1332.5995197513782,1604.5155582473249,0.2821549200581317,0.7178450799418683,-16.221724018079318,-33.0
2025-09-10,56486,FINAL,Tyngsborough,4397,21.0,1.0,North Middlesex,4286,40.0,0.0,Mid-Wach,Mid-Wach,,,0,2025,1533.4970871094997,1540.3281359820303,1483.0063522745481,1590.8188708169819,0.5618073782346806,0.43819262176531937,4.316895112746943,-19.0
2025-09-10,56540,FINAL,Weymouth,4425,21.0,1.0,Milton,4252,36.0,0.0,Bay State,Bay State,,,0,2025,1553.6213473619455,1625.4128138460078,1514.6375895495896,1664.3965716583637,0.4686806172591857,0.5313193827408142,-2.179146648406231,-15.0
2025-09-10,56542,FINAL,Newton North,4279,19.0,1.0,Milton,4252,43.0,0.0,Bay State,Bay State,,,0,2025,1407.3024917699408,1664.3965716583637,1384.8143000339799,1686.8847633943246,0.23287831901045614,0.7671216809895438,-20.70940798884228,-24.0
2025-09-11,50263,UPCOMING,Seekonk,4344,,,Joseph Case,4078,,,South Coast,South Coast,3:45 P.M.,,0,2025,1373.2750511546171,1556.1536932335996,,,0.3175809964718456,0.6824190035281543,-13.287864207898247,
2025-09-11,50239,POSTPONED,Bourne,4050,,,Fairhaven,4133,,,South Coast,South Coast,3:45 P.M.,,0,2025,1465.308776829205,1653.3508309072,,,0.3111745397493367,0.6888254602506634,-13.804205407799486,
2025-09-11,50220,FINAL,Apponequet,4011,32.0,0.0,Dighton-Rehoboth,4114,27.0,1.0,South Coast,South Coast,4:00 P.M.,,0,2025,1514.8095807542893,1593.843212555726,1543.9266988111324,1564.726094498883,0.45831423326429016,0.5416857667357098,-2.903363180143674,5.0
2025-09-11,50599,FINAL,Medway,4243,40.0,0.0,Dover-Sherborn,4118,17.0,1.0,Tri-Valley,Tri-Valley,4:00 P.M.,,0,2025,1483.0949902009347,1422.7336044379138,1516.1129110749137,1389.7156835639348,0.65368825664433,0.34631174335567005,11.036138576302097,23.0
2025-09-12,56604,FINAL,Lowell,4216,15.0,1.0,Tewksbury,4389,48.0,0.0,Merrimack Valley,Merrimack Valley,,,0,2025,1328.0922972603366,1577.6715734519623,1302.628932323301,1603.134938388998,0.2406954210465808,0.7593045789534192,-19.957927619162568,-33.0
2025-09-16,51069,UPCOMING,Taunton,4388,,,King Philip,4197,,,Hockomock,Hockomock,3:45 P.M.,,0,2025,1572.2387812960383,1565.0374558596473,,,0.5815835219593303,0.4184164780406697,5.720132543639101,
2025-09-16,57046,FINAL,Dighton-Rehoboth,4114,41.0,0.0,Somerset Berkley,4350,15.0,1.0,South Coast,South Coast,3:45 P.M.,,0,2025,1564.726094498883,1424.7231749101304,1589.5352209127639,1399.9140484962495,0.7490862217749066,0.2509137782250934,19.000291958875255,26.0
2025-09-16,57022,FINAL,Leominster,4208,31.0,0.0,Oakmont,4299,24.0,1.0,Mid-Wach,Mid-Wach,3:45 P.M.,,0,2025,1501.65,1501.65,1528.3835218740896,1474.9164781259105,0.5714631174083814,0.4285368825916186,5.0,7.0
2025-09-16,49868,UPCOMING,Bristol Aggie,4463,,,South Shore Voc-Tech,4356,,,Mayflower,Mayflower,3:30 P.M.,,0,2025,1562.7529764922672,1477.0506033081974,,,0.685931284659625,0.31406871534037495,13.570237318406976,
2025-09-16,56975,FINAL,North Middlesex,4286,35.0,0.0,Nashoba,4267,22.0,1.0,Mid-Wach,Mid-Wach,,,0,2025,1590.8188708169819,1402.0414497216866,1606.8029783447444,1386.0573421939241,0.7981083706368639,0.2018916293631361,23.877742109529528,13.0
2025-09-16,51081,FINAL,Mansfield,4230,20.0,1.0,North Attleborough,4284,36.0,0.0,Hockomock,Hockomock,3:45 P.M.,,0,2025,1533.2604944894981,1548.6590292028804,1486.543792787065,1595.3757309053135,0.5496315317545687,0.4503684682454313,3.4601465286617668,-16.0
2025-09-16,50486,UPCOMING,Carver,4077,,,Middleborough,4247,,,South Shore,South Shore,4:00 P.M.,,0,2025,1500.634876071389,1436.9873818014362,,,0.6579580005501122,0.3420419994498878,11.364749426995285,
2025-09-16,56987,FINAL,BC High,4029,19.0,1.0,St. John’s Prep,4369,36.0,0.0,Catholic Conference,Catholic Conference,4:00 P.M.,,0,2025,1352.282907922688,1395.3473462796333,1308.0619759307372,1439.5682782715842,0.5099797499652005,0.49002025003479954,0.6935561643054825,-17.0
2025-09-16,50460,UPCOMING,East Bridgewater,4126,,,Abington,4002,,,South Shore,South Shore,4:00 P.M.,,0,2025,1501.9121302522035,1534.1741971370013,,,0.5255047821922241,0.4744952178077759,1.7737933115202167,
2025-09-16,49831,UPCOMING,Dennis-Yarmouth,4111,,,Barnstable,4024,,,Cape & Islands,Southeast,3:30 P.M.,,0,2025,1539.3143618950096,1614.5638640757238,,,0.4637268817366705,0.5362731182633296,-2.524950218071422,
2025-09-16,50081,UPCOMING,Stoneham,4380,,,Wilmington,4432,,,Middlesex,Middlesex,4:00 P.M.,,0,2025,1534.919613651295,1527.3788587189356,,,0.5820589193427118,0.4179410806572882,5.75407549323595,
2025-09-16,50063,UPCOMING,Burlington,4065,,,Wakefield,4402,,,Middlesex,Middlesex,4:00 P.M.,,0,2025,1569.0152911705406,1571.804370943928,,,0.5675268709505548,0.43247312904944524,4.7210920226612645,
2025-09-16,50034,UPCOMING,Belmont,4034,,,Winchester,4434,,,Middlesex,Middlesex,4:00 P.M.,,0,2025,1482.399389266921,1538.8327494378298,,,0.4907427084688134,0.5092572915311866,-0.6433360170908827,
2025-09-16,50018,UPCOMING,Cardinal Spellman,4075,,,St. Mary’s,4374,,,Catholic Central,Catholic Central,4:00 P.M.,,0,2025,1605.5361890335207,1541.083377486299,,,0.6590005139503083,0.34099948604969166,11.44528115472217,
2025-09-16,49881,UPCOMING,Cape Cod Academy,4072,,,Sturgis East,4456,,,Cape & Islands,Cape & Islands,4:00 P.M.,,0,2025,1516.0572780530113,1687.6818973869342,,,0.33178394041521864,0.6682160595847814,-12.162461933392297,
2025-09-16,49841,UPCOMING,Norfolk Aggie,4458,,,Bristol-Plymouth,4057,,,Mayflower,Mayflower,3:30 P.M.,,0,2025,1549.3857999378743,1505.182053133807,,,0.632342727434377,0.367657272565623,9.420374680406734,
2025-09-16,51076,FINAL,Foxborough,4142,38.0,0.0,Oliver Ames,4302,23.0,1.0,Hockomock,Hockomock,3:45 P.M.,,0,2025,1497.2667509137473,1359.2765748030554,1518.3188314919498,1338.2244942248528,0.7469022312452681,0.2530977687547319,18.79901761106919,15.0
2025-09-16,50184,UPCOMING,Marshfield,4234,,,Plymouth North,4315,,,Patriot,Patriot,4:00 P.M.,,0,2025,1420.7549776896446,1430.843714082394,,,0.5571856059521019,0.44281439404789813,3.99112636072507,
2025-09-16,50495,FINAL,Rockland,4331,44.0,0.0,Norwell,4296,18.0,1.0,South Shore,South Shore,4:00 P.M.,,0,2025,1629.7807830302265,1380.1191887755583,1644.733609289859,1365.1663625159258,0.8487705665505176,0.15122943344948236,29.96615942546682,26.0
2025-09-16,50148,FINAL,Hanover,4164,39.0,0.0,Pembroke,4308,17.0,1.0,Patriot,Patriot,4:00 P.M.,,0,2025,1592.0764747764404,1403.1899368126121,1611.05785724615,1384.2085543429025,0.7982095626979727,0.20179043730202728,23.888653796382822,22.0
2025-09-16,50167,FINAL,Duxbury,4123,23.0,1.0,Silver Lake,4349,34.0,0.0,Patriot,Patriot,4:00 P.M.,,0,2025,1434.727823642504,1473.7246172560408,1396.2741719191565,1512.1782689793883,0.5158295950021332,0.4841704049978668,1.1003206386463262,-11.0
2025-09-16,44194,FINAL,Attleboro,4018,21.0,1.0,Franklin,4144,34.0,0.0,Hockomock,Hockomock,3:45 P.M.,,0,2025,1369.53361540434,1436.5233836639543,1331.8819816689047,1474.1750173993896,0.47556922836186083,0.5244307716381391,-1.6989768259614266,-13.0
2025-09-16,49694,FINAL,Natick,4270,15.0,1.0,Needham,4272,49.0,0.0,Bay State,Bay State,,,0,2025,1324.2512449193853,1547.0160016048826,1295.450640561211,1575.8166059630569,0.2700214236887681,0.7299785763112319,-17.276475668549732,-34.0
2025-09-16,49837,FINAL,Falmouth,4134,24.0,1.0,Sandwich,4340,32.0,0.0,Cape & Islands,Cape & Islands,3:30 P.M.,,0,2025,1373.4801917450318,1501.263686674169,1347.7796511214415,1526.9642272977594,0.38989400368514165,0.6101059963148583,-7.778349492913731,-8.0
2025-09-16,49852,FINAL,Old Colony,4300,18.0,1.0,Holbrook/Avon,4172,41.0,0.0,Mayflower,Mayflower,3:30 P.M.,,0,2025,1488.4724238019812,1570.3252297862953,1445.159860067156,1613.6377935211203,0.45428812775525107,0.5457118722447489,-3.1852805984314045,-23.0
2025-09-16,49871,FINAL,Nauset,4271,15.0,1.0,Martha’s Vineyard,4235,50.0,0.0,Cape & Islands,Cape & Islands,4:00 P.M.,,0,2025,1518.179872678156,1496.086230881827,1453.4306427056913,1560.8354608542918,0.6022872218107175,0.3977127781892825,7.209364179632894,-35.0
2025-09-16,49888,FINAL,Monomoy,4706,20.0,1.0,Falmouth Academy,4135,40.0,0.0,Cape & Islands,Cape & Islands,4:00 P.M.,,0,2025,1408.8627620152188,1551.5233936710051,1375.0936957371107,1585.2924599491132,0.3697248306191846,0.6302751693808154,-9.266063165578634,-20.0
2025-09-16,49898,FINAL,Nantucket,4265,21.0,1.0,Rising Tide Charter,4746,40.0,0.0,Cape & Islands,Cape & Islands,4:00 P.M.,,0,2025,1440.352131768269,1452.5278318473088,1390.5433337382685,1502.3366298773092,0.5542195083063914,0.44578049169360856,3.782429992096013,-19.0
2025-09-16,49908,FINAL,Catholic Memorial,4080,20.0,1.0,St. John’s (Shrewsbury),4368,35.0,0.0,Catholic Conference,Catholic Conference,4:00 P.M.,,0,2025,1476.341811403892,1599.063498506052,1443.3329979751077,1632.0723119348363,0.3968470953278015,0.6031529046721985,-7.272168710215988,-15.0
2025-09-16,49909,FINAL,Xaverian,4446,18.0,1.0,Malden Catholic,4228,45.0,0.0,Catholic Conference,Catholic Conference,4:00 P.M.,,0,2025,1555.7127406465243,1631.1516952412105,1509.3828670852924,1677.4815688024423,0.463455683464796,0.536544316535204,-2.5438954594686267,-27.0
2025-09-16,49932,FINAL,Arlington Catholic,4014,44.0,0.0,Archbishop Williams,4012,17.0,1.0,Catholic Central,Catholic Central,4:00 P.M.,,0,2025,1595.912107338349,1369.9034474027487,1612.8611725938601,1352.9543821472375,0.8304519305087118,0.1695480694912882,27.600865993560024,27.0
2025-09-16,49933,FINAL,Archbishop Williams,4012,30.0,0.0,Bishop Feehan,4042,26.0,1.0,Catholic Central,Catholic Central,4:00 P.M.,,0,2025,1352.9543821472375,1443.1731892499752,1379.878139295483,1416.2494321017298,0.44237763713986816,0.5576223628601318,-4.021880710273763,4.0
2025-09-16,50177,FINAL,Hingham,4171,21.0,1.0,Whitman-Hanson,4427,36.0,0.0,Patriot,Patriot,4:00 P.M.,,0,2025,1440.1347529901027,1639.007761156825,1415.3502807060815,1663.792233440846,0.2979702937933936,0.7020297062066063,-14.887300816672223,-15.0
2025-09-16,49962,FINAL,Arlington Catholic,4014,48.0,0.0,Bishop Feehan,4042,15.0,1.0,Catholic Central,Catholic Central,4:00 P.M.,,0,2025,1612.8611725938601,1416.2494321017298,1633.4610276455512,1395.6495770500387,0.8052774722655126,0.1947225277344874,24.661174049213038,33.0
2025-09-16,50007,FINAL,Bishop Fenwick,4043,24.0,1.0,Cardinal Spellman,4075,32.0,0.0,Catholic Central,Catholic Central,4:00 P.M.,,0,2025,1463.9619958939966,1611.4079225487465,1440.0125270297444,1635.3573914129986,0.3633291002853389,0.6366708997146611,-9.744592665474988,-8.0
2025-09-16,50022,FINAL,Arlington,4013,29.0,0.0,Lexington,4209,26.0,1.0,Middlesex,Middlesex,4:00 P.M.,,0,2025,1385.2669273598829,1364.1387130030198,1401.862731876553,1347.5429084863497,0.6009552520706253,0.3990447479293747,7.112821435686305,3.0
2025-09-16,50052,FINAL,Woburn,4438,38.0,0.0,Reading,4328,22.0,1.0,Middlesex,Middlesex,4:00 P.M.,,0,2025,1561.5218621906617,1393.1264950004409,1580.345071104166,1374.3032860869366,0.7785411047730973,0.22145889522690265,21.83953671902209,16.0
2025-09-16,50073,FINAL,Watertown,4409,50.0,0.0,Melrose,4244,15.0,1.0,Middlesex,Middlesex,4:00 P.M.,,0,2025,1679.4600209734583,1482.4867471642776,1700.358716237068,1461.588051900668,0.8056036015387218,0.1943963984612782,24.69732738091807,35.0
2025-09-16,50154,FINAL,Plymouth South,4316,22.0,1.0,Quincy/North Quincy,4326,37.0,0.0,Patriot,Patriot,4:00 P.M.,,0,2025,1398.502790037833,1506.058770217824,1363.7412016298188,1540.8203586258383,0.4179197600805447,0.5820802399194553,-5.755598017999114,-15.0
2025-09-16,50006,FINAL,Bishop Fenwick,4043,24.0,1.0,St. Mary’s,4374,32.0,0.0,Catholic Central,Catholic Central,4:00 P.M.,,0,2025,1493.2077289107674,1582.5118461361249,1463.9619958939966,1611.7575791528957,0.4436768900553393,0.5563231099446607,-3.9304117225357458,-8.0
2025-09-17,49733,UPCOMING,Newton North,4279,,,Braintree,4051,,,Bay State,Bay State,4:30 P.M.,,0,2025,1248.0385974122507,1747.5038916982376,,,0.06995829072794645,0.9300417092720535,-44.94652942859868,
2025-09-17,50100,UPCOMING,Winthrop,4437,,,Beverly,4038,,,Northeastern,Northeastern,4:00 P.M.,,0,2025,1538.1292909754598,1516.7766913486134,,,0.6012649633958606,0.39873503660413945,7.135259962684631,
2025-09-17,50106,UPCOMING,Danvers,4103,,,Salem,4336,,,Northeastern,Northeastern,4:00 P.M.,,0,2025,1540.642658053833,1648.7980560196293,,,0.41708061380653827,0.5829193861934617,-5.815539796579628,
2025-09-17,50341,UPCOMING,Essex Tech,4745,,,Pentucket,4309,,,Cape Ann,Cape Ann,4:00 P.M.,,0,2025,1440.5076415612418,1554.0197310107978,,,0.40960343966261564,0.5903965603373844,-6.3512089449556015,
2025-09-17,50699,UPCOMING,Greater Lawrence,4154,,,Whittier,4428,,,Commonwealth,Commonwealth,4:00 P.M.,,0,2025,1502.7555,1543.8094361449548,,,0.5128715762911655,0.48712842370883447,0.8946063855045168,
2025-09-17,50981,UPCOMING,Malden,4227,,,Lynn Classical,4220,,,Greater Boston,Greater Boston,4:00 P.M.,,0,2025,1499.985334342985,1628.8642909443254,,,0.3883950029072295,0.6116049970927705,-7.88789566013404,
2025-09-17,57286,FINAL,Framingham,4143,33.0,0.0,Milton,4252,22.0,1.0,Bay State,Bay State,4:00 P.M.,,0,2025,1624.9851282757238,1686.8847633943246,1663.5348462530474,1648.335045417001,0.48288174151180097,0.517118258488199,-1.1899635118600826,11.0
2025-09-17,57304,FINAL,Tyngsborough,4397,34.0,0.0,Gardner,4147,22.0,1.0,Mid-Wach,Mid-Wach,,,0,2025,1483.0063522745481,1472.5821205357133,1514.8560039318158,1440.7324688784456,0.5860912215853846,0.4139087784146154,6.04242317388348,12.0
2025-09-17,57290,FINAL,Milford,4249,33.0,0.0,Sharon,4345,25.0,1.0,Hockomock,Hockomock,,,0,2025,1594.3909297123728,1482.3266464775006,1613.0014191578116,1463.7161570320618,0.717666708000613,0.28233329199938695,16.206428323487216,8.0
2025-09-17,57278,FINAL,Andover,4009,29.0,0.0,Chelmsford,4085,26.0,1.0,Merrimack Valley,Merrimack Valley,,,0,2025,1462.2202764841177,1492.255072784439,1481.821065287113,1472.6542839814438,0.528700653273445,0.47129934672655505,1.9965203699678569,3.0
2025-09-17,50424,FINAL,Manchester Essex/Rockport,4229,15.0,1.0,Georgetown,4148,47.0,0.0,Cape Ann,Cape Ann,3:30 P.M.,,0,2025,1480.2173690085463,1679.2190000406695,1448.977951452172,1710.4584175970438,0.2978154344700095,0.7021845655299905,-14.900163103212321,-32.0
2025-09-17,57230,FINAL,Concord-Carlisle,4097,15.0,1.0,Westford,4421,50.0,0.0,Dual County,Dual County,,,0,2025,1469.839892017118,1550.6987477968628,1420.8488576061432,1599.6897822078377,0.4557069485083813,0.5442930514916187,-3.0858855779744774,-35.0
2025-09-17,49622,FINAL,Walpole,4404,35.0,0.0,Brookline,4059,20.0,1.0,Bay State,Bay State,5:15 P.M.,,0,2025,1496.6666278968041,1300.556143182146,1512.9008598556536,1284.3219112232964,0.8048246171693905,0.19517538283060953,24.611048471465825,15.0
2025-09-17,49624,FINAL,Wellesley,4413,31.0,0.0,Brookline,4059,24.0,1.0,Bay State,Bay State,5:15 P.M.,,0,2025,1450.4747066293446,1284.3219112232964,1464.4293801754882,1270.3672376771528,0.7763073519750485,0.22369264802495148,21.61527954060482,7.0
2025-09-17,49760,FINAL,Walpole,4404,45.0,0.0,Wellesley,4413,18.0,1.0,Bay State,Bay State,5:15 P.M.,,0,2025,1512.9008598556536,1464.4293801754882,1549.0850608279566,1428.2451792031852,0.6380354120741872,0.36196458792581276,9.847147968016543,27.0
2025-09-17,49823,FINAL,New Bedford,4273,34.0,0.0,Dartmouth,4105,24.0,1.0,Big Three,Southeast,4:00 P.M.,,0,2025,1481.3360475233,1454.1343582000284,1509.4411291199076,1426.0292766034208,0.6093090203531062,0.3906909796468938,7.720168932327169,10.0
2025-09-17,49949,FINAL,Haverhill,4167,47.0,0.0,Lowell,4216,16.0,1.0,Merrimack Valley,Merrimack Valley,4:00 P.M.,,0,2025,1593.6678206323309,1302.628932323301,1606.4692333320777,1289.827519623554,0.8768764358780151,0.12312356412198489,34.103888830902996,31.0
2025-09-17,57239,FINAL,Northeast,4293,21.0,1.0,Shawsheen,4346,34.0,0.0,Commonwealth,Commonwealth,4:00 P.M.,,0,2025,1456.4549591178272,1501.65,1416.3216701797892,1541.7832889380381,0.5069144512027844,0.49308554879721556,0.48049591178271384,-13.0
2025-09-17,50124,FINAL,Masconomet,4236,24.0,1.0,Marblehead,4231,31.0,0.0,Northeastern,Northeastern,4:00 P.M.,,0,2025,1532.7261777242277,1441.166669545352,1489.4853017565142,1484.4075455130655,0.6931488591368316,0.30685114086316845,14.155950817887561,-7.0
2025-09-17,50136,FINAL,Peabody,4306,28.0,2.0,Swampscott,4383,28.0,2.0,Northeastern,Northeastern,4:30 P.M.,,0,2025,1505.7072377521022,1451.0853400847243,1505.7072377521022,1451.0853400847243,0.6461713717285119,0.3538286282714881,10.462189766737788,0.0
2025-09-17,50352,FINAL,Hamilton-Wenham,4163,25.0,1.0,Amesbury,4007,31.0,0.0,Cape Ann,Cape Ann,3:30 P.M.,,0,2025,1344.541009129044,1456.0082885191769,1320.4631164675054,1480.0861811807154,0.41245297088404725,0.5875470291159528,-6.146727939013294,-6.0
2025-09-17,50356,FINAL,North Reading,4288,45.0,0.0,Newburyport,4276,17.0,1.0,Cape Ann,Cape Ann,4:00 P.M.,,0,2025,1557.701010559837,1407.839420124502,1581.9858001290968,1383.5546305552423,0.7596014646431459,0.24039853535685407,19.986159043533483,28.0
2025-09-17,50427,FINAL,Ipswich,4190,29.0,0.0,Lynnfield,4223,26.0,1.0,Cape Ann,Cape Ann,3:30 P.M.,,0,2025,1549.0347197446424,1500.879613557921,1564.1059003102455,1485.8084329923179,0.6376147089610393,0.36238529103896067,9.815510618672146,3.0
2025-09-17,50530,FINAL,Ashland,4015,42.0,0.0,Dedham,4108,15.0,1.0,Tri-Valley,Tri-Valley,4:15 P.M.,,0,2025,1486.0680618847744,1596.2100403231289,1544.6179288105018,1537.6601733974014,0.41430298623689105,0.585697013763109,-6.01419784383545,27.0
2025-09-17,49982,FINAL,Methuen,4246,32.0,0.0,Billerica,4040,23.0,1.0,Merrimack Valley,Merrimack Valley,3:45 P.M.,,0,2025,1604.5155582473249,1413.574180360558,1618.3236021912853,1399.7661364165976,0.8001080903086788,0.1998919096913212,24.094137788676676,9.0
2025-09-17,50576,FINAL,Westwood,4424,15.0,1.0,Norwood,4297,49.0,0.0,Tri-Valley,Tri-Valley,4:00 P.M.,,0,2025,1535.4475861097246,1633.075213376099,1489.382597383721,1679.1402021021026,0.4318844730934351,0.568115526906565,-4.7627627266374475,-34.0
2025-09-17,50557,FINAL,Hopkinton,4180,15.0,1.0,Holliston,4174,50.0,0.0,Tri-Valley,Tri-Valley,4:15 P.M.,,0,2025,1371.153960541478,1397.408135060585,1313.7330994040517,1454.8289961980113,0.5341198797753531,0.46588012022464687,2.3745825480893017,-35.0
2025-09-17,50588,FINAL,Bellingham,4033,27.0,1.0,Medway,4243,30.0,0.0,Tri-Valley,Tri-Valley,3:45 P.M.,,0,2025,1526.2946012305529,1516.1129110749137,1501.93384027954,1540.4736720259266,0.5857524836051308,0.41424751639486923,6.018169015563922,-3.0
2025-09-17,50600,FINAL,Dover-Sherborn,4118,18.0,1.0,Medfield,4241,40.0,0.0,Tri-Valley,Tri-Valley,4:30 P.M.,,0,2025,1389.7156835639348,1418.1856278496407,1339.772468050491,1468.1288433630846,0.53094464087691,0.46905535912309004,2.153005571429412,-22.0
2025-09-17,50620,FINAL,Norton,4295,15.0,1.0,Millis,4251,50.0,0.0,Tri-Valley,Tri-Valley,3:45 P.M.,,0,2025,1480.0834078906462,1662.313522800189,1445.8546430467209,1696.5422876441144,0.31839062321864026,0.6816093767813598,-13.223011490954287,-35.0
2025-09-17,50975,FINAL,Chelsea,4086,47.0,0.0,Somerville,4351,16.0,1.0,Greater Boston,Greater Boston,4:00 P.M.,,0,2025,1597.846777798467,1293.3279280885026,1609.8023071776206,1281.372398709349,0.8850121136899525,0.11498788631004753,35.45188497099643,31.0
2025-09-17,57229,FINAL,Central Catholic,4081,15.0,1.0,Lawrence,4203,48.0,0.0,Merrimack Valley,Merrimack Valley,,,0,2025,1524.1319108305245,1582.3358860395122,1472.4852869021854,1633.9825099678512,0.4881957244380227,0.5118042755619773,-0.8203975208987686,-33.0
2025-09-17,57228,FINAL,Tewksbury,4389,43.0,0.0,North Andover,4283,20.0,1.0,Merrimack Valley,Merrimack Valley,,,0,2025,1603.134938388998,1332.5995197513782,1616.1436654585796,1319.5907926817968,0.8635566737378888,0.1364433262621112,32.053541863761986,23.0
2025-09-17,51072,FINAL,Canton,4071,26.0,1.0,Stoughton,4381,31.0,0.0,Hockomock,Hockomock,3:45 P.M.,,0,2025,1537.5390344109162,1533.8981161799027,1506.545828427719,1564.8913221630999,0.5765879203371339,0.4234120796628661,5.364091823101353,-5.0
2025-09-18,50247,UPCOMING,Dighton-Rehoboth,4114,,,Somerset Berkley,4350,,,South Coast,South Coast,3:45 P.M.,,0,2025,1604.831258482875,1392.660975749111,,,0.8189386816738412,0.1810613183261588,26.2170282733764,
2025-09-18,50253,UPCOMING,Fairhaven,4133,,,West Bridgewater,4415,,,South Coast,South Coast,3:30 P.M.,,0,2025,1653.3508309072,1458.9615684113362,,,0.8032635232541845,0.19673647674581551,24.43892624958637,
2025-09-18,50240,FINAL,Joseph Case,4078,50.0,0.0,Bourne,4050,15.0,1.0,South Coast,South Coast,3:45 P.M.,,0,2025,1544.2674708254456,1482.8406934473971,1581.348795871044,1445.7593684017986,0.6550753074241765,0.3449246925758235,11.142677737804842,35.0
2025-09-18,50221,FINAL,Greater New Bedford,4156,31.0,0.0,Apponequet,4011,26.0,1.0,South Coast,South Coast,3:45 P.M.,,0,2025,1526.5542565702895,1543.9266988111324,1550.9140892865216,1519.5668660949002,0.5468172833353365,0.4531827166646635,3.262755775915707,5.0
2025-09-23,49869,UPCOMING,Upper Cape,4457,,,Bristol Aggie,4463,,,Mayflower,Mayflower,3:30 P.M.,,0,2025,1530.853096202269,1562.7529764922672,,,0.5260246265462135,0.4739753734537865,1.8100119710001763,
2025-09-23,50168,UPCOMING,Duxbury,4123,,,Hingham,4171,,,Patriot,Patriot,4:00 P.M.,,0,2025,1524.4532301137594,1509.7237264171579,,,0.5920902142763493,0.40790978572365066,6.472950369660157,
2025-09-23,49879,UPCOMING,Sandwich,4340,,,Nauset,4271,,,Cape & Islands,Cape & Islands,4:00 P.M.,,0,2025,1530.3237175168567,1372.9176075150729,,,0.7674424091396457,0.23255759086035432,20.740611000178387,
2025-09-23,49882,UPCOMING,Falmouth Academy,4135,,,Cape Cod Academy,4072,,,Cape & Islands,Cape & Islands,4:00 P.M.,,0,2025,1497.85811412475,1516.0572780530113,,,0.5456377056381368,0.45436229436186315,3.1800836071738785,
2025-09-23,49890,UPCOMING,Rising Tide Charter,4746,,,Monomoy,4706,,,Cape & Islands,Cape & Islands,4:30 P.M.,,0,2025,1555.2389073409618,1418.4579463524065,,,0.745584106173334,0.25441589382666596,18.67809609885553,
2025-09-23,49897,UPCOMING,Old Colony,4300,,,South Shore Voc-Tech,4356,,,Mayflower,Mayflower,3:30 P.M.,,0,2025,1464.9071062449946,1477.0506033081974,,,0.5542653067526245,0.44573469324737547,3.7856502936797143,
2025-09-23,49906,UPCOMING,BC High,4029,,,St. John’s (Shrewsbury),4368,,,Catholic Conference,Catholic Conference,4:00 P.M.,,0,2025,1404.0991622830195,1593.3571319415373,,,0.3096762459352059,0.6903237540647942,-13.925796965851783,
2025-09-23,49934,UPCOMING,Cardinal Spellman,4075,,,Archbishop Williams,4012,,,Catholic Central,Catholic Central,4:00 P.M.,,0,2025,1605.5361890335207,1351.076712948192,,,0.8522816500578726,0.1477183499421274,30.44594760853288,
2025-09-23,49965,UPCOMING,St. Mary’s,4374,,,Arlington Catholic,4014,,,Catholic Central,Catholic Central,4:00 P.M.,,0,2025,1541.083377486299,1716.8397205573663,,,0.3265321817250791,0.673467818274921,-12.575634307106725,
2025-09-23,49842,UPCOMING,Bristol-Plymouth,4057,,,Tri-County,4392,,,Mayflower,Mayflower,4:00 P.M.,,0,2025,1505.182053133807,1474.1313147173685,,,0.6145705478934811,0.3854294521065189,8.105073841643843,
2025-09-23,49995,UPCOMING,Bishop Feehan,4042,,,Bishop Fenwick,4043,,,Catholic Central,Catholic Central,4:00 P.M.,,0,2025,1614.1132552030165,1393.8409966967117,,,0.8257516070797121,0.17424839292028793,27.027225850630476,
2025-09-23,50014,UPCOMING,St. Mary’s,4374,,,Bishop Stang,4045,,,Catholic Central,Catholic Central,4:00 P.M.,,0,2025,1541.083377486299,1445.6827151349726,,,0.697831633538478,0.302168366461522,14.540066235132645,
2025-09-23,50157,UPCOMING,Pembroke,4308,,,North Quincy/Quincy,4287,,,Patriot,Patriot,4:00 P.M.,,0,2025,1359.430870236041,1485.4105637922225,,,0.3923668046466868,0.6076331953533132,-7.597969355618147,
2025-09-23,50185,UPCOMING,Marshfield,4234,,,Whitman-Hanson,4427,,,Patriot,Patriot,4:00 P.M.,,0,2025,1420.7549776896446,1632.3875974998255,,,0.28283704840129636,0.7171629515987037,-16.16326198101808,
2025-09-23,49971,UPCOMING,Bishop Stang,4045,,,Arlington Catholic,4014,,,Catholic Central,Catholic Central,4:00 P.M.,,0,2025,1445.6827151349726,1716.8397205573663,,,0.21873011081941612,0.7812698891805838,-22.11570054223937,
2025-09-23,49850,UPCOMING,Southeastern,4358,,,Diman,4115,,,Mayflower,Mayflower,3:30 P.M.,,0,2025,1383.586667650093,1494.3364170919342,,,0.41345428250229216,0.5865457174977078,-6.074974944184123,
2025-09-23,49853,UPCOMING,Holbrook/Avon,4172,,,Cape Cod Tech,4073,,,Mayflower,Mayflower,3:30 P.M.,,0,2025,1577.7873216591506,1448.167759050311,,,0.7376854809843982,0.26231451901560177,17.961956260883973,
2025-09-23,49832,UPCOMING,Martha’s Vineyard,4235,,,Dennis-Yarmouth,4111,,,Cape & Islands,Cape & Islands,3:30 P.M.,,0,2025,1482.899692074232,1539.3143618950096,,,0.49076959685135085,0.5092304031486492,-0.641466982077759,
2025-09-24,49788,UPCOMING,New Bedford,4273,,,Brockton,4058,,,Big Three,Big Three,4:00 P.M.,,0,2025,1503.8244300198014,1508.9914251904333,,,0.5641641371813378,0.43583586281866216,4.483300482936807,
2025-09-24,49941,UPCOMING,North Andover,4283,,,Chelmsford,4085,,,Merrimack Valley,Merrimack Valley,3:30 P.M.,,0,2025,1238.1765579513583,1484.0566933617565,,,0.24460858963662666,0.7553914103633733,-19.58801354103982,
2025-09-24,49943,UPCOMING,Haverhill,4167,,,Chelmsford,4085,,,Merrimack Valley,Merrimack Valley,3:30 P.M.,,0,2025,1737.1063968965977,1484.0566933617565,,,0.8512570289136909,0.14874297108630907,30.304970353484123,
2025-09-24,49952,UPCOMING,North Andover,4283,,,Haverhill,4167,,,Merrimack Valley,Merrimack Valley,3:30 P.M.,,0,2025,1238.1765579513583,1737.1063968965977,,,0.07015910578618456,0.9298408942138154,-44.892983894523944,
2025-09-24,50142,UPCOMING,Salem,4336,,,Winthrop,4437,,,Northeastern,Northeastern,4:00 P.M.,,0,2025,1648.7980560196293,1538.1292909754598,,,0.7160361591630217,0.28396384083697834,16.06687650441695,
2025-09-24,50162,UPCOMING,Scituate,4343,,,Plymouth South,4316,,,Patriot,Patriot,4:00 P.M.,,0,2025,1503.4077039488966,1394.4027116901816,,,0.7140847699423465,0.2859152300576535,15.9004992258715,
2025-09-24,50191,UPCOMING,Silver Lake,4349,,,Plymouth North,4315,,,Patriot,Patriot,4:00 P.M.,,0,2025,1480.6617185293505,1430.843714082394,,,0.639823604771945,0.360176395228055,9.98180044469566,
2025-09-24,50364,UPCOMING,North Reading,4288,,,Triton,4395,,,Cape Ann,Cape Ann,4:00 P.M.,,0,2025,1572.6747169344521,1453.9870813891357,,,0.7253275576428112,0.2746724423571888,16.868763554531643,
2025-09-24,50418,UPCOMING,Amesbury,4007,,,Manchester Essex/Rockport,4229,,,Cape Ann,Cape Ann,3:30 P.M.,,0,2025,1415.4482142525994,1424.544547750346,,,0.558594642644179,0.441405357355821,4.090366650225337,
2025-09-24,50425,UPCOMING,Ipswich,4190,,,Georgetown,4148,,,Cape Ann,Cape Ann,3:30 P.M.,,0,2025,1573.302976996846,1721.7738266070803,,,0.3619654255622034,0.6380345744377967,-9.847084961023437,
2025-09-24,50447,UPCOMING,Barnstable,4024,,,Dartmouth,4105,,,Southeast,Southeast,4:00 P.M.,,0,2025,1614.5638640757238,1403.4650018673722,,,0.8180223631246898,0.1819776368753102,26.109886220835165,
2025-09-24,50461,UPCOMING,Abington,4002,,,Mashpee,4237,,,South Shore,South Shore,4:30 P.M.,,0,2025,1534.1741971370013,1490.7499636642856,,,0.6312988916326961,0.36870110836730385,9.342423347271573,
2025-09-24,50474,UPCOMING,East Bridgewater,4126,,,Rockland,4331,,,South Shore,South Shore,4:00 P.M.,,0,2025,1501.9121302522035,1636.47118997888,,,0.38065687164768786,0.6193431283523121,-8.455905972667642,
2025-09-24,50343,UPCOMING,Newburyport,4276,,,Essex Tech,4745,,,Cape Ann,Cape Ann,4:00 P.M.,,0,2025,1338.419629327796,1440.5076415612418,,,0.4255959366300267,0.5744040633699733,-5.208801223344585,
2025-09-24,50496,UPCOMING,Carver,4077,,,Norwell,4296,,,South Shore,South Shore,4:00 P.M.,,0,2025,1500.634876071389,1357.1445389629578,,,0.7528405755258264,0.2471594244741736,19.349033710843127,
2025-09-24,50487,UPCOMING,Cohasset,4094,,,Middleborough,4247,,,South Shore,South Shore,4:00 P.M.,,0,2025,1564.2285520601533,1436.9873818014362,,,0.7350275632575326,0.2649724367424674,17.724117025871713,
2025-09-24,50993,UPCOMING,Lynn English,4221,,,Somerville,4351,,,Greater Boston,Greater Boston,4:00 P.M.,,0,2025,1496.9718944011618,1339.3852918274013,,,0.7676277924550405,0.23237220754495946,20.75866025737605,
2025-09-24,50984,UPCOMING,Lynn Classical,4220,,,Lynn English,4221,,,Greater Boston,Greater Boston,4:00 P.M.,,0,2025,1628.8642909443254,1496.9718944011618,,,0.7402093240003584,0.25979067599964156,18.18923965431636,
2025-09-24,50982,UPCOMING,Lynn Classical,4220,,,Revere,4329,,,Greater Boston,Greater Boston,4:00 P.M.,,0,2025,1628.8642909443254,1527.936874984804,,,0.7044976165004694,0.2955023834995306,15.092741595952134,
2025-09-24,50615,UPCOMING,Medway,4243,,,Millis,4251,,,Tri-Valley,Tri-Valley,3:45 P.M.,,0,2025,1446.5189346790073,1661.4496415556227,,,0.27900198904159035,0.7209980109584097,-16.493070687661543,
2025-09-24,50700,UPCOMING,Notre Dame (Tyngsborough),4540,,,Greater Lawrence,4154,,,Commonwealth,Commonwealth,4:00 P.M.,,0,2025,1502.7555,1502.7555,,,0.5714631174083814,0.4285368825916186,5.0,
2025-09-24,50589,UPCOMING,Medfield,4241,,,Bellingham,4033,,,Tri-Valley,Tri-Valley,4:00 P.M.,,0,2025,1541.7651174248808,1458.8102021653874,,,0.6825141512475927,0.31748584875240726,13.295491525949341,
2025-09-24,50570,UPCOMING,Hopkinton,4180,,,Westwood,4424,,,Tri-Valley,Tri-Valley,4:30 P.M.,,0,2025,1266.0677785897985,1485.1554177928438,,,0.2742139380029474,0.7257860619970526,-16.908763920304523,
2025-09-24,50546,UPCOMING,Dedham,4108,,,Norwood,4297,,,Tri-Valley,Tri-Valley,4:00 P.M.,,0,2025,1630.479999553654,1724.3299618770707,,,0.43722777870764695,0.562772221292353,-4.384996232341678,
2025-09-24,50531,UPCOMING,Holliston,4174,,,Ashland,4015,,,Tri-Valley,Tri-Valley,4:00 P.M.,,0,2025,1447.6600346725502,1511.308906708043,,,0.4803677924935925,0.5196322075064075,-1.3648872035492787,
2025-09-24,50601,UPCOMING,Dover-Sherborn,4118,,,Norton,4295,,,Tri-Valley,Tri-Valley,4:00 P.M.,,0,2025,1350.175020633825,1504.1650479901139,,,0.35466068859809624,0.6453393114019037,-10.399002735628892,
2025-09-25,49741,UPCOMING,Braintree,4051,,,Walpole,4404,,,Bay State,Bay State,4:00 P.M.,,0,2025,1747.5038916982376,1527.1305161076725,,,0.8258353438280377,0.1741646561719623,27.037337559056503,
2025-09-25,50787,UPCOMING,Bedford,4031,,,Waltham,4405,,,Dual County,Dual County,4:00 P.M.,,0,2025,1578.6902414655085,1526.473891357837,,,0.642999005489758,0.35700099451024203,10.221635010767159,
2025-09-25,49739,UPCOMING,Milton,4252,,,Wellesley,4413,,,Bay State,Bay State,4:30 P.M.,,0,2025,1605.1898505693323,1497.0497304252203,,,0.7130672172887927,0.28693278271120726,15.814012014411196,
2025-09-25,50793,UPCOMING,Wayland,4411,,,Weston,4423,,,Dual County,Dual County,4:00 P.M.,,0,2025,1487.1687503569212,1408.0902743302793,,,0.6776592657619293,0.32234073423807075,12.907847602664196,
2025-09-25,50790,UPCOMING,Bedford,4031,,,Boston Latin,4049,,,Dual County,Dual County,4:00 P.M.,,0,2025,1578.6902414655085,1513.354342489454,,,0.6601419380987918,0.33985806190120815,11.533589897605452,
2025-09-25,50780,UPCOMING,Cambridge,4067,,,Newton South,4280,,,Dual County,Dual County,4:30 P.M.,,0,2025,1325.463095135159,1410.4611838693534,,,0.44980336955546796,0.550196630444532,-3.4998088734194424,
2025-09-25,50223,UPCOMING,Apponequet,4011,,,Old Rochester,4301,,,South Coast,South Coast,4:00 P.M.,,0,2025,1503.0292506571352,1495.9790467559005,,,0.5813718156881081,0.41862818431189186,5.705020390123468,
2025-09-25,50264,UPCOMING,West Bridgewater,4415,,,Joseph Case,4078,,,South Coast,South Coast,3:30 P.M.,,0,2025,1458.9615684113362,1556.1536932335996,,,0.4324996846483697,0.5675003153516303,-4.7192124822263395,
2025-09-25,50260,UPCOMING,Somerset Berkley,4350,,,Greater New Bedford,4156,,,South Coast,South Coast,3:30 P.M.,,0,2025,1392.660975749111,1535.7624398219696,,,0.3691336853013801,0.63086631469862,-9.310146407285856,
2025-09-25,50241,UPCOMING,Bourne,4050,,,Seekonk,4344,,,South Coast,South Coast,3:45 P.M.,,0,2025,1465.308776829205,1373.2750511546171,,,0.6937291668319996,0.3062708331680004,14.203372567458791,
2025-09-25,50128,UPCOMING,Masconomet,4236,,,Peabody,4306,,,Northeastern,Northeastern,4:00 P.M.,,0,2025,1374.0592320938447,1446.8517450543573,,,0.46724591092250795,0.532754089077492,-2.2792512960512568,
2025-09-25,49626,UPCOMING,Brookline,4059,,,Weymouth,4425,,,Bay State,Bay State,4:00 P.M.,,0,2025,1223.0874694240433,1522.394044712428,,,0.19230155946240143,0.8076984405375985,-24.93065752883847,
2025-09-25,50107,UPCOMING,Swampscott,4383,,,Danvers,4103,,,Northeastern,Northeastern,4:00 P.M.,,0,2025,1482.454674723499,1540.642658053833,,,0.4882187257991154,0.5117812742008846,-0.8187983330333963,
2025-09-25,50353,UPCOMING,Hamilton-Wenham,4163,,,Lynnfield,4223,,,Cape Ann,Cape Ann,3:35 P.M.,,0,2025,1432.8961504258798,1595.7738643887815,,,0.34303993726614124,0.6569600627338588,-11.287771396290168,
2025-09-25,50101,UPCOMING,Beverly,4038,,,Marblehead,4231,,,Northeastern,Northeastern,4:00 P.M.,,0,2025,1516.7766913486134,1429.0265899995418,,,0.6884651146508844,0.31153488534911555,13.775010134907166,
2025-09-29,50778,UPCOMING,Newton South,4280,,,Acton-Boxborough,4003,,,Dual County,Dual County,4:30 P.M.,,0,2025,1410.4611838693534,1632.521069043471,,,0.27082195596908354,0.7291780440309165,-17.205988517411765,
2025-09-29,51084,UPCOMING,Oliver Ames,4302,,,Stoughton,4381,,,Hockomock,Hockomock,3:45 P.M.,,0,2025,1346.672277176415,1568.5199515562622,,,0.27106325866281056,0.7289367413371894,-17.184767437984714,
2025-09-30,49755,UPCOMING,Needham,4272,,,Walpole,4404,,,Bay State,Bay State,4:00 P.M.,,0,2025,1572.3237915561353,1527.1305161076725,,,0.6336660061121709,0.36633399388782906,9.519327544846282,
2025-09-30,44195,UPCOMING,Franklin,4144,,,Milford,4249,,,Hockomock,Hockomock,3:45 P.M.,,0,2025,1460.9544959506056,1608.490112188272,,,0.3632096788651039,0.6367903211348961,-9.753561623766632,
2025-09-30,50108,UPCOMING,Winthrop,4437,,,Danvers,4103,,,Northeastern,Northeastern,4:00 P.M.,,0,2025,1538.1292909754598,1540.642658053833,,,0.5679163744686266,0.43208362553137336,4.748663292162678,
2025-09-30,50102,UPCOMING,Peabody,4306,,,Beverly,4038,,,Northeastern,Northeastern,4:30 P.M.,,0,2025,1446.8517450543573,1516.7766913486134,,,0.4713570912830466,0.5286429087169534,-1.9924946294256187,
2025-09-30,50074,UPCOMING,Melrose,4244,,,Stoneham,4380,,,Middlesex,Middlesex,4:15 P.M.,,0,2025,1432.1358274430522,1534.919613651295,,,0.4246171030235237,0.5753828969764763,-5.278378620824287,
2025-09-30,50064,UPCOMING,Wilmington,4432,,,Burlington,4065,,,Middlesex,Middlesex,4:15 P.M.,,0,2025,1527.3788587189356,1569.0152911705406,,,0.5120338168843908,0.48796618311560924,0.836356754839494,
2025-09-30,50044,UPCOMING,Lexington,4209,,,Woburn,4438,,,Middlesex,Middlesex,4:15 P.M.,,0,2025,1344.9365446457014,1611.1853517166392,,,0.22359668613781902,0.776403313862181,-21.62488070709378,
2025-09-30,50035,UPCOMING,Reading,4328,,,Belmont,4034,,,Middlesex,Middlesex,4:00 P.M.,,0,2025,1445.3644752560867,1482.399389266921,,,0.518649602720049,0.481350397279951,1.29650859891658,
2025-09-30,50023,UPCOMING,Arlington,4013,,,Winchester,4434,,,Middlesex,Middlesex,4:00 P.M.,,0,2025,1321.6210668239594,1538.8327494378298,,,0.2763683690828148,0.7236316309171852,-16.72116826138704,
2025-09-30,50009,UPCOMING,Bishop Fenwick,4043,,,Cardinal Spellman,4075,,,Catholic Central,Catholic Central,4:00 P.M.,,0,2025,1393.8409966967117,1605.5361890335207,,,0.28276399178438993,0.7172360082156101,-16.169519233680898,
2025-09-30,50008,UPCOMING,Bishop Fenwick,4043,,,Bishop Stang,4045,,,Catholic Central,Catholic Central,4:00 P.M.,,0,2025,1393.8409966967117,1445.6827151349726,,,0.49734957893668663,0.5026504210633134,-0.18417184382608412,
2025-09-30,49998,UPCOMING,Bishop Fenwick,4043,,,Bishop Feehan,4042,,,Catholic Central,Catholic Central,4:00 P.M.,,0,2025,1393.8409966967117,1614.1132552030165,,,0.2728588646360652,0.7271411353639348,-17.027225850630476,
2025-09-30,49997,UPCOMING,Bishop Feehan,4042,,,Cardinal Spellman,4075,,,Catholic Central,Catholic Central,4:00 P.M.,,0,2025,1614.1132552030165,1605.5361890335207,,,0.5835094071517306,0.4164905928482694,5.857706616949576,
2025-09-30,49984,UPCOMING,Andover,4009,,,Methuen,4246,,,Merrimack Valley,Merrimack Valley,4:00 P.M.,,0,2025,1356.3674223326586,1637.6747225151703,,,0.20890939691916524,0.7910906030808348,-23.130730018251164,
2025-09-30,49980,UPCOMING,Bishop Fenwick,4043,,,Arlington Catholic,4014,,,Catholic Central,Catholic Central,4:00 P.M.,,0,2025,1393.8409966967117,1716.8397205573663,,,0.17200166593919258,0.8279983340608075,-27.299872386065452,
2025-09-30,49979,UPCOMING,Cardinal Spellman,4075,,,Arlington Catholic,4014,,,Catholic Central,Catholic Central,4:00 P.M.,,0,2025,1605.5361890335207,1716.8397205573663,,,0.4126814172354724,0.5873185827645275,-6.130353152384555,
2025-09-30,49977,UPCOMING,Bishop Stang,4045,,,Arlington Catholic,4014,,,Catholic Central,Catholic Central,4:00 P.M.,,0,2025,1445.6827151349726,1716.8397205573663,,,0.21873011081941612,0.7812698891805838,-22.11570054223937,
2025-09-30,50125,UPCOMING,Marblehead,4231,,,Salem,4336,,,Northeastern,Northeastern,4:00 P.M.,,0,2025,1429.0265899995418,1648.7980560196293,,,0.2734312051008479,0.7265687948991522,-16.977146602008748,
2025-09-30,50129,UPCOMING,Masconomet,4236,,,Swampscott,4383,,,Northeastern,Northeastern,4:00 P.M.,,0,2025,1374.0592320938447,1482.454674723499,,,0.4167447011022134,0.5832552988977866,-5.839544262965433,
2025-09-30,50149,UPCOMING,Hanover,4164,,,Scituate,4343,,,Patriot,Patriot,4:00 P.M.,,0,2025,1703.5610045539017,1503.4077039488966,,,0.8084543653177678,0.19154563468223218,25.015330060500514,
2025-09-30,50158,UPCOMING,Pembroke,4308,,,Plymouth South,4316,,,Patriot,Patriot,4:00 P.M.,,0,2025,1359.430870236041,1394.4027116901816,,,0.5216137808747945,0.4783862191252055,1.502815854585947,
2025-09-30,56603,UPCOMING,Lincoln-Sudbury,4211,,,Concord-Carlisle,4097,,,Dual County,Dual County,4:30 P.M.,,0,2025,1598.3232590616194,1353.8042238737676,,,0.8449314011911443,0.1550685988088557,29.451903518785183,
2025-09-30,51077,UPCOMING,Foxborough,4142,,,Mansfield,4230,,,Hockomock,Hockomock,3:45 P.M.,,0,2025,1513.9236170996064,1457.1037884553116,,,0.6490587401439984,0.35094125985600155,10.681982864429482,
2025-09-30,51073,UPCOMING,North Attleborough,4284,,,Canton,4071,,,Hockomock,Hockomock,3:45 P.M.,,0,2025,1541.1655619895914,1563.738366851141,,,0.5393891188074,0.46061088119259996,2.7427195138450315,
2025-09-30,51070,UPCOMING,Taunton,4388,,,Sharon,4345,,,Hockomock,Hockomock,3:45 P.M.,,0,2025,1572.2387812960383,1395.5251166799721,,,0.7866868112928423,0.21331318870715765,22.671366461606613,
2025-09-30,51065,UPCOMING,Attleboro,4018,,,King Philip,4197,,,Hockomock,Hockomock,3:45 P.M.,,0,2025,1439.6964748971373,1565.0374558596473,,,0.39324373749304115,0.6067562625069589,-7.534098096251,
2025-09-30,50795,UPCOMING,Bedford,4031,,,Weston,4423,,,Dual County,Dual County,4:00 P.M.,,0,2025,1578.6902414655085,1408.0902743302793,,,0.7807214330400831,0.21927856695991688,22.059996713522924,
2025-09-30,50788,UPCOMING,Weston,4423,,,Bedford,4031,,,Dual County,Dual County,4:00 P.M.,,0,2025,1408.0902743302793,1578.6902414655085,,,0.33309292431355414,0.6669070756864459,-12.059996713522924,
2025-09-30,49976,UPCOMING,Bishop Feehan,4042,,,Arlington Catholic,4014,,,Catholic Central,Catholic Central,4:00 P.M.,,0,2025,1614.1132552030165,1716.8397205573663,,,0.42469772131294575,0.5753022786870543,-5.272646535434978,
2025-09-30,50781,UPCOMING,Westford,4421,,,Cambridge,4067,,,Dual County,Dual County,4:00 P.M.,,0,2025,1574.5181142292672,1325.463095135159,,,0.8483218255782168,0.15167817442178322,29.905501909410827,
2025-09-30,50507,UPCOMING,Cohasset,4094,,,Carver,4077,,,South Shore,South Shore,4:30 P.M.,,0,2025,1564.2285520601533,1500.634876071389,,,0.6578882762153933,0.34211172378460675,11.359367598876428,
2025-09-30,50475,UPCOMING,Middleborough,4247,,,East Bridgewater,4126,,,South Shore,South Shore,4:00 P.M.,,0,2025,1436.9873818014362,1501.9121302522035,,,0.47853476203499906,0.5214652379650009,-1.4924748450767311,
2025-09-30,50462,UPCOMING,Norwell,4296,,,Abington,4002,,,South Shore,South Shore,4:00 P.M.,,0,2025,1357.1445389629578,1534.1741971370013,,,0.32492234942705484,0.6750776505729452,-12.702965817404356,
2025-09-30,50354,UPCOMING,Hamilton-Wenham,4163,,,Manchester Essex/Rockport,4229,,,Cape Ann,Cape Ann,3:30 P.M.,,0,2025,1432.8961504258798,1424.544547750346,,,0.583193956084376,0.41680604391562404,5.835160267553374,
2025-09-30,50193,UPCOMING,Whitman-Hanson,4427,,,Plymouth North,4315,,,Patriot,Patriot,4:00 P.M.,,0,2025,1632.3875974998255,1430.843714082394,,,0.8096909019985821,0.19030909800141793,25.15438834174315,
2025-09-30,50178,UPCOMING,Hingham,4171,,,Silver Lake,4349,,,Patriot,Patriot,4:00 P.M.,,0,2025,1509.7237264171579,1480.6617185293505,,,0.6118552747210431,0.38814472527895694,7.906200788780734,
2025-09-30,50169,UPCOMING,Duxbury,4123,,,Marshfield,4234,,,Patriot,Patriot,4:00 P.M.,,0,2025,1524.4532301137594,1420.7549776896446,,,0.7078072786436482,0.29219272135635177,15.36982524241148,
2025-09-30,50509,UPCOMING,Mashpee,4237,,,Rockland,4331,,,South Shore,South Shore,4:00 P.M.,,0,2025,1490.7499636642856,1636.47118997888,,,0.36562879744448007,0.6343712025555199,-9.572122631459433,
2025-09-30,49961,UPCOMING,Haverhill,4167,,,Methuen,4246,,,Merrimack Valley,Merrimack Valley,4:00 P.M.,,0,2025,1737.1063968965977,1637.6747225151703,,,0.7027019922787199,0.2972980077212801,14.943167438142746,
2025-09-30,49996,UPCOMING,Bishop Stang,4045,,,Bishop Feehan,4042,,,Catholic Central,Catholic Central,4:00 P.M.,,0,2025,1445.6827151349726,1614.1132552030165,,,0.3358728424368965,0.6641271575631035,-11.84305400680439,
2025-09-30,49870,UPCOMING,Cape Cod Tech,4073,,,Bristol Aggie,4463,,,Mayflower,Mayflower,3:30 P.M.,,0,2025,1448.167759050311,1562.7529764922672,,,0.40811040185892583,0.5918895981410741,-6.458521744195627,
2025-09-30,49938,UPCOMING,Bishop Fenwick,4043,,,Archbishop Williams,4012,,,Catholic Central,Catholic Central,4:00 P.M.,,0,2025,1393.8409966967117,1351.076712948192,,,0.6304141994756248,0.3695858005243752,9.27642837485198,
2025-09-30,49937,UPCOMING,Archbishop Williams,4012,,,Bishop Feehan,4042,,,Catholic Central,Catholic Central,4:00 P.M.,,0,2025,1351.076712948192,1614.1132552030165,,,0.226823194067488,0.773176805932512,-21.303654225482454,
2025-09-30,49936,UPCOMING,Arlington Catholic,4014,,,Archbishop Williams,4012,,,Catholic Central,Catholic Central,4:00 P.M.,,0,2025,1716.8397205573663,1351.076712948192,,,0.9163168262968767,0.08368317370312328,41.576300760917434,
2025-09-30,49910,UPCOMING,St. John’s (Shrewsbury),4368,,,Malden Catholic,4228,,,Catholic Conference,Catholic Conference,4:00 P.M.,,0,2025,1593.3571319415373,1690.7639617228099,,,0.43219635602807843,0.5678036439719216,-4.740682978127256,
2025-09-30,49904,UPCOMING,Rising Tide Charter,4746,,,Riverview School,4957,,,Cape & Islands,Independent,4:00 P.M.,,0,2025,1555.2389073409618,1502.7555,,,0.6433518182001723,0.3566481817998277,10.248340734096178,
2025-09-30,49893,UPCOMING,Monomoy,4706,,,Sturgis West,4735,,,Cape & Islands,Cape & Islands,4:00 P.M.,,0,2025,1418.4579463524065,1531.6612649536073,,,0.41003334127384283,0.5899666587261572,-6.320331860120087,
2025-09-30,49889,UPCOMING,Rising Tide Charter,4746,,,Falmouth Academy,4135,,,Cape & Islands,Cape & Islands,4:00 P.M.,,0,2025,1555.2389073409618,1497.85811412475,,,0.6497939311679325,0.3502060688320675,10.738079321621171,
2025-09-30,49854,UPCOMING,Holbrook/Avon,4172,,,South Shore Voc-Tech,4356,,,Mayflower,Mayflower,3:30 P.M.,,0,2025,1577.7873216591506,1477.0506033081974,,,0.7042690361359887,0.2957309638640113,15.07367183509532,
2025-09-30,49843,UPCOMING,Southeastern,4358,,,Bristol-Plymouth,4057,,,Mayflower,Mayflower,3:30 P.M.,,0,2025,1383.586667650093,1505.182053133807,,,0.3984000188315242,0.6015999811684758,-7.159538548371392,
2025-09-30,49838,UPCOMING,Nauset,4271,,,Falmouth,4134,,,Cape & Islands,Cape & Islands,4:00 P.M.,,0,2025,1372.9176075150729,1419.2587251978118,,,0.5052653602765839,0.49473463972341614,0.3658882317261032,
2025-09-30,49833,UPCOMING,Dennis-Yarmouth,4111,,,Sandwich,4340,,,Cape & Islands,Cape & Islands,3:30 P.M.,,0,2025,1539.3143618950096,1530.3237175168567,,,0.5840878758492076,0.4159121241507924,5.899064437815286,
2025-09-30,49752,UPCOMING,Walpole,4404,,,Milton,4252,,,Bay State,Bay State,4:00 P.M.,,0,2025,1527.1305161076725,1605.1898505693323,,,0.4597069358829759,0.540293064117024,-2.8059334461659775,
2025-09-30,49751,UPCOMING,Needham,4272,,,Milton,4252,,,Bay State,Bay State,4:00 P.M.,,0,2025,1572.3237915561353,1605.1898505693323,,,0.5246377533111803,0.47536224668881966,1.7133940986803053,
2025-09-30,49697,UPCOMING,Weymouth,4425,,,Natick,4270,,,Bay State,Bay State,,,0,2025,1522.394044712428,1371.7020251814122,,,0.7604733039031306,0.23952669609686938,20.069201953101583,
2025-09-30,49649,UPCOMING,Braintree,4051,,,Framingham,4143,,,Bay State,Bay State,4:00 P.M.,,0,2025,1747.5038916982376,1713.135082913268,,,0.6190848998162279,0.38091510018377206,8.43688087849696,
2025-09-30,49632,UPCOMING,Brookline,4059,,,Braintree,4051,,,Bay State,Bay State,4:00 P.M.,,0,2025,1223.0874694240433,1747.5038916982376,,,0.06117098153620863,0.9388290184637914,-47.44164222741942,
2025-09-30,49630,UPCOMING,Brookline,4059,,,Framingham,4143,,,Bay State,Bay State,4:00 P.M.,,0,2025,1223.0874694240433,1713.135082913268,,,0.07356887324253929,0.9264311267574608,-44.004761348922464,
2025-09-30,49939,UPCOMING,Archbishop Williams,4012,,,Bishop Stang,4045,,,Catholic Central,Catholic Central,4:00 P.M.,,0,2025,1351.076712948192,1445.6827151349726,,,0.4361571929136508,0.5638428070863493,-4.460600218678064,
2025-09-30,49940,UPCOMING,Archbishop Williams,4012,,,Cardinal Spellman,4075,,,Catholic Central,Catholic Central,4:00 P.M.,,0,2025,1351.076712948192,1605.5361890335207,,,0.23559863241526693,0.7644013675847331,-20.44594760853288,
2025-09-30,49957,UPCOMING,Haverhill,4167,,,Andover,4009,,,Merrimack Valley,Merrimack Valley,4:00 P.M.,,0,2025,1737.1063968965977,1356.3674223326586,,,0.9226944832466806,0.07730551675331943,43.07389745639391,
2025-10-01,50977,UPCOMING,Malden,4227,,,Everett,4132,,,Greater Boston,Greater Boston,4:00 P.M.,,0,2025,1499.985334342985,1590.2139736645136,,,0.4423636754122205,0.5576363245877796,-4.022863932152859,
2025-10-01,49813,UPCOMING,Durfee,4122,,,New Bedford,4273,,,Big Three,Big Three,4:00 P.M.,,0,2025,1613.1081274654089,1503.8244300198014,,,0.7144122151021404,0.28558778489785963,15.928369744560746,
2025-10-01,49913,UPCOMING,Xaverian,4446,,,St. John’s Prep,4369,,,Catholic Conference,Catholic Conference,4:00 P.M.,,0,2025,1432.8492481424869,1343.599749850888,,,0.6903133291159617,0.30968667088403834,13.92494982915989,
2025-10-01,49924,UPCOMING,Billerica,4040,,,Central Catholic,4081,,,Merrimack Valley,Merrimack Valley,4:00 P.M.,,0,2025,1277.9272107067682,1442.9573527824125,,,0.3402530547029042,0.6597469452970959,-11.503014207564433,
2025-10-01,50267,UPCOMING,Old Rochester,4301,,,Dartmouth,4105,,,South Coast,Southeast,4:00 P.M.,,0,2025,1495.9790467559005,1403.4650018673722,,,0.6943163159427688,0.30568368405723123,14.251404488852836,
2025-10-01,50357,UPCOMING,Newburyport,4276,,,Triton,4395,,,Cape Ann,Cape Ann,4:00 P.M.,,0,2025,1338.419629327796,1453.9870813891357,,,0.4067453078344596,0.5932546921655404,-6.556745206133973,
2025-10-01,50362,UPCOMING,Pentucket,4309,,,North Reading,4288,,,Cape Ann,Cape Ann,4:00 P.M.,,0,2025,1554.0197310107978,1572.6747169344521,,,0.54498711262664,0.45501288737336,3.1345014076345707,
2025-10-01,50988,UPCOMING,Somerville,4351,,,Medford,4242,,,Greater Boston,Greater Boston,4:00 P.M.,,0,2025,1339.3852918274013,1460.0692709370317,,,0.399658148736535,0.6003418512634651,-7.06839791096304,
2025-10-01,50420,UPCOMING,Amesbury,4007,,,Ipswich,4190,,,Cape Ann,Cape Ann,3:30 P.M.,,0,2025,1415.4482142525994,1573.302976996846,,,0.3495854460554122,0.6504145539445878,-10.78547627442465,
2025-10-01,50448,UPCOMING,Bridgewater-Raynham,4053,,,Barnstable,4024,,,Southeast,Southeast,4:00 P.M.,,0,2025,1502.7555,1614.5638640757238,,,0.4119772412523421,0.5880227587476579,-6.180836407572383,
2025-10-01,50532,UPCOMING,Ashland,4015,,,Hopkinton,4180,,,Tri-Valley,Tri-Valley,3:45 P.M.,,0,2025,1511.308906708043,1266.0677785897985,,,0.8454752413122384,0.1545247586877616,29.524112811824445,
2025-10-01,50547,UPCOMING,Dedham,4108,,,Westwood,4424,,,Tri-Valley,Tri-Valley,4:00 P.M.,,0,2025,1630.479999553654,1485.1554177928438,,,0.7548000122543167,0.2451999877456833,19.532458176081015,
2025-10-01,50556,UPCOMING,Norwood,4297,,,Holliston,4174,,,Tri-Valley,Tri-Valley,4:30 P.M.,,0,2025,1724.3299618770707,1447.6600346725502,,,0.8676643285984739,0.13233567140152613,32.66699272045205,
2025-10-01,50590,UPCOMING,Bellingham,4033,,,Dover-Sherborn,4118,,,Tri-Valley,Tri-Valley,3:45 P.M.,,0,2025,1458.8102021653874,1350.175020633825,,,0.713649939370618,0.28635006062938195,15.863518153156246,
2025-10-01,50609,UPCOMING,Millis,4251,,,Medfield,4241,,,Tri-Valley,Tri-Valley,4:30 P.M.,,0,2025,1661.4496415556227,1541.7651174248808,,,0.7264693554227876,0.27353064457721243,16.968452413074193,
2025-10-01,50426,UPCOMING,Georgetown,4148,,,Lynnfield,4223,,,Cape Ann,Cape Ann,3:30 P.M.,,0,2025,1721.7738266070803,1595.7738643887815,,,0.7336336599131373,0.26636634008686266,17.599996221829883,
2025-10-01,50616,UPCOMING,Medway,4243,,,Norton,4295,,,Tri-Valley,Tri-Valley,3:45 P.M.,,0,2025,1446.5189346790073,1504.1650479901139,,,0.4889981345047625,0.5110018654952375,-0.7646113311106546,
2025-10-02,50015,UPCOMING,Fairhaven,4133,,,Bishop Stang,4045,,,South Coast,Catholic Central,3:30 P.M.,,0,2025,1653.3508309072,1445.6827151349726,,,0.815064013160142,0.184935986839858,25.766811577222732,
2026-09-08,149938,FINAL,Middleborough,4247,26.0,1.0,Norwell,4296,30.0,0.0,South Shore,South Shore,4:00 P.M.,,0,2026,1468.339129934833,1411.3114628856704,1436.9873818014362,1442.6632110190671,0.6493312124931194,0.3506687875068806,10.702766704916257,-4.0
2026-09-08,149969,UPCOMING,Cohasset,4094,,,Rockland,4331,,,South Shore,South Shore,4:00 P.M.,,0,2026,1564.2285520601533,1636.47118997888,,,0.4680339298932584,0.5319660701067416,-2.2242637918726587,
2026-09-08,149987,UPCOMING,Abington,4002,,,Carver,4077,,,South Shore,South Shore,4:30 P.M.,,0,2026,1534.1741971370013,1500.634876071389,,,0.6179582466235469,0.3820417533764531,8.353932106561228,
2026-09-08,149909,UPCOMING,Mashpee,4237,,,East Bridgewater,4126,,,South Shore,South Shore,4:00 P.M.,,0,2026,1490.7499636642856,1501.9121302522035,,,0.5556604887142045,0.4443395112857955,3.883783341208209,
2026-09-09,147902,UPCOMING,Durfee,4122,,,Diman,4115,,,Big Three,Mayflower,4:00 P.M.,,0,2026,1613.1081274654089,1494.3364170919342,,,0.7254239679765369,0.27457603202346315,16.877171037347466,
2026-09-09,147905,UPCOMING,Durfee,4122,,,Bristol Aggie,4463,,,Big Three,Mayflower,4:00 P.M.,,0,2026,1613.1081274654089,1562.7529764922672,,,0.6405358604245762,0.3594641395754238,10.03551509731417,
2026-09-09,147908,UPCOMING,Bristol Aggie,4463,,,Diman,4115,,,Mayflower,Mayflower,4:00 P.M.,,0,2026,1562.7529764922672,1494.3364170919342,,,0.664109205454091,0.335890794545909,11.841655940033297,
2026-09-09,148922,UPCOMING,Weston,4423,,,Cambridge,4067,,,Dual County,Dual County,4:30 P.M.,,0,2026,1408.0902743302793,1325.463095135159,,,0.6821052057769907,0.31789479422300926,13.262717919512033,
2026-09-09,136617,FINAL,Framingham,4143,32.0,0.0,Wellesley,4413,23.0,1.0,Bay State,Bay State,4:00 P.M.,,0,2026,1611.2183469895417,1453.5742700661342,1627.2659741514142,1437.5266429042617,0.7676868025319348,0.23231319746806522,20.76440769234075,9.0
2026-09-09,148941,UPCOMING,Weston,4423,,,Lincoln-Sudbury,4211,,,Dual County,Dual County,4:30 P.M.,,0,2026,1408.0902743302793,1598.3232590616194,,,0.3084776772530976,0.6915223227469024,-14.023298473134014,
2026-09-09,148952,UPCOMING,Bedford,4031,,,Newton South,4280,,,Dual County,Dual County,4:00 P.M.,,0,2026,1578.6902414655085,1410.4611838693534,,,0.7783759985398814,0.22162400146011862,21.822905759615516,
2026-09-09,148954,UPCOMING,Bedford,4031,,,Westford,4421,,,Dual County,Dual County,4:00 P.M.,,0,2026,1578.6902414655085,1574.5181142292672,,,0.5773342795065913,0.42266572049340867,5.41721272362413,
2026-09-09,148959,UPCOMING,Westford,4421,,,Newton South,4280,,,Dual County,Dual County,4:00 P.M.,,0,2026,1574.5181142292672,1410.4611838693534,,,0.7742052716266121,0.22579472837338788,21.405693035991384,
2026-09-09,148992,UPCOMING,Bedford,4031,,,Wayland,4411,,,Dual County,Dual County,4:00 P.M.,,0,2026,1578.6902414655085,1487.1687503569212,,,0.6931023105013954,0.30689768949860463,14.152149110858726,
2026-09-09,149849,UPCOMING,Winthrop,4437,,,Masconomet,4236,,,Northeastern,Northeastern,4:00 P.M.,,0,2026,1538.1292909754598,1374.0592320938447,,,0.7742184825278614,0.2257815174721386,21.407005888161507,
2026-09-09,149887,UPCOMING,Winthrop,4437,,,Saugus,4341,,,Northeastern,Northeastern,4:00 P.M.,,0,2026,1538.1292909754598,1565.7685973990904,,,0.5321352677549988,0.46786473224500125,2.2360693576369384,
2026-09-09,150399,FINAL,Walpole,4404,40.0,0.0,Newton North,4279,19.0,1.0,Bay State,Bay State,,,0,2026,1534.5369907547308,1424.4755810227666,1560.93528997611,1398.0772818013875,0.7153247421680429,0.28467525783195713,16.00614097319642,21.0
2026-09-09,150368,FINAL,Whittier,4428,30.0,0.0,Shawsheen,4346,25.0,1.0,Commonwealth,Commonwealth,4:00 P.M.,,0,2026,1520.0441890910406,1529.6448035884855,1543.8094361449548,1505.8795565345713,0.5578787692198267,0.4421212307801733,4.039938550255511,5.0
2026-09-09,150355,FINAL,Monty Tech,4259,42.0,0.0,Keefe Tech,4191,19.0,1.0,CMAC,CMAC,,,0,2026,1417.0789920727648,1540.7605042397045,1474.710581978083,1483.1289143343863,0.39552534368695214,0.6044746563130479,-7.368151216693969,23.0
2026-09-09,149878,FINAL,Salem,4336,50.0,0.0,Swampscott,4383,15.0,1.0,Northeastern,Northeastern,4:00 P.M.,,0,2026,1583.2300728825471,1468.8771778567652,1613.2963238071666,1438.8109269321458,0.720328430973561,0.27967156902643897,16.43528950257819,35.0
2026-09-09,144043,FINAL,Weymouth,4425,22.0,1.0,Wellesley,4413,37.0,0.0,Bay State,Bay State,4:00 P.M.,,0,2026,1511.457184998225,1437.5266429042617,1455.6323026333002,1493.3515252691866,0.6711523412173912,0.3288476587826088,12.393054209396336,-15.0
2026-09-09,147934,FINAL,Nauset,4271,24.0,1.0,Monomoy,4706,32.0,0.0,Cape & Islands,Cape & Islands,4:00 P.M.,,0,2026,1470.448530612813,1417.9627761438642,1428.0406734575306,1460.3706332991467,0.6433549183320952,0.35664508166790476,10.248575446894893,-8.0
2026-09-09,147976,FINAL,Barnstable,4024,39.0,0.0,Falmouth,4134,16.0,1.0,Pioneer,Cape & Islands,4:00 P.M.,,0,2026,1530.1347756089267,1399.6623662513657,1555.0537973775804,1374.743344482712,0.7386343645210742,0.2613656354789258,18.0472409357561,23.0
2026-09-09,148260,FINAL,Nantucket,4265,20.0,1.0,Sturgis East,4456,39.0,0.0,Cape & Islands,Cape & Islands,4:00 P.M.,,0,2026,1428.31403360464,1544.5388656845855,1391.841068600271,1581.0118306889544,0.4058324940710764,0.5941675059289235,-6.62248320799456,-19.0
2026-09-09,148262,FINAL,Sturgis West,4735,28.0,1.0,Sturgis East,4456,30.0,0.0,Cape & Islands,Cape & Islands,4:00 P.M.,,0,2026,1533.0347282444534,1581.0118306889544,1516.4595971363842,1597.5869617970236,0.5029111507015767,0.49708884929842334,0.20228975554989576,-2.0
2026-09-09,136440,FINAL,Brookline,4059,15.0,1.0,Needham,4272,50.0,0.0,Bay State,Bay State,4:00 P.M.,,0,2026,1347.7960492436923,1552.4471259952481,1316.505516169016,1583.7376590699246,0.2910596503238366,0.7089403496761634,-15.465107675155583,-35.0
2026-09-09,148263,FINAL,Sturgis West,4735,43.0,0.0,Nantucket,4265,18.0,1.0,Cape & Islands,Cape & Islands,4:00 P.M.,,0,2026,1516.4595971363842,1391.841068600271,1542.6471866916056,1365.6534790450496,0.7320767995503286,0.26792320044967144,17.461852853611322,25.0
2026-09-09,149002,FINAL,Chelsea,4086,18.0,1.0,Malden,4227,35.0,0.0,Greater Boston,Greater Boston,4:00 P.M.,,0,2026,1575.2175458090057,1435.0122207539264,1510.2444322199472,1499.985334342985,0.7493051532391929,0.2506948467608071,19.020532505507937,-17.0
2026-09-09,149033,FINAL,Everett,4132,15.0,1.0,Lynn Classical,4220,45.0,0.0,Greater Boston,Greater Boston,4:00 P.M.,,0,2026,1539.0082849952096,1500.0652321395444,1474.5927370063403,1564.4807801284137,0.6252745875575365,0.3747254124424635,8.89430528556652,-30.0
2026-09-09,149732,FINAL,Lynn English,4221,15.0,1.0,Medford,4242,49.0,0.0,Greater Boston,Greater Boston,4:00 P.M.,,0,2026,1514.9293796851273,1551.8406558997929,1459.591032556038,1607.179003028882,0.5188272819052462,0.4811727180947538,1.3088723785334424,-34.0
2026-09-09,149774,FINAL,Somerville,4351,23.0,1.0,Revere,4329,38.0,0.0,Greater Boston,Greater Boston,4:00 P.M.,,0,2026,1355.1695071352638,1550.8011735821296,1330.0591657019818,1575.9115150154116,0.3018880421735391,0.698111957826461,-14.56316664468659,-15.0
2026-09-09,149778,FINAL,Danvers,4103,31.0,0.0,Beverly,4038,24.0,1.0,Northeastern,Northeastern,4:00 P.M.,,0,2026,1549.9044059534374,1408.3290310351322,1565.4513265291191,1392.7821104594505,0.7507837198263273,0.2492162801736727,19.15753749183052,7.0
2026-09-09,149830,FINAL,Peabody,4306,22.0,1.0,Marblehead,4231,37.0,0.0,Northeastern,Northeastern,4:00 P.M.,,0,2026,1505.4738492939084,1491.203055493754,1456.2782286312452,1540.3986761564172,0.5914523163623235,0.40854768363767646,6.4270793800154475,-15.0
2026-09-09,148529,FINAL,Dartmouth,4105,27.0,1.0,Bishop Stang,4045,28.0,0.0,Pioneer,Catholic Central,3:30 P.M.,,0,2026,1452.089615324292,1398.0769733290454,1438.6695420358458,1411.4970466174916,0.6453691060535957,0.35463089394640435,10.401264199524666,-1.0
2026-09-10,150012,UPCOMING,Millis,4251,,,Ashland,4015,,,Tri-Valley,Tri-Valley,4:45 P.M.,,0,2026,1661.4496415556227,1511.308906708043,,,0.7598947706961228,0.24010522930387723,20.01407348475798,
2026-09-10,150015,UPCOMING,Norwood,4297,,,Ashland,4015,,,Tri-Valley,Tri-Valley,4:45 P.M.,,0,2026,1724.3299618770707,1511.308906708043,,,0.8196637308660178,0.18033626913398215,26.30210551690277,
2026-09-10,150016,UPCOMING,Medway,4243,,,Ashland,4015,,,Tri-Valley,Tri-Valley,4:45 P.M.,,0,2026,1446.5189346790073,1511.308906708043,,,0.4787283666405295,0.5212716333594705,-1.4789972029035652,
2026-09-10,150018,UPCOMING,Millis,4251,,,Norwood,4297,,,Tri-Valley,Tri-Valley,4:45 P.M.,,0,2026,1661.4496415556227,1724.3299618770707,,,0.48147221627499986,0.5185277837250002,-1.2880320321447924,
2026-09-10,150022,UPCOMING,Norwood,4297,,,Medway,4243,,,Tri-Valley,Tri-Valley,4:45 P.M.,,0,2026,1724.3299618770707,1446.5189346790073,,,0.8684167461553053,0.13158325384469471,32.781102719806334,
2026-09-11,150515,FINAL,Walpole,4404,36.0,0.0,Newton North,4279,19.0,1.0,Bay State,Bay State,,,0,2026,1560.93528997611,1355.276922013034,1577.1230657502067,1339.0891462389372,0.8133137980160796,0.18668620198392039,25.5658367963076,17.0
2026-09-11,150517,FINAL,Walpole,4404,25.0,1.0,Natick,4270,30.0,0.0,Bay State,Bay State,,,0,2026,1577.1230657502067,1407.402288964365,1535.2037540454774,1449.3216006690943,0.7798537773374512,0.2201462226625488,21.972077678584174,-5.0
2026-09-11,150513,FINAL,Natick,4270,37.0,0.0,Newton North,4279,18.0,1.0,Bay State,Bay State,,,0,2026,1364.6019291760115,1398.0772818013875,1407.402288964365,1355.276922013034,0.5237629636645594,0.47623703633544057,1.652464737462401,19.0
2026-09-12,148357,UPCOMING,Newburyport,4276,,,Danvers,4103,,,Cape Ann,Northeastern,10:30 A.M.,,0,2026,1338.419629327796,1540.642658053833,,,0.293952112750466,0.7060478872495339,-15.2223028726037,
2026-09-12,147989,UPCOMING,Martha’s Vineyard,4235,,,Nantucket,4265,,,Cape & Islands,Cape & Islands,11:30 A.M.,,0,2026,1482.899692074232,1342.190797479815,,,0.749849286443984,0.25015071355601604,19.070889459441695,
2026-09-15,148285,UPCOMING,Rising Tide Charter,4746,,,Monomoy,4706,,,Cape & Islands,Cape & Islands,4:00 P.M.,,0,2026,1555.2389073409618,1418.4579463524065,,,0.745584106173334,0.25441589382666596,18.67809609885553,
2026-09-15,148532,UPCOMING,Cardinal Spellman,4075,,,Bishop Stang,4045,,,Catholic Central,Catholic Central,4:00 P.M.,,0,2026,1605.5361890335207,1445.6827151349726,,,0.7699473077837471,0.2300526922162529,20.985347389854816,
2026-09-15,149912,UPCOMING,Abington,4002,,,East Bridgewater,4126,,,South Shore,South Shore,4:00 P.M.,,0,2026,1534.1741971370013,1501.9121302522035,,,0.6162209344849457,0.38377906551505425,8.226206688479783,
2026-09-15,149939,UPCOMING,Middleborough,4247,,,Carver,4077,,,South Shore,South Shore,4:30 P.M.,,0,2026,1436.9873818014362,1500.634876071389,,,0.480369772201081,0.519630227798919,-1.3647494269952858,
2026-09-15,147953,UPCOMING,Dennis-Yarmouth,4111,,,Sandwich,4340,,,Cape & Islands,Cape & Islands,4:00 P.M.,,0,2026,1539.3143618950096,1530.3237175168567,,,0.5840878758492076,0.4159121241507924,5.899064437815286,
2026-09-15,150588,UPCOMING,Arlington,4013,,,Melrose,4244,,,Middlesex,Middlesex,4:00 P.M.,,0,2026,1321.6210668239594,1432.1358274430522,,,0.4137823649872699,0.5862176350127302,-6.051476061909284,
2026-09-15,150619,UPCOMING,Milford,4249,,,Taunton,4388,,,Hockomock,Hockomock,4:00 P.M.,,0,2026,1608.490112188272,1572.2387812960383,,,0.621637071287401,0.378362928712599,8.625133089223368,
2026-09-15,150625,UPCOMING,Foxborough,4142,,,North Attleborough,4284,,,Hockomock,Hockomock,3:45 P.M.,,0,2026,1513.9236170996064,1541.1655619895914,,,0.5327047127254214,0.4672952872745786,2.2758055110014994,
2026-09-15,150656,UPCOMING,Marshfield,4234,,,Duxbury,4123,,,Patriot,Patriot,4:00 P.M.,,0,2026,1420.7549776896446,1524.4532301137594,,,0.42333150709514283,0.5766684929048571,-5.36982524241148,
2026-09-15,150663,UPCOMING,Plymouth North,4315,,,Whitman-Hanson,4427,,,Patriot,Patriot,4:00 P.M.,,0,2026,1430.843714082394,1632.3875974998255,,,0.29476415490479324,0.7052358450952068,-15.154388341743152,
2026-09-15,148006,UPCOMING,Cape Cod Academy,4072,,,Sturgis West,4735,,,Cape & Islands,Cape & Islands,4:00 P.M.,,0,2026,1516.0572780530113,1531.6612649536073,,,0.5493387584159958,0.4506612415840042,3.4396013099403944,
2026-09-15,150003,UPCOMING,Mashpee,4237,,,Cohasset,4094,,,South Shore,South Shore,4:30 P.M.,,0,2026,1490.7499636642856,1564.2285520601533,,,0.4662629344386729,0.5337370655613272,-2.3478588395867748,
2026-09-15,150922,FINAL,Uxbridge,4398,19.0,1.0,Sutton,4512,36.0,0.0,CMAC,CMAC,,,0,2026,1533.1121441243988,1502.7555,1479.90412742736,1555.9635166970388,0.6136236806641513,0.3863763193358487,8.035664412439882,-17.0
2026-09-15,150893,FINAL,Seekonk,4344,17.0,1.0,Dighton-Rehoboth,4114,42.0,0.0,South Coast,South Coast,,,0,2026,1471.0839277141745,1561.6385980115517,1427.8912672428512,1604.831258482875,0.44190076390996685,0.5580992360900332,-4.055467029737724,-25.0
2026-09-15,147935,FINAL,Nauset,4271,24.0,1.0,Falmouth,4134,33.0,0.0,Cape & Islands,Cape & Islands,4:00 P.M.,,0,2026,1428.0406734575306,1374.743344482712,1383.5252927424308,1419.2587251978118,0.6444261401463416,0.3555738598536584,10.329732897481858,-9.0
2026-09-15,148028,FINAL,Falmouth Academy,4135,20.0,1.0,Sturgis East,4456,39.0,0.0,Cape & Islands,Cape & Islands,4:00 P.M.,,0,2026,1558.7959481659059,1597.5869617970236,1512.4107395891115,1643.972170373818,0.5161254337965832,0.48387456620341684,1.1208986368882279,-19.0
2026-09-15,148494,FINAL,St. John’s (Shrewsbury),4368,38.0,0.0,BC High,4029,21.0,1.0,Catholic Conference,Catholic Conference,4:00 P.M.,,0,2026,1590.1384489963402,1373.0515238735939,1605.4778686748023,1357.7121041951318,0.8230975002142139,0.1769024997857861,26.708692512274638,17.0
2026-09-15,148513,FINAL,St. John’s Prep,4369,28.0,1.0,Xaverian,4446,29.0,0.0,Catholic Conference,Catholic Conference,4:00 P.M.,,0,2026,1461.1607464419615,1507.936520947146,1450.6670547196318,1518.4302126694756,0.5046399002807552,0.4953600997192448,0.3224225494815528,-1.0
2026-09-15,148578,FINAL,Arlington Catholic,4014,41.0,0.0,Bishop Fenwick,4043,19.0,1.0,Catholic Central,Catholic Central,4:00 P.M.,,0,2026,1591.0688885225193,1461.4583931099287,1615.744408304861,1436.782873327587,0.7376753808380665,0.2623246191619335,17.961049541259058,22.0
2026-09-15,149962,FINAL,Norwell,4296,15.0,1.0,Rockland,4331,50.0,0.0,South Shore,South Shore,4:00 P.M.,,0,2026,1442.6632110190671,1598.6215182242056,1404.8135392643928,1636.47118997888,0.3520717336293386,0.6479282663706614,-10.595830720513845,-35.0
2026-09-15,150591,FINAL,Belmont,4034,18.0,1.0,Watertown,4409,45.0,0.0,Middlesex,Middlesex,4:00 P.M.,,0,2026,1554.4700705870296,1635.8903398788354,1508.9949292974336,1681.3654811684314,0.4549054652431374,0.5450945347568625,-3.142026929180588,-27.0
2026-09-15,150597,FINAL,Reading,4328,15.0,1.0,Burlington,4065,50.0,0.0,Middlesex,Middlesex,4:00 P.M.,,0,2026,1417.4332016782475,1523.926535387599,1372.3444458953059,1569.0152911705406,0.4194085623405637,0.5805914376594363,-5.649333370935142,-35.0
2026-09-15,150601,FINAL,Winchester,4434,15.0,1.0,Wakefield,4402,48.0,0.0,Middlesex,Middlesex,4:00 P.M.,,0,2026,1536.989867474369,1506.9317287410208,1472.1172252714618,1571.804370943928,0.6132162017095377,0.3867837982904623,8.00581387333482,-33.0
2026-09-15,150616,FINAL,Franklin,4144,27.0,1.0,Stoughton,4381,31.0,0.0,Hockomock,Hockomock,3:45 P.M.,,0,2026,1484.347261657591,1545.1271858492769,1460.9544959506056,1568.5199515562622,0.484491418323934,0.5155085816760661,-1.077992419168595,-4.0
2026-09-15,150610,FINAL,Attleboro,4018,40.0,0.0,Sharon,4345,20.0,1.0,Hockomock,Hockomock,3:45 P.M.,,0,2026,1389.0109277181662,1477.3398252114814,1439.6964748971373,1426.6542780325103,0.4450629700195635,0.5549370299804365,-3.8328897493315255,20.0
2026-09-15,150659,FINAL,Silver Lake,4349,16.0,1.0,Hingham,4171,45.0,0.0,Patriot,Patriot,4:00 P.M.,,0,2026,1509.8094402161903,1444.9346880730745,1442.5120441993406,1512.2320840899242,0.6595461192548385,0.3404538807451615,11.487475214311576,-29.0
2026-09-15,150880,FINAL,Nashoba,4267,15.0,1.0,Marlborough,4233,50.0,0.0,Mid-Wach,Mid-Wach,,,0,2026,1425.3084192699291,1504.3201279274128,1376.0337189936874,1553.5948282036545,0.45834556407163546,0.5416544359283646,-2.901170865748372,-35.0
2026-09-15,150906,FINAL,Southbridge,4357,50.0,0.0,Bay Path,4027,15.0,1.0,CMAC,CMAC,,,0,2026,1481.7950349424314,1535.3166627449607,1536.0926417842388,1481.0190559031532,0.49493214375475936,0.5050678562452406,-0.3521627802529338,35.0
2026-09-15,150910,FINAL,Somerset Berkley,4350,15.0,1.0,Fairhaven,4133,50.0,0.0,South Coast,South Coast,,,0,2026,1434.5924124924873,1562.2695338116848,1392.660975749111,1604.200970555061,0.3900396738839961,0.6099603261160039,-7.767712131919756,-35.0
2026-09-15,150914,FINAL,Keefe Tech,4191,27.0,1.0,Doherty,4116,28.0,0.0,CMAC,CMAC,,,0,2026,1483.1289143343863,1497.4211129091589,1471.6668768829013,1508.8831503606439,0.5512074863247046,0.4487925136752954,3.5707801425227443,-1.0
2026-09-15,150920,FINAL,Uxbridge,4398,33.0,0.0,Douglas,4506,22.0,1.0,CMAC,CMAC,,,0,2026,1502.7555,1487.525219888546,1533.1121441243988,1457.1685757641471,0.5927862571552583,0.40721374284474166,6.523028011145402,11.0
2026-09-15,151108,FINAL,Catholic Memorial,4080,16.0,1.0,Malden Catholic,4228,44.0,0.0,Catholic Conference,Catholic Conference,,,0,2026,1463.6831086433222,1620.5626510976363,1428.2393265553847,1656.0064331855738,0.3508629661849454,0.6491370338150546,-10.68795424543141,-28.0
2026-09-15,150649,FINAL,Quincy/North Quincy,4326,41.0,0.0,Pembroke,4308,19.0,1.0,Patriot,Patriot,4:00 P.M.,,0,2026,1528.9996402793117,1424.0697314097447,1556.3469719721713,1396.722399716885,0.7092714384659811,0.29072856153401894,15.492990886956704,22.0
2026-09-16,147925,FINAL,Dartmouth,4105,24.0,1.0,New Bedford,4273,35.0,0.0,Pioneer,Big Three,4:00 P.M.,,0,2026,1438.6695420358458,1507.975556510338,1403.4650018673722,1543.1800966788117,0.47224497241478597,0.5277550275852141,-1.930601447449226,-11.0
2026-09-16,144062,FINAL,Needham,4272,22.0,1.0,Braintree,4051,33.0,0.0,Bay State,Bay State,4:00 P.M.,,0,2026,1583.7376590699246,1626.4130413242592,1545.678375755536,1664.4723246386477,0.5105394109088631,0.4894605890911369,0.7324617745665364,-11.0
2026-09-16,143989,FINAL,Newton North,4279,22.0,1.0,Wellesley,4413,35.0,0.0,Bay State,Bay State,4:30 P.M.,,0,2026,1339.0891462389372,1493.3515252691866,1311.0384521370556,1521.4022193710682,0.3543019419232166,0.6456980580767834,-10.426237903024935,-13.0
2026-09-16,144066,FINAL,Weymouth,4425,23.0,1.0,Braintree,4051,32.0,0.0,Bay State,Bay State,4:00 P.M.,,0,2026,1455.6323026333002,1664.4723246386477,1435.8685822826465,1684.2360449893015,0.28610915633893047,0.7138908436610696,-15.884002200534747,-9.0
2026-09-16,144067,FINAL,Needham,4272,28.0,0.0,Weymouth,4425,27.0,1.0,Bay State,Bay State,4:00 P.M.,,0,2026,1545.678375755536,1435.8685822826465,1551.6041665364066,1429.942791501776,0.7150297009030793,0.28497029909692073,15.980979347288962,1.0
2026-09-16,147991,FINAL,Martha’s Vineyard,4235,15.0,1.0,Barnstable,4024,50.0,0.0,Cape & Islands,Pioneer,3:30 P.M.,,0,2026,1542.4097587723754,1555.0537973775804,1482.899692074232,1614.5638640757238,0.5535533435167891,0.4464466564832109,3.735596139479503,-35.0
2026-09-16,148333,FINAL,Hamilton-Wenham,4163,16.0,1.0,Georgetown,4148,47.0,0.0,Cape Ann,Cape Ann,3:30 P.M.,,0,2026,1381.3602880332287,1642.6571397900193,1357.5939058567947,1666.4235219664533,0.22858427803875458,0.7714157219612454,-21.12968517567906,-31.0
2026-09-16,148358,FINAL,Newburyport,4276,18.0,1.0,Pentucket,4309,43.0,0.0,Cape Ann,Cape Ann,4:00 P.M.,,0,2026,1423.6316024720122,1510.2850343042114,1379.8969057654258,1554.0197310107978,0.4474462946509752,0.5525537053490248,-3.66534318321992,-25.0
2026-09-16,151012,FINAL,Shawsheen,4346,24.0,1.0,Mystic Valley,4264,35.0,0.0,Commonwealth,Commonwealth,4:00 P.M.,,0,2026,1450.9760022423843,1486.0748576338822,1412.1047567275837,1524.9461031486828,0.5214313318116921,0.4785686681883079,1.4901144608502137,-11.0
2026-09-16,151010,FINAL,Shawsheen,4346,19.0,1.0,Nashoba Valley Tech,4268,42.0,0.0,Commonwealth,Commonwealth,4:00 P.M.,,0,2026,1505.8795565345713,1502.7555,1450.9760022423843,1557.659054292187,0.5758613837594638,0.42413861624053617,5.312405653457131,-23.0
2026-09-16,150997,FINAL,Central Catholic,4081,22.0,1.0,Chelmsford,4085,35.0,0.0,Merrimack Valley,Merrimack Valley,,,0,2026,1483.2151422244642,1483.3283702675674,1437.98406230978,1528.5594501822516,0.5713034904181531,0.4286965095818469,4.988677195689684,-13.0
2026-09-16,150973,FINAL,Old Rochester,4301,20.0,1.0,Apponequet,4011,30.0,0.0,South Coast,South Coast,4:00 P.M.,,0,2026,1478.7821413933573,1514.7598002835832,1441.3628306676665,1552.179111009274,0.5201688212460591,0.4798311787539409,1.4022341109774061,-10.0
2026-09-16,150968,FINAL,Hopkinton,4180,16.0,1.0,Westwood,4424,45.0,0.0,Tri-Valley,Tri-Valley,4:00 P.M.,,0,2026,1376.8511766007146,1494.5363402470932,1335.6483504625394,1535.7391663852684,0.40380706669484295,0.596192933305157,-6.7685163646378665,-29.0
2026-09-16,150955,FINAL,Bellingham,4033,24.0,1.0,Dedham,4108,33.0,0.0,Tri-Valley,Tri-Valley,4:05 P.M.,,0,2026,1502.9456729872918,1526.8823161762589,1465.8207722069394,1564.0072169566113,0.5374379850037605,0.4625620149962395,2.6063356811032916,-9.0
2026-09-16,150645,FINAL,Scituate,4343,20.0,1.0,Hanover,4164,35.0,0.0,Patriot,Patriot,4:00 P.M.,,0,2026,1565.2537679833968,1576.0587643549204,1518.9930084334994,1622.3195239048177,0.5561680699199463,0.4438319300800537,3.9195003628476344,-15.0
2026-09-16,150638,FINAL,Haverhill,4167,43.0,0.0,Billerica,4040,18.0,1.0,Merrimack Valley,Merrimack Valley,3:30 P.M.,,0,2026,1572.984386332492,1434.4933113991203,1597.6696558010337,1409.8080419305786,0.7474469199989571,0.25255308000104293,18.84910749333717,25.0
2026-09-16,150631,FINAL,Methuen,4246,42.0,0.0,North Andover,4283,19.0,1.0,Merrimack Valley,Merrimack Valley,3:30 P.M.,,0,2026,1580.926813468161,1380.7758310968038,1599.1892806344554,1362.5133639305095,0.8084522987842228,0.19154770121577724,25.015098237135724,23.0
2026-09-16,150628,FINAL,King Philip,4197,38.0,0.0,Oliver Ames,4302,17.0,1.0,Hockomock,Hockomock,3:45 P.M.,,0,2026,1516.2352532809896,1393.2604111306514,1541.2525851645273,1368.2430792471137,0.730216884637551,0.26978311536244903,17.29748421503382,21.0
2026-09-16,150621,FINAL,Canton,4071,37.0,0.0,Mansfield,4230,20.0,1.0,Hockomock,Hockomock,3:45 P.M.,,0,2026,1506.0357050465718,1492.6343411673336,1541.5662577585938,1457.1037884553116,0.5902424129934557,0.4097575870065443,6.340136387923826,17.0
2026-09-16,139130,FINAL,Tewksbury,4389,49.0,0.0,Lowell,4216,16.0,1.0,Merrimack Valley,Merrimack Valley,4:00 P.M.,,0,2026,1579.4662558572484,1360.8344381477812,1598.0443195273224,1342.2563744777071,0.8243886906402252,0.17561130935977476,26.86318177094672,33.0
2026-09-16,150023,FINAL,Ashland,4015,18.0,1.0,Holliston,4174,37.0,0.0,Tri-Valley,Tri-Valley,4:15 P.M.,,0,2026,1531.5440123030362,1471.3854274526675,1472.8195176646736,1530.10992209103,0.6534239297324859,0.34657607026751414,11.015858485036869,-19.0
2026-09-16,149862,FINAL,Swampscott,4383,29.0,0.0,Peabody,4306,28.0,1.0,Northeastern,Northeastern,4:00 P.M.,,0,2026,1438.8109269321458,1456.2782286312452,1448.2374105090337,1446.8517450543573,0.5466819630200825,0.45331803697991746,3.253269830090062,1.0
2026-09-16,149832,FINAL,Masconomet,4236,19.0,1.0,Marblehead,4231,42.0,0.0,Northeastern,Northeastern,4:00 P.M.,,0,2026,1494.6051521768645,1540.3986761564172,1446.3572123858833,1588.6466159473985,0.5060533098406625,0.49394669015933745,0.4206476020447326,-23.0
2026-09-16,149780,FINAL,Salem,4336,29.0,0.0,Danvers,4103,28.0,1.0,Northeastern,Northeastern,4:00 P.M.,,0,2026,1613.2963238071666,1565.4513265291191,1620.8404933954346,1557.907156940851,0.6372021315793432,0.36279786842065676,9.784499727804747,1.0
2026-09-16,149005,FINAL,Somerville,4351,27.0,1.0,Chelsea,4086,30.0,0.0,Greater Boston,Greater Boston,4:00 P.M.,,0,2026,1330.0591657019818,1510.2444322199472,1316.7112052503899,1523.592392671539,0.32095060582489626,0.6790493941751037,-13.018526651796538,-3.0
2026-09-16,148960,FINAL,Bedford,4031,36.0,0.0,Weston,4423,19.0,1.0,Dual County,Dual County,4:00 P.M.,,0,2026,1498.8238099148125,1479.112673375272,1533.5952031735521,1444.3412801165323,0.5989974511785178,0.40100254882148223,6.971113653954058,17.0
2026-09-16,148923,FINAL,Cambridge,4067,15.0,1.0,Westford,4421,50.0,0.0,Dual County,Dual County,4:00 P.M.,,0,2026,1501.011351501741,1568.4421540792512,1449.953077967293,1619.5004276136992,0.47493608388226205,0.525063916117738,-1.743080257751012,-35.0
2026-09-16,148910,FINAL,Acton-Boxborough,4003,39.0,0.0,Newton South,4280,21.0,1.0,Dual County,Dual County,4:00 P.M.,,0,2026,1587.8781974188305,1424.205197014666,1607.8575093453155,1404.225885088181,0.7738186904438057,0.2261813095561943,21.367300040416445,18.0
2026-09-16,148888,FINAL,Concord-Carlisle,4097,25.0,1.0,Lincoln-Sudbury,4211,36.0,0.0,Dual County,Dual County,4:30 P.M.,,0,2026,1384.6441619142754,1486.3773653893954,1352.8799493667989,1518.141577936872,0.4260953162993938,0.5739046837006062,-5.1733203475120035,-11.0
2026-09-16,148632,FINAL,Concord-Carlisle,4097,15.0,1.0,Bishop Feehan,4042,50.0,0.0,Dual County,Catholic Central,4:00 P.M.,,0,2026,1448.618734596116,1431.735216623526,1384.6441619142754,1495.7097893053665,0.595081480713505,0.404918519286495,6.688351797258997,-35.0
2026-09-16,148471,FINAL,Ipswich,4190,43.0,0.0,Manchester Essex/Rockport,4229,15.0,1.0,Cape Ann,Cape Ann,4:00 P.M.,,0,2026,1544.6009532078644,1467.4652274729551,1577.4107155607821,1434.6554651200374,0.6752115643187641,0.32478843568123594,12.713572573490932,28.0
2026-09-16,148399,FINAL,Essex Tech,4745,17.0,1.0,Lynnfield,4223,40.0,0.0,Cape Ann,Cape Ann,4:00 P.M.,,0,2026,1518.7568102554978,1492.141650104853,1460.7409624918741,1550.1574978684766,0.608504983035187,0.39149501696481304,7.66151601506449,-23.0
2026-09-16,150021,FINAL,Millis,4251,43.0,0.0,Medway,4243,19.0,1.0,Tri-Valley,Tri-Valley,4:45 P.M.,,0,2026,1633.3333327215566,1528.767360257371,1661.4496415556227,1500.6510514233048,0.7088392515087953,0.29116074849120466,15.456597246418573,24.0
2026-09-16,136647,FINAL,Andover,4009,23.0,1.0,Dracut,4119,38.0,0.0,Merrimack Valley,Merrimack Valley,4:00 P.M.,,0,2026,1489.4701137423658,1573.3975557855354,1451.9296152347322,1610.938054293169,0.4513290919121883,0.5486709080878117,-3.392744204316955,-15.0
2026-09-16,148563,FINAL,Archbishop Williams,4012,25.0,1.0,St. Mary’s,4374,30.0,0.0,Catholic Central,Catholic Central,4:00 P.M.,,0,2026,1421.1683533279736,1576.52757803244,1402.2012094444751,1595.4947219159385,0.352858818556898,0.6471411814431021,-10.535922470446645,-5.0
2026-09-16,136463,FINAL,Natick,4270,35.0,0.0,Brookline,4059,24.0,1.0,Bay State,Bay State,4:00 P.M.,,0,2026,1449.3216006690943,1295.9263862376022,1466.9672009248543,1278.2807859818422,0.7632962689998125,0.2367037310001875,20.339521443149216,11.0
2026-09-16,136640,FINAL,Milton,4252,40.0,0.0,Natick,4270,17.0,1.0,Bay State,Bay State,4:00 P.M.,,0,2026,1621.6136103608044,1466.9672009248543,1644.0574932241277,1444.523318061531,0.7645951048300719,0.23540489516992813,20.464640943595008,23.0
2026-09-16,150606,UPCOMING,Woburn,4438,,,Stoneham,4380,,,Middlesex,Middlesex,4:00 P.M.,,0,2026,1611.1853517166392,1534.919613651295,,,0.6741123318129526,0.3258876681870474,12.626573806534406,
2026-09-16,149890,UPCOMING,Saugus,4341,,,Beverly,4038,,,Northeastern,Northeastern,4:00 P.M.,,0,2026,1565.7685973990904,1516.7766913486134,,,0.6387269977329288,0.36127300226707115,9.899190605047693,
2026-09-16,149808,UPCOMING,Beverly,4038,,,Winthrop,4437,,,Northeastern,Northeastern,4:00 P.M.,,0,2026,1516.7766913486134,1538.1292909754598,,,0.5411337475776342,0.4588662524223658,2.864740037315369,
2026-09-16,149763,UPCOMING,Revere,4329,,,Medford,4242,,,Greater Boston,Greater Boston,4:00 P.M.,,0,2026,1527.936874984804,1460.0692709370317,,,0.6634039357286048,0.3365960642713952,11.786760404777237,
2026-09-16,149710,UPCOMING,Lynn Classical,4220,,,Malden,4227,,,Greater Boston,Greater Boston,4:00 P.M.,,0,2026,1628.8642909443254,1499.985334342985,,,0.7368596785934673,0.26314032140653265,17.887895660134042,
2026-09-16,149035,UPCOMING,Lynn English,4221,,,Everett,4132,,,Greater Boston,Greater Boston,4:00 P.M.,,0,2026,1496.9718944011618,1590.2139736645136,,,0.43808899274473806,0.561911007255262,-4.32420792633518,
2026-09-16,151035,FINAL,Lincoln-Sudbury,4211,16.0,1.0,Bishop Feehan,4042,39.0,0.0,Dual County,Catholic Central,4:00 P.M.,,0,2026,1518.141577936872,1495.7097893053665,1460.6740958313499,1553.1772714108886,0.6027533953510824,0.3972466046489176,7.243178863150547,-23.0
2026-09-16,148974,UPCOMING,Wayland,4411,,,Boston Latin,4049,,,Dual County,Dual County,4:00 P.M.,,0,2026,1487.1687503569212,1513.354342489454,,,0.5342181168354584,0.4657818831645416,2.381440786746725,
2026-09-16,148389,UPCOMING,Amesbury,4007,,,Triton,4395,,,Cape Ann,Cape Ann,4:00 P.M.,,0,2026,1415.4482142525994,1453.9870813891357,,,0.5164879157979474,0.4835120842020526,1.1461132863463717,
2026-09-16,139128,UPCOMING,Central Catholic,4081,,,Chelmsford,4085,,,Merrimack Valley,Merrimack Valley,3:45 P.M.,,0,2026,1442.9573527824125,1484.0566933617565,,,0.5128062771411885,0.48719372285881146,0.8900659420655984,
2026-09-16,151014,FINAL,Shawsheen,4346,28.0,0.0,Northeast,4293,27.0,1.0,Commonwealth,Commonwealth,4:00 P.M.,,0,2026,1412.1047567275837,1445.5855190204588,1422.00798901985,1435.6822867281926,0.5237551961058704,0.4762448038941296,1.651923770712483,1.0
2026-09-16,136443,FINAL,Brookline,4059,18.0,1.0,Milton,4252,45.0,0.0,Bay State,Bay State,4:00 P.M.,,0,2026,1316.505516169016,1601.0344804293907,1295.9263862376022,1621.6136103608044,0.20586101351796116,0.7941389864820388,-23.452896426037476,-27.0
2026-09-16,148983,UPCOMING,Bedford,4031,,,Waltham,4405,,,Dual County,Dual County,4:00 P.M.,,0,2026,1578.6902414655085,1526.473891357837,,,0.642999005489758,0.35700099451024203,10.221635010767159,
2026-09-18,148534,UPCOMING,Fairhaven,4133,,,Bishop Stang,4045,,,South Coast,Catholic Central,3:30 P.M.,,0,2026,1653.3508309072,1445.6827151349726,,,0.815064013160142,0.184935986839858,25.766811577222732,
2026-09-22,151578,FINAL,Northampton,4291,20.0,1.0,Springfield Central,4360,38.0,0.0,Valley League,Valley League,,,0,2026,1502.7555,1502.7555,1452.2763516584039,1553.234648341596,0.5714631174083814,0.4285368825916186,5.0,-18.0
2026-09-22,151565,FINAL,Hanover,4164,50.0,0.0,North Quincy/Quincy,4287,15.0,1.0,Patriot,Patriot,,,0,2026,1656.9134067137466,1511.7944908806478,1683.2973338021718,1485.4105637922225,0.7545808320299422,0.2454191679700578,19.511891583309875,35.0
2026-09-22,151554,FINAL,St. John’s Prep,4369,16.0,1.0,BC High,4029,44.0,0.0,Catholic Conference,Catholic Conference,,,0,2026,1450.6670547196318,1357.7121041951318,1380.4736116489237,1427.90554726584,0.6948547302717005,0.3051452697282995,14.295495052449997,-28.0
2026-09-22,151537,FINAL,Oakmont,4299,34.0,0.0,Groton-Dunstable,4160,21.0,1.0,Mid-Wach,Mid-Wach,,,0,2026,1484.84404034436,1502.7555,1520.784179966841,1466.815360377519,0.5460482647956149,0.45395173520438514,3.208854034436013,13.0
2026-09-22,151532,FINAL,Keefe Tech,4191,18.0,1.0,Assabet,4016,40.0,0.0,CMAC,CMAC,,,0,2026,1496.3595930427807,1625.110576237614,1459.8088224729115,1661.6613468074831,0.3885700100501075,0.6114299899498925,-7.875098319483323,-22.0
2026-09-22,151526,FINAL,Seekonk,4344,18.0,1.0,Old Rochester,4301,44.0,0.0,South Coast,South Coast,,,0,2026,1427.8912672428512,1441.3628306676665,1373.2750511546171,1495.9790467559005,0.5523758032604259,0.4476241967395741,3.652843657518474,-26.0
2026-09-22,151513,FINAL,Advanced Math and Science,4595,15.0,1.0,Assabet,4016,48.0,0.0,CMAC,CMAC,,,0,2026,1423.5088082160796,1589.206070372635,1387.6043023511006,1625.110576237614,0.33939152103463277,0.6606084789653672,-11.569726215655532,-33.0
2026-09-22,151508,FINAL,Keefe Tech,4191,32.0,0.0,Advanced Math and Science,4595,25.0,1.0,CMAC,CMAC,,,0,2026,1471.6668768829013,1448.201524375959,1496.3595930427807,1423.5088082160796,0.6041771205562595,0.3958228794437405,7.346535250694228,7.0
2026-09-22,151487,FINAL,St. Mary’s,4374,43.0,0.0,Cardinal Spellman,4075,20.0,1.0,Catholic Central,Catholic Central,4:00 P.M.,,0,2026,1618.8521845357316,1611.9238662577911,1658.7811533057418,1571.994897487781,0.5812010441870694,0.4187989558129306,5.692831827794043,23.0
2026-09-22,151309,FINAL,Reading,4328,17.0,1.0,Woburn,4438,45.0,0.0,Middlesex,Middlesex,4:00 P.M.,,0,2026,1372.3444458953059,1555.4811976397912,1340.295290927312,1587.530352607785,0.31725907658196073,0.6827409234180393,-13.31367517444853,-28.0
2026-09-22,151331,FINAL,Hanover,4164,44.0,0.0,Quincy/North Quincy,4326,15.0,1.0,Patriot,Patriot,4:00 P.M.,,0,2026,1622.3195239048177,1556.3469719721713,1656.9134067137466,1521.7530891632425,0.6609636849712144,0.3390363150287856,11.59725519326464,29.0
2026-09-22,151325,FINAL,Plymouth South,4316,29.0,0.0,Pembroke,4308,26.0,1.0,Patriot,Patriot,4:00 P.M.,,0,2026,1410.3566050919785,1396.722399716885,1427.3844638210926,1379.694540987771,0.590566544242486,0.409433455757514,6.363420537509342,3.0
2026-09-22,151305,FINAL,Winchester,4434,35.0,0.0,Belmont,4034,20.0,1.0,Middlesex,Middlesex,4:00 P.M.,,0,2026,1472.1172252714618,1508.9949292974336,1512.1360338657337,1468.9761207031618,0.5188755274896606,0.4811244725103394,1.3122295974028249,15.0
2026-09-22,151283,FINAL,Canton,4071,33.0,1.0,King Philip,4197,36.0,0.0,Hockomock,Hockomock,3:45 P.M.,,0,2026,1541.5662577585938,1541.2525851645273,1517.7813870634739,1565.0374558596473,0.5719052500005801,0.4280947499994199,5.031367259406648,-3.0
2026-09-22,151264,FINAL,Sharon,4345,22.0,1.0,Milford,4249,39.0,0.0,Hockomock,Hockomock,3:45 P.M.,,0,2026,1426.6542780325103,1577.3609508357338,1395.5251166799721,1608.490112188272,0.3589983568433927,0.6410016431566072,-10.070667280322345,-17.0
2026-09-22,149963,FINAL,Norwell,4296,25.0,1.0,Carver,4077,35.0,0.0,South Shore,South Shore,4:30 P.M.,,0,2026,1404.8135392643928,1465.8038439977697,1369.9825071907735,1500.634876071389,0.48418895338120377,0.5158110466187962,-1.0990304733376888,-10.0
2026-09-22,148650,FINAL,Cardinal Spellman,4075,41.0,0.0,Bishop Fenwick,4043,20.0,1.0,Catholic Central,Catholic Central,4:00 P.M.,,0,2026,1592.339452246709,1413.4254107077938,1611.9238662577911,1393.8409966967117,0.7888046475517845,0.21119535244821552,22.891404153891518,21.0
2026-09-22,148645,FINAL,St. Mary’s,4374,45.0,0.0,Bishop Fenwick,4043,17.0,1.0,Catholic Central,Catholic Central,4:00 P.M.,,0,2026,1595.4947219159385,1436.782873327587,1618.8521845357316,1413.4254107077938,0.7687812040768747,0.23121879592312533,20.871184858835157,28.0
2026-09-22,148565,FINAL,Arlington Catholic,4014,40.0,0.0,Archbishop Williams,4012,15.0,1.0,Catholic Central,Catholic Central,4:00 P.M.,,0,2026,1615.744408304861,1402.2012094444751,1633.3276132554045,1384.6180044939317,0.820107592011163,0.179892407988837,26.354319886038592,25.0
2026-09-22,151338,FINAL,Hingham,4171,25.0,1.0,Duxbury,4123,32.0,0.0,Patriot,Patriot,4:00 P.M.,,0,2026,1512.2320840899242,1432.153695185835,1469.8791441307453,1474.506635145014,0.6789152938463945,0.3210847061536055,13.007838890408925,-7.0
2026-09-22,150595,FINAL,Lexington,4209,33.0,0.0,Arlington,4013,23.0,1.0,Middlesex,Middlesex,4:15 P.M.,,0,2026,1399.5037486858544,1435.8980303572905,1434.0643590921995,1401.3374199509453,0.5195701997720075,0.48042980022799253,1.3605718328563854,10.0
2026-09-22,151281,FINAL,Oliver Ames,4302,23.0,1.0,North Attleborough,4284,33.0,0.0,Hockomock,Hockomock,3:45 P.M.,,0,2026,1368.2430792471137,1565.55173970656,1346.672277176415,1587.1225417772587,0.2998574390827498,0.7001425609172502,-14.73086604594464,-10.0
2026-09-22,151278,UPCOMING,Foxborough,4142,,,Mansfield,4230,,,Hockomock,Hockomock,3:45 P.M.,,0,2026,1513.9236170996064,1457.1037884553116,,,0.6490587401439984,0.35094125985600155,10.681982864429482,
2026-09-22,151375,UPCOMING,Medfield,4241,,,Westwood,4424,,,Tri-Valley,Tri-Valley,4:30 P.M.,,0,2026,1541.7651174248808,1485.1554177928438,,,0.6487831660376481,0.3512168339623519,10.660969963203707,
2026-09-22,151343,UPCOMING,Plymouth North,4315,,,Marshfield,4234,,,Patriot,Patriot,4:00 P.M.,,0,2026,1430.843714082394,1420.7549776896446,,,0.5856226411728699,0.4143773588271301,6.008873639274929,
2026-09-22,151337,UPCOMING,Whitman-Hanson,4427,,,Silver Lake,4349,,,Patriot,Patriot,4:00 P.M.,,0,2026,1632.3875974998255,1480.6617185293505,,,0.7615556872486307,0.23844431275136935,20.172587897047492,
2026-09-22,151322,UPCOMING,Burlington,4065,,,Wakefield,4402,,,Middlesex,Middlesex,4:00 P.M.,,0,2026,1569.0152911705406,1571.804370943928,,,0.5675268709505548,0.43247312904944524,4.7210920226612645,
2026-09-22,151316,UPCOMING,Wilmington,4432,,,Stoneham,4380,,,Middlesex,Middlesex,4:00 P.M.,,0,2026,1527.3788587189356,1534.919613651295,,,0.5608013833269467,0.43919861667305327,4.24592450676405,
2026-09-22,151314,UPCOMING,Melrose,4244,,,Watertown,4409,,,Middlesex,Middlesex,4:15 P.M.,,0,2026,1432.1358274430522,1681.3654811684314,,,0.2410634359748802,0.7589365640251198,-19.92296537253792,
2026-09-22,151275,UPCOMING,Stoughton,4381,,,Taunton,4388,,,Hockomock,Hockomock,3:45 P.M.,,0,2026,1568.5199515562622,1572.2387812960383,,,0.5662127862003531,0.4337872137996469,4.628117026022392,
2026-09-22,151269,UPCOMING,Attleboro,4018,,,Franklin,4144,,,Hockomock,Hockomock,3:45 P.M.,,0,2026,1439.6964748971373,1460.9544959506056,,,0.5412689328739975,0.45873106712600253,2.874197894653162,
2026-09-22,148503,FINAL,Xaverian,4446,26.0,1.0,Catholic Memorial,4080,31.0,0.0,Catholic Conference,Catholic Conference,4:00 P.M.,,0,2026,1518.4302126694756,1428.2393265553847,1481.2617414812605,1465.4077977435998,0.6914706247602244,0.30852937523977564,14.019088611409098,-5.0
2026-09-22,149941,UPCOMING,Middleborough,4247,,,Cohasset,4094,,,South Shore,South Shore,4:00 P.M.,,0,2026,1436.9873818014362,1564.2285520601533,,,0.39063687889107057,0.6093631211089294,-7.724117025871715,
2026-09-22,148507,UPCOMING,Malden Catholic,4228,,,St. John’s (Shrewsbury),4368,,,Catholic Conference,Catholic Conference,4:00 P.M.,,0,2026,1690.7639617228099,1593.3571319415373,,,0.7002611879496438,0.29973881205035624,14.740682978127257,
2026-09-22,148266,UPCOMING,Sturgis East,4456,,,Rising Tide Charter,4746,,,Cape & Islands,Cape & Islands,4:00 P.M.,,0,2026,1687.6818973869342,1555.2389073409618,,,0.7408183474421305,0.2591816525578695,18.244299004597245,
2026-09-22,148029,UPCOMING,Sturgis West,4735,,,Falmouth Academy,4135,,,Cape & Islands,Cape & Islands,4:00 P.M.,,0,2026,1531.6612649536073,1497.85811412475,,,0.6183167321022276,0.3816832678977724,8.380315082885726,
2026-09-22,148008,UPCOMING,Monomoy,4706,,,Cape Cod Academy,4072,,,Cape & Islands,Cape & Islands,4:00 P.M.,,0,2026,1418.4579463524065,1516.0572780530113,,,0.4319244383998121,0.5680755616001879,-4.759933170060481,
2026-09-22,147994,UPCOMING,Sandwich,4340,,,Martha’s Vineyard,4235,,,Cape & Islands,Cape & Islands,3:30 P.M.,,0,2026,1530.3237175168567,1482.899692074232,,,0.6366417357532421,0.3633582642467579,9.742402544262472,
2026-09-22,147955,UPCOMING,Falmouth,4134,,,Dennis-Yarmouth,4111,,,Cape & Islands,Cape & Islands,4:00 P.M.,,0,2026,1419.2587251978118,1539.3143618950096,,,0.40052630228058156,0.5994736977194184,-7.005563669719777,
2026-09-22,147936,POSTPONED,Nantucket,4265,,,Nauset,4271,,,Cape & Islands,Cape & Islands,4:30 P.M.,,0,2026,1342.190797479815,1372.9176075150729,,,0.5277079346300076,0.47229206536999235,1.9273189964742188,
2026-09-22,149915,UPCOMING,Rockland,4331,,,East Bridgewater,4126,,,South Shore,South Shore,4:00 P.M.,,0,2026,1636.47118997888,1501.9121302522035,,,0.7431503240301921,0.2568496759698079,18.455905972667644,
2026-09-23,151344,FINAL,Chelmsford,4085,42.0,0.0,Andover,4009,16.0,1.0,Merrimack Valley,Merrimack Valley,4:00 P.M.,,0,2026,1528.5594501822516,1451.9296152347322,1560.7361185020204,1419.7529469149633,0.6745726034798376,0.3254273965201624,12.662983494751938,26.0
2026-09-23,150024,FINAL,Hopkinton,4180,24.0,1.0,Ashland,4015,35.0,0.0,Tri-Valley,Tri-Valley,4:00 P.M.,,0,2026,1335.6483504625394,1472.8195176646736,1307.5352354558324,1500.9326326713806,0.377118325003012,0.622881674996988,-8.717116720213426,-11.0
2026-09-23,149811,FINAL,Marblehead,4231,19.0,1.0,Beverly,4038,42.0,0.0,Northeastern,Northeastern,4:00 P.M.,,0,2026,1588.6466159473985,1392.7821104594505,1511.9345525837725,1469.4941738230764,0.8046020977900086,0.19539790220999143,24.5864505487948,-23.0
2026-09-23,151346,FINAL,Billerica,4040,21.0,1.0,Methuen,4246,40.0,0.0,Merrimack Valley,Merrimack Valley,4:00 P.M.,,0,2026,1409.8080419305786,1599.1892806344554,1381.9904594623572,1627.0068631026768,0.3095245717137031,0.6904754282862968,-13.938123870387676,-19.0
2026-09-23,151384,FINAL,Dover-Sherborn,4118,18.0,1.0,Bellingham,4033,40.0,0.0,Tri-Valley,Tri-Valley,4:00 P.M.,,0,2026,1394.297553593829,1465.8207722069394,1350.175020633825,1509.9433051669434,0.46906516082695676,0.5309348391730433,-2.152321861311043,-22.0
2026-09-23,151352,FINAL,North Andover,4283,15.0,1.0,Tewksbury,4389,47.0,0.0,Merrimack Valley,Merrimack Valley,4:00 P.M.,,0,2026,1362.5133639305095,1598.0443195273224,1335.6829241895966,1624.8747592682353,0.25578322816171983,0.7442167718382802,-18.55309555968129,-32.0
2026-09-23,149783,FINAL,Danvers,4103,17.0,1.0,Swampscott,4383,45.0,0.0,Northeastern,Northeastern,4:30 P.M.,,0,2026,1557.907156940851,1448.2374105090337,1485.692258093797,1520.4523093560879,0.7148654043002434,0.28513459569975663,15.966974643181743,-28.0
2026-09-23,151355,FINAL,Lowell,4216,15.0,1.0,Haverhill,4167,46.0,0.0,Merrimack Valley,Merrimack Valley,4:00 P.M.,,0,2026,1342.2563744777071,1597.6696558010337,1317.8633538844258,1622.062676394315,0.23461126561486176,0.7653887343851382,-20.54132813233266,-31.0
2026-09-23,151368,FINAL,Holliston,4174,15.0,1.0,Norwood,4297,50.0,0.0,Tri-Valley,Tri-Valley,5:00 P.M.,,0,2026,1530.10992209103,1621.6739354084089,1482.7571269519028,1669.026730547536,0.4404683027341866,0.5595316972658134,-4.15640133173788,-35.0
2026-09-23,151349,FINAL,Lawrence,4203,43.0,0.0,Central Catholic,4081,20.0,1.0,Merrimack Valley,Merrimack Valley,4:00 P.M.,,0,2026,1591.4182816784603,1437.98406230978,1613.982130147086,1415.4202138411542,0.763336833660499,0.23666316633950102,20.343421936868026,23.0
2026-09-23,149038,FINAL,Medford,4242,19.0,1.0,Everett,4132,42.0,0.0,Greater Boston,Greater Boston,4:00 P.M.,,0,2026,1607.179003028882,1474.5927370063403,1536.5330901444709,1545.2386498907515,0.7409766758280141,0.2590233241719859,18.258626602254186,-23.0
2026-09-23,143975,UPCOMING,Braintree,4051,,,Wellesley,4413,,,Bay State,Bay State,4:00 P.M.,,0,2026,1747.5038916982376,1497.0497304252203,,,0.8493552584352841,0.15064474156471586,30.045416127301724,
2026-09-23,148392,FINAL,Manchester Essex/Rockport,4229,27.0,1.0,Triton,4395,28.0,0.0,Cape Ann,Cape Ann,3:30 P.M.,,0,2026,1434.6554651200374,1494.224630631531,1424.544547750346,1504.3355480012224,0.48623234493639705,0.513767655063603,-0.9569165511493566,-1.0
2026-09-23,148335,FINAL,Hamilton-Wenham,4163,16.0,1.0,Ipswich,4190,46.0,0.0,Cape Ann,Cape Ann,3:30 P.M.,,0,2026,1357.5939058567947,1577.4107155607821,1329.4304699164936,1605.5741515010832,0.2733793523702959,0.7266206476297041,-16.98168097039875,-30.0
2026-09-23,147909,FINAL,New Bedford,4273,23.0,1.0,Durfee,4122,34.0,0.0,Big Three,Big Three,4:00 P.M.,,0,2026,1543.1800966788117,1573.7524608063986,1503.8244300198014,1613.1081274654089,0.5279295121256427,0.47207048787435735,1.942763587241302,-11.0
2026-09-23,143997,FINAL,Milton,4252,25.0,1.0,Weymouth,4425,32.0,0.0,Bay State,Bay State,4:00 P.M.,,0,2026,1653.3997445206035,1451.8889475066974,1602.8904285494602,1502.3982634778406,0.8096615518918021,0.1903384481081979,25.151079701390607,-7.0
2026-09-23,143996,FINAL,Weymouth,4425,38.0,0.0,Newton North,4279,23.0,1.0,Bay State,Bay State,4:00 P.M.,,0,2026,1429.942791501776,1301.6962008405799,1451.8889475066974,1279.7500448356584,0.7361532463760347,0.26384675362396526,17.8246590661196,15.0
2026-09-23,143991,FINAL,Milton,4252,42.0,0.0,Newton North,4279,20.0,1.0,Bay State,Bay State,4:00 P.M.,,0,2026,1644.0574932241277,1311.0384521370556,1653.3997445206035,1301.6962008405799,0.900682841330993,0.09931715866900703,38.301904108707205,22.0
2026-09-23,143973,FINAL,Wellesley,4413,37.0,0.0,Natick,4270,23.0,1.0,Bay State,Bay State,4:00 P.M.,,0,2026,1521.4022193710682,1418.889049190175,1545.2551800104027,1395.0360885508405,0.7063944059625623,0.2936055940374377,15.25131701808932,14.0
2026-09-23,136643,FINAL,Natick,4270,17.0,1.0,Braintree,4051,46.0,0.0,Bay State,Bay State,4:00 P.M.,,0,2026,1444.523318061531,1684.2360449893015,1418.889049190175,1709.8703138606575,0.25122788628856885,0.7487721137114312,-18.971272692777053,-29.0
2026-09-23,149735,UPCOMING,Malden,4227,,,Lynn English,4221,,,Greater Boston,Greater Boston,4:00 P.M.,,0,2026,1499.985334342985,1496.9718944011618,,,0.5757058507015405,0.42429414929845954,5.301343994182321,
2026-09-23,149007,UPCOMING,Revere,4329,,,Chelsea,4086,,,Greater Boston,Greater Boston,4:00 P.M.,,0,2026,1527.936874984804,1478.617068897777,,,0.6391624435353933,0.3608375564646067,9.931980608702702,
2026-09-23,148402,FINAL,North Reading,4288,44.0,0.0,Essex Tech,4745,15.0,1.0,Cape Ann,Cape Ann,4:00 P.M.,,0,2026,1556.5804860864948,1460.7409624918741,1587.3581864517664,1429.9632621266026,0.6983640670075763,0.30163593299242375,14.583952359462069,29.0
2026-09-23,151386,FINAL,Norton,4295,32.0,0.0,Medway,4243,24.0,1.0,Tri-Valley,Tri-Valley,3:45 P.M.,,0,2026,1465.372610841303,1500.6510514233048,1496.9353008851658,1469.088361379442,0.5211733570701954,0.4788266429298046,1.4721559417998151,8.0
2026-09-23,151747,FINAL,Wheeler (R.I.),4426,15.0,1.0,Beaver Country Day,4030,46.0,0.0,EIL,EIL,,,0,2026,1483.4182844563302,1592.7472616485786,1440.2242211608868,1635.941324944022,0.4154390727478673,0.5845609272521327,-5.932897719224843,-31.0
2026-09-23,151750,FINAL,Portsmouth Abbey,4320,15.0,1.0,Beaver Country Day,4030,50.0,0.0,EIL,EIL,,,0,2026,1479.9537672963615,1635.941324944022,1442.1082247459228,1673.7868674944607,0.35203332441662116,0.6479666755833788,-10.598755764766043,-35.0
2026-09-23,151376,UPCOMING,Dedham,4108,,,Millis,4251,,,Tri-Valley,Tri-Valley,4:15 P.M.,,0,2026,1630.479999553654,1661.4496415556227,,,0.527359531074157,0.472640468925843,1.9030357998031149,
2026-09-23,149893,UPCOMING,Winthrop,4437,,,Salem,4336,,,Northeastern,Northeastern,4:00 P.M.,,0,2026,1538.1292909754598,1648.7980560196293,,,0.413567341187687,0.586432658812313,-6.066876504416951,
2026-09-23,149880,UPCOMING,Saugus,4341,,,Salem,4336,,,Northeastern,Northeastern,4:00 P.M.,,0,2026,1565.7685973990904,1648.7980560196293,,,0.4526094681014177,0.5473905318985823,-3.302945862053889,
2026-09-23,149851,UPCOMING,Peabody,4306,,,Masconomet,4236,,,Northeastern,Northeastern,4:00 P.M.,,0,2026,1446.8517450543573,1374.0592320938447,,,0.6697048677878,0.33029513221219997,12.279251296051257,
2026-09-23,148375,UPCOMING,Pentucket,4309,,,Lynnfield,4223,,,Cape Ann,Cape Ann,4:00 P.M.,,0,2026,1554.0197310107978,1595.7738643887815,,,0.511864528378094,0.48813547162190596,0.8245866622016365,
2026-09-23,148458,UPCOMING,Amesbury,4007,,,Georgetown,4148,,,Cape Ann,Cape Ann,4:00 P.M.,,0,2026,1415.4482142525994,1721.7738266070803,,,0.18610371244698853,0.8138962875530115,-25.632561235448087,
2026-09-23,151894,FINAL,Pingree,4312,30.0,0.0,Landmark,4200,25.0,1.0,EIL,MBIL,,,0,2026,1541.911037602171,1542.069999998778,1564.9581344812757,1519.0229031196734,0.5712390106871872,0.4287609893128128,4.984103760339304,5.0
2026-09-23,151893,FINAL,Bancroft,4023,22.0,1.0,Pingree,4312,37.0,0.0,EIL,EIL,,,0,2026,1432.4043791052245,1502.7555,1393.2488415030534,1541.911037602171,0.4707458326832796,0.5292541673167204,-2.035112089477548,-15.0
2026-09-23,151890,FINAL,Bancroft,4023,18.0,1.0,Landmark,4200,42.0,0.0,EIL,MBIL,,,0,2026,1487.719783063041,1486.7545960409616,1432.4043791052245,1542.069999998778,0.5728232149711395,0.4271767850288605,5.096518702207936,-24.0
2026-09-24,149713,FINAL,Lynn Classical,4220,50.0,0.0,Somerville,4351,15.0,1.0,Greater Boston,Greater Boston,4:00 P.M.,,0,2026,1564.4807801284137,1316.7112052503899,1580.8896509137178,1300.3023344650858,0.8473672474169253,0.15263275258307474,29.776957487802385,35.0
2026-09-26,152020,FINAL,Nobles,4282,19.0,1.0,Roxbury Latin,4334,43.0,0.0,ISL,ISL,,,0,2026,1377.7330302409625,1449.061143772391,1332.4101441376472,1494.3840298757063,0.46934487451760304,0.530655125482397,-2.132811353142847,-24.0
2026-09-26,152017,FINAL,Nobles,4282,15.0,1.0,St. Mark’s,4372,50.0,0.0,ISL,ISL,,,0,2026,1414.6204964868855,1577.4353825652815,1377.7330302409625,1614.3228488112045,0.34312144830666735,0.6568785516933326,-11.281488607839606,-35.0
2026-09-26,152015,FINAL,Nobles,4282,15.0,1.0,BB&N,4028,50.0,0.0,ISL,ISL,,,0,2026,1481.9977352183973,1441.9728837732048,1414.6204964868855,1509.3501225047166,0.6267325487289517,0.3732674512710483,9.002485144519255,-35.0
2026-09-26,152022,FINAL,BB&N,4028,40.0,0.0,Roxbury Latin,4334,21.0,1.0,ISL,ISL,,,0,2026,1509.3501225047166,1494.3840298757063,1545.980220015892,1457.753932364531,0.5924191019499971,0.40758089805000286,6.496609262901029,19.0
2026-09-26,152024,FINAL,St. Mark’s,4372,37.0,0.0,BB&N,4028,23.0,1.0,ISL,ISL,,,0,2026,1614.3228488112045,1545.980220015892,1641.6188358675138,1518.6842329595827,0.6640142657473693,0.3359857342526307,11.834262879531252,14.0
2026-09-26,152027,FINAL,St. Mark’s,4372,40.0,0.0,Roxbury Latin,4334,21.0,1.0,ISL,ISL,,,0,2026,1641.6188358675138,1457.753932364531,1660.1761975286274,1439.1965707034174,0.7935133498083704,0.2064866501916296,23.386490350298278,19.0
2026-09-29,148288,FINAL,Monomoy,4706,26.0,1.0,Sturgis West,4735,32.0,0.0,Cape & Islands,Cape & Islands,4:00 P.M.,,0,2026,1460.3706332991467,1542.6471866916056,1433.8858151783418,1569.1320048124105,0.4536834710082009,0.546316528991799,-3.2276553392458935,-6.0
2026-09-29,147956,FINAL,Dennis-Yarmouth,4111,44.0,0.0,Nantucket,4265,19.0,1.0,Cape & Islands,Cape & Islands,4:00 P.M.,,0,2026,1515.851680329775,1365.6534790450496,1539.3143618950096,1342.190797479815,0.7599551221454122,0.24004487785458783,20.019820128472542,25.0
2026-09-29,148009,FINAL,Cape Cod Academy,4072,23.0,1.0,Sturgis East,4456,31.0,0.0,Cape & Islands,Cape & Islands,4:00 P.M.,,0,2026,1544.3391362401921,1643.972170373818,1516.0572780530113,1672.254028560999,0.4290542787311571,0.5709457212688429,-4.963303413362587,-8.0
2026-09-29,147937,UPCOMING,Martha’s Vineyard,4235,,,Nauset,4271,,,Cape & Islands,Cape & Islands,3:00 P.M.,,0,2026,1482.899692074232,1372.9176075150729,,,0.7152317465703296,0.2847682534296704,15.998208455915915,
2026-09-29,147977,UPCOMING,Falmouth,4134,,,Sandwich,4340,,,Cape & Islands,Cape & Islands,3:30 P.M.,,0,2026,1419.2587251978118,1530.3237175168567,,,0.41301427303410054,0.5869857269658995,-6.106499231904491,
2026-09-29,149917,UPCOMING,East Bridgewater,4126,,,Middleborough,4247,,,South Shore,South Shore,4:00 P.M.,,0,2026,1501.9121302522035,1436.9873818014362,,,0.6596107407709743,0.34038925922902574,11.492474845076732,
2026-09-29,149972,UPCOMING,Rockland,4331,,,Mashpee,4237,,,South Shore,South Shore,4:30 P.M.,,0,2026,1636.47118997888,1490.7499636642856,,,0.7552223469468462,0.2447776530531538,19.572122631459433,
2026-09-29,149994,UPCOMING,Carver,4077,,,Cohasset,4094,,,South Shore,South Shore,4:30 P.M.,,0,2026,1500.634876071389,1564.2285520601533,,,0.48044710402198193,0.519552895978018,-1.3593675988764289,
2026-09-29,152073,UPCOMING,Burlington,4065,,,Wilmington,4432,,,Middlesex,Middlesex,4:00 P.M.,,0,2026,1569.0152911705406,1527.3788587189356,,,0.6289002368534752,0.3710997631465248,9.163643245160506,
2026-09-29,148032,FINAL,Rising Tide Charter,4746,29.0,0.0,Falmouth Academy,4135,27.0,1.0,Cape & Islands,Cape & Islands,4:00 P.M.,,0,2026,1503.2155420177971,1512.4107395891115,1517.7681674821586,1497.85811412475,0.5584543150643214,0.4415456849356786,4.080480242868566,2.0
2026-09-29,152226,FINAL,St. John’s Prep,4369,22.0,1.0,Malden Catholic,4228,37.0,0.0,Catholic Conference,Catholic Conference,,,0,2026,1380.4736116489237,1656.0064331855738,1362.635654628761,1673.8443902057365,0.21445610110482868,0.7855438988951713,-22.55328215366501,-15.0
2026-09-29,152118,FINAL,Duxbury,4123,45.0,0.0,Plymouth North,4315,17.0,1.0,Patriot,Patriot,4:00 P.M.,,0,2026,1474.506635145014,1520.634891337552,1524.4532301137594,1470.6882963688065,0.5055716565999273,0.4944283434000727,0.3871743807461826,28.0
2026-09-29,148497,FINAL,BC High,4029,31.0,0.0,Xaverian,4446,24.0,1.0,Catholic Conference,Catholic Conference,4:00 P.M.,,0,2026,1427.90554726584,1481.2617414812605,1459.3984690875402,1449.7688196595602,0.4951701984969918,0.5048298015030082,-0.3356194215420601,7.0
2026-09-29,152216,FINAL,North Attleborough,4284,23.0,1.0,Canton,4071,32.0,0.0,Hockomock,Hockomock,,,0,2026,1587.1225417772587,1517.7813870634739,1541.1655619895914,1563.738366851141,0.6652954242241039,0.3347045757758961,11.934115471378481,-9.0
2026-09-29,148504,FINAL,St. John’s (Shrewsbury),4368,26.0,1.0,Catholic Memorial,4080,29.0,0.0,Catholic Conference,Catholic Conference,4:00 P.M.,,0,2026,1605.4778686748023,1465.4077977435998,1574.3212271636644,1496.5644392547376,0.7491588699812287,0.2508411300187713,19.00700709312025,-3.0
2026-09-29,149964,FINAL,Abington,4002,30.0,0.0,Norwell,4296,25.0,1.0,South Shore,South Shore,4:00 P.M.,,0,2026,1521.3362289091856,1369.9825071907735,1534.1741971370013,1357.1445389629578,0.761166450290957,0.23883354970904302,20.135372171841208,5.0
2026-09-29,152056,FINAL,Belmont,4034,25.0,1.0,Reading,4328,30.0,0.0,Middlesex,Middlesex,4:00 P.M.,,0,2026,1468.9761207031618,1340.295290927312,1429.379751712031,1379.8916599184427,0.7366384768931432,0.2633615231068568,17.868082977584983,-5.0
2026-09-29,152064,FINAL,Woburn,4438,45.0,0.0,Lexington,4209,18.0,1.0,Middlesex,Middlesex,4:00 P.M.,,0,2026,1587.530352607785,1434.0643590921995,1611.1853517166392,1410.4093599833454,0.7633698748419027,0.23663012515809734,20.346599351558552,27.0
2026-09-29,152188,FINAL,Apponequet,4011,17.0,1.0,Fairhaven,4133,43.0,0.0,South Coast,South Coast,,,0,2026,1552.179111009274,1604.200970555061,1503.0292506571352,1653.3508309072,0.4970903430638658,0.5029096569361342,-0.20218595457870378,-26.0
2026-09-29,152180,FINAL,Tantasqua,4387,33.0,0.0,Uxbridge,4398,22.0,1.0,CMAC,CMAC,,,0,2026,1484.9776298717418,1479.90412742736,1516.391825678423,1448.4899316206788,0.5785999203181179,0.4214000796818821,5.5073502444381806,11.0
2026-09-29,152068,FINAL,Stoneham,4380,50.0,0.0,Melrose,4244,15.0,1.0,Middlesex,Middlesex,4:00 P.M.,,0,2026,1491.1414463208998,1475.9139947734475,1534.919613651295,1432.1358274430522,0.5927823266994615,0.4072176733005385,6.522745154745235,35.0
2026-09-29,152110,FINAL,Silver Lake,4349,35.0,0.0,Marshfield,4234,22.0,1.0,Patriot,Patriot,4:00 P.M.,,0,2026,1442.5120441993406,1479.901453114113,1480.6617185293505,1441.7517787841032,0.5181401340812392,0.48185986591876084,1.2610591085227498,13.0
2026-09-29,152104,FINAL,Scituate,4343,50.0,0.0,Plymouth South,4316,15.0,1.0,Patriot,Patriot,4:00 P.M.,,0,2026,1518.9930084334994,1427.3844638210926,1551.9747605644104,1394.4027116901816,0.6932088942243215,0.3067911057756785,14.160854461240683,35.0
2026-09-30,152276,FINAL,Dracut,4119,36.0,0.0,Central Catholic,4081,25.0,1.0,Merrimack Valley,Merrimack Valley,4:00 P.M.,,0,2026,1632.046990157821,1431.7157492639647,1646.3143598628196,1417.448379558966,0.8086129351349287,0.1913870648650713,25.033124089385637,11.0
2026-09-30,152401,FINAL,Shawsheen,4346,24.0,1.0,Lowell Catholic,4217,37.0,0.0,Commonwealth,Commonwealth,,,0,2026,1422.00798901985,1502.7555,1385.9162990184882,1538.8471900013617,0.455865933596114,0.5441340664038861,-3.074751098015008,-13.0
2026-09-30,152386,FINAL,Bellingham,4033,20.0,1.0,Norton,4295,37.0,0.0,Tri-Valley,Tri-Valley,4:00 P.M.,,0,2026,1509.9433051669434,1496.9353008851658,1458.8102021653874,1548.0684038867219,0.5896946515832129,0.4103053484167871,6.300800428177763,-17.0
2026-09-30,152360,FINAL,Medfield,4241,36.0,0.0,Holliston,4174,22.0,1.0,Tri-Valley,Tri-Valley,4:00 P.M.,,0,2026,1480.2963250532666,1482.7571269519028,1515.3934173326193,1447.6600346725502,0.5679906245821245,0.43200937541787554,4.753919810136381,14.0
2026-09-30,152343,FINAL,Dedham,4108,34.0,0.0,Medway,4243,23.0,1.0,Tri-Valley,Tri-Valley,4:00 P.M.,,0,2026,1564.0072169566113,1469.088361379442,1586.576643657046,1446.5189346790073,0.6972464847273023,0.30275351527269767,14.491885557716932,11.0
2026-09-30,152277,FINAL,Dracut,4119,37.0,0.0,Lowell,4216,24.0,1.0,Merrimack Valley,Merrimack Valley,4:00 P.M.,,0,2026,1646.3143598628196,1262.381181133003,1652.3317361594934,1256.3638048363293,0.9239958876079559,0.07600411239204408,43.393317872981655,13.0
2026-09-30,152431,FINAL,Landmark,4200,35.0,0.0,Beaver Country Day,4030,24.0,1.0,MBIL,EIL,,,0,2026,1519.0229031196734,1673.7868674944607,1567.207106236197,1625.6026643779371,0.3536416734121001,0.6463583265878998,-10.47639643747873,11.0
2026-09-30,152339,FINAL,Hopkinton,4180,16.0,1.0,Norwood,4297,49.0,0.0,Tri-Valley,Tri-Valley,4:00 P.M.,,0,2026,1307.5352354558324,1669.026730547536,1292.43947868206,1684.1224873213084,0.14269439807600207,0.857305601923998,-31.149149509170364,-33.0
2026-09-30,148377,UPCOMING,Pentucket,4309,,,Essex Tech,4745,,,Cape Ann,Cape Ann,4:00 P.M.,,0,2026,1554.0197310107978,1440.5076415612418,,,0.7193523346256073,0.2806476653743927,16.3512089449556,
2026-09-30,147911,UPCOMING,Durfee,4122,,,Dartmouth,4105,,,Big Three,Pioneer,4:00 P.M.,,0,2026,1613.1081274654089,1403.4650018673722,,,0.8167715913047049,0.1832284086952951,25.96431255980367,
2026-09-30,147928,UPCOMING,New Bedford,4273,,,Bishop Stang,4045,,,Big Three,Catholic Central,4:00 P.M.,,0,2026,1503.8244300198014,1445.6827151349726,,,0.6507900460156743,0.34920995398432575,10.814171488482884,
2026-09-30,152275,FINAL,Lowell,4216,19.0,1.0,Central Catholic,4081,38.0,0.0,Merrimack Valley,Merrimack Valley,4:00 P.M.,,0,2026,1302.206905871874,1391.8900245250938,1262.381181133003,1431.7157492639647,0.44313845054900497,0.556861549450995,-3.9683118653219935,-19.0
2026-09-30,149747,UPCOMING,Malden,4227,,,Medford,4242,,,Greater Boston,Greater Boston,4:00 P.M.,,0,2026,1499.985334342985,1460.0692709370317,,,0.6265860365684827,0.37341396343151734,8.99160634059533,
2026-09-30,149785,UPCOMING,Danvers,4103,,,Winthrop,4437,,,Northeastern,Northeastern,4:30 P.M.,,0,2026,1540.642658053833,1538.1292909754598,,,0.5750025338420132,0.42499746615798684,5.251336707837322,
2026-09-30,149894,UPCOMING,Danvers,4103,,,Saugus,4341,,,Northeastern,Northeastern,4:30 P.M.,,0,2026,1540.642658053833,1565.7685973990904,,,0.5357356161427748,0.46426438385722524,2.4874060654742607,
2026-09-30,152076,UPCOMING,Watertown,4409,,,Wakefield,4402,,,Middlesex,Middlesex,4:00 P.M.,,0,2026,1681.3654811684314,1571.804370943928,,,0.7147379182013794,0.28526208179862056,15.95611102245034,
2026-09-30,152435,FINAL,Lexington Christian,4210,21.0,1.0,Landmark,4200,38.0,0.0,EIL,MBIL,,,0,2026,1495.6481898327202,1556.3776752247618,1453.6310923601593,1598.3947726973227,0.4845639360839432,0.5154360639160568,-1.0729485392041624,-17.0
2026-09-30,152272,FINAL,Dracut,4119,29.0,0.0,Methuen,4246,26.0,1.0,Merrimack Valley,Merrimack Valley,4:00 P.M.,,0,2026,1610.938054293169,1666.193500431289,1632.046990157821,1645.084564566637,0.4924373818270534,0.5075626181729467,-0.5255446138120078,3.0
2026-09-30,152432,FINAL,Dexter Southfield,4113,28.0,0.0,Landmark,4200,27.0,1.0,Independent,MBIL,,,0,2026,1502.7555,1567.207106236197,1513.5849310114352,1556.3776752247618,0.47921445280510566,0.5207855471948943,-1.4451606236196994,1.0
2026-09-30,152267,FINAL,Central Catholic,4081,23.0,1.0,Methuen,4246,38.0,0.0,Merrimack Valley,Merrimack Valley,4:00 P.M.,,0,2026,1415.4202138411542,1627.0068631026768,1391.8900245250938,1650.5370524187372,0.28289072864548925,0.7171092713545107,-16.158664926152255,-15.0
2026-09-30,149835,FINAL,Salem,4336,43.0,0.0,Marblehead,4231,18.0,1.0,Northeastern,Northeastern,4:00 P.M.,,0,2026,1620.8404933954346,1511.9345525837725,1648.7980560196293,1483.9769899595778,0.7139683421701971,0.2860316578298029,15.890594081166205,25.0
2026-09-30,149812,FINAL,Masconomet,4236,27.0,1.0,Swampscott,4383,32.0,0.0,Northeastern,Northeastern,4:00 P.M.,,0,2026,1446.3572123858833,1520.4523093560879,1421.3417496193817,1545.4677721225894,0.46537985326938486,0.5346201467306151,-2.409509697020462,-5.0
2026-09-30,149737,FINAL,Somerville,4351,15.0,1.0,Lynn English,4221,50.0,0.0,Greater Boston,Greater Boston,4:00 P.M.,,0,2026,1300.3023344650858,1459.591032556038,1262.921472619962,1496.9718944011618,0.3477109370901277,0.6522890629098723,-10.928869809095227,-35.0
2026-09-30,149716,FINAL,Revere,4329,18.0,1.0,Lynn Classical,4220,34.0,0.0,Greater Boston,Greater Boston,4:00 P.M.,,0,2026,1575.9115150154116,1580.8896509137178,1527.936874984804,1628.8642909443254,0.5644314329670146,0.4355685670329854,4.502186410169384,-16.0
2026-09-30,149009,FINAL,Chelsea,4086,22.0,1.0,Everett,4132,37.0,0.0,Greater Boston,Greater Boston,4:00 P.M.,,0,2026,1523.592392671539,1545.2386498907515,1478.617068897777,1590.2139736645136,0.5407139714231827,0.45928602857681733,2.835374278078757,-15.0
2026-09-30,148925,FINAL,Lincoln-Sudbury,4211,44.0,0.0,Cambridge,4067,14.0,1.0,Dual County,Dual County,4:30 P.M.,,0,2026,1460.6740958313499,1449.953077967293,1503.2721294025503,1407.3550443960926,0.5865056076741445,0.4134943923258555,6.072101786405687,30.0
2026-09-30,148913,FINAL,Westford,4421,31.0,0.0,Acton-Boxborough,4003,26.0,1.0,Dual County,Dual County,4:00 P.M.,,0,2026,1619.5004276136992,1607.8575093453155,1641.6577540051362,1585.7001829538785,0.5877920228324875,0.41220797716751245,6.164291826838371,5.0
2026-09-30,148889,FINAL,Newton South,4280,43.0,0.0,Concord-Carlisle,4097,20.0,1.0,Dual County,Dual County,4:30 P.M.,,0,2026,1404.225885088181,1352.8799493667989,1438.3726737525535,1318.7331607024264,0.6418480146738746,0.35815198532612535,10.134593572138215,23.0
2026-09-30,148464,FINAL,Georgetown,4148,44.0,0.0,ME/Rockport,4229,15.0,1.0,Cape Ann,Cape Ann,4:00 P.M.,,0,2026,1666.4235219664533,1502.7555,1689.502652102843,1479.6763698636103,0.7738136745525489,0.2261863254474511,21.366802196645335,29.0
2026-09-30,148361,FINAL,Newburyport,4276,15.0,1.0,North Reading,4288,50.0,0.0,Cape Ann,Cape Ann,4:00 P.M.,,0,2026,1379.8969057654258,1587.3581864517664,1348.9640087624352,1618.291083454757,0.2877329754564049,0.7122670245435951,-15.74612806863406,-35.0
2026-09-30,148337,FINAL,Amesbury,4007,25.0,1.0,Hamilton-Wenham,4163,34.0,0.0,Cape Ann,Cape Ann,4:00 P.M.,,0,2026,1488.3077413910794,1329.4304699164936,1435.1905274937799,1382.5476838137931,0.768950429655729,0.23104957034427098,20.887727147458577,-9.0
2026-09-30,144047,FINAL,Brookline,4059,15.0,1.0,Walpole,4404,48.0,0.0,Bay State,Bay State,4:00 P.M.,,0,2026,1266.47676716313,1535.2037540454774,1243.0832506586307,1558.5972705499767,0.2211299378041297,0.7788700621958703,-21.87269868823473,-33.0
2026-09-30,144003,FINAL,Braintree,4051,47.0,0.0,Newton North,4279,16.0,1.0,Bay State,Bay State,4:00 P.M.,,0,2026,1709.8703138606575,1279.7500448356584,1716.0371372559334,1273.5832214403824,0.9406876964639819,0.05931230353601813,48.012026902499905,31.0
2026-09-30,143976,FINAL,Needham,4272,43.0,0.0,Natick,4270,16.0,1.0,Bay State,Bay State,4:00 P.M.,,0,2026,1551.6041665364066,1395.0360885508405,1574.938229905835,1371.7020251814122,0.7665803194434235,0.23341968055657647,20.65680779855661,27.0
2026-09-30,136620,FINAL,Milton,4252,15.0,1.0,Framingham,4143,50.0,0.0,Bay State,Bay State,4:00 P.M.,,0,2026,1602.8904285494602,1627.2659741514142,1545.1803821654378,1684.9760205354366,0.5368098357614715,0.46319016423852855,2.5624454398046055,-35.0
2026-09-30,136454,FINAL,Wellesley,4413,38.0,0.0,Brookline,4059,22.0,1.0,Bay State,Bay State,4:00 P.M.,,0,2026,1545.2551800104027,1278.2807859818422,1557.0591988291148,1266.47676716313,0.8611233090573549,0.1388766909426451,31.697439402856048,16.0
2026-09-30,152060,FINAL,Winchester,4434,39.0,0.0,Arlington,4013,17.0,1.0,Middlesex,Middlesex,4:00 P.M.,,0,2026,1512.1360338657337,1401.3374199509453,1538.8327494378298,1374.6407043788493,0.716188116517967,0.283811883482033,16.079861391478836,22.0
2026-09-30,152100,FINAL,Scituate,4343,22.0,1.0,Quincy/North Quincy,4326,35.0,0.0,Patriot,Patriot,4:00 P.M.,,0,2026,1551.9747605644104,1521.7530891632425,1503.4077039488966,1570.3201457787563,0.6134394539355503,0.3865605460644497,8.022167140116789,-13.0
2026-09-30,152247,FINAL,Tewksbury,4389,21.0,1.0,Lawrence,4203,37.0,0.0,Merrimack Valley,Merrimack Valley,4:00 P.M.,,0,2026,1624.8747592682353,1613.982130147086,1575.003532493699,1663.8533569216224,0.5867451631573625,0.41325483684263753,6.089262912114918,-16.0
2026-09-30,152250,FINAL,Andover,4009,17.0,1.0,Lawrence,4203,46.0,0.0,Merrimack Valley,Merrimack Valley,4:00 P.M.,,0,2026,1419.7529469149633,1663.8533569216224,1394.6004242538531,1689.0058795827326,0.24650654694649818,0.7534934530535018,-19.41004100066591,-29.0
2026-09-30,152252,FINAL,Billerica,4040,15.0,1.0,Lawrence,4203,48.0,0.0,Merrimack Valley,Merrimack Valley,4:00 P.M.,,0,2026,1381.9904594623572,1689.0058795827326,1362.3659457260865,1708.6303933190034,0.18550300041907736,0.8144969995809226,-25.701542012037542,-33.0
2026-09-30,152255,FINAL,Andover,4009,17.0,1.0,Tewksbury,4389,44.0,0.0,Merrimack Valley,Merrimack Valley,4:00 P.M.,,0,2026,1394.6004242538531,1575.003532493699,1362.5435469659653,1607.0604097815867,0.3206773692911001,0.6793226307089,-13.040310823984578,-27.0
2026-09-30,152257,FINAL,Billerica,4040,15.0,1.0,Tewksbury,4389,46.0,0.0,Merrimack Valley,Merrimack Valley,4:00 P.M.,,0,2026,1362.3659457260865,1607.0604097815867,1336.8021306499572,1632.624224857716,0.24587192824356036,0.7541280717564396,-19.469446405550023,-31.0
2026-09-30,152259,FINAL,Billerica,4040,24.0,1.0,Andover,4009,31.0,0.0,Merrimack Valley,Merrimack Valley,4:00 P.M.,,0,2026,1336.8021306499572,1362.5435469659653,1303.4361839302146,1395.909493685708,0.5348542874126442,0.4651457125873558,2.42585836839919,-7.0
2026-09-30,152261,FINAL,North Andover,4283,15.0,1.0,Haverhill,4167,50.0,0.0,Merrimack Valley,Merrimack Valley,4:00 P.M.,,0,2026,1335.6829241895966,1622.062676394315,1313.7383788593804,1644.0072217245313,0.20412473239382029,0.7958752676061798,-23.637975220471844,-35.0
2026-09-30,152263,FINAL,Chelmsford,4085,15.0,1.0,Haverhill,4167,44.0,0.0,Merrimack Valley,Merrimack Valley,4:00 P.M.,,0,2026,1560.7361185020204,1644.0072217245313,1514.58885673447,1690.1544834920817,0.4522648603729706,0.5477351396270294,-3.3271103222510874,-29.0
2026-09-30,152266,FINAL,Chelmsford,4085,49.0,0.0,North Andover,4283,15.0,1.0,Merrimack Valley,Merrimack Valley,4:00 P.M.,,0,2026,1514.58885673447,1313.7383788593804,1534.952993548686,1293.3742420451645,0.8090750754260905,0.19092492457390953,25.085047787508962,34.0
2026-09-30,150028,FINAL,Ashland,4015,48.0,0.0,Westwood,4424,15.0,1.0,Tri-Valley,Tri-Valley,4:45 P.M.,,0,2026,1500.9326326713806,1535.7391663852684,1551.5163812638052,1485.1554177928438,0.5218512283952164,0.47814877160478364,1.5193466286112198,33.0
2026-09-30,152269,FINAL,Lowell,4216,18.0,1.0,Methuen,4246,41.0,0.0,Merrimack Valley,Merrimack Valley,4:00 P.M.,,0,2026,1317.8633538844258,1650.5370524187372,1302.206905871874,1666.193500431289,0.1642142104186008,0.8357857895813992,-28.267369853431138,-23.0
2026-10-01,152112,UPCOMING,Whitman-Hanson,4427,,,Hingham,4171,,,Patriot,Patriot,4:00 P.M.,,0,2026,1632.3875974998255,1509.7237264171579,,,0.729864090616609,0.27013590938339105,17.26638710826676,
2026-10-01,152311,UPCOMING,Taunton,4388,,,Sharon,4345,,,Hockomock,Hockomock,4:00 P.M.,,0,2026,1572.2387812960383,1395.5251166799721,,,0.7866868112928423,0.21331318870715765,22.671366461606613,
2026-10-03,152721,FINAL,Marianapolis,4567,62.0,0.0,Worcester Academy,4441,30.0,1.0,Independent,Independent,,,0,2026,1463.9834131469174,1502.7555,1514.7366913919893,1452.002221754928,0.516152643241291,0.48384735675870905,1.1227913146917445,32.0
2026-10-03,152728,FINAL,Beaver Country Day,4030,55.0,1.0,Wilbraham & Monson,4545,72.0,0.0,EIL,Independent,,,0,2026,1613.2759326158634,1569.1328302925144,1558.451803607685,1623.956959300693,0.6322615635676763,0.36773843643232373,9.414310232334902,-17.0
2026-10-03,152729,FINAL,Worcester Academy,4441,62.0,1.0,Wilbraham & Monson,4545,72.0,0.0,Independent,Independent,,,0,2026,1503.1010403700843,1623.956959300693,1474.367970371422,1652.6900292993553,0.3994206964834145,0.6005793035165855,-7.08559189306086,-10.0
2026-10-03,152725,FINAL,Beaver Country Day,4030,55.0,1.0,Worcester Academy,4441,62.0,0.0,EIL,Independent,,,0,2026,1664.3747512310197,1452.002221754928,1613.2759326158634,1503.1010403700843,0.8191112467930068,0.18088875320699316,26.237252947609157,-7.0
2026-10-03,152722,FINAL,Marianapolis,4567,30.0,1.0,Wilbraham & Monson,4545,72.0,0.0,Independent,Independent,,,0,2026,1514.7366913919893,1502.7555,1448.3593610994749,1569.1328302925144,0.5882637478354822,0.4117362521645178,6.198119139198934,-42.0
2026-10-03,152719,FINAL,Marianapolis,4567,30.0,1.0,Beaver Country Day,4030,55.0,0.0,Independent,EIL,,,0,2026,1502.7555,1625.6026643779371,1463.9834131469174,1664.3747512310197,0.39667421760546745,0.6033257823945326,-7.284716437793714,-25.0
2026-10-05,148567,FINAL,Archbishop Williams,4012,15.0,1.0,Cardinal Spellman,4075,50.0,0.0,Catholic Central,Catholic Central,4:00 P.M.,,0,2026,1384.6180044939317,1571.994897487781,1351.076712948192,1605.5361890335207,0.3119958539988489,0.6880041460011511,-13.73768929938492,-35.0
2026-10-06,152906,FINAL,Oakmont,4299,19.0,1.0,Nashoba,4267,42.0,0.0,Mid-Wach,Mid-Wach,,,0,2026,1520.784179966841,1449.863612389154,1457.161107359003,1513.4866849969922,0.6673169178810753,0.3326830821189247,12.092056757768706,-23.0
2026-10-06,147978,UPCOMING,Nantucket,4265,,,Falmouth,4134,,,Cape & Islands,Cape & Islands,4:00 P.M.,,0,2026,1342.190797479815,1419.2587251978118,,,0.46112474157078487,0.5388752584292151,-2.706792771799678,
2026-10-06,148011,UPCOMING,Falmouth Academy,4135,,,Cape Cod Academy,4072,,,Cape & Islands,Cape & Islands,4:00 P.M.,,0,2026,1497.85811412475,1516.0572780530113,,,0.5456377056381368,0.45436229436186315,3.1800836071738785,
2026-10-06,149920,UPCOMING,Norwell,4296,,,East Bridgewater,4126,,,South Shore,South Shore,4:00 P.M.,,0,2026,1357.1445389629578,1501.9121302522035,,,0.36690300778256185,0.6330969922174381,-9.476759128924574,
2026-10-06,149989,UPCOMING,Cohasset,4094,,,Abington,4002,,,South Shore,South Shore,4:00 P.M.,,0,2026,1564.2285520601533,1534.1741971370013,,,0.6132110355477093,0.3867889644522907,8.0054354923152,
2026-10-06,149996,POSTPONED,Carver,4077,,,Mashpee,4237,,,South Shore,South Shore,4:00 P.M.,,0,2026,1500.634876071389,1490.7499636642856,,,0.5853378880824331,0.41466211191756686,5.988491240710346,
2026-10-06,152804,UPCOMING,Woburn,4438,,,Winchester,4434,,,Middlesex,Middlesex,4:00 P.M.,,0,2026,1611.1853517166392,1538.8327494378298,,,0.6691444753332181,0.3308555246667819,12.23526022788094,
2026-10-06,152810,UPCOMING,Wilmington,4432,,,Melrose,4244,,,Middlesex,Middlesex,4:00 P.M.,,0,2026,1527.3788587189356,1432.1358274430522,,,0.6976402629803148,0.3023597370196852,14.524303127588336,
2026-10-06,152811,UPCOMING,Watertown,4409,,,Burlington,4065,,,Middlesex,Middlesex,4:00 P.M.,,0,2026,1681.3654811684314,1569.0152911705406,,,0.7180000648377968,0.28199993516220323,16.235018999789077,
2026-10-06,152815,UPCOMING,Watertown,4409,,,Wakefield,4402,,,Middlesex,Middlesex,4:00 P.M.,,0,2026,1681.3654811684314,1571.804370943928,,,0.7147379182013794,0.28526208179862056,15.95611102245034,
2026-10-06,149943,UPCOMING,Rockland,4331,,,Middleborough,4247,,,South Shore,South Shore,4:00 P.M.,,0,2026,1636.47118997888,1436.9873818014362,,,0.807856855322817,0.19214314467718296,24.948380817744372,
2026-10-06,147938,FINAL,Sandwich,4340,31.0,0.0,Nauset,4271,28.0,1.0,Cape & Islands,Cape & Islands,4:30 P.M.,,0,2026,1519.7160322894988,1383.5252927424308,1530.3237175168567,1372.9176075150729,0.7449390854529944,0.25506091454700563,18.6190739547068,3.0
2026-10-06,152913,FINAL,Hingham,4171,40.0,0.0,Plymouth North,4315,19.0,1.0,Patriot,Patriot,,,0,2026,1469.8791441307453,1470.6882963688065,1509.7237264171579,1430.843714082394,0.5703220635363901,0.42967793646360986,4.919084776193881,21.0
2026-10-06,148309,FINAL,Sturgis West,4735,26.0,1.0,Rising Tide Charter,4746,32.0,0.0,Cape & Islands,Cape & Islands,4:00 P.M.,,0,2026,1569.1320048124105,1517.7681674821586,1531.6612649536073,1555.2389073409618,0.6418717033602367,0.3581282966397633,10.136383733025195,-6.0
2026-10-06,152918,FINAL,Southeastern,4358,23.0,1.0,Bishop Feehan,4042,35.0,0.0,Mayflower,Catholic Central,,,0,2026,1412.211607817211,1553.1772714108886,1383.586667650093,1581.8022115780066,0.3720013689399213,0.6279986310600787,-9.096566359367761,-12.0
2026-10-06,152920,FINAL,South Shore Voc-Tech,4356,24.0,1.0,Bishop Feehan,4042,33.0,0.0,Mayflower,Catholic Central,,,0,2026,1509.3616469332073,1581.8022115780066,1477.0506033081974,1614.1132552030165,0.4677502650292351,0.5322497349707649,-2.2440564644799226,-9.0
2026-10-06,152932,FINAL,Whitman-Hanson,4427,40.0,0.0,Marshfield,4234,17.0,1.0,Patriot,Patriot,,,0,2026,1611.390796405367,1441.7517787841032,1632.3875974998255,1420.7549776896446,0.7797729657276895,0.2202270342723105,21.963901762126376,23.0
2026-10-06,152941,FINAL,Keefe Tech,4191,15.0,1.0,Worcester Tech/North,4445,50.0,0.0,CMAC,CMAC,,,0,2026,1459.8088224729115,1502.7555,1404.9649479628147,1557.5993745100968,0.5101491527554688,0.4898508472445312,0.7053322472911532,-35.0
2026-10-06,148269,FINAL,Sturgis East,4456,42.0,0.0,Monomoy,4706,18.0,1.0,Cape & Islands,Cape & Islands,4:00 P.M.,,0,2026,1672.254028560999,1433.8858151783418,1687.6818973869342,1418.4579463524065,0.8402354355440534,0.15976456445594656,28.836821338265715,24.0
2026-10-06,152958,FINAL,Pembroke,4308,15.0,1.0,Hanover,4164,50.0,0.0,Patriot,Patriot,,,0,2026,1379.694540987771,1683.2973338021718,1359.430870236041,1703.5610045539017,0.18848949965793527,0.8115105003420647,-25.36027928144008,-35.0
2026-10-06,152904,FINAL,Parker Charter,4483,17.0,1.0,Advanced Math and Science,4595,44.0,0.0,CMAC,CMAC,,,0,2026,1430.7190542732549,1376.0115513725057,1366.1125374244668,1440.6180682212937,0.6462840306020229,0.3537159693979771,10.470750290074921,-27.0
2026-10-06,152902,FINAL,Burncoat,4066,29.0,0.0,Advanced Math and Science,4595,26.0,1.0,CMAC,CMAC,,,0,2026,1502.7555,1387.6043023511006,1514.348250978595,1376.0115513725057,0.7212532608820088,0.2787467391179912,16.51511976488994,3.0
2026-10-06,152905,FINAL,Groton-Dunstable,4160,15.0,1.0,Nashoba,4267,49.0,0.0,Mid-Wach,Mid-Wach,,,0,2026,1466.815360377519,1376.0337189936874,1392.9854669820525,1449.863612389154,0.6921956455325463,0.3078043544674537,14.078164138383158,-34.0
2026-10-06,152795,FINAL,Arlington,4013,15.0,1.0,Belmont,4034,50.0,0.0,Middlesex,Middlesex,4:00 P.M.,,0,2026,1374.6407043788493,1429.379751712031,1321.6210668239594,1482.399389266921,0.493180385587994,0.5068196144120061,-0.47390473331818156,-35.0
2026-10-06,148579,FINAL,St. Mary’s,4374,15.0,1.0,Arlington Catholic,4014,50.0,0.0,Catholic Central,Catholic Central,4:00 P.M.,,0,2026,1590.7587085750472,1667.164389468618,1541.083377486299,1716.8397205573663,0.4620721693013647,0.5379278306986353,-2.640568089357089,-35.0
2026-10-06,148539,FINAL,Bishop Stang,4045,16.0,1.0,Arlington Catholic,4014,39.0,0.0,Catholic Central,Catholic Central,4:00 P.M.,,0,2026,1479.5194913481862,1633.3276132554045,1445.6827151349726,1667.164389468618,0.3549003889329877,0.6450996110670123,-10.380812190721826,-23.0
2026-10-06,148538,FINAL,Bishop Stang,4045,39.0,0.0,St. Mary’s,4374,20.0,1.0,Catholic Central,Catholic Central,4:00 P.M.,,0,2026,1411.4970466174916,1658.7811533057418,1479.5194913481862,1590.7587085750472,0.24311833725163468,0.7568816627483653,-19.728410668825017,19.0
2026-10-06,148514,FINAL,St. John’s (Shrewsbury),4368,49.0,0.0,St. John’s Prep,4369,17.0,1.0,Catholic Conference,Catholic Conference,4:00 P.M.,,0,2026,1574.3212271636644,1362.635654628761,1593.3571319415373,1343.599749850888,0.8185245854305264,0.18147541456947358,26.16855725349035,32.0
2026-10-06,148510,FINAL,Malden Catholic,4228,44.0,0.0,Xaverian,4446,18.0,1.0,Catholic Conference,Catholic Conference,4:00 P.M.,,0,2026,1673.8443902057365,1449.7688196595602,1690.7639617228099,1432.8492481424869,0.828879358971574,0.17112064102842595,27.407557054617634,26.0
2026-10-06,148500,FINAL,BC High,4029,15.0,1.0,Catholic Memorial,4080,49.0,0.0,Catholic Conference,Catholic Conference,4:00 P.M.,,0,2026,1459.3984690875402,1496.5644392547376,1404.0991622830195,1551.8637460592583,0.5184612575020717,0.4815387424979283,1.2834029832802571,-34.0
2026-10-06,152803,FINAL,Lexington,4209,15.0,1.0,Reading,4328,49.0,0.0,Middlesex,Middlesex,4:00 P.M.,,0,2026,1410.4093599833454,1379.8916599184427,1344.9365446457014,1445.3644752560867,0.6138434662870124,0.38615653371298764,8.051770006490278,-34.0
2026-10-06,152944,FINAL,Keefe Tech,4191,17.0,1.0,Assabet,4016,40.0,0.0,CMAC,CMAC,,,0,2026,1404.9649479628147,1661.6613468074831,1382.722937927437,1683.9033568428608,0.23328753195832977,0.7667124680416703,-20.669639884466847,-23.0
2026-10-07,147894,UPCOMING,Durfee,4122,,,Brockton,4058,,,Big Three,Big Three,4:00 P.M.,,0,2026,1613.1081274654089,1508.9914251904333,,,0.7083052059969256,0.2916947940030744,15.411670227497552,
2026-10-07,148977,UPCOMING,Waltham,4405,,,Boston Latin,4049,,,Dual County,Dual County,4:00 P.M.,,0,2026,1526.473891357837,1513.354342489454,,,0.5898500023982286,0.4101499976017714,6.3119548868382935,
2026-10-07,148985,UPCOMING,Waltham,4405,,,Weston,4423,,,Dual County,Dual County,4:00 P.M.,,0,2026,1526.473891357837,1408.0902743302793,,,0.7249787578773552,0.2750212421226448,16.838361702755765,
2026-10-07,149011,UPCOMING,Lynn Classical,4220,,,Chelsea,4086,,,Greater Boston,Greater Boston,4:00 P.M.,,0,2026,1628.8642909443254,1478.617068897777,,,0.7600065957146457,0.23999340428535432,20.024722204654836,
2026-10-07,149040,UPCOMING,Everett,4132,,,Malden,4227,,,Greater Boston,Greater Boston,4:00 P.M.,,0,2026,1590.2139736645136,1499.985334342985,,,0.6915169867144195,0.3084830132855805,14.022863932152859,
2026-10-07,149740,UPCOMING,Revere,4329,,,Lynn English,4221,,,Greater Boston,Greater Boston,4:00 P.M.,,0,2026,1527.936874984804,1496.9718944011618,,,0.614453605846586,0.38554639415341396,8.096498058364228,
2026-10-07,149865,UPCOMING,Peabody,4306,,,Salem,4336,,,Northeastern,Northeastern,4:00 P.M.,,0,2026,1446.8517450543573,1648.7980560196293,,,0.29428282170176334,0.7057171782982367,-15.1946310965272,
2026-10-07,153125,FINAL,Pingree,4312,36.0,0.0,Berwick,4037,23.0,1.0,EIL,EIL,,,0,2026,1542.771490933822,1459.8366522166903,1567.9093743329577,1434.6987688175545,0.6824891080482834,0.31751089195171656,13.29348387171317,13.0
2026-10-07,153136,FINAL,North Andover,4283,15.0,1.0,Lawrence,4203,49.0,0.0,Merrimack Valley,Merrimack Valley,,,0,2026,1246.95636134413,1715.8411624173127,1238.1765579513583,1724.6209658100845,0.08231546054868968,0.9176845394513103,-41.888480107318266,-34.0
2026-10-07,150027,FINAL,Ashland,4015,15.0,1.0,Norwood,4297,47.0,0.0,Tri-Valley,Tri-Valley,4:45 P.M.,,0,2026,1551.5163812638052,1684.1224873213084,1511.308906708043,1724.3299618770707,0.3833108118023409,0.616689188197659,-8.26061060575032,-32.0
2026-10-07,152985,FINAL,Norton,4295,25.0,1.0,Dedham,4108,41.0,0.0,Tri-Valley,Tri-Valley,4:00 P.M.,,0,2026,1548.0684038867219,1586.576643657046,1504.1650479901139,1630.479999553654,0.5165319440640612,0.4834680559359388,1.1491760229675947,-16.0
2026-10-07,152988,FINAL,Brookline,4059,21.0,1.0,Weymouth,4425,38.0,0.0,Bay State,Bay State,4:00 P.M.,,0,2026,1243.0832506586307,1502.3982634778406,1223.0874694240433,1522.394044712428,0.23060218441867958,0.7693978155813204,-20.931501281920987,-17.0
2026-10-07,153037,FINAL,Andover,4009,17.0,1.0,Haverhill,4167,44.0,0.0,Merrimack Valley,Merrimack Valley,4:00 P.M.,,0,2026,1395.909493685708,1690.1544834920817,1376.229385072127,1709.8345921056628,0.19686775480002316,0.8031322451999768,-24.424498980637374,-27.0
2026-10-07,153038,FINAL,Andover,4009,20.0,1.0,Methuen,4246,39.0,0.0,Merrimack Valley,Merrimack Valley,4:00 P.M.,,0,2026,1376.229385072127,1645.084564566637,1356.3674223326586,1664.9465273061053,0.22100286814465586,0.7789971318553441,-21.885517949451014,-19.0
2026-10-07,153039,FINAL,Methuen,4246,25.0,1.0,Haverhill,4167,30.0,0.0,Merrimack Valley,Merrimack Valley,4:00 P.M.,,0,2026,1664.9465273061053,1709.8345921056628,1637.6747225151703,1737.1063968965977,0.5073561353017331,0.49264386469826693,0.5111935200442531,-5.0
2026-10-07,153064,FINAL,North Andover,4283,24.0,1.0,Lowell,4216,35.0,0.0,Merrimack Valley,Merrimack Valley,4:00 P.M.,,0,2026,1293.3742420451645,1256.3638048363293,1246.95636134413,1302.7816855373637,0.6226643122253636,0.37733568777463644,8.701043720883513,-11.0
2026-10-07,153066,FINAL,Lawrence,4203,49.0,0.0,Lowell,4216,15.0,1.0,Merrimack Valley,Merrimack Valley,4:00 P.M.,,0,2026,1708.6303933190034,1302.7816855373637,1715.8411624173127,1295.5709164390544,0.9323950944361393,0.06760490556386067,45.58487077816396,34.0
2026-10-07,153069,FINAL,Hopkinton,4180,19.0,1.0,Medfield,4241,44.0,0.0,Tri-Valley,Tri-Valley,4:00 P.M.,,0,2026,1292.43947868206,1515.3934173326193,1266.0677785897985,1541.7651174248808,0.2698068210943414,0.7301931789056586,-17.295393865055917,-25.0
2026-10-07,153091,FINAL,Billerica,4040,24.0,1.0,Central Catholic,4081,31.0,0.0,Merrimack Valley,Merrimack Valley,4:00 P.M.,,0,2026,1303.4361839302146,1417.448379558966,1277.9272107067682,1442.9573527824125,0.40890743519595035,0.5910925648040497,-6.401219562875144,-7.0
2026-10-07,153099,FINAL,Dracut,4119,36.0,0.0,Chelmsford,4085,25.0,1.0,Merrimack Valley,Merrimack Valley,4:00 P.M.,,0,2026,1652.3317361594934,1534.952993548686,1672.9198899529335,1514.3648397552458,0.7238239137984421,0.27617608620155787,16.73787426108074,11.0
2026-10-07,153100,FINAL,Dracut,4119,28.0,0.0,Tewksbury,4389,27.0,1.0,Merrimack Valley,Merrimack Valley,4:00 P.M.,,0,2026,1672.9198899529335,1632.624224857716,1680.6741862971885,1624.869928513461,0.6270971706186701,0.3729028293813299,9.02956650952176,1.0
2026-10-07,153102,FINAL,Tewksbury,4389,49.0,0.0,Chelmsford,4085,15.0,1.0,Merrimack Valley,Merrimack Valley,4:00 P.M.,,0,2026,1624.869928513461,1514.3648397552458,1655.1780749069503,1484.0566933617565,0.7158445449005022,0.2841554550994978,16.050508875821514,34.0
2026-10-07,153104,FINAL,Cambridge,4067,15.0,1.0,Acton-Boxborough,4003,48.0,0.0,Dual County,Dual County,4:00 P.M.,,0,2026,1350.0035516562111,1607.9806125224188,1325.463095135159,1632.521069043471,0.23197152181637698,0.7680284781836231,-20.79770608662077,-33.0
2026-10-07,153122,FINAL,Beaver Country Day,4030,41.0,0.0,Berwick,4037,16.0,1.0,EIL,EIL,,,0,2026,1558.451803607685,1493.046617662007,1591.6617690530015,1459.8366522166903,0.6602314157181293,0.33976858428187073,11.54051859456779,25.0
2026-10-07,149896,FINAL,Swampscott,4383,18.0,1.0,Saugus,4341,45.0,0.0,Northeastern,Northeastern,4:30 P.M.,,0,2026,1545.4677721225894,1502.7555,1482.454674723499,1565.7685973990904,0.6303444382107389,0.36965556178926107,9.27122721225894,-27.0
2026-10-07,149814,FINAL,Masconomet,4236,19.0,1.0,Beverly,4038,41.0,0.0,Northeastern,Northeastern,4:05 P.M.,,0,2026,1421.3417496193817,1469.4941738230764,1374.0592320938447,1516.7766913486134,0.5026588502415252,0.49734114975847477,0.18475757963053638,-22.0
2026-10-07,153123,FINAL,Pingree,4312,27.0,1.0,Beaver Country Day,4030,30.0,0.0,EIL,EIL,,,0,2026,1564.9581344812757,1591.6617690530015,1542.771490933822,1613.8484126004553,0.5334760103313766,0.4665239896686234,2.3296365428274157,-3.0
2026-10-07,149766,FINAL,Medford,4242,21.0,1.0,Somerville,4351,39.0,0.0,Greater Boston,Greater Boston,4:00 P.M.,,0,2026,1536.5330901444709,1262.921472619962,1460.0692709370317,1339.3852918274013,0.8656297486942173,0.13437025130578273,32.36116175245088,-18.0
2026-10-07,136623,FINAL,Needham,4272,26.0,1.0,Framingham,4143,29.0,0.0,Bay State,Bay State,4:30 P.M.,,0,2026,1574.938229905835,1684.9760205354366,1557.7018002085754,1702.2124502326963,0.4144485274477973,0.5855514725522026,-6.003779062960166,-3.0
2026-10-07,136627,FINAL,Newton North,4279,15.0,1.0,Framingham,4143,50.0,0.0,Bay State,Bay State,4:30 P.M.,,0,2026,1273.5832214403824,1702.2124502326963,1262.6605887598107,1713.135082913268,0.10160062281571734,0.8983993771842826,-37.862922879231384,-35.0
2026-10-07,136645,FINAL,Walpole,4404,20.0,1.0,Braintree,4051,39.0,0.0,Bay State,Bay State,4:00 P.M.,,0,2026,1558.5972705499767,1716.0371372559334,1527.1305161076725,1747.5038916982376,0.3501286894035828,0.6498713105964171,-10.743986670595678,-19.0
2026-10-07,144009,FINAL,Newton North,4279,22.0,1.0,Needham,4272,33.0,0.0,Bay State,Bay State,4:30 P.M.,,0,2026,1262.6605887598107,1557.7018002085754,1248.0385974122507,1572.3237915561353,0.19614407310911047,0.8038559268908896,-24.504121144876468,-11.0
2026-10-07,144048,FINAL,Wellesley,4413,17.0,1.0,Milton,4252,46.0,0.0,Bay State,Bay State,4:00 P.M.,,0,2026,1557.0591988291148,1545.1803821654378,1497.0497304252203,1605.1898505693323,0.5881210023999266,0.4118789976000734,6.187881666367707,-29.0
2026-10-07,149786,FINAL,Marblehead,4231,19.0,1.0,Danvers,4103,43.0,0.0,Northeastern,Northeastern,4:00 P.M.,,0,2026,1483.9769899595778,1485.692258093797,1429.0265899995418,1540.642658053833,0.5690433860532242,0.43095661394677576,4.828473186578094,-24.0
2026-10-07,148362,FINAL,Essex Tech,4745,29.0,0.0,Newburyport,4276,27.0,1.0,Cape Ann,Cape Ann,4:00 P.M.,,0,2026,1429.9632621266026,1348.9640087624352,1440.5076415612418,1338.419629327796,0.6800697406051331,0.31993025939486686,13.099925336416732,2.0
2026-10-07,148459,FINAL,ME/Rockport,4229,31.0,0.0,Amesbury,4007,26.0,1.0,Cape Ann,Cape Ann,3:30 P.M.,,0,2026,1479.6763698636103,1435.1905274937799,1499.4186831047907,1415.4482142525994,0.6327201729131258,0.36727982708687423,9.448584236983038,5.0
2026-10-07,148338,FINAL,Triton,4395,23.0,1.0,Hamilton-Wenham,4163,32.0,0.0,Cape Ann,Cape Ann,3:30 P.M.,,0,2026,1504.3355480012224,1382.5476838137931,1453.9870813891357,1432.8961504258798,0.7288687073973116,0.2711312926026884,17.178786418742924,-9.0
2026-10-07,148474,FINAL,Lynnfield,4223,39.0,0.0,North Reading,4288,22.0,1.0,Cape Ann,Cape Ann,3:45 P.M.,,0,2026,1550.1574978684766,1618.291083454757,1595.7738643887815,1572.6747169344521,0.47392734290221655,0.5260726570977834,-1.8133585586280332,17.0
2026-10-07,148892,FINAL,Concord-Carlisle,4097,17.0,1.0,Acton-Boxborough,4003,44.0,0.0,Dual County,Dual County,4:15 P.M.,,0,2026,1318.7331607024264,1585.7001829538785,1296.4527311338861,1607.9806125224188,0.2228797732402562,0.7771202267597438,-21.696702225145213,-27.0
2026-10-07,148895,FINAL,Concord-Carlisle,4097,41.0,0.0,Cambridge,4067,16.0,1.0,Dual County,Dual County,4:15 P.M.,,0,2026,1296.4527311338861,1407.3550443960926,1353.8042238737676,1350.0035516562111,0.4132413197849476,0.5867586802150524,-6.090231326220646,25.0
2026-10-07,148943,FINAL,Lincoln-Sudbury,4211,50.0,0.0,Westford,4421,15.0,1.0,Dual County,Dual County,4:00 P.M.,,0,2026,1503.2721294025503,1641.6577540051362,1570.4117691784193,1574.5181142292672,0.3754775596377445,0.6245224403622556,-8.838562460258595,35.0
2026-10-07,148946,FINAL,Lincoln-Sudbury,4211,50.0,0.0,Newton South,4280,15.0,1.0,Dual County,Dual County,4:30 P.M.,,0,2026,1570.4117691784193,1438.3726737525535,1598.3232590616194,1410.4611838693534,0.7403716815551385,0.25962831844486145,18.203909542586576,35.0
2026-10-07,148962,FINAL,Wayland,4411,21.0,1.0,Bedford,4031,34.0,0.0,Dual County,Dual County,4:00 P.M.,,0,2026,1532.2637886488776,1533.5952031735521,1487.1687503569212,1578.6902414655085,0.569585179600611,0.43041482039938905,4.866858547532547,-13.0
2026-10-07,148986,FINAL,Weston,4423,24.0,1.0,Boston Latin,4049,33.0,0.0,Dual County,Dual County,4:00 P.M.,,0,2026,1444.3412801165323,1477.103336703201,1408.0902743302793,1513.354342489454,0.5247870592137501,0.47521294078624987,1.7237943413331323,-9.0
2026-10-07,148467,FINAL,Georgetown,4148,47.0,0.0,Ipswich,4190,18.0,1.0,Cape Ann,Cape Ann,4:00 P.M.,,0,2026,1689.502652102843,1605.5741515010832,1721.7738266070803,1573.302976996846,0.683727318323932,0.31627268167606803,13.392850060175988,29.0
2026-10-13,149974,UPCOMING,Rockland,4331,,,Abington,4002,,,South Shore,South Shore,4:00 P.M.,,0,2026,1636.47118997888,1534.1741971370013,,,0.7061362459675241,0.2938637540324759,15.22969928418786,
2026-10-13,149966,UPCOMING,Cohasset,4094,,,Norwell,4296,,,South Shore,South Shore,4:00 P.M.,,0,2026,1564.2285520601533,1357.1445389629578,,,0.814556651145981,0.18544334885401903,25.708401309719555,
2026-10-13,149945,UPCOMING,Middleborough,4247,,,Mashpee,4237,,,South Shore,South Shore,4:00 P.M.,,0,2026,1436.9873818014362,1490.7499636642856,,,0.49458542110411724,0.5054145788958828,-0.3762581862849402,
2026-10-13,149923,UPCOMING,Carver,4077,,,East Bridgewater,4126,,,South Shore,South Shore,4:00 P.M.,,0,2026,1500.634876071389,1501.9121302522035,,,0.5696616113117409,0.43033838868825913,4.872274581918555,
2026-10-13,148581,UPCOMING,Cardinal Spellman,4075,,,Arlington Catholic,4014,,,Catholic Central,Catholic Central,4:00 P.M.,,0,2026,1605.5361890335207,1716.8397205573663,,,0.4126814172354724,0.5873185827645275,-6.130353152384555,
2026-10-13,148541,UPCOMING,Archbishop Williams,4012,,,Bishop Stang,4045,,,Catholic Central,Catholic Central,4:00 P.M.,,0,2026,1351.076712948192,1445.6827151349726,,,0.4361571929136508,0.5638428070863493,-4.460600218678064,
2026-10-13,148569,UPCOMING,Bishop Fenwick,4043,,,Archbishop Williams,4012,,,Catholic Central,Catholic Central,4:00 P.M.,,0,2026,1393.8409966967117,1351.076712948192,,,0.6304141994756248,0.3695858005243752,9.27642837485198,
2026-10-13,148516,UPCOMING,Xaverian,4446,,,St. John’s (Shrewsbury),4368,,,Catholic Conference,Catholic Conference,4:00 P.M.,,0,2026,1432.8492481424869,1593.3571319415373,,,0.34612085954695804,0.653879140453042,-11.050788379905043,
2026-10-13,148033,UPCOMING,Monomoy,4706,,,Falmouth Academy,4135,,,Cape & Islands,Cape & Islands,4:00 P.M.,,0,2026,1418.4579463524065,1497.85811412475,,,0.4577904583309223,0.5422095416690778,-2.9400167772343595,
2026-10-13,148014,UPCOMING,Cape Cod Academy,4072,,,Rising Tide Charter,4746,,,Cape & Islands,Cape & Islands,4:00 P.M.,,0,2026,1516.0572780530113,1555.2389073409618,,,0.5155638572464816,0.48443614275351843,1.08183707120495,
2026-10-13,148002,UPCOMING,Nantucket,4265,,,Sandwich,4340,,,Cape & Islands,Cape & Islands,4:00 P.M.,,0,2026,1342.190797479815,1530.3237175168567,,,0.3110624341624207,0.6889375658375794,-13.813292003704168,
2026-10-13,147980,UPCOMING,Falmouth,4134,,,Martha’s Vineyard,4235,,,Cape & Islands,Cape & Islands,3:30 P.M.,,0,2026,1419.2587251978118,1482.899692074232,,,0.48037915140314735,0.5196208485968526,-1.364096687642018,
2026-10-13,147940,UPCOMING,Dennis-Yarmouth,4111,,,Nauset,4271,,,Cape & Islands,Cape & Islands,4:00 P.M.,,0,2026,1539.3143618950096,1372.9176075150729,,,0.7765511270773421,0.22344887292265792,21.639675437993674,
2026-10-13,148536,UPCOMING,Bishop Fenwick,4043,,,Bishop Stang,4045,,,Catholic Central,Catholic Central,4:00 P.M.,,0,2026,1393.8409966967117,1445.6827151349726,,,0.49734957893668663,0.5026504210633134,-0.18417184382608412,
2026-10-14,150029,UPCOMING,Medfield,4241,,,Ashland,4015,,,Tri-Valley,Tri-Valley,4:30 P.M.,,0,2026,1541.7651174248808,1511.308906708043,,,0.6137595600765389,0.38624043992346113,8.045621071683787,
2026-10-14,149853,UPCOMING,Masconomet,4236,,,Salem,4336,,,Northeastern,Northeastern,4:00 P.M.,,0,2026,1374.0592320938447,1648.7980560196293,,,0.21522709364339848,0.7847729063566016,-22.473882392578457,
2026-10-14,149836,UPCOMING,Saugus,4341,,,Marblehead,4231,,,Northeastern,Northeastern,4:00 P.M.,,0,2026,1565.7685973990904,1429.0265899995418,,,0.7455415690643042,0.25445843093569576,18.67420073995486,
2026-10-14,149815,UPCOMING,Beverly,4038,,,Swampscott,4383,,,Northeastern,Northeastern,4:00 P.M.,,0,2026,1516.7766913486134,1482.454674723499,,,0.6190213782616633,0.38097862173833674,8.432201662511442,
2026-10-14,149787,UPCOMING,Danvers,4103,,,Peabody,4306,,,Northeastern,Northeastern,4:00 P.M.,,0,2026,1540.642658053833,1446.8517450543573,,,0.6958741082945847,0.30412589170541526,14.379091299947572,
2026-10-14,149750,UPCOMING,Malden,4227,,,Revere,4329,,,Greater Boston,Greater Boston,4:00 P.M.,,0,2026,1499.985334342985,1527.936874984804,,,0.5316877569618972,0.4683122430381028,2.2048459358180934,
2026-10-14,149717,UPCOMING,Lynn Classical,4220,,,Lynn English,4221,,,Greater Boston,Greater Boston,4:00 P.M.,,0,2026,1628.8642909443254,1496.9718944011618,,,0.7402093240003584,0.25979067599964156,18.18923965431636,
2026-10-14,149042,UPCOMING,Somerville,4351,,,Everett,4132,,,Greater Boston,Greater Boston,4:00 P.M.,,0,2026,1339.3852918274013,1590.2139736645136,,,0.2393834267325863,0.7606165732674137,-20.08286818371123,
2026-10-14,148460,UPCOMING,Ipswich,4190,,,Amesbury,4007,,,Cape Ann,Cape Ann,4:00 P.M.,,0,2026,1573.302976996846,1415.4482142525994,,,0.7679030285437316,0.2320969714562684,20.78547627442465,
2026-10-14,148378,UPCOMING,North Reading,4288,,,Pentucket,4309,,,Cape Ann,Cape Ann,4:00 P.M.,,0,2026,1572.6747169344521,1554.0197310107978,,,0.5975362372874824,0.4024637627125176,6.865498592365429,
2026-10-14,148363,UPCOMING,Lynnfield,4223,,,Newburyport,4276,,,Cape Ann,Cape Ann,4:00 P.M.,,0,2026,1595.7738643887815,1338.419629327796,,,0.8543672630781002,0.14563273692189982,30.73542350609855,
2026-10-14,148342,UPCOMING,ME/Rockport,4229,,,Hamilton-Wenham,4163,,,Cape Ann,Cape Ann,3:30 P.M.,,0,2026,1499.4186831047907,1432.8961504258798,,,0.661672781530037,0.33832721846996305,11.652253267891092,
2026-10-14,147896,UPCOMING,Brockton,4058,,,New Bedford,4273,,,Big Three,Big Three,4:00 P.M.,,0,2026,1508.9914251904333,1503.8244300198014,,,0.5787311367194523,0.4212688632805477,5.516699517063193,
2026-10-14,144099,UPCOMING,Walpole,4404,,,Needham,4272,,,Bay State,Bay State,4:00 P.M.,,0,2026,1527.1305161076725,1572.3237915561353,,,0.5069169913800727,0.49308300861992727,0.48067245515371726,
2026-10-14,144098,UPCOMING,Walpole,4404,,,Milton,4252,,,Bay State,Bay State,4:00 P.M.,,0,2026,1527.1305161076725,1605.1898505693323,,,0.4597069358829759,0.540293064117024,-2.8059334461659775,
2026-10-14,144097,UPCOMING,Needham,4272,,,Milton,4252,,,Bay State,Bay State,4:00 P.M.,,0,2026,1572.3237915561353,1605.1898505693323,,,0.5246377533111803,0.47536224668881966,1.7133940986803053,
2026-10-14,149014,UPCOMING,Chelsea,4086,,,Medford,4242,,,Greater Boston,Greater Boston,4:00 P.M.,,0,2026,1478.617068897777,1460.0692709370317,,,0.5973878424236484,0.4026121575763516,6.854779796074536,
2026-10-15,148570,UPCOMING,Bishop Feehan,4042,,,Archbishop Williams,4012,,,Catholic Central,Catholic Central,4:00 P.M.,,0,2026,1614.1132552030165,1351.076712948192,,,0.8583901760093611,0.14160982399063893,31.303654225482454,
2026-10-20,149948,UPCOMING,Middleborough,4247,,,Abington,4002,,,South Shore,South Shore,4:00 P.M.,,0,2026,1436.9873818014362,1534.1741971370013,,,0.43250718637152363,0.5674928136284764,-4.718681533556515,
2026-10-20,147958,UPCOMING,Martha’s Vineyard,4235,,,Dennis-Yarmouth,4111,,,Cape & Islands,Cape & Islands,4:00 P.M.,,0,2026,1482.899692074232,1539.3143618950096,,,0.49076959685135085,0.5092304031486492,-0.641466982077759,
2026-10-20,149926,UPCOMING,East Bridgewater,4126,,,Cohasset,4094,,,South Shore,South Shore,4:00 P.M.,,0,2026,1501.9121302522035,1564.2285520601533,,,0.4822826651963497,0.5177173348036503,-1.2316421807949838,
2026-10-20,149976,UPCOMING,Carver,4077,,,Rockland,4331,,,South Shore,South Shore,4:00 P.M.,,0,2026,1500.634876071389,1636.47118997888,,,0.378925002157555,0.621074997842445,-8.583631390749087,
