team,elo
Central Catholic,1548.6499448656455
Andover,1451.3500551343545
