team,elo
Diman,1552.4212555458587
Apponequet,1544.951473510466
Bourne,1455.048526489534
Bristol-Plymouth,1447.5787444541413
