team,elo
Walpole,1563.555192211963
Southeastern,1536.6249967525778
Diman,1536.322734464139
Nauset,1534.6252620495584
Bishop Feehan,1529.1932050270248
Tri-County,1474.1067949729752
Martha’s Vineyard,1468.6747379504418
Wareham,1466.9772655358609
Bishop Stang,1466.6750032474222
Newton North,1439.7448077880372
