team,elo
Nauset,1550.0336561447734
Central Catholic,1548.6499448656455
Andover,1451.3500551343545
Atlantis Charter,1449.9663438552266
