team,elo
Tabor,1535.6497243763056
St. Mark’s,1464.3502756236944
