team,elo
Archbishop Williams,1641.4017782267858
Keefe Tech,1574.6909522322194
Cardinal Spellman,1557.135112093662
Diman,1552.4212555458587
Central Catholic,1546.7651949914268
Apponequet,1544.951473510466
Bourne,1455.048526489534
Andover,1453.2348050085732
Bishop Stang,1451.4923225242248
Bristol-Plymouth,1447.5787444541413
Assabet,1425.3090477677806
Cristo Rey,1349.9707871553273
