team,elo
BC High,1568.3867177562577
Malden Catholic,1548.6499448656455
Hingham/Norwell,1528.2477531217605
Brookline,1517.8223479160597
Hanover,1500.0
Catholic Memorial,1500.0
Milton,1500.0
St. John’s Prep,1500.0
Cambridge,1500.0
Xaverian,1500.0
Belmont,1500.0
Burncoat,1500.0
Algonquin/Westboro,1500.0
Blue Hills,1500.0
Lincoln-Sudbury,1482.1776520839403
Chelmsford,1471.7522468782395
Marshfield/SST,1451.3500551343545
Weymouth,1431.6132822437423
