team,elo
BC High,1587.9973539713567
Hingham/Norwell,1557.029402283727
Malden Catholic,1548.6499448656455
Algonquin/Westboro,1548.0518785912968
Chelmsford,1525.8934272292897
Brookline,1517.8223479160597
St. John’s Prep,1500.0
Hanover,1500.0
Milton,1500.0
Blue Hills,1500.0
Burncoat,1500.0
Belmont,1500.0
Lincoln-Sudbury,1482.1776520839403
Xaverian,1480.389363784901
Catholic Memorial,1451.9481214087032
Cambridge,1445.8588196489497
Weymouth,1431.6132822437423
Marshfield/SST,1422.568405972388
