team,elo
Southeastern,1552.2014876904148
Diman,1551.7503499464763
Bishop Feehan,1541.1092612343652
Tri-County,1458.8907387656348
Wareham,1448.2496500535237
Bishop Stang,1447.7985123095852
