team,elo
North Andover,1553.382260947158
Methuen/Tewksbury,1549.7168239259693
Central Catholic,1477.2921960042718
Lowell,1472.761808947163
Melrose,1455.096910175438
