team,elo
North Andover,1553.382260947158
Marblehead,1550.9076144373346
Methuen/Tewksbury,1549.7168239259693
Somerville,1544.2509750167
Archbishop Williams,1542.0787571843616
Medford,1536.4649817324585
Catholic Memorial,1535.0104763992729
Peabody,1477.4092136350523
Central Catholic,1477.2921960042718
Salem,1476.6331719276134
Lowell,1472.761808947163
Latin Academy,1468.2895236007273
Malden,1466.8350182675417
Melrose,1455.096910175438
East Boston,1418.6202677989386
