team,elo
North Andover,1553.382260947158
Methuen/Tewksbury,1549.7168239259693
Somerville,1544.2509750167
Peabody,1526.6668280723868
Central Catholic,1477.2921960042718
Salem,1476.6331719276134
Lowell,1472.761808947163
East Boston,1459.0490249833001
Melrose,1455.096910175438
