date,game_id,status,home_team,home_team_id,home_score,home_outcome,visitor_team,visitor_team_id,visitor_score,visitor_outcome,home_conference,visitor_conference,time,overtime,is_shootout_win,season,home_elo_pre,away_elo_pre,home_elo_post,away_elo_post,home_win_prob,away_win_prob,pred_point_spread,actual_point_spread
2024-08-27,42572,FINAL,Grafton,4153,9.0,1.0,Framingham,4143,0.0,0.0,SWCL,Bay State,,,0,2024,1500.0,1500.0,1529.602279129608,1470.397720870392,0.5714631174083814,0.4285368825916186,1.25,9.0
2024-08-29,1621,UPCOMING,Suffield Academy,4382,,,Minnechaug,4254,,,Independent,Suburban,5:00 P.M.,,0,2024,1487.160801747161,1496.9368803452908,,,0.5576296251642846,0.4423703748357154,1.0055980350467564,
2024-08-30,1601,UPCOMING,Plymouth North,4315,,,Middleborough,4247,,,Patriot,South Shore,5:00 P.M.,,0,2024,1327.4405940906192,1408.5905133620483,,,0.45529139252252543,0.5447086074774745,-0.7787479817857275,
2024-09-02,2760,FINAL,Hampshire,4518,0.0,0.0,Belchertown,4032,7.0,1.0,County,County,4:30 P.M.,,0,2024,1500.0,1500.0,1464.3502756236944,1535.6497243763056,0.5714631174083814,0.4285368825916186,1.25,-7.0
2024-09-02,1572,FINAL,Masconomet,4236,0.0,0.0,Malden Catholic,4228,1.0,1.0,Northeastern,Independent,10:00 A.M.,,0,2024,1500.0,1500.0,1488.1167585412315,1511.8832414587685,0.5714631174083814,0.4285368825916186,1.25,-1.0
2024-09-03,8626,FINAL,Danvers,4103,0.0,0.0,Andover,4009,6.0,1.0,Northeastern,Merrimack Valley,,,0,2024,1500.0,1500.0,1466.6395236007272,1533.3604763992728,0.5714631174083814,0.4285368825916186,1.25,-6.0
2024-09-03,5931,FINAL,Sutton,4512,4.0,1.0,Northbridge,4292,0.0,0.0,Dual Valley,SWCL,3:30 P.M.,,0,2024,1500.0,1500.0,1520.691105171578,1479.308894828422,0.5714631174083814,0.4285368825916186,1.25,4.0
2024-09-03,5739,FINAL,Mahar,4226,0.0,0.0,Smith Academy,4538,3.0,1.0,Valley,Valley,7:00 P.M.,,0,2024,1500.0,1500.0,1476.233517082463,1523.766482917537,0.5714631174083814,0.4285368825916186,1.25,-3.0
2024-09-03,4928,FINAL,Westport,4461,6.0,1.0,Carver,4077,1.0,0.0,Mayflower,South Shore,4:30 P.M.,,0,2024,1500.0,1500.0,1523.03505051891,1476.96494948109,0.5714631174083814,0.4285368825916186,1.25,5.0
2024-09-03,4876,FINAL,West Bridgewater,4415,6.0,1.0,Seekonk,4344,1.0,0.0,South Coast,South Coast,3:45 P.M.,,0,2024,1500.0,1500.0,1523.03505051891,1476.96494948109,0.5714631174083814,0.4285368825916186,1.25,5.0
2024-09-03,4868,FINAL,Sandwich,4340,7.0,1.0,Mashpee,4237,0.0,0.0,South Shore,South Shore,4:00 P.M.,,0,2024,1500.0,1500.0,1526.7335218740895,1473.2664781259105,0.5714631174083814,0.4285368825916186,1.25,7.0
2024-09-03,4862,FINAL,Swampscott,4383,0.0,0.0,St. Mary’s,4374,1.0,1.0,Northeastern,Catholic Central,4:30 P.M.,,0,2024,1500.0,1500.0,1488.1167585412315,1511.8832414587685,0.5714631174083814,0.4285368825916186,1.25,-1.0
2024-09-03,4834,FINAL,Notre Dame (Worcester),4451,1.0,0.0,Hopedale,4507,2.0,1.0,Central Mass.,Dual Valley,5:00 P.M.,,0,2024,1500.0,1500.0,1488.1167585412315,1511.8832414587685,0.5714631174083814,0.4285368825916186,1.25,-1.0
2024-09-03,5723,FINAL,Joseph Case,4078,1.0,1.0,Dighton-Rehoboth,4114,0.0,0.0,South Coast,South Coast,3:45 P.M.,,0,2024,1500.0,1500.0,1508.9111739580298,1491.0888260419702,0.5714631174083814,0.4285368825916186,1.25,1.0
2024-09-03,2803,FINAL,Southwick,4519,1.0,0.0,East Longmeadow,4127,7.0,1.0,Valley,Valley,4:00 P.M.,,0,2024,1500.0,1500.0,1466.6395236007272,1533.3604763992728,0.5714631174083814,0.4285368825916186,1.25,-6.0
2024-09-03,4827,FINAL,Norwell,4296,4.0,1.0,East Bridgewater,4126,1.0,0.0,South Shore,South Shore,4:00 P.M.,,0,2024,1500.0,1500.0,1517.8223479160597,1482.1776520839403,0.5714631174083814,0.4285368825916186,1.25,3.0
2024-09-03,943,FINAL,Wellesley,4413,3.0,1.0,Weston,4423,0.0,0.0,Bay State,Dual County,4:00 P.M.,,0,2024,1500.0,1500.0,1517.8223479160597,1482.1776520839403,0.5714631174083814,0.4285368825916186,1.25,3.0
2024-09-03,1549,FINAL,Leominster,4208,0.0,0.0,Blackstone Valley,4046,1.0,1.0,Mid-Wach,Colonial,7:00 P.M.,,0,2024,1500.0,1500.0,1488.1167585412315,1511.8832414587685,0.5714631174083814,0.4285368825916186,1.25,-1.0
2024-09-03,1573,FINAL,Bishop Fenwick,4043,0.0,0.0,Malden Catholic,4228,5.0,1.0,Catholic Central,Independent,4:00 P.M.,,0,2024,1500.0,1511.8832414587685,1470.186802947893,1541.6964385108754,0.554635402874908,0.445364597125092,0.9529189635307886,-5.0
2024-09-03,1602,FINAL,Cohasset,4094,4.0,1.0,Middleborough,4247,1.0,0.0,South Shore,South Shore,4:00 P.M.,,0,2024,1500.0,1500.0,1517.8223479160597,1482.1776520839403,0.5714631174083814,0.4285368825916186,1.25,3.0
2024-09-03,905,FINAL,St. John Paul II,4689,4.0,1.0,Plymouth North,4315,0.0,0.0,Cape &#38; Islands,Patriot,5:30 P.M.,,0,2024,1500.0,1500.0,1520.691105171578,1479.308894828422,0.5714631174083814,0.4285368825916186,1.25,4.0
2024-09-03,1630,FINAL,Turners Falls,4396,1.0,2.0,Northampton,4291,1.0,2.0,Valley,Valley,6:00 P.M.,,0,2024,1500.0,1500.0,1500.0,1500.0,0.5714631174083814,0.4285368825916186,1.25,0.0
2024-09-03,2579,FINAL,Somerset Berkley,4350,9.0,1.0,Old Rochester,4301,0.0,0.0,South Coast,South Coast,3:30 P.M.,,0,2024,1500.0,1500.0,1529.602279129608,1470.397720870392,0.5714631174083814,0.4285368825916186,1.25,9.0
2024-09-03,2676,FINAL,Mohawk Trail,4258,0.0,0.0,Westfield,4419,4.0,1.0,Valley,Valley,4:00 P.M.,,0,2024,1500.0,1500.0,1472.407967798555,1527.592032201445,0.5714631174083814,0.4285368825916186,1.25,-4.0
2024-09-03,2799,FINAL,Oakmont,4299,3.0,0.0,Dover-Sherborn,4118,5.0,1.0,Mid-Wach,Tri-Valley,6:30 P.M.,,0,2024,1500.0,1500.0,1481.165507900837,1518.834492099163,0.5714631174083814,0.4285368825916186,1.25,-2.0
2024-09-04,4762,FINAL,Dedham,4108,5.0,1.0,Holliston,4174,0.0,0.0,Tri-Valley,Tri-Valley,4:15 P.M.,,0,2024,1500.0,1500.0,1523.03505051891,1476.96494948109,0.5714631174083814,0.4285368825916186,1.25,5.0
2024-09-04,4747,FINAL,Greater Lowell,4155,0.0,0.0,Rockport,4490,5.0,1.0,Independent,Cape Ann,4:30 P.M.,,0,2024,1500.0,1500.0,1469.2822664420685,1530.7177335579315,0.5714631174083814,0.4285368825916186,1.25,-5.0
2024-09-04,2819,FINAL,Martha’s Vineyard,4235,0.0,0.0,Falmouth,4134,7.0,1.0,Cape &#38; Islands,Cape &#38; Islands,3:00 P.M.,,0,2024,1500.0,1500.0,1464.3502756236944,1535.6497243763056,0.5714631174083814,0.4285368825916186,1.25,-7.0
2024-09-04,2777,FINAL,St. Paul,4954,7.0,1.0,Burncoat,4066,0.0,0.0,Central Mass.,Inter-High,3:30 P.M.,,0,2024,1500.0,1500.0,1526.7335218740895,1473.2664781259105,0.5714631174083814,0.4285368825916186,1.25,7.0
2024-09-04,2720,FINAL,Stoneham,4380,7.0,1.0,Woburn,4438,0.0,0.0,Middlesex,Middlesex,4:15 P.M.,,0,2024,1500.0,1500.0,1526.7335218740895,1473.2664781259105,0.5714631174083814,0.4285368825916186,1.25,7.0
2024-09-04,2565,FINAL,Lunenburg,4219,2.0,1.0,Shepherd Hill,4347,0.0,0.0,Mid-Wach,Mid-Wach,5:30 P.M.,,0,2024,1500.0,1500.0,1514.1238765608803,1485.8761234391197,0.5714631174083814,0.4285368825916186,1.25,2.0
2024-09-04,4771,FINAL,Marlborough,4233,1.0,0.0,Algonquin,4005,7.0,1.0,Mid-Wach,Mid-Wach,4:00 P.M.,,0,2024,1500.0,1500.0,1466.6395236007272,1533.3604763992728,0.5714631174083814,0.4285368825916186,1.25,-6.0
2024-09-04,2561,FINAL,Stoughton,4381,2.0,1.0,Sharon,4345,0.0,0.0,Hockomock,Hockomock,3:45 P.M.,,0,2024,1500.0,1500.0,1514.1238765608803,1485.8761234391197,0.5714631174083814,0.4285368825916186,1.25,2.0
2024-09-04,2553,FINAL,Scituate,4343,2.0,1.0,Silver Lake,4349,0.0,0.0,Patriot,Patriot,4:00 P.M.,,0,2024,1500.0,1500.0,1514.1238765608803,1485.8761234391197,0.5714631174083814,0.4285368825916186,1.25,2.0
2024-09-04,1618,FINAL,Milton,4252,0.0,0.0,Wellesley,4413,2.0,1.0,Bay State,Bay State,4:00 P.M.,,0,2024,1500.0,1517.8223479160597,1481.9989492807765,1535.8233986352832,0.5461754161712142,0.45382458382878577,0.8044413020985075,-2.0
2024-09-04,1611,FINAL,North Attleborough,4284,8.0,1.0,Milford,4249,0.0,0.0,Hockomock,Hockomock,5:15 P.M.,,0,2024,1500.0,1500.0,1528.2477531217605,1471.7522468782395,0.5714631174083814,0.4285368825916186,1.25,8.0
2024-09-04,2699,FINAL,Ashland,4015,0.0,0.0,Westwood,4424,5.0,1.0,Tri-Valley,Tri-Valley,4:30 P.M.,,0,2024,1500.0,1500.0,1469.2822664420685,1530.7177335579315,0.5714631174083814,0.4285368825916186,1.25,-5.0
2024-09-04,4782,FINAL,Medway,4243,1.0,0.0,Medfield,4241,2.0,1.0,Tri-Valley,Tri-Valley,3:45 P.M.,,0,2024,1500.0,1500.0,1488.1167585412315,1511.8832414587685,0.5714631174083814,0.4285368825916186,1.25,-1.0
2024-09-04,5759,FINAL,Nantucket,4265,2.0,1.0,Dennis-Yarmouth,4111,1.0,0.0,Cape &#38; Islands,Cape &#38; Islands,3:45 P.M.,,0,2024,1500.0,1500.0,1508.9111739580298,1491.0888260419702,0.5714631174083814,0.4285368825916186,1.25,1.0
2024-09-04,4808,FINAL,Tantasqua,4387,0.0,0.0,Nipmuc,4281,7.0,1.0,SWCL,Dual Valley,4:00 P.M.,,0,2024,1500.0,1500.0,1464.3502756236944,1535.6497243763056,0.5714631174083814,0.4285368825916186,1.25,-7.0
2024-09-04,4857,FINAL,Maynard,4239,7.0,1.0,St. Bernard’s,4365,3.0,0.0,Mid-Wach,Central Mass.,3:30 P.M.,,0,2024,1500.0,1500.0,1520.691105171578,1479.308894828422,0.5714631174083814,0.4285368825916186,1.25,4.0
2024-09-04,4886,FINAL,Triton,4395,1.0,0.0,Lynnfield,4223,3.0,1.0,Cape Ann,Cape Ann,4:00 P.M.,,0,2024,1500.0,1500.0,1481.165507900837,1518.834492099163,0.5714631174083814,0.4285368825916186,1.25,-2.0
2024-09-04,4904,FINAL,Manchester Essex,4229,6.0,1.0,Amesbury,4007,0.0,0.0,Cape Ann,Cape Ann,4:30 P.M.,,0,2024,1500.0,1500.0,1525.0168280723867,1474.9831719276133,0.5714631174083814,0.4285368825916186,1.25,6.0
2024-09-04,4909,FINAL,Blackstone-Millville,4486,0.0,0.0,Bellingham,4033,6.0,1.0,Dual Valley,Tri-Valley,4:30 P.M.,,0,2024,1500.0,1500.0,1466.6395236007272,1533.3604763992728,0.5714631174083814,0.4285368825916186,1.25,-6.0
2024-09-04,4935,FINAL,Gardner,4147,0.0,0.0,Clinton,4093,5.0,1.0,Mid-Wach,Mid-Wach,3:45 P.M.,,0,2024,1500.0,1500.0,1469.2822664420685,1530.7177335579315,0.5714631174083814,0.4285368825916186,1.25,-5.0
2024-09-04,4949,FINAL,Franklin County Tech,4145,1.0,2.0,Hampshire,4518,1.0,2.0,County,County,4:00 P.M.,,0,2024,1500.0,1464.3502756236944,1500.0,1464.3502756236944,0.620822186404171,0.379177813595829,2.1412431094076396,0.0
2024-09-04,5708,FINAL,Frontier,4146,5.0,1.0,Greenfield,4157,0.0,0.0,Suburban,Suburban,4:00 P.M.,,0,2024,1500.0,1500.0,1523.03505051891,1476.96494948109,0.5714631174083814,0.4285368825916186,1.25,5.0
2024-09-04,5709,FINAL,Hamilton-Wenham,4163,2.0,2.0,Ipswich,4190,2.0,2.0,Cape Ann,Cape Ann,4:00 P.M.,,0,2024,1500.0,1500.0,1500.0,1500.0,0.5714631174083814,0.4285368825916186,1.25,0.0
2024-09-04,5732,FINAL,Littleton,4212,0.0,0.0,Tyngsborough/Dracut,4397,2.0,1.0,Mid-Wach,Mid-Wach,4:00 P.M.,,0,2024,1500.0,1500.0,1481.165507900837,1518.834492099163,0.5714631174083814,0.4285368825916186,1.25,-2.0
2024-09-04,1603,FINAL,Middleborough,4247,1.0,0.0,Norwell,4296,3.0,1.0,South Shore,South Shore,5:00 P.M.,,0,2024,1482.1776520839403,1517.8223479160597,1465.0179698796815,1534.9820301203185,0.5206471952922324,0.47935280470776764,0.3588826041970151,-2.0
2024-09-04,5926,FINAL,Quabbin,4325,7.0,1.0,Narragansett,4266,0.0,0.0,Mid-Wach,Mid-Wach,3:30 P.M.,,0,2024,1500.0,1500.0,1526.7335218740895,1473.2664781259105,0.5714631174083814,0.4285368825916186,1.25,7.0
2024-09-04,1460,UPCOMING,Brockton,4058,,,Wareham/Bourne,4407,,,Big Three,Mayflower,6:00 P.M.,,0,2024,1352.587781814912,1333.415097764611,,,0.5982527052629821,0.40174729473701787,1.7293171012575272,
2024-09-04,4799,FINAL,Pentucket,4309,3.0,2.0,Newburyport,4276,3.0,2.0,Cape Ann,Cape Ann,4:00 P.M.,,0,2024,1500.0,1500.0,1500.0,1500.0,0.5714631174083814,0.4285368825916186,1.25,0.0
2024-09-04,1556,FINAL,Minnechaug,4254,0.0,0.0,Longmeadow,4214,2.0,1.0,Suburban,Suburban,6:30 P.M.,,0,2024,1500.0,1500.0,1481.165507900837,1518.834492099163,0.5714631174083814,0.4285368825916186,1.25,-2.0
2024-09-04,4790,FINAL,Monty Tech,4259,6.0,1.0,Worcester Tech/Worcester North,4445,0.0,0.0,Colonial,Colonial,4:00 P.M.,,0,2024,1500.0,1500.0,1525.0168280723867,1474.9831719276133,0.5714631174083814,0.4285368825916186,1.25,6.0
2024-09-04,1507,FINAL,Hudson,4182,3.0,1.0,Fitchburg,4139,0.0,0.0,Mid-Wach,Mid-Wach,4:00 P.M.,,0,2024,1500.0,1500.0,1517.8223479160597,1482.1776520839403,0.5714631174083814,0.4285368825916186,1.25,3.0
2024-09-04,719,FINAL,Bridgewater-Raynham,4053,0.0,0.0,Barnstable,4024,4.0,1.0,Southeast,Cape &#38; Islands,5:15 P.M.,,0,2024,1500.0,1500.0,1472.407967798555,1527.592032201445,0.5714631174083814,0.4285368825916186,1.25,-4.0
2024-09-04,709,FINAL,Canton,4071,7.0,1.0,Attleboro,4018,3.0,0.0,Hockomock,Hockomock,6:30 P.M.,,0,2024,1500.0,1500.0,1520.691105171578,1479.308894828422,0.5714631174083814,0.4285368825916186,1.25,4.0
2024-09-04,727,FINAL,Melrose,4244,2.0,0.0,Belmont,4034,10.0,1.0,Middlesex,Middlesex,4:15 P.M.,,0,2024,1500.0,1500.0,1462.3310158016739,1537.6689841983261,0.5714631174083814,0.4285368825916186,1.25,-8.0
2024-09-04,744,FINAL,Wachusett,4400,2.0,0.0,Bishop Feehan,4042,3.0,1.0,Mid-Wach,Catholic Central,6:30 P.M.,,0,2024,1500.0,1500.0,1488.1167585412315,1511.8832414587685,0.5714631174083814,0.4285368825916186,1.25,-1.0
2024-09-04,752,FINAL,Braintree,4051,0.0,0.0,Walpole,4404,7.0,1.0,Bay State,Bay State,4:00 P.M.,,0,2024,1500.0,1500.0,1464.3502756236944,1535.6497243763056,0.5714631174083814,0.4285368825916186,1.25,-7.0
2024-09-04,769,FINAL,Brookline,4059,0.0,0.0,Natick,4270,3.0,1.0,Bay State,Bay State,4:00 P.M.,,0,2024,1500.0,1500.0,1476.233517082463,1523.766482917537,0.5714631174083814,0.4285368825916186,1.25,-3.0
2024-09-04,785,FINAL,Chelmsford,4085,2.0,2.0,Concord-Carlisle,4097,2.0,2.0,Merrimack Valley,Dual County,5:30 P.M.,,0,2024,1500.0,1500.0,1500.0,1500.0,0.5714631174083814,0.4285368825916186,1.25,0.0
2024-09-04,792,FINAL,Durfee,4122,9.0,1.0,Fairhaven,4133,0.0,0.0,Big Three,South Coast,5:15 P.M.,,0,2024,1500.0,1500.0,1529.602279129608,1470.397720870392,0.5714631174083814,0.4285368825916186,1.25,9.0
2024-09-04,801,FINAL,North Reading,4288,3.0,1.0,Essex Tech,4745,1.0,0.0,Cape Ann,Cape Ann,4:30 P.M.,,0,2024,1500.0,1500.0,1514.1238765608803,1485.8761234391197,0.5714631174083814,0.4285368825916186,1.25,2.0
2024-09-04,821,FINAL,Haverhill,4167,0.0,0.0,Central Catholic,4081,7.0,1.0,Merrimack Valley,Merrimack Valley,4:00 P.M.,,0,2024,1500.0,1500.0,1464.3502756236944,1535.6497243763056,0.5714631174083814,0.4285368825916186,1.25,-7.0
2024-09-04,826,FINAL,Mansfield,4230,1.0,0.0,King Philip,4197,6.0,1.0,Hockomock,Hockomock,3:45 P.M.,,0,2024,1500.0,1500.0,1469.2822664420685,1530.7177335579315,0.5714631174083814,0.4285368825916186,1.25,-5.0
2024-09-04,834,FINAL,Watertown,4409,8.0,1.0,Lexington,4209,1.0,0.0,Middlesex,Middlesex,4:15 P.M.,,0,2024,1500.0,1500.0,1526.7335218740895,1473.2664781259105,0.5714631174083814,0.4285368825916186,1.25,7.0
2024-09-04,854,FINAL,Whitman-Hanson,4427,0.0,2.0,Marshfield,4234,0.0,2.0,Patriot,Patriot,4:00 P.M.,,0,2024,1500.0,1500.0,1500.0,1500.0,0.5714631174083814,0.4285368825916186,1.25,0.0
2024-09-04,868,FINAL,Weymouth,4425,0.0,0.0,Needham,4272,10.0,1.0,Bay State,Bay State,4:00 P.M.,,0,2024,1500.0,1500.0,1458.8907387656348,1541.1092612343652,0.5714631174083814,0.4285368825916186,1.25,-10.0
2024-09-04,812,FINAL,Oliver Ames,4302,0.0,0.0,Franklin,4144,6.0,1.0,Hockomock,Hockomock,3:45 P.M.,,0,2024,1500.0,1500.0,1466.6395236007272,1533.3604763992728,0.5714631174083814,0.4285368825916186,1.25,-6.0
2024-09-04,876,FINAL,Dartmouth,4105,5.0,1.0,New Bedford,4273,0.0,0.0,Southeast,Big Three,4:00 P.M.,,0,2024,1500.0,1500.0,1523.03505051891,1476.96494948109,0.5714631174083814,0.4285368825916186,1.25,5.0
2024-09-04,1495,FINAL,Duxbury,4123,7.0,1.0,Pembroke,4308,0.0,0.0,Patriot,Patriot,4:00 P.M.,,0,2024,1500.0,1500.0,1526.7335218740895,1473.2664781259105,0.5714631174083814,0.4285368825916186,1.25,7.0
2024-09-04,699,FINAL,Wakefield,4402,0.0,0.0,Arlington,4013,5.0,1.0,Middlesex,Middlesex,4:15 P.M.,,0,2024,1500.0,1500.0,1469.2822664420685,1530.7177335579315,0.5714631174083814,0.4285368825916186,1.25,-5.0
2024-09-04,1467,FINAL,Burlington,4065,0.0,0.0,Reading,4328,6.0,1.0,Middlesex,Middlesex,4:15 P.M.,,0,2024,1500.0,1500.0,1466.6395236007272,1533.3604763992728,0.5714631174083814,0.4285368825916186,1.25,-6.0
2024-09-04,1445,FINAL,Amherst-Pelham,4008,5.0,1.0,Palmer,4304,0.0,0.0,County,County,4:15 P.M.,,0,2024,1500.0,1500.0,1523.03505051891,1476.96494948109,0.5714631174083814,0.4285368825916186,1.25,5.0
2024-09-04,960,FINAL,West Springfield,4417,0.0,0.0,Agawam,4004,6.0,1.0,Suburban,Suburban,4:00 P.M.,,0,2024,1500.0,1500.0,1466.6395236007272,1533.3604763992728,0.5714631174083814,0.4285368825916186,1.25,-6.0
2024-09-04,955,FINAL,Wilmington,4432,0.0,0.0,Winchester,4434,7.0,1.0,Middlesex,Middlesex,4:15 P.M.,,0,2024,1500.0,1500.0,1464.3502756236944,1535.6497243763056,0.5714631174083814,0.4285368825916186,1.25,-7.0
2024-09-04,1485,FINAL,South High,4962,0.0,0.0,Doherty,4116,11.0,1.0,Independent,Inter-High,3:30 P.M.,,0,2024,1500.0,1500.0,1457.3990249833,1542.6009750167,0.5714631174083814,0.4285368825916186,1.25,-11.0
2024-09-04,922,FINAL,Foxborough,4142,5.0,1.0,Taunton,4388,0.0,0.0,Hockomock,Hockomock,5:00 P.M.,,0,2024,1500.0,1500.0,1523.03505051891,1476.96494948109,0.5714631174083814,0.4285368825916186,1.25,5.0
2024-09-04,946,FINAL,Westford,4421,0.0,0.0,Nashoba,4267,5.0,1.0,Dual County,Mid-Wach,4:00 P.M.,,0,2024,1500.0,1500.0,1469.2822664420685,1530.7177335579315,0.5714631174083814,0.4285368825916186,1.25,-5.0
2024-09-04,883,FINAL,Newton North,4279,9.0,1.0,Framingham,4143,0.0,0.0,Bay State,Bay State,4:30 P.M.,,0,2024,1500.0,1470.397720870392,1526.7610847784238,1443.6366360919683,0.6125936183661822,0.3874063816338178,1.9900569782401987,9.0
2024-09-04,889,FINAL,Newton South,4280,2.0,0.0,Bedford,4031,7.0,1.0,Dual County,Dual County,4:30 P.M.,,0,2024,1500.0,1500.0,1469.2822664420685,1530.7177335579315,0.5714631174083814,0.4285368825916186,1.25,-5.0
2024-09-04,1542,FINAL,Norwood,4297,5.0,1.0,Hopkinton,4180,1.0,0.0,Tri-Valley,Tri-Valley,4:30 P.M.,,0,2024,1500.0,1500.0,1520.691105171578,1479.308894828422,0.5714631174083814,0.4285368825916186,1.25,4.0
2024-09-04,913,FINAL,Shrewsbury,4348,0.0,0.0,North Middlesex,4286,1.0,1.0,Mid-Wach,Mid-Wach,6:15 P.M.,,0,2024,1500.0,1500.0,1488.1167585412315,1511.8832414587685,0.5714631174083814,0.4285368825916186,1.25,-1.0
2024-09-04,906,FINAL,Plymouth North,4315,0.0,0.0,Hingham,4171,8.0,1.0,Patriot,Patriot,4:00 P.M.,,0,2024,1479.308894828422,1500.0,1443.576807700738,1535.7320871276838,0.5420791225477605,0.4579208774522395,0.7327223707105475,-8.0
2024-09-05,2804,FINAL,East Longmeadow,4127,9.0,1.0,Mohawk Trail,4258,0.0,0.0,Valley,Valley,7:00 P.M.,,0,2024,1533.3604763992728,1472.407967798555,1557.2296601569035,1448.5387840409244,0.6544581735508743,0.3455418264491257,2.773812715017942,9.0
2024-09-05,6010,FINAL,Smith Academy,4538,2.0,1.0,Southwick,4519,1.0,0.0,Valley,Valley,4:00 P.M.,,0,2024,1523.766482917537,1466.6395236007272,1531.0557292567075,1459.3502772615566,0.649461348488686,0.350538651511314,2.6781739829202422,1.0
2024-09-05,4943,FINAL,Mashpee,4237,0.0,0.0,Cohasset,4094,8.0,1.0,South Shore,South Shore,4:30 P.M.,,0,2024,1473.2664781259105,1517.8223479160597,1439.791711681193,1551.2971143607772,0.5078340920025624,0.49216590799743765,0.13610325524626887,-8.0
2024-09-05,4875,FINAL,Swampscott,4383,5.0,1.0,Saugus,4341,1.0,0.0,Northeastern,Northeastern,4:00 P.M.,,0,2024,1488.1167585412315,1500.0,1509.6203585653034,1478.4963999759282,0.554635402874908,0.445364597125092,0.9529189635307886,4.0
2024-09-05,4844,FINAL,Dighton-Rehoboth,4114,0.0,2.0,Old Rochester,4301,0.0,2.0,South Coast,South Coast,3:45 P.M.,,0,2024,1491.0888260419702,1470.397720870392,1491.0888260419702,1470.397720870392,0.6003516934319559,0.39964830656804406,1.7672776292894525,0.0
2024-09-05,4835,FINAL,Notre Dame (Worcester),4451,4.0,2.0,Oakmont,4299,4.0,2.0,Central Mass.,Mid-Wach,3:45 P.M.,,0,2024,1488.1167585412315,1481.165507900837,1488.1167585412315,1481.165507900837,0.5812331757473364,0.41876682425266365,1.4237812660098654,0.0
2024-09-05,4795,FINAL,St. John Paul II,4689,2.0,1.0,Nauset,4271,1.0,0.0,Cape &#38; Islands,Cape &#38; Islands,6:00 P.M.,,0,2024,1520.691105171578,1500.0,1529.001558078974,1491.689547092604,0.6003516934319559,0.39964830656804406,1.7672776292894525,1.0
2024-09-05,4760,FINAL,Hanover,4164,5.0,1.0,Plymouth South,4316,2.0,0.0,Patriot,Patriot,4:00 P.M.,,0,2024,1500.0,1500.0,1517.8223479160597,1482.1776520839403,0.5714631174083814,0.4285368825916186,1.25,3.0
2024-09-05,2811,FINAL,Joseph Case,4078,4.0,1.0,Fairhaven,4133,0.0,0.0,South Coast,South Coast,3:45 P.M.,,0,2024,1508.9111739580298,1470.397720870392,1527.032078050969,1452.276816777453,0.624694974708424,0.37530502529157606,2.212836327190945,4.0
2024-09-05,4929,FINAL,East Bridgewater,4126,1.0,1.0,Carver,4077,0.0,0.0,South Shore,South Shore,4:30 P.M.,,0,2024,1482.1776520839403,1476.96494948109,1490.93635795012,1468.2062436149101,0.5787952827419112,0.42120471725808883,1.3803175650712602,1.0
2024-09-05,2759,FINAL,Bedford,4031,4.0,1.0,Tewksbury,4389,0.0,0.0,Dual County,Merrimack Valley,3:45 P.M.,,0,2024,1530.7177335579315,1500.0,1549.34940548015,1481.3683280777816,0.6141163781824102,0.38588362181758984,2.017943338948288,4.0
2024-09-05,2735,FINAL,Seekonk,4344,0.0,2.0,Apponequet,4011,0.0,2.0,South Coast,South Coast,4:00 P.M.,,0,2024,1476.96494948109,1500.0,1476.96494948109,1500.0,0.538727953318787,0.461272046681213,0.6741237370272473,0.0
2024-09-05,2747,FINAL,Auburn,4019,9.0,1.0,Northbridge,4292,2.0,0.0,SWCL,SWCL,3:30 P.M.,,0,2024,1500.0,1479.308894828422,1524.9313587221877,1454.3775361062342,0.6003516934319559,0.39964830656804406,1.7672776292894525,7.0
2024-09-05,691,FINAL,St. Mary’s,4374,0.0,0.0,Andover,4009,1.0,1.0,Catholic Central,Merrimack Valley,,,0,2024,1511.8832414587685,1533.3604763992728,1500.6343861645355,1544.6093316935057,0.5409555916222458,0.4590444083777542,0.7130691264873917,-1.0
2024-09-05,736,FINAL,Beverly,4038,8.0,1.0,Peabody,4306,1.0,0.0,Northeastern,Northeastern,4:00 P.M.,,0,2024,1500.0,1500.0,1526.7335218740895,1473.2664781259105,0.5714631174083814,0.4285368825916186,1.25,7.0
2024-09-05,861,FINAL,Methuen,4246,1.0,0.0,Malden Catholic,4228,7.0,1.0,Merrimack Valley,Independent,3:45 P.M.,,0,2024,1500.0,1541.6964385108754,1470.1138842834343,1571.582554227441,0.5119475108871205,0.48805248911287946,0.20758903722811511,-6.0
2024-09-05,1453,FINAL,Bishop Stang,4045,3.0,1.0,Westport,4461,2.0,0.0,Catholic Central,Mayflower,3:30 P.M.,,0,2024,1500.0,1523.03505051891,1509.591882558846,1513.443167960064,0.538727953318787,0.461272046681213,0.6741237370272473,1.0
2024-09-05,848,FINAL,Lowell,4216,7.0,1.0,Greater Lowell,4155,0.0,0.0,Merrimack Valley,Independent,3:45 P.M.,,0,2024,1500.0,1469.2822664420685,1524.072673003841,1445.2095934382273,0.6141163781824102,0.38588362181758984,2.017943338948288,7.0
2024-09-05,1584,FINAL,Danvers,4103,2.0,0.0,Marblehead,4231,3.0,1.0,Northeastern,Northeastern,4:00 P.M.,,0,2024,1466.6395236007272,1500.0,1455.7447490367676,1510.8947745639596,0.523927907834257,0.476072092165743,0.4159880900181804,-1.0
2024-09-05,1590,FINAL,Gloucester,4150,2.0,0.0,Masconomet,4236,3.0,1.0,Northeastern,Northeastern,4:30 P.M.,,0,2024,1500.0,1488.1167585412315,1487.7702392594872,1500.3465192817443,0.588127172386545,0.411872827613455,1.5470810364692114,-1.0
2024-09-05,1631,FINAL,Mahar,4226,0.0,0.0,Northampton,4291,2.0,1.0,Valley,Valley,4:30 P.M.,,0,2024,1476.233517082463,1500.0,1458.512412528564,1517.721104553899,0.5376814834704801,0.46231851652951994,0.6558379270615774,-2.0
2024-09-05,2682,FINAL,Turners Falls,4396,1.0,0.0,Westfield,4419,4.0,1.0,Valley,Valley,4:00 P.M.,,0,2024,1500.0,1527.592032201445,1477.8662986648499,1549.725733536595,0.5322030192123068,0.46779698078769316,0.5601991949638773,-3.0
2024-09-05,1518,FINAL,Oxford,4303,0.0,0.0,Grafton,4153,6.0,1.0,SWCL,SWCL,3:30 P.M.,,0,2024,1500.0,1529.602279129608,1469.0996668211183,1560.5026123084897,0.5293209999766789,0.4706790000233211,0.5099430217598012,-6.0
2024-09-06,4767,FINAL,Hudson,4182,0.0,0.0,Lunenburg,4219,1.0,1.0,Mid-Wach,Mid-Wach,4:00 P.M.,,0,2024,1517.8223479160597,1514.1238765608803,1505.8308573192246,1526.1153671577154,0.5766688005640249,0.4233311994359751,1.342461783879486,-1.0
2024-09-06,4821,FINAL,North Reading,4288,5.0,1.0,Triton,4395,1.0,0.0,Cape Ann,Cape Ann,4:30 P.M.,,0,2024,1514.1238765608803,1481.165507900837,1532.6081868023891,1462.681197659328,0.6171684101904173,0.38283158980958265,2.073959216501083,4.0
2024-09-06,4809,FINAL,Nipmuc,4281,5.0,1.0,St. Paul,4954,2.0,0.0,Dual Valley,Central Mass.,3:30 P.M.,,0,2024,1535.6497243763056,1526.7335218740895,1552.9513529229116,1509.4318933274835,0.5839837716084758,0.4160162283915242,1.472905062555401,3.0
2024-09-06,4800,FINAL,Newburyport,4276,3.0,1.0,Lynnfield,4223,2.0,0.0,Cape Ann,Cape Ann,4:00 P.M.,,0,2024,1500.0,1518.834492099163,1509.4670555849134,1509.3674365142497,0.5447308618608429,0.45526913813915715,0.7791376975209232,1.0
2024-09-06,4752,FINAL,Groton-Dunstable,4160,2.0,1.0,Tyngsborough/Dracut,4397,1.0,0.0,Mid-Wach,Mid-Wach,4:00 P.M.,,0,2024,1500.0,1509.3674365142497,1509.1867685930092,1500.1806679212405,0.5582098169690388,0.4417901830309612,1.0158140871437582,1.0
2024-09-06,2700,FINAL,Westwood,4424,6.0,1.0,Holliston,4174,0.0,0.0,Tri-Valley,Tri-Valley,4:30 P.M.,,0,2024,1530.7177335579315,1476.96494948109,1551.4401193210713,1456.2425637179501,0.6450266768791996,0.35497332312080043,2.593819601921041,6.0
2024-09-06,2761,FINAL,Palmer,4304,0.0,0.0,Belchertown,4032,9.0,1.0,County,County,4:00 P.M.,,0,2024,1476.96494948109,1535.6497243763056,1443.2893519035317,1569.3253219538637,0.4875042067576006,0.5124957932423995,-0.21711937238039242,-9.0
2024-09-06,2740,FINAL,Ashland,4015,0.0,0.0,Norwood,4297,5.0,1.0,Tri-Valley,Tri-Valley,4:30 P.M.,,0,2024,1469.2822664420685,1520.691105171578,1442.5148566036883,1547.4585150099583,0.497972529201748,0.5020274707982519,-0.03522096823774064,-5.0
2024-09-06,2721,FINAL,Woburn,4438,0.0,0.0,Wakefield,4402,4.0,1.0,Middlesex,Middlesex,4:00 P.M.,,0,2024,1473.2664781259105,1469.2822664420685,1445.403713817465,1497.145030750514,0.577070294607928,0.422929705392072,1.3496052920960495,-4.0
2024-09-06,4905,FINAL,Ipswich,4190,5.0,1.0,Amesbury,4007,0.0,0.0,Cape Ann,Cape Ann,4:30 P.M.,,0,2024,1500.0,1474.9831719276133,1521.1618826734052,1453.821289254208,0.606310946738063,0.39368905326193704,1.8754207018096678,5.0
2024-09-06,2588,FINAL,Worcester Tech/Worcester North,4445,0.0,2.0,South High,4962,0.0,2.0,Colonial,Independent,3:30 P.M.,,0,2024,1474.9831719276133,1457.3990249833,1474.9831719276133,1457.3990249833,0.5960529314136521,0.4039470685863479,1.6896036736078315,0.0
2024-09-06,4750,FINAL,Groton,4544,2.0,1.0,Tyngsborough/Dracut,4397,1.0,0.0,ISL,Mid-Wach,4:00 P.M.,,0,2024,1500.0,1518.834492099163,1509.4670555849134,1509.3674365142497,0.5447308618608429,0.45526913813915715,0.7791376975209232,1.0
2024-09-06,4911,FINAL,Leicester,4207,3.0,1.0,Blackstone-Millville,4486,1.0,0.0,SWCL,Dual Valley,3:30 P.M.,,0,2024,1500.0,1466.6395236007272,1512.5994845661928,1454.0400390345344,0.617715163752399,0.382284836247601,2.0840119099818195,2.0
2024-09-06,5744,FINAL,Rockport,4490,0.0,0.0,Manchester Essex,4229,3.0,1.0,Cape Ann,Cape Ann,4:00 P.M.,,0,2024,1530.7177335579315,1525.0168280723867,1506.6178269452778,1549.1167346850405,0.5794802625993778,0.4205197374006222,1.3925226371386201,-3.0
2024-09-06,4944,FINAL,Duxbury,4123,3.0,1.0,Cohasset,4094,0.0,0.0,Patriot,South Shore,4:00 P.M.,,0,2024,1526.7335218740895,1551.2971143607772,1546.0082535240206,1532.0223827108462,0.5365406705696497,0.4634593294303503,0.6359101878328091,3.0
2024-09-06,4947,FINAL,Pembroke,4308,1.0,0.0,East Bridgewater,4126,2.0,1.0,Patriot,South Shore,4:00 P.M.,,0,2024,1473.2664781259105,1490.93635795012,1461.90455603451,1502.2982800415205,0.5463929552076761,0.45360704479232394,0.80825300439476,-1.0
2024-09-06,4950,FINAL,Turners Falls,4396,0.0,0.0,Franklin County Tech,4145,1.0,1.0,Valley,County,3:30 P.M.,,0,2024,1477.8662986648499,1500.0,1466.6369596906495,1511.2293389742003,0.5400170550179956,0.4599829449820044,0.6966574666212466,-1.0
2024-09-06,5716,FINAL,Bellingham,4033,0.0,0.0,Hopedale,4507,4.0,1.0,Tri-Valley,Dual Valley,3:30 P.M.,,0,2024,1533.3604763992728,1511.8832414587685,1504.321213121337,1540.9225047367042,0.6014369582818546,0.3985630417181454,1.7869308735126084,-4.0
2024-09-06,5755,FINAL,Monomoy,4706,7.0,1.0,Nantucket,4265,0.0,0.0,Cape &#38; Islands,Cape &#38; Islands,3:30 P.M.,,0,2024,1500.0,1508.9111739580298,1527.5199054049485,1481.3912685530813,0.5588574327394139,0.4411425672605861,1.0272206510492539,7.0
2024-09-06,5935,FINAL,Sutton,4512,2.0,1.0,Quabbin,4325,1.0,0.0,Dual Valley,Mid-Wach,3:30 P.M.,,0,2024,1520.691105171578,1526.7335218740895,1529.7798314997192,1517.6447955459485,0.5629246532797977,0.4370753467202023,1.098939582437214,1.0
2024-09-06,6015,FINAL,Sturgis East,4456,5.0,1.0,Wareham/Bourne,4407,0.0,0.0,Cape &#38; Islands,Mayflower,3:45 P.M.,,0,2024,1500.0,1500.0,1523.03505051891,1476.96494948109,0.5714631174083814,0.4285368825916186,1.25,5.0
2024-09-06,8797,FINAL,Blackstone Valley,4046,4.0,1.0,Bay Path/David Prouty,4027,0.0,0.0,Colonial,Colonial,,,0,2024,1511.8832414587685,1500.0,1531.7697537746444,1480.113487684124,0.588127172386545,0.411872827613455,1.5470810364692114,4.0
2024-09-06,8798,FINAL,Worcester Tech/Worcester North,4445,0.0,2.0,Worcester South,4444,0.0,2.0,Colonial,Inter-High,,,0,2024,1474.9831719276133,1500.0,1474.9831719276133,1500.0,0.5358918342764566,0.4641081657235434,0.6245792981903321,0.0
2024-09-06,10828,FINAL,Monty Tech,4259,0.0,0.0,Narragansett,4266,1.0,1.0,Colonial,Mid-Wach,4:00 P.M.,,0,2024,1525.0168280723867,1473.2664781259105,1511.6588492102708,1486.6244569880264,0.6423829953558093,0.35761700464419066,2.5437587486619067,-1.0
2024-09-06,1628,FINAL,Stoughton,4381,0.0,0.0,North Attleborough,4284,4.0,1.0,Hockomock,Hockomock,3:45 P.M.,,0,2024,1514.1238765608803,1528.2477531217605,1487.4982771700218,1554.873352512619,0.5514471685043169,0.44855283149568315,0.8969030859779934,-4.0
2024-09-06,1565,UPCOMING,Malden,4227,,,Northeast,4293,,,Greater Boston,Independent,4:00 P.M.,,0,2024,1297.020987906747,1316.9406771554384,,,0.5431812087487378,0.45681879125126224,0.7520077687827154,
2024-09-06,4920,FINAL,Bromfield,4505,4.0,1.0,North Brookfield,4508,2.0,0.0,Mid-Wach,Colonial,4:00 P.M.,,0,2024,1500.0,1500.0,1514.1238765608803,1485.8761234391197,0.5714631174083814,0.4285368825916186,1.25,2.0
2024-09-06,1625,FINAL,Westborough,4418,1.0,2.0,Nashoba,4267,1.0,2.0,Mid-Wach,Mid-Wach,6:00 P.M.,,0,2024,1500.0,1530.7177335579315,1500.0,1530.7177335579315,0.5277209565993726,0.47227904340062743,0.4820566610517119,0.0
2024-09-06,4858,FINAL,St. Bernard’s,4365,1.0,0.0,Clinton,4093,6.0,1.0,Central Mass.,Mid-Wach,3:45 P.M.,,0,2024,1479.308894828422,1530.7177335579315,1452.5414849900417,1557.4851433963117,0.497972529201748,0.5020274707982519,-0.03522096823774064,-5.0
2024-09-06,1595,FINAL,Reading,4328,7.0,1.0,Melrose,4244,0.0,0.0,Middlesex,Middlesex,4:15 P.M.,,0,2024,1533.3604763992728,1462.3310158016739,1554.105646609206,1441.5858455917407,0.6674560646192444,0.33254393538075555,3.025736514939973,7.0
2024-09-06,682,FINAL,Algonquin,4005,5.0,1.0,Minnechaug,4254,2.0,0.0,Mid-Wach,Suburban,4:00 P.M.,,0,2024,1533.3604763992728,1481.165507900837,1548.2089054277228,1466.317078872387,0.6429707512610592,0.3570292487389408,2.5548742124608963,3.0
2024-09-06,702,FINAL,Arlington,4013,7.0,1.0,Wilmington,4432,0.0,0.0,Middlesex,Middlesex,4:15 P.M.,,0,2024,1530.7177335579315,1464.3502756236944,1551.8361520513363,1443.2318571302897,0.6614729152016363,0.3385270847983637,2.9091864483559275,7.0
2024-09-06,1612,FINAL,Sharon,4345,0.0,0.0,Milford,4249,1.0,1.0,Hockomock,Hockomock,3:45 P.M.,,0,2024,1485.8761234391197,1471.7522468782395,1473.5814681002134,1484.0469022171458,0.5912479428959745,0.4087520571040255,1.6030969140220066,-1.0
2024-09-06,710,FINAL,Attleboro,4018,4.0,1.0,Taunton,4388,0.0,0.0,Hockomock,Hockomock,3:45 P.M.,,0,2024,1479.308894828422,1476.96494948109,1499.8406140893833,1456.4332302201285,0.5747641852198087,0.42523581478019135,1.3085986336833002,4.0
2024-09-06,718,FINAL,Plymouth North,4315,3.0,1.0,Bridgewater-Raynham,4053,0.0,0.0,Patriot,Southeast,4:00 P.M.,,0,2024,1443.576807700738,1472.407967798555,1463.1058094310613,1452.8789660682319,0.5304267675025138,0.46957323249748617,0.5292209975545745,3.0
2024-09-06,728,FINAL,Belmont,4034,0.0,0.0,Watertown,4409,3.0,1.0,Middlesex,Middlesex,4:15 P.M.,,0,2024,1537.6689841983261,1526.7335218740895,1513.2644524645618,1551.1380536078539,0.5868049484586542,0.41319505154134584,1.523386558105915,-3.0
2024-09-06,770,FINAL,Brookline,4059,4.0,1.0,Newton South,4280,0.0,0.0,Bay State,Dual County,4:00 P.M.,,0,2024,1476.233517082463,1469.2822664420685,1496.4528931851191,1449.0628903394124,0.5812331757473364,0.41876682425266365,1.4237812660098654,4.0
2024-09-06,778,FINAL,Wachusett,4400,4.0,2.0,Central Catholic,4081,4.0,2.0,Mid-Wach,Merrimack Valley,6:30 P.M.,,0,2024,1488.1167585412315,1535.6497243763056,1488.1167585412315,1535.6497243763056,0.5035502878893889,0.49644971211061106,0.06167585412314906,0.0
2024-09-06,802,FINAL,Pentucket,4309,2.0,1.0,Essex Tech,4745,1.0,0.0,Cape Ann,Cape Ann,4:00 P.M.,,0,2024,1500.0,1485.8761234391197,1508.499760077892,1477.3763633612277,0.5912479428959745,0.4087520571040255,1.6030969140220066,1.0
2024-09-06,813,FINAL,King Philip,4197,0.0,0.0,Franklin,4144,7.0,1.0,Hockomock,Hockomock,3:45 P.M.,,0,2024,1530.7177335579315,1533.3604763992728,1495.3006677243927,1568.7775422328116,0.5677336137876029,0.4322663862123971,1.1839314289664684,-7.0
2024-09-06,835,FINAL,Burlington,4065,0.0,0.0,Lexington,4209,1.0,1.0,Middlesex,Middlesex,4:15 P.M.,,0,2024,1466.6395236007272,1473.2664781259105,1454.9510537197834,1484.9549480068542,0.5620965844272486,0.43790341557275136,1.0843261368704191,-1.0
2024-09-06,842,FINAL,Lincoln-Sudbury,4211,4.0,1.0,Newton North,4279,0.0,0.0,Dual County,Bay State,4:30 P.M.,,0,2024,1500.0,1526.7610847784238,1522.5292159596029,1504.2318688188209,0.5333937025353577,0.46660629746464233,0.5809728805394059,4.0
2024-09-06,867,FINAL,Natick,4270,1.0,1.0,Weston,4423,0.0,0.0,Bay State,Dual County,4:00 P.M.,,0,2024,1523.766482917537,1482.1776520839403,1531.4846154317847,1474.4595195696925,0.6288362832256955,0.3711637167743045,2.289720770839915,1.0
2024-09-06,894,FINAL,Westford,4421,0.0,0.0,North Andover,4283,3.0,1.0,Dual County,Merrimack Valley,4:30 P.M.,,0,2024,1469.2822664420685,1500.0,1447.3349688507133,1521.9472975913552,0.5277209565993726,0.47227904340062743,0.4820566610517119,-3.0
2024-09-06,914,FINAL,Grafton,4153,0.0,0.0,Shrewsbury,4348,4.0,1.0,SWCL,Mid-Wach,3:30 P.M.,,0,2024,1560.5026123084897,1488.1167585412315,1528.1921716794943,1520.427199170227,0.6691868504603001,0.33081314953969987,3.0596463441814534,-4.0
2024-09-06,950,FINAL,Weymouth,4425,0.0,0.0,Silver Lake,4349,5.0,1.0,Bay State,Patriot,4:00 P.M.,,0,2024,1458.8907387656348,1485.8761234391197,1430.236616641504,1514.5302455632504,0.5330723350658174,0.4669276649341826,0.5753653831628753,-5.0
2024-09-06,956,FINAL,Winchester,4434,10.0,1.0,Stoneham,4380,1.0,0.0,Middlesex,Middlesex,4:15 P.M.,,0,2024,1535.6497243763056,1526.7335218740895,1564.3871073544435,1497.9961388959516,0.5839837716084758,0.4160162283915242,1.472905062555401,9.0
2024-09-06,673,FINAL,Uxbridge,4398,8.0,1.0,Acton-Boxborough,4003,0.0,0.0,SWCL,Dual County,6:00 P.M.,,0,2024,1500.0,1500.0,1528.2477531217605,1471.7522468782395,0.5714631174083814,0.4285368825916186,1.25,8.0
2024-09-06,1438,FINAL,Agawam,4004,2.0,0.0,Frontier,4146,3.0,1.0,Suburban,Suburban,4:00 P.M.,,0,2024,1533.3604763992728,1523.03505051891,1521.1759213671996,1535.2196055509833,0.5859532373403511,0.4140467626596489,1.5081356470090668,-1.0
2024-09-06,1446,FINAL,Hampshire,4518,0.0,0.0,Amherst-Pelham,4008,3.0,1.0,County,County,5:30 P.M.,,0,2024,1464.3502756236944,1523.03505051891,1444.0755456381858,1543.3097805044188,0.4875042067576006,0.5124957932423995,-0.21711937238039242,-3.0
2024-09-06,1474,FINAL,Canton,4071,3.0,1.0,Foxborough,4142,2.0,0.0,Hockomock,Hockomock,3:45 P.M.,,0,2024,1520.691105171578,1523.03505051891,1529.6710554088988,1514.0551002815894,0.5681556775062613,0.4318443224937387,1.1914013663166998,1.0
2024-09-06,1482,FINAL,Dennis-Yarmouth,4111,2.0,1.0,Dartmouth,4105,1.0,0.0,Cape &#38; Islands,Southeast,4:00 P.M.,,0,2024,1491.0888260419702,1523.03505051891,1500.9462499834544,1513.1776265774258,0.5259581121226781,0.47404188787732193,0.451344388076501,1.0
2024-09-06,1486,FINAL,Doherty,4116,11.0,1.0,Burncoat,4066,0.0,0.0,Inter-High,Inter-High,3:30 P.M.,,0,2024,1542.6009750167,1473.2664781259105,1567.552900005162,1448.3145531374485,0.6652868899442592,0.3347131100557408,2.983362422269738,11.0
2024-09-06,1503,FINAL,Everett,4132,1.0,0.0,Hamilton-Wenham,4163,3.0,1.0,Greater Boston,Cape Ann,4:15 P.M.,,0,2024,1500.0,1500.0,1481.165507900837,1518.834492099163,0.5714631174083814,0.4285368825916186,1.25,-2.0
2024-09-06,1508,FINAL,Fitchburg,4139,0.0,0.0,Littleton,4212,3.0,1.0,Mid-Wach,Mid-Wach,4:00 P.M.,,0,2024,1482.1776520839403,1481.165507900837,1458.3518535310802,1504.991306453697,0.5728893569571772,0.42711064304282276,1.2753036045775843,-3.0
2024-09-06,1534,FINAL,Holyoke,4176,1.0,0.0,Greenfield,4157,11.0,1.0,County,Suburban,4:30 P.M.,,0,2024,1500.0,1476.96494948109,1456.5800204886839,1520.384928992406,0.603584596373199,0.39641540362680106,1.8258762629727527,-10.0
2024-09-06,1543,FINAL,Hopkinton,4180,0.0,0.0,Dedham,4108,2.0,1.0,Tri-Valley,Tri-Valley,5:45 P.M.,,0,2024,1479.308894828422,1523.03505051891,1462.5321687232465,1539.8117766240855,0.5090278065101678,0.49097219348983223,0.15684610773779467,-2.0
2024-09-06,1557,FINAL,Longmeadow,4214,7.0,1.0,West Springfield,4417,0.0,0.0,Suburban,Suburban,4:00 P.M.,,0,2024,1518.834492099163,1466.6395236007272,1541.1071356418379,1444.3668800580524,0.6429707512610592,0.3570292487389408,2.5548742124608963,7.0
2024-09-06,1578,FINAL,Oliver Ames,4302,4.0,1.0,Mansfield,4230,1.0,0.0,Hockomock,Hockomock,3:45 P.M.,,0,2024,1466.6395236007272,1469.2822664420685,1484.6169772119647,1451.304812830831,0.5677336137876029,0.4322663862123971,1.1839314289664684,3.0
2024-09-06,675,FINAL,Concord-Carlisle,4097,7.0,1.0,Wayland,4411,1.0,0.0,Dual County,Dual County,4:30 P.M.,,0,2024,1500.0,1500.0,1525.0168280723867,1474.9831719276133,0.5714631174083814,0.4285368825916186,1.25,6.0
2024-09-07,5700,UPCOMING,Deerfield,4110,,,Frontier,4146,,,Independent,Suburban,2:00 P.M.,,0,2024,1470.9199797408194,1664.180630831072,,,0.30477227422536607,0.695227725774634,-3.5815162772563154,
2024-09-07,12087,FINAL,Longmeadow,4214,3.0,1.0,Newman School,4277,0.0,0.0,Suburban,MBIL,,,0,2024,1541.1071356418379,1500.0,1556.5703261051917,1484.5368095366462,0.6281888633699624,0.3718111366300376,2.277678391045947,3.0
2024-09-07,2580,FINAL,Durfee,4122,0.0,0.0,Somerset Berkley,4350,7.0,1.0,Big Three,South Coast,11:00 A.M.,,0,2024,1529.602279129608,1529.602279129608,1493.9525547533024,1565.2520035059135,0.5714631174083814,0.4285368825916186,1.25,-7.0
2024-09-07,2552,FINAL,Lowell,4216,6.0,1.0,Revere,4329,2.0,0.0,Merrimack Valley,Greater Boston,9:00 A.M.,,0,2024,1524.072673003841,1500.0,1543.1438904791096,1480.9287825247313,0.6050128779343917,0.39498712206560826,1.851816825096023,4.0
2024-09-07,1527,FINAL,Falmouth,4134,0.0,0.0,Hingham,4171,5.0,1.0,Cape &#38; Islands,Patriot,1:30 P.M.,,0,2024,1535.6497243763056,1535.7320871276838,1504.938232169637,1566.4435793343523,0.5713470052595844,0.4286529947404156,1.247940931215544,-5.0
2024-09-07,1497,FINAL,Duxbury,4123,3.0,1.0,Nauset,4271,0.0,0.0,Patriot,Cape &#38; Islands,1:00 P.M.,,0,2024,1546.0082535240206,1491.689547092604,1560.740172196672,1476.9576284199527,0.645772233136439,0.35422776686356106,2.607967660785414,3.0
2024-09-07,745,FINAL,Bishop Feehan,4042,2.0,0.0,Walpole,4404,4.0,1.0,Catholic Central,Bay State,3:00 P.M.,,0,2024,1511.8832414587685,1535.6497243763056,1494.1621369048694,1553.3708289302047,0.5376814834704797,0.4623185165295203,0.6558379270615717,-2.0
2024-09-07,2710,FINAL,Whitman-Hanson,4427,0.0,0.0,Nantucket,4265,3.0,1.0,Patriot,Cape &#38; Islands,1:00 P.M.,,0,2024,1500.0,1481.3912685530813,1475.1518296167244,1506.239438936357,0.5974722031185936,0.4025277968814064,1.715218286172967,-3.0
2024-09-09,2741,FINAL,Dedham,4108,6.0,1.0,Ashland,4015,0.0,0.0,Tri-Valley,Tri-Valley,4:30 P.M.,,0,2024,1539.8117766240855,1442.5148566036883,1557.3174739503636,1425.0091592774102,0.7001283720666385,0.29987162793336153,3.6824230005099308,6.0
2024-09-09,4822,FINAL,Pentucket,4309,1.0,0.0,North Reading,4288,2.0,1.0,Cape Ann,Cape Ann,4:30 P.M.,,0,2024,1508.499760077892,1532.6081868023891,1497.3291634449115,1543.7787834353696,0.5371921455390589,0.4628078544609411,0.647289331887572,-1.0
2024-09-09,4801,FINAL,Triton,4395,0.0,0.0,Newburyport,4276,5.0,1.0,Cape Ann,Cape Ann,4:00 P.M.,,0,2024,1462.681197659328,1509.4670555849134,1435.5561780138705,1536.592075230371,0.5046253903180413,0.4953746096819587,0.08035355186036668,-5.0
2024-09-09,4787,FINAL,Medway,4243,3.0,1.0,Bellingham,4033,0.0,0.0,Tri-Valley,Tri-Valley,3:30 P.M.,,0,2024,1488.1167585412315,1504.321213121337,1506.8948274461482,1485.5431442164204,0.5484828852234266,0.4515171147765734,0.8448886354973638,3.0
2024-09-09,4753,FINAL,Lunenburg,4219,0.0,0.0,Groton-Dunstable,4160,2.0,1.0,Mid-Wach,Mid-Wach,5:30 P.M.,,0,2024,1526.1153671577154,1509.1867685930092,1506.50039149313,1528.8017442575945,0.5951440093078784,0.40485599069212164,1.6732149641176535,-2.0
2024-09-09,2784,FINAL,Manchester Essex,4229,4.0,1.0,Danvers,4103,0.0,0.0,Cape Ann,Northeastern,4:00 P.M.,,0,2024,1549.1167346850405,1455.7447490367676,1563.825540413675,1441.035943308133,0.6953635051716248,0.3046364948283752,3.58429964120682,4.0
2024-09-09,2801,FINAL,Medfield,4241,2.0,1.0,Dover-Sherborn,4118,0.0,0.0,Tri-Valley,Tri-Valley,4:00 P.M.,,0,2024,1511.8832414587685,1518.834492099163,1526.3309698305623,1504.3867637273693,0.561637030011461,0.43836296998853896,1.0762187339901346,2.0
2024-09-09,2771,FINAL,Blackstone Valley,4046,1.0,2.0,Hopedale,4507,1.0,2.0,Colonial,Dual Valley,3:30 P.M.,,0,2024,1531.7697537746444,1540.9225047367042,1531.7697537746444,1540.9225047367042,0.5585145648895692,0.4414854351104308,1.0211812259485042,0.0
2024-09-09,2766,FINAL,Northeast,4293,0.0,0.0,Bishop Fenwick,4043,6.0,1.0,Independent,Catholic Central,4:00 P.M.,,0,2024,1500.0,1470.186802947893,1464.2216170994006,1505.9651858484924,0.6128817221762753,0.38711827782372465,1.9953299263026736,-6.0
2024-09-09,2753,FINAL,Bay Path/David Prouty,4027,0.0,0.0,Monty Tech,4259,1.0,1.0,Colonial,Colonial,3:45 P.M.,,0,2024,1480.113487684124,1511.6588492102708,1469.1645332115568,1522.607803682838,0.5265334106830604,0.47346658931693963,0.4613659618463316,-1.0
2024-09-09,2748,FINAL,Oakmont,4299,5.0,1.0,Auburn,4019,0.0,0.0,Mid-Wach,SWCL,7:00 P.M.,,0,2024,1481.165507900837,1524.9313587221877,1507.5596998858737,1498.537166737151,0.5089706991305758,0.4910293008694242,0.1558537294662301,5.0
2024-09-09,2805,FINAL,Turners Falls,4396,0.0,0.0,East Longmeadow,4127,7.0,1.0,Valley,Valley,6:00 P.M.,,0,2024,1466.6369596906495,1557.2296601569035,1439.0731235987982,1584.7934962487548,0.4418467737509997,0.5581532262490003,-1.0148175116563494,-7.0
2024-09-09,4836,FINAL,Notre Dame (Worcester),4451,1.0,0.0,Sutton,4512,4.0,1.0,Central Mass.,Dual Valley,3:45 P.M.,,0,2024,1488.1167585412315,1529.7798314997192,1466.8234642937605,1551.0731257471903,0.5119955002502649,0.48800449974973514,0.20842317603780885,-3.0
2024-09-09,4881,FINAL,Oxford,4303,0.0,0.0,Tantasqua,4387,2.0,1.0,SWCL,SWCL,3:30 P.M.,,0,2024,1469.0996668211183,1464.3502756236944,1450.04495253346,1483.4049899113527,0.5781449465597774,0.42185505344022256,1.3687347799355962,-2.0
2024-09-09,4877,FINAL,Wareham/Bourne,4407,0.0,0.0,Seekonk,4344,5.0,1.0,Mayflower,South Coast,3:45 P.M.,,0,2024,1476.96494948109,1476.96494948109,1446.2472159231584,1507.6826830390214,0.5714631174083814,0.4285368825916186,1.25,-5.0
2024-09-09,4902,FINAL,Worcester Tech/Worcester North,4445,0.0,0.0,North Brookfield,4508,8.0,1.0,Colonial,Colonial,3:30 P.M.,,0,2024,1474.9831719276133,1485.8761234391197,1438.3306258837226,1522.5286694830104,0.5560430860815925,0.4439569139184075,0.9776762122123387,-8.0
2024-09-09,4906,FINAL,Amesbury,4007,0.0,0.0,Hamilton-Wenham,4163,3.0,1.0,Cape Ann,Cape Ann,4:00 P.M.,,0,2024,1453.821289254208,1518.834492099163,1433.924872269128,1538.7309090842432,0.47840770193056764,0.5215922980694323,-0.37533007112387506,-3.0
2024-09-09,4912,FINAL,Blackstone-Millville,4486,0.0,0.0,Quaboag,4510,4.0,1.0,Dual Valley,SWCL,3:45 P.M.,,0,2024,1454.0400390345344,1500.0,1429.6177608058679,1524.4222782286665,0.5058138215001737,0.49418617849982627,0.10100097586336006,-4.0
2024-09-09,4921,FINAL,Narragansett,4266,2.0,1.0,Bromfield,4505,0.0,0.0,Mid-Wach,Mid-Wach,4:00 P.M.,,0,2024,1486.6244569880264,1514.1238765608803,1502.0379079348047,1498.710425614102,0.5323357443517924,0.46766425564820757,0.5625145106786533,2.0
2024-09-09,4936,FINAL,Tahanto,4513,0.0,0.0,Clinton,4093,6.0,1.0,Mid-Wach,Mid-Wach,3:30 P.M.,,0,2024,1500.0,1557.4851433963117,1471.4400900713447,1586.045053324967,0.4892296790188444,0.5107703209811556,-0.18712858490779355,-6.0
2024-09-09,5703,FINAL,Gardner,4147,2.0,0.0,Maynard,4239,7.0,1.0,Mid-Wach,Mid-Wach,3:30 P.M.,,0,2024,1469.2822664420685,1520.691105171578,1442.5148566036883,1547.4585150099583,0.497972529201748,0.5020274707982519,-0.03522096823774064,-5.0
2024-09-09,5719,FINAL,Rockport,4490,0.0,0.0,Ipswich,4190,3.0,1.0,Cape Ann,Cape Ann,4:00 P.M.,,0,2024,1506.6178269452778,1521.1618826734052,1483.7086689766427,1544.0710406420403,0.5508488098715301,0.44915119012846993,0.8863986067968141,-3.0
2024-09-09,5745,FINAL,St. John Paul II,4689,8.0,1.0,Mashpee,4237,2.0,0.0,Cape &#38; Islands,South Shore,5:30 P.M.,,0,2024,1529.001558078974,1439.791711681193,1547.083079886101,1421.7101898740661,0.6902645305265024,0.3097354694734976,3.480246159944528,6.0
2024-09-09,5752,FINAL,Mohawk Trail,4258,0.0,0.0,Smith Academy,4538,3.0,1.0,Valley,Valley,4:00 P.M.,,0,2024,1448.5387840409244,1531.0557292567075,1429.6848822616803,1549.9096310359516,0.45334050997205316,0.5466594900279469,-0.8129236303945788,-3.0
2024-09-09,5756,FINAL,Monomoy,4706,10.0,1.0,Sturgis East,4456,0.0,0.0,Cape &#38; Islands,Cape &#38; Islands,4:00 P.M.,,0,2024,1527.5199054049485,1523.03505051891,1557.893553025614,1492.6614028982447,0.5777735032158838,0.42222649678411617,1.3621213721509604,10.0
2024-09-09,9102,FINAL,Methuen,4246,0.0,0.0,Lowell,4216,1.0,1.0,Merrimack Valley,Merrimack Valley,4:00 P.M.,,0,2024,1470.1138842834343,1543.1438904791096,1460.4048550132818,1552.8529197492621,0.46690561266315733,0.5330943873368427,-0.5757501548918811,-1.0
2024-09-09,9714,FINAL,Framingham,4143,0.0,0.0,Natick,4270,9.0,1.0,Bay State,Bay State,,,0,2024,1443.6366360919683,1531.4846154317847,1412.8455369315661,1562.275714592187,0.4457468152366183,0.5542531847633817,-0.9461994834954112,-9.0
2024-09-09,4863,FINAL,St. Mary’s,4374,1.0,1.0,Weston,4423,0.0,0.0,Catholic Central,Dual County,4:30 P.M.,,0,2024,1500.6343861645355,1474.4595195696925,1508.7878551600422,1466.3060505741857,0.6079010238046895,0.39209897619531053,1.9043716648710756,1.0
2024-09-09,2711,FINAL,Pembroke,4308,3.0,1.0,Whitman-Hanson,4427,2.0,0.0,Patriot,Patriot,4:00 P.M.,,0,2024,1461.90455603451,1475.1518296167244,1471.2060016307953,1465.8503840204392,0.5526950188380226,0.44730498116197737,0.9188181604446413,1.0
2024-09-09,4814,FINAL,Quabbin,4325,3.0,1.0,North Middlesex,4286,1.0,0.0,Mid-Wach,Mid-Wach,4:00 P.M.,,0,2024,1517.6447955459485,1511.8832414587685,1531.5016362274528,1498.0264007772641,0.5795653351525403,0.4204346648474597,1.3940388521795,2.0
2024-09-09,2685,FINAL,Mahar,4226,0.0,0.0,Westfield,4419,7.0,1.0,Valley,Valley,4:00 P.M.,,0,2024,1458.512412528564,1549.725733536595,1431.0035285326312,1577.2346175325279,0.440965894681357,0.559034105318643,-1.0303330252007754,-7.0
2024-09-09,753,FINAL,Weymouth,4425,0.0,0.0,Braintree,4051,10.0,1.0,Bay State,Bay State,4:00 P.M.,,0,2024,1430.236616641504,1464.3502756236944,1392.6246919872046,1501.9622002779938,0.5228463628217032,0.47715363717829684,0.39715852544524066,-10.0
2024-09-09,729,FINAL,Wakefield,4402,0.0,0.0,Belmont,4034,6.0,1.0,Middlesex,Middlesex,4:15 P.M.,,0,2024,1497.145030750514,1513.2644524645618,1465.119001943414,1545.2904812716617,0.5486041038884826,0.4513958961115174,0.847014457148805,-6.0
2024-09-09,720,FINAL,Sandwich,4340,7.0,1.0,Barnstable,4024,0.0,0.0,South Shore,Cape &#38; Islands,4:00 P.M.,,0,2024,1526.7335218740895,1527.592032201445,1553.5425700337073,1500.7829840418271,0.5702524352129564,0.42974756478704357,1.228537241816116,7.0
2024-09-09,683,FINAL,Acton-Boxborough,4003,0.0,0.0,Algonquin,4005,2.0,1.0,Dual County,Mid-Wach,4:00 P.M.,,0,2024,1471.7522468782395,1548.2089054277228,1456.5255059515646,1563.4356463543977,0.46199922950479166,0.5380007704952083,-0.6614164637370834,-2.0
2024-09-09,771,FINAL,Brookline,4059,2.0,1.0,Needham,4272,1.0,0.0,Bay State,Bay State,4:00 P.M.,,0,2024,1496.4528931851191,1541.1092612343652,1506.6902022728593,1530.871952146625,0.5076894982356518,0.4923105017643482,0.13359079876884722,1.0
2024-09-09,779,FINAL,North Andover,4283,0.0,0.0,Central Catholic,4081,7.0,1.0,Merrimack Valley,Merrimack Valley,4:00 P.M.,,0,2024,1521.9472975913552,1535.6497243763056,1487.5088019842008,1570.08821998346,0.5520471869790908,0.44795281302090917,0.9074393303762406,-7.0
2024-09-09,786,FINAL,Westford,4421,0.0,0.0,Chelmsford,4085,2.0,1.0,Dual County,Merrimack Valley,4:00 P.M.,,0,2024,1447.3349688507133,1500.0,1430.9821868814984,1516.352781969215,0.4961647870951795,0.5038352129048205,-0.06662577873216832,-2.0
2024-09-09,803,FINAL,Lynnfield,4223,2.0,1.0,Essex Tech,4745,1.0,0.0,Cape Ann,Cape Ann,4:00 P.M.,,0,2024,1509.3674365142497,1477.3763633612277,1517.3555707044582,1469.3882291710192,0.6158519472610229,0.3841480527389771,2.0497768288255487,1.0
2024-09-09,836,FINAL,Lexington,4209,7.0,1.0,Woburn,4438,0.0,0.0,Middlesex,Middlesex,4:15 P.M.,,0,2024,1484.9549480068542,1445.403713817465,1508.280385196945,1422.0782766273742,0.6260945271032134,0.37390547289678655,2.2387808547347334,7.0
2024-09-09,855,FINAL,Marshfield,4234,3.0,1.0,Plymouth North,4315,0.0,0.0,Patriot,Patriot,4:00 P.M.,,0,2024,1500.0,1463.1058094310613,1515.699489371975,1447.4063200590863,0.6225070756427099,0.3774929243572901,2.172354764223468,3.0
2024-09-09,884,FINAL,Wellesley,4413,7.0,1.0,Newton North,4279,0.0,0.0,Bay State,Bay State,4:00 P.M.,,0,2024,1535.8233986352832,1504.2318688188209,1559.8217541984886,1480.2335132556154,0.615307682660814,0.38469231733918596,2.0397882454115575,7.0
2024-09-09,915,FINAL,Wachusett,4400,6.0,1.0,Shrewsbury,4348,0.0,0.0,Mid-Wach,Mid-Wach,6:30 P.M.,,0,2024,1488.1167585412315,1520.427199170227,1515.8205637561932,1492.7233939552652,0.5254353474232263,0.4745646525767737,0.4422389842751159,6.0
2024-09-09,933,FINAL,Walpole,4404,6.0,1.0,Milton,4252,1.0,0.0,Bay State,Bay State,4:00 P.M.,,0,2024,1553.3708289302047,1481.9989492807765,1571.222481815302,1464.1472963956792,0.6678934274440975,0.3321065725559025,3.0342969912357036,5.0
2024-09-09,1461,FINAL,Brockton,4058,0.0,0.0,Martha’s Vineyard,4235,2.0,1.0,Big Three,Cape &#38; Islands,4:30 P.M.,,0,2024,1500.0,1464.3502756236944,1479.5387135081571,1484.8115621155373,0.620822186404171,0.379177813595829,2.1412431094076396,-2.0
2024-09-09,1487,FINAL,St. Paul,4954,0.0,0.0,Doherty,4116,7.0,1.0,Central Mass.,Inter-High,3:30 P.M.,,0,2024,1509.4318933274835,1567.552900005162,1478.9692146996374,1598.015578633008,0.4883150598731975,0.5116849401268024,-0.2030251669419613,-7.0
2024-09-09,877,FINAL,New Bedford,4273,3.0,1.0,Old Rochester,4301,2.0,0.0,Big Three,South Coast,4:00 P.M.,,0,2024,1476.96494948109,1470.397720870392,1485.6841515332521,1461.6785188182298,0.5806950146278884,0.4193049853721116,1.414180715267446,1.0
2024-09-09,1504,FINAL,Greater Lowell,4155,0.0,0.0,Everett,4132,3.0,1.0,Independent,Greater Boston,4:30 P.M.,,0,2024,1445.2095934382273,1481.165507900837,1423.57508101863,1502.8000203204342,0.5202000629967268,0.47979993700327317,0.35110213843476,-3.0
2024-09-09,2663,FINAL,Westborough,4418,4.0,0.0,Marlborough,4233,5.0,1.0,Mid-Wach,Mid-Wach,4:00 P.M.,,0,2024,1500.0,1466.6395236007272,1487.154974275677,1479.4845493250502,0.617715163752399,0.382284836247601,2.0840119099818195,-1.0
2024-09-09,1498,FINAL,Plymouth South,4316,0.0,0.0,Duxbury,4123,10.0,1.0,Patriot,Patriot,4:00 P.M.,,0,2024,1482.1776520839403,1560.740172196672,1449.1595275864233,1593.7582966941889,0.45898758065143347,0.5410124193485666,-0.7140630028182897,-10.0
2024-09-09,2591,FINAL,Burncoat,4066,0.0,0.0,South High,4962,1.0,1.0,Inter-High,Independent,3:30 P.M.,,0,2024,1448.3145531374485,1457.3990249833,1436.698553998296,1469.0150241224526,0.5586114784341922,0.44138852156580777,1.0228882038537108,-1.0
2024-09-09,2567,FINAL,Littleton,4212,1.0,2.0,Shepherd Hill,4347,1.0,2.0,Mid-Wach,Mid-Wach,4:00 P.M.,,0,2024,1504.991306453697,1485.8761234391197,1504.991306453697,1485.8761234391197,0.5981731473984765,0.4018268526015235,1.7278795753644318,0.0
2024-09-09,2555,FINAL,Hanover,4164,1.0,0.0,Scituate,4343,3.0,1.0,Patriot,Patriot,4:00 P.M.,,0,2024,1517.8223479160597,1514.1238765608803,1498.8162849923256,1533.1299394846144,0.5766688005640249,0.4233311994359751,1.342461783879486,-2.0
2024-09-09,2536,FINAL,Concord-Carlisle,4097,0.0,0.0,Reading,4328,2.0,1.0,Dual County,Middlesex,4:30 P.M.,,0,2024,1525.0168280723867,1554.105646609206,1507.5470033860267,1571.5754712955659,0.5300573237272924,0.4699426762727076,0.5227795365795203,-2.0
2024-09-09,1632,FINAL,Southwick,4519,3.0,1.0,Northampton,4291,1.0,0.0,Valley,Valley,4:30 P.M.,,0,2024,1459.3502772615566,1517.721104553899,1476.2264207014384,1500.8449611140172,0.48795574156128074,0.5120442584387193,-0.20927068230856208,2.0
2024-09-09,2604,FINAL,Southeastern,4358,1.0,0.0,Fairhaven,4133,5.0,1.0,Mayflower,South Coast,3:30 P.M.,,0,2024,1500.0,1452.276816777453,1469.2417096127365,1483.0351071647165,0.6370400114978616,0.3629599885021384,2.4430795805636762,-4.0
2024-09-09,1550,FINAL,Nashoba,4267,3.0,1.0,Leominster,4208,0.0,0.0,Mid-Wach,Mid-Wach,6:30 P.M.,,0,2024,1530.7177335579315,1488.1167585412315,1546.0974852703002,1472.7370068288628,0.6301951412410353,0.36980485875896474,2.3150243754174995,3.0
2024-09-09,1566,FINAL,Malden,4227,0.0,0.0,Saugus,4341,3.0,1.0,Greater Boston,Northeastern,4:00 P.M.,,0,2024,1500.0,1478.4963999759282,1474.985427074203,1503.5109729017252,0.6014733385000444,0.39852666149995564,1.7875900006017957,-3.0
2024-09-09,1509,FINAL,Tyngsborough/Dracut,4397,7.0,1.0,Fitchburg,4139,0.0,0.0,Mid-Wach,Mid-Wach,4:00 P.M.,,0,2024,1500.1806679212405,1458.3518535310802,1523.3149545919935,1435.2175668603272,0.629158659395568,0.37084134060443197,2.295720359754006,7.0
2024-09-09,1519,FINAL,Nipmuc,4281,1.0,2.0,Grafton,4153,1.0,2.0,Dual Valley,SWCL,3:30 P.M.,,0,2024,1552.9513529229116,1528.1921716794943,1552.9513529229116,1528.1921716794943,0.6059568697926095,0.39404313020739046,1.8689795310854322,0.0
2024-09-09,2702,FINAL,Norwood,4297,6.0,1.0,Westwood,4424,3.0,0.0,Tri-Valley,Tri-Valley,4:30 P.M.,,0,2024,1547.4585150099583,1551.4401193210713,1565.5146711612433,1533.3839631697863,0.5658412177170707,0.43415878228292926,1.150459892222176,3.0
2024-09-09,1535,FINAL,West Springfield,4417,1.0,0.0,Holyoke,4176,3.0,1.0,Suburban,County,7:00 P.M.,,0,2024,1444.3668800580524,1456.5800204886839,1426.1024641529532,1474.844436393783,0.5541662602749456,0.44583373972505436,0.944671489234213,-2.0
2024-09-09,1544,FINAL,Hopkinton,4180,4.0,1.0,Holliston,4174,2.0,0.0,Tri-Valley,Tri-Valley,4:00 P.M.,,0,2024,1462.5321687232465,1456.2425637179501,1476.364603620554,1442.4101288206427,0.5803058385569622,0.41969416144303784,1.4072401251324096,2.0
2024-09-09,1528,FINAL,Silver Lake,4349,0.0,0.0,Hingham,4171,4.0,1.0,Patriot,Patriot,4:00 P.M.,,0,2024,1514.5302455632504,1566.4435793343523,1490.521623568553,1590.4522013290498,0.49724651919806245,0.5027534808019376,-0.04783334427754653,-4.0
2024-09-10,1622,FINAL,Minnechaug,4254,6.0,1.0,Greenfield,4157,1.0,0.0,Suburban,Suburban,4:00 P.M.,,0,2024,1466.317078872387,1520.384928992406,1493.508131077219,1493.1938767875738,0.4941461605791158,0.5058538394208842,-0.10169625300047755,5.0
2024-09-10,5932,FINAL,Northbridge,4292,10.0,1.0,Oxford,4303,0.0,0.0,SWCL,SWCL,3:30 P.M.,,0,2024,1454.3775361062342,1450.04495253346,1484.7665673255867,1419.6559213141074,0.5775596545842431,0.4224403454157569,1.3583145893193547,10.0
2024-09-10,4951,FINAL,Palmer,4304,0.0,0.0,Franklin County Tech,4145,4.0,1.0,County,County,4:00 P.M.,,0,2024,1443.2893519035317,1511.2293389742003,1420.393236894469,1534.125453983263,0.4742052040275099,0.5257947959724901,-0.44849967676671554,-4.0
2024-09-10,4882,FINAL,Leicester,4207,0.0,0.0,Tantasqua,4387,3.0,1.0,SWCL,SWCL,3:30 P.M.,,0,2024,1512.5994845661928,1483.4049899113527,1487.145607052404,1508.8588674251414,0.6120363810089683,0.3879636189910317,1.979862366371003,-3.0
2024-09-10,4878,FINAL,Seekonk,4344,2.0,1.0,Joseph Case,4078,1.0,0.0,South Coast,South Coast,3:45 P.M.,,0,2024,1507.6826830390214,1527.032078050969,1517.1650260799329,1517.5497350100575,0.54399569062897,0.45600430937103,0.7662651247013116,1.0
2024-09-10,4869,FINAL,Sandwich,4340,7.0,1.0,East Bridgewater,4126,0.0,0.0,South Shore,South Shore,4:00 P.M.,,0,2024,1553.5425700337073,1502.2982800415205,1575.8936451994998,1479.947204875728,0.6417134966641644,0.35828650333583556,2.531107249804671,7.0
2024-09-10,2820,FINAL,Falmouth,4134,0.0,0.0,Nantucket,4265,1.0,1.0,Cape &#38; Islands,Cape &#38; Islands,3:15 P.M.,,0,2024,1504.938232169637,1506.239438936357,1493.093154864864,1518.0845162411301,0.5696278095514227,0.43037219044857733,1.2174698308320047,-1.0
2024-09-10,2812,FINAL,Fairhaven,4133,1.0,0.0,West Bridgewater,4415,6.0,1.0,South Coast,South Coast,3:30 P.M.,,0,2024,1483.0351071647165,1523.03505051891,1455.385359544055,1550.6847981395713,0.514387265618371,0.485612734381629,0.2500014161451588,-5.0
2024-09-10,2794,FINAL,Dennis-Yarmouth,4111,2.0,2.0,Notre Dame (Hingham),4449,2.0,2.0,Cape &#38; Islands,Independent,4:00 P.M.,,0,2024,1500.9462499834544,1500.0,1500.9462499834544,1500.0,0.5727965402761079,0.42720345972389207,1.2736562495863608,0.0
2024-09-10,2767,FINAL,Arlington Catholic,4014,0.0,0.0,Bishop Fenwick,4043,8.0,1.0,Catholic Central,Catholic Central,4:30 P.M.,,0,2024,1500.0,1505.9651858484924,1462.8866334755728,1543.0785523729196,0.5630340340452151,0.4369659659547849,1.1008703537876898,-8.0
2024-09-10,2736,FINAL,Apponequet,4011,3.0,1.0,Dighton-Rehoboth,4114,1.0,0.0,South Coast,South Coast,4:00 P.M.,,0,2024,1500.0,1491.0888260419702,1513.7114480037944,1477.3773780381757,0.5839767391030682,0.41602326089693176,1.4727793489507461,2.0
2024-09-10,4930,FINAL,Cohasset,4094,8.0,1.0,Carver,4077,0.0,0.0,South Shore,South Shore,4:30 P.M.,,0,2024,1532.0223827108462,1468.2062436149101,1554.5542762391403,1445.674350086616,0.6581764443394529,0.3418235556605471,2.8454034773984005,8.0
2024-09-10,1613,FINAL,Milford,4249,1.0,0.0,Stoughton,4381,2.0,1.0,Hockomock,Hockomock,4:00 P.M.,,0,2024,1484.0469022171458,1487.4982771700218,1472.264975750678,1499.2802036364894,0.566590896176379,0.43340910382362097,1.1637156261781,-1.0
2024-09-10,1591,FINAL,Masconomet,4236,3.0,1.0,Swampscott,4383,1.0,0.0,Northeastern,Northeastern,4:30 P.M.,,0,2024,1500.3465192817443,1509.6203585653034,1514.9028239100999,1495.0640539369479,0.5583426844180366,0.4416573155819634,1.0181540179110242,2.0
2024-09-10,1604,FINAL,Mashpee,4237,2.0,0.0,Middleborough,4247,8.0,1.0,South Shore,South Shore,4:00 P.M.,,0,2024,1421.7101898740661,1465.0179698796815,1391.959382418197,1494.7687773355506,0.5096296878577565,0.49037031214224347,0.16730549985961715,-6.0
2024-09-10,737,FINAL,Saugus,4341,0.0,0.0,Beverly,4038,7.0,1.0,Northeastern,Northeastern,4:00 P.M.,,0,2024,1503.5109729017252,1526.7335218740895,1469.9201070314298,1560.3243877443851,0.5384597290026849,0.4615402709973151,0.6694362756908901,-7.0
2024-09-10,746,FINAL,Bishop Stang,4045,1.0,0.0,Bishop Feehan,4042,6.0,1.0,Catholic Central,Catholic Central,3:30 P.M.,,0,2024,1509.591882558846,1494.1621369048694,1477.7130738755015,1526.0409455882138,0.5930633962656223,0.4069366037343777,1.6357436413494155,-5.0
2024-09-10,814,FINAL,Franklin,4144,7.0,1.0,Foxborough,4142,0.0,0.0,Hockomock,Hockomock,,,0,2024,1568.7775422328116,1514.0551002815894,1590.842266290751,1491.99037622365,0.6463036891447492,0.3536963108552508,2.618061048780555,7.0
2024-09-10,828,FINAL,King Philip,4197,0.0,0.0,Oliver Ames,4302,3.0,1.0,Hockomock,Hockomock,6:00 P.M.,,0,2024,1495.3006677243927,1484.6169772119647,1470.9107524760677,1509.0068924602897,0.5864534962743431,0.41354650372565693,1.5170922628107006,-3.0
2024-09-10,898,FINAL,Peabody,4306,0.0,2.0,Danvers,4103,0.0,2.0,Northeastern,Northeastern,4:00 P.M.,,0,2024,1473.2664781259105,1441.035943308133,1473.2664781259105,1441.035943308133,0.6161780070411539,0.3838219929588461,2.055763370444436,0.0
2024-09-10,923,FINAL,Taunton,4388,0.0,0.0,North Attleborough,4284,4.0,1.0,Hockomock,Hockomock,3:45 P.M.,,0,2024,1456.4332302201285,1554.873352512619,1435.6358835967012,1575.6706991360463,0.4307372667760238,0.5692627332239761,-1.2110030573122628,-4.0
2024-09-10,711,FINAL,Attleboro,4018,3.0,1.0,Mansfield,4230,0.0,0.0,Hockomock,Hockomock,3:45 P.M.,,0,2024,1499.8406140893833,1451.304812830831,1514.890741973239,1436.2546849469754,0.6381209189536117,0.36187908104638833,2.463395031463807,3.0
2024-09-10,1447,FINAL,Holyoke,4176,3.0,0.0,Amherst-Pelham,4008,7.0,1.0,County,County,5:15 P.M.,,0,2024,1474.844436393783,1543.3097805044188,1451.9847258055968,1566.169491092605,0.4734512260787489,0.5265487739212511,-0.4616336027658917,-4.0
2024-09-10,1475,FINAL,Sharon,4345,0.0,0.0,Canton,4071,12.0,1.0,Hockomock,Hockomock,3:45 P.M.,,0,2024,1473.5814681002134,1529.6710554088988,1435.781505983456,1567.4710175256562,0.49123727669704526,0.5087627233029548,-0.1522396827171349,-12.0
2024-09-10,1520,FINAL,Grafton,4153,1.0,0.0,Uxbridge,4398,9.0,1.0,SWCL,SWCL,3:30 P.M.,,0,2024,1528.1921716794943,1528.2477531217605,1490.5283524481645,1565.9115723530904,0.571384761482313,0.428615238517687,1.2486104639433449,-8.0
2024-09-10,1559,FINAL,Longmeadow,4214,1.0,1.0,Frontier,4146,0.0,0.0,Suburban,Suburban,4:00 P.M.,,0,2024,1556.5703261051917,1535.2196055509833,1564.86184202339,1526.928089632785,0.6012623701121157,0.3987376298878843,1.7837680138552117,1.0
2024-09-10,1574,FINAL,Malden Catholic,4228,5.0,1.0,Stoneham,4380,0.0,0.0,Independent,Middlesex,4:00 P.M.,,0,2024,1571.582554227441,1497.9961388959516,1589.28254063771,1480.2961524856826,0.6707149831538745,0.32928501684612554,3.089660383287236,5.0
2024-09-10,938,FINAL,Bedford,4031,4.0,1.0,Waltham,4405,2.0,0.0,Dual County,Dual County,4:00 P.M.,,0,2024,1549.34940548015,1500.0,1561.2407275519697,1488.1086779281802,0.6392017397925355,0.3607982602074645,2.483735137003748,2.0
2024-09-10,1585,FINAL,Marblehead,4231,0.0,0.0,Gloucester,4150,5.0,1.0,Northeastern,Northeastern,4:30 P.M.,,0,2024,1510.8947745639596,1487.7702392594872,1478.4437973046947,1520.221216518752,0.6037078416789505,0.39629215832104947,1.8281133826118094,-5.0
2024-09-11,4823,FINAL,North Reading,4288,3.0,1.0,Manchester Essex,4229,1.0,0.0,Cape Ann,Cape Ann,4:30 P.M.,,0,2024,1543.7787834353696,1563.825540413675,1558.8407677426724,1548.7635561063723,0.54299970175517,0.45700029824483,0.748831075542364,2.0
2024-09-11,4815,FINAL,North Middlesex,4286,4.0,1.0,Oakmont,4299,3.0,0.0,Mid-Wach,Mid-Wach,4:00 P.M.,,0,2024,1498.0264007772641,1507.5596998858737,1507.2180659012156,1498.3680347619222,0.5579743436054453,0.4420256563945547,1.0116675222847618,1.0
2024-09-11,4802,FINAL,Newburyport,4276,5.0,1.0,Ipswich,4190,0.0,0.0,Cape Ann,Cape Ann,4:00 P.M.,,0,2024,1536.592075230371,1544.0710406420403,1560.1955146019516,1520.4676012704597,0.560888988785424,0.43911101121457596,1.0630258647082655,5.0
2024-09-11,4791,FINAL,Monty Tech,4259,1.0,1.0,St. Bernard’s,4365,0.0,0.0,Colonial,Central Mass.,4:00 P.M.,,0,2024,1522.607803682838,1452.5414849900417,1529.5484737875856,1445.600814885294,0.6662243219811492,0.3337756780188508,3.001657967319909,1.0
2024-09-11,4783,FINAL,Bellingham,4033,0.0,0.0,Medfield,4241,4.0,1.0,Tri-Valley,Tri-Valley,4:45 P.M.,,0,2024,1485.5431442164204,1526.3309698305623,1460.7616173699398,1551.1124966770428,0.5132542787148423,0.4867457212851577,0.23030435964645335,-4.0
2024-09-11,4768,FINAL,Hudson,4182,1.0,1.0,Littleton,4212,0.0,0.0,Mid-Wach,Mid-Wach,4:00 P.M.,,0,2024,1505.8308573192246,1504.991306453697,1514.717429015921,1496.1047347570006,0.5726462360890626,0.4273537639109374,1.27098877163819,1.0
2024-09-11,4772,FINAL,Marlborough,4233,4.0,1.0,Quabbin,4325,3.0,0.0,Mid-Wach,Mid-Wach,4:00 P.M.,,0,2024,1479.4845493250502,1531.5016362274528,1489.9421188292545,1521.0440667232485,0.4970972112177651,0.5029027887822348,-0.05042717256006313,1.0
2024-09-11,4761,FINAL,Pembroke,4308,1.0,0.0,Hanover,4164,5.0,1.0,Patriot,Patriot,4:00 P.M.,,0,2024,1471.2060016307953,1498.8162849923256,1445.5108330697346,1524.5114535533862,0.532176862546161,0.46782313745383897,0.5597429159617434,-4.0
2024-09-11,2806,FINAL,East Longmeadow,4127,9.0,1.0,Mahar,4226,0.0,0.0,Valley,Valley,7:00 P.M.,,0,2024,1584.7934962487548,1431.0035285326312,1601.1160670132138,1414.6809577681722,0.7637065862173387,0.23629341378266133,5.094749192903089,9.0
2024-09-11,2790,FINAL,Norwood,4297,4.0,1.0,Dedham,4108,0.0,0.0,Tri-Valley,Tri-Valley,4:00 P.M.,,0,2024,1565.5146711612433,1557.3174739503636,1585.6498072471109,1537.182337864496,0.5829778845912867,0.41702211540871326,1.4549299302719931,4.0
2024-09-11,4837,FINAL,St. Paul,4954,2.0,1.0,Notre Dame (Worcester),4451,1.0,0.0,Central Mass.,Central Mass.,3:30 P.M.,,0,2024,1478.9692146996374,1466.8234642937605,1487.5262587041007,1458.2664202892972,0.5884931683364035,0.4115068316635965,1.553643760146923,1.0
2024-09-11,4775,FINAL,Martha’s Vineyard,4235,0.0,0.0,Monomoy,4706,9.0,1.0,Cape &#38; Islands,Cape &#38; Islands,3:00 P.M.,,0,2024,1484.8115621155373,1557.893553025614,1452.5640101490187,1590.1411049921326,0.4668311291315786,0.5331688708684215,-0.577049772751917,-9.0
2024-09-11,4851,FINAL,Pentucket,4309,7.0,1.0,Rockport,4490,1.0,0.0,Cape Ann,Cape Ann,4:00 P.M.,,0,2024,1497.3291634449115,1483.7086689766427,1521.2318990448869,1459.8059333766673,0.590547459902343,0.40945254009765697,1.5905123617067205,6.0
2024-09-11,5928,FINAL,North Brookfield,4508,3.0,1.0,Bay Path/David Prouty,4027,0.0,0.0,Colonial,Colonial,3:30 P.M.,,0,2024,1522.5286694830104,1469.1645332115568,1537.3129059169298,1454.3802967776373,0.6445142568909074,0.35548574310909264,2.5841034067863404,3.0
2024-09-11,4922,FINAL,Tahanto,4513,0.0,0.0,Bromfield,4505,4.0,1.0,Mid-Wach,Mid-Wach,4:00 P.M.,,0,2024,1471.4400900713447,1498.710425614102,1445.72139954305,1524.4291161423967,0.5326640298785623,0.4673359701214377,0.5682416114310683,-4.0
2024-09-11,4931,FINAL,Carver,4077,1.0,0.0,Norwell,4296,2.0,1.0,South Shore,South Shore,4:00 P.M.,,0,2024,1445.674350086616,1534.9820301203185,1436.4484537900112,1544.2079264169233,0.4436718278289231,0.5563281721710769,-0.9826920008425646,-1.0
2024-09-11,4937,FINAL,Clinton,4093,6.0,1.0,Gardner,4147,0.0,0.0,Mid-Wach,Mid-Wach,4:00 P.M.,,0,2024,1586.045053324967,1442.5148566036883,1600.4710620723224,1428.088847856333,0.7528832672574184,0.2471167327425816,4.83825491803197,6.0
2024-09-11,5710,FINAL,Lynnfield,4223,6.0,1.0,Hamilton-Wenham,4163,0.0,0.0,Cape Ann,Cape Ann,4:00 P.M.,,0,2024,1517.3555707044582,1538.7309090842432,1544.1448430363237,1511.9416367523777,0.5411012451787485,0.45889875482125153,0.7156165405053742,6.0
2024-09-11,5736,FINAL,Lunenburg,4219,0.0,0.0,Tyngsborough/Dracut,4397,1.0,1.0,Mid-Wach,Mid-Wach,5:30 P.M.,,0,2024,1506.50039149313,1523.3149545919935,1495.1130997682906,1534.702246316833,0.5476129766860593,0.45238702331394065,0.8296359225284163,-1.0
2024-09-11,5748,FINAL,Narragansett,4266,0.0,0.0,Maynard,4239,3.0,1.0,Mid-Wach,Mid-Wach,4:00 P.M.,,0,2024,1502.0379079348047,1547.4585150099583,1480.9694265076223,1568.5269964371407,0.5065898945676233,0.49341010543237673,0.1144848231211597,-3.0
2024-09-11,6011,FINAL,Smith Academy,4538,4.0,1.0,Turners Falls,4396,1.0,0.0,Valley,Valley,4:00 P.M.,,0,2024,1549.9096310359516,1439.0731235987982,1561.7111915584278,1427.271563076322,0.7162324526578797,0.2837675473421203,4.020912685928835,3.0
2024-09-11,9246,FINAL,Holderness,4173,5.0,1.0,Tilton,4391,0.0,0.0,Independent,Independent,,,0,2024,1500.0,1500.0,1523.03505051891,1476.96494948109,0.5714631174083814,0.4285368825916186,1.25,5.0
2024-09-11,9256,FINAL,St. Paul’s,4375,2.0,2.0,Austin Prep,4020,2.0,2.0,Independent,Independent,,,0,2024,1500.0,1500.0,1500.0,1500.0,0.5714631174083814,0.4285368825916186,1.25,0.0
2024-09-11,9270,FINAL,Dana Hall,4102,2.0,0.0,Beaver Country Day,4030,5.0,1.0,EIL,EIL,,,0,2024,1500.0,1500.0,1476.233517082463,1523.766482917537,0.5714631174083814,0.4285368825916186,1.25,-3.0
2024-09-11,9371,FINAL,Dracut,4119,0.0,0.0,Andover,4009,6.0,1.0,Merrimack Valley,Merrimack Valley,,,0,2024,1500.0,1544.6093316935057,1470.3585049233463,1574.2508267701594,0.5077571728417803,0.49224282715821965,0.13476670766235657,-6.0
2024-09-11,9908,FINAL,Dexter Southfield,4113,2.0,1.0,Pingree,4312,0.0,0.0,Independent,EIL,,,0,2024,1500.0,1500.0,1514.1238765608803,1485.8761234391197,0.5714631174083814,0.4285368825916186,1.25,2.0
2024-09-11,2772,FINAL,Worcester Tech/Worcester North,4445,0.0,0.0,Blackstone Valley,4046,7.0,1.0,Colonial,Colonial,3:30 P.M.,,0,2024,1438.3306258837226,1531.7697537746444,1411.0186302948532,1559.0817493635138,0.43780978436492485,0.5621902156350751,-1.0859781972730445,-7.0
2024-09-11,4899,FINAL,Westford,4421,1.0,2.0,Weston,4423,1.0,2.0,Dual County,Dual County,4:00 P.M.,,0,2024,1430.9821868814984,1466.3060505741857,1430.9821868814984,1466.3060505741857,0.5211081048211242,0.47889189517887576,0.36690340768281543,0.0
2024-09-11,2742,FINAL,Ashland,4015,2.0,1.0,Holliston,4174,1.0,0.0,Tri-Valley,Tri-Valley,4:00 P.M.,,0,2024,1425.0091592774102,1442.4101288206427,1434.4336751649987,1432.9856129330542,0.5467765888732264,0.45322341112677356,0.8149757614191856,1.0
2024-09-11,804,FINAL,Essex Tech,4745,6.0,1.0,Amesbury,4007,0.0,0.0,Cape Ann,Cape Ann,4:00 P.M.,,0,2024,1469.3882291710192,1433.924872269128,1491.5383525549537,1411.7747488851935,0.6205696103236864,0.3794303896763136,2.1365839225472825,6.0
2024-09-11,2687,FINAL,Southwick,4519,1.0,0.0,Westfield,4419,3.0,1.0,Valley,Valley,4:00 P.M.,,0,2024,1476.2264207014384,1577.2346175325279,1462.1493674214532,1591.311670812513,0.42711620302528436,0.5728837969747156,-1.2752049207772358,-2.0
2024-09-11,878,FINAL,Joseph Case,4078,1.0,2.0,New Bedford,4273,1.0,2.0,South Coast,Big Three,4:00 P.M.,,0,2024,1517.5497350100575,1485.6841515332521,1517.5497350100575,1485.6841515332521,0.615681034307451,0.384318965692549,2.0466395869201337,0.0
2024-09-11,856,FINAL,Marshfield,4234,0.0,0.0,Duxbury,4123,6.0,1.0,Patriot,Patriot,4:00 P.M.,,0,2024,1515.699489371975,1593.7582966941889,1488.8629936099155,1620.5947924562483,0.4597076895711742,0.5402923104288258,-0.7014701830553463,-6.0
2024-09-11,837,FINAL,Wilmington,4432,1.0,0.0,Lexington,4209,2.0,1.0,Middlesex,Middlesex,4:15 P.M.,,0,2024,1443.2318571302897,1508.280385196945,1433.284703789038,1518.2275385381965,0.4783569598795265,0.5216430401204735,-0.3762132016663827,-1.0
2024-09-11,674,FINAL,Lincoln-Sudbury,4211,4.0,1.0,Acton-Boxborough,4003,2.0,0.0,Dual County,Dual County,4:00 P.M.,,0,2024,1522.5292159596029,1456.5255059515646,1533.7019751628657,1445.3527467483018,0.6610038767844724,0.33899612321552763,2.9000927502009572,2.0
2024-09-11,795,FINAL,Brockton,4058,0.0,0.0,Durfee,4122,8.0,1.0,Big Three,Big Three,6:30 P.M.,,0,2024,1479.5387135081571,1493.9525547533024,1443.2163330430096,1530.2749352184499,0.5510342583973588,0.44896574160264124,0.8896539688713687,-8.0
2024-09-11,787,FINAL,Chelmsford,4085,2.0,1.0,Methuen,4246,1.0,0.0,Merrimack Valley,Merrimack Valley,6:00 P.M.,,0,2024,1516.352781969215,1460.4048550132818,1523.6741913019807,1453.083445680516,0.647914635443356,0.35208536455664396,2.6486981738983273,1.0
2024-09-11,885,FINAL,Natick,4270,2.0,1.0,Newton North,4279,0.0,0.0,Bay State,Bay State,6:30 P.M.,,0,2024,1562.275714592187,1480.2335132556154,1572.7770886992025,1469.7321391485998,0.6813745784770362,0.3186254215229638,3.3010550334142863,2.0
2024-09-11,780,FINAL,Central Catholic,4081,6.0,1.0,Lowell,4216,0.0,0.0,Merrimack Valley,Merrimack Valley,7:00 P.M.,,0,2024,1570.08821998346,1552.8529197492621,1593.697792063413,1529.243347669309,0.5955693348017662,0.4044306651982338,1.6808825058549473,6.0
2024-09-11,762,FINAL,Bridgewater-Raynham,4053,0.0,0.0,St. John Paul II,4689,5.0,1.0,Southeast,Cape &#38; Islands,4:00 P.M.,,0,2024,1452.8789660682319,1547.083079886101,1429.403716340408,1570.5583296139248,0.43672621113476007,0.5632737888652399,-1.1051028454467258,-5.0
2024-09-11,684,FINAL,Leominster,4208,1.0,0.0,Algonquin,4005,5.0,1.0,Mid-Wach,Mid-Wach,7:00 P.M.,,0,2024,1472.7370068288628,1563.4356463543977,1451.4105196978971,1584.7621334853634,0.4416963828634979,0.5583036171365021,-1.0174659881383719,-4.0
2024-09-11,703,FINAL,Burlington,4065,1.0,0.0,Arlington,4013,3.0,1.0,Middlesex,Middlesex,4:15 P.M.,,0,2024,1454.9510537197834,1551.8361520513363,1440.68227082614,1566.1049349449797,0.4329335302005401,0.5670664697994598,-1.1721274582888213,-2.0
2024-09-11,721,FINAL,Dartmouth,4105,1.0,2.0,Barnstable,4024,1.0,2.0,Southeast,Cape &#38; Islands,4:00 P.M.,,0,2024,1513.1776265774258,1500.7829840418271,1513.1776265774258,1500.7829840418271,0.5888400890272207,0.41115991097277926,1.559866063389967,0.0
2024-09-11,754,FINAL,Needham,4272,6.0,1.0,Braintree,4051,1.0,0.0,Bay State,Bay State,4:00 P.M.,,0,2024,1530.871952146625,1501.9622002779938,1551.7470013942007,1481.0871510304182,0.6116471061715807,0.3883528938284193,1.9727437967157813,5.0
2024-09-11,2728,FINAL,Watertown,4409,7.0,1.0,Woburn,4438,0.0,0.0,Middlesex,Middlesex,4:15 P.M.,,0,2024,1551.1380536078539,1422.0782766273742,1567.5410136735363,1405.6753165616917,0.737061453970447,0.262938546029553,4.476494424511992,7.0
2024-09-11,772,FINAL,Brookline,4059,1.0,0.0,Wellesley,4413,4.0,1.0,Bay State,Bay State,4:00 P.M.,,0,2024,1506.6902022728593,1559.8217541984886,1486.0832087293281,1580.4287477420198,0.4954934565480572,0.5045065434519428,-0.07828879814073275,-3.0
2024-09-11,895,FINAL,North Andover,4283,6.0,1.0,Tewksbury,4389,1.0,0.0,Merrimack Valley,Merrimack Valley,4:00 P.M.,,0,2024,1487.5088019842008,1481.3683280777816,1510.0797710622348,1458.7973589997475,0.5800967435329861,0.4199032564670139,1.4035118476604793,5.0
2024-09-11,822,FINAL,Haverhill,4167,0.0,0.0,Everett,4132,2.0,1.0,Merrimack Valley,Greater Boston,4:00 P.M.,,0,2024,1464.3502756236944,1502.8000203204342,1447.3234539608172,1519.8268419833114,0.5166160327443435,0.48338396725565647,0.28875638258150504,-2.0
2024-09-11,916,FINAL,Shrewsbury,4348,1.0,0.0,Nashoba,4267,6.0,1.0,Mid-Wach,Mid-Wach,6:15 P.M.,,0,2024,1492.7233939552652,1546.0974852703002,1466.1080015208302,1572.7128777047353,0.4951444449163304,0.5048555550836695,-0.08435228287587507,-5.0
2024-09-11,2665,FINAL,Auburn,4019,0.0,0.0,Westborough,4418,3.0,1.0,SWCL,Mid-Wach,4:00 P.M.,,0,2024,1498.537166737151,1487.154974275677,1474.106709370596,1511.585431642232,0.5874283281563002,0.4125716718436998,1.5345548115368501,-3.0
2024-09-11,2627,FINAL,West Springfield,4417,0.0,0.0,Belchertown,4032,5.0,1.0,Suburban,County,4:00 P.M.,,0,2024,1426.1024641529532,1569.3253219538637,1406.2692473693346,1589.1585387374823,0.368970968187734,0.631029031812266,-2.330571445022764,-5.0
2024-09-11,2568,FINAL,Groton-Dunstable,4160,5.0,1.0,Shepherd Hill,4347,0.0,0.0,Mid-Wach,Mid-Wach,4:00 P.M.,,0,2024,1528.8017442575945,1485.8761234391197,1548.6563799978642,1466.02148769885,0.6306305602350418,0.3693694397649582,2.3231405204618683,5.0
2024-09-11,907,FINAL,Plymouth North,4315,0.0,0.0,Silver Lake,4349,3.0,1.0,Patriot,Patriot,4:00 P.M.,,0,2024,1447.4063200590863,1490.521623568553,1426.1999016425846,1511.7280419850547,0.5099065780750592,0.49009342192494076,0.17211741226333288,-3.0
2024-09-11,2557,FINAL,Scituate,4343,5.0,1.0,Plymouth South,4316,1.0,0.0,Patriot,Patriot,4:00 P.M.,,0,2024,1533.1299394846144,1449.1595275864233,1548.3980579404003,1433.8914091306374,0.683779487280861,0.316220512719139,3.3492602974547765,4.0
2024-09-11,2545,FINAL,Revere,4329,6.0,1.0,Northeast,4293,2.0,0.0,Greater Boston,Independent,5:00 P.M.,,0,2024,1480.9287825247313,1464.2216170994006,1500.4913308922378,1444.6590687318942,0.594836843008536,0.405163156991464,1.6676791356332672,4.0
2024-09-11,1633,FINAL,Northampton,4291,2.0,1.0,Mohawk Trail,4258,1.0,0.0,Valley,Valley,4:30 P.M.,,0,2024,1500.8449611140172,1429.6848822616803,1507.7565478999484,1422.7732954757491,0.6676229339754498,0.3323770660245502,3.0290019713084235,1.0
2024-09-11,2537,FINAL,Stoneham,4380,0.0,0.0,Reading,4328,4.0,1.0,Middlesex,Middlesex,4:15 P.M.,,0,2024,1480.2961524856826,1571.5754712955659,1459.0094574457535,1592.862166335495,0.44087224232082756,0.5591277576791724,-1.0319829702470826,-4.0
2024-09-11,1545,FINAL,Westwood,4424,2.0,1.0,Hopkinton,4180,0.0,0.0,Tri-Valley,Tri-Valley,5:30 P.M.,,0,2024,1533.3839631697863,1476.364603620554,1544.941793233435,1464.8067735569052,0.6493203233793317,0.35067967662066835,2.6754839887308095,2.0
2024-09-11,1529,FINAL,Hingham,4171,8.0,1.0,Whitman-Hanson,4427,1.0,0.0,Patriot,Patriot,4:00 P.M.,,0,2024,1590.4522013290498,1465.8503840204392,1607.1672974062149,1449.135287943274,0.7320579309054595,0.26794206909454055,4.365045432715266,7.0
2024-09-11,1510,FINAL,Fitchburg,4139,1.0,1.0,South High,4962,0.0,0.0,Mid-Wach,Independent,6:00 P.M.,,0,2024,1435.2175668603272,1469.0150241224526,1445.1302554442955,1459.1023355384843,0.523300444601075,0.47669955539892495,0.4050635684468659,1.0
2024-09-11,1488,FINAL,Burncoat,4066,0.0,0.0,Doherty,4116,8.0,1.0,Inter-High,Inter-High,3:30 P.M.,,0,2024,1436.698553998296,1598.015578633008,1413.9528328795373,1620.7612997517667,0.34506746000347743,0.6549325399965226,-2.782925615867805,-8.0
2024-09-11,951,FINAL,Milton,4252,7.0,1.0,Weymouth,4425,0.0,0.0,Bay State,Bay State,4:00 P.M.,,0,2024,1464.1472963956792,1392.6246919872046,1484.853178392397,1371.9188099904868,0.668085852512255,0.33191414748774495,3.038065110211863,7.0
2024-09-11,934,FINAL,Framingham,4143,0.0,0.0,Walpole,4404,13.0,1.0,Bay State,Bay State,4:00 P.M.,,0,2024,1412.8455369315661,1571.222481815302,1385.222343149678,1598.8456755971902,0.34890228254237093,0.6510977174576291,-2.7094236220933965,-13.0
2024-09-11,1596,FINAL,Melrose,4244,0.0,0.0,Winchester,4434,7.0,1.0,Middlesex,Middlesex,4:15 P.M.,,0,2024,1441.5858455917407,1564.3871073544435,1416.8360750864565,1589.1368778597277,0.3967374574568184,0.6032625425431817,-1.8200315440675694,-7.0
2024-09-12,4952,FINAL,Franklin County Tech,4145,2.0,1.0,Amherst-Pelham,4008,0.0,0.0,County,County,4:30 P.M.,,0,2024,1534.125453983263,1566.169491092605,1549.7537281890368,1550.5412168868313,0.5258177257808114,0.47418227421918857,0.4488990722664482,2.0
2024-09-12,4845,FINAL,Old Rochester,4301,0.0,2.0,Joseph Case,4078,0.0,2.0,South Coast,South Coast,3:45 P.M.,,0,2024,1461.6785188182298,1517.5497350100575,1461.6785188182298,1517.5497350100575,0.49155144489267544,0.5084485551073246,-0.14678040479569177,0.0
2024-09-12,4864,FINAL,Bishop Stang,4045,0.0,0.0,St. Mary’s,4374,4.0,1.0,Catholic Central,Catholic Central,3:30 P.M.,,0,2024,1477.7130738755015,1508.7878551600422,1452.2577850429745,1534.2431439925692,0.5272086740318063,0.47279132596819373,0.47313046788648305,-4.0
2024-09-12,4945,FINAL,East Bridgewater,4126,0.0,0.0,Cohasset,4094,4.0,1.0,South Shore,South Shore,4:30 P.M.,,0,2024,1479.947204875728,1554.5542762391403,1457.5126058510261,1576.9888752638421,0.4646466705628068,0.5353533294371933,-0.6151767840853097,-4.0
2024-09-12,5717,FINAL,Sutton,4512,4.0,1.0,Hopedale,4507,0.0,0.0,Dual Valley,Dual Valley,4:00 P.M.,,0,2024,1551.0731257471903,1540.9225047367042,1571.076390860002,1520.9192396238925,0.5857090860050874,0.4142909139949126,1.5037655252621505,4.0
2024-09-12,1536,POSTPONED,Holyoke,4176,,,Hampshire,4518,,,County,County,4:30 P.M.,,0,2024,1440.3839693752811,1443.9890037427217,,,0.5663736720564225,0.43362632794357747,1.1598741408139859,
2024-09-12,5740,FINAL,Southwick,4519,8.0,1.0,Mahar,4226,0.0,0.0,Valley,Valley,4:00 P.M.,,0,2024,1462.1493674214532,1414.6809577681722,1486.0968628947498,1390.7334622948756,0.6367008373456143,0.36329916265438567,2.436710241332025,8.0
2024-09-12,5933,FINAL,Uxbridge,4398,12.0,1.0,Oxford,4303,0.0,0.0,SWCL,SWCL,3:30 P.M.,,0,2024,1565.9115723530904,1419.6559213141074,1584.7031140716813,1400.8643795955165,0.755790607666054,0.244209392333946,4.906391275974573,12.0
2024-09-12,6018,FINAL,Westport,4461,10.0,1.0,Wareham/Bourne,4407,0.0,0.0,Mayflower,Mayflower,3:45 P.M.,,0,2024,1513.443167960064,1446.2472159231584,1537.7189772008546,1421.9714066823678,0.6625400406184776,0.3374599593815224,2.9298988009226434,10.0
2024-09-12,4796,FINAL,Sturgis East,4456,1.0,0.0,Nauset,4271,2.0,1.0,Cape &#38; Islands,Cape &#38; Islands,4:30 P.M.,,0,2024,1492.6614028982447,1476.9576284199527,1480.3210810531555,1489.297950265042,0.5934440376294691,0.40655596237053093,1.6425943619572991,-1.0
2024-09-12,5728,FINAL,Leicester,4207,0.0,0.0,Quaboag,4510,3.0,1.0,SWCL,SWCL,3:30 P.M.,,0,2024,1487.145607052404,1524.4222782286665,1465.5900261469699,1545.9778591341008,0.5183021612625113,0.4816978387374887,0.31808322059343935,-3.0
2024-09-12,4784,FINAL,Weston,4423,0.0,0.0,Medfield,4241,2.0,1.0,Dual County,Tri-Valley,4:15 P.M.,,0,2024,1466.3060505741857,1551.1124966770428,1451.4722666291357,1565.946280622093,0.4500764008697345,0.5499235991302656,-0.870161152571427,-2.0
2024-09-12,2785,FINAL,Danvers,4103,0.0,0.0,Swampscott,4383,1.0,1.0,Northeastern,Northeastern,4:00 P.M.,,0,2024,1441.035943308133,1495.0640539369479,1430.759273702955,1505.340723542126,0.4942033425414901,0.5057966574585099,-0.10070276572037073,-1.0
2024-09-12,2821,FINAL,Notre Dame (Hingham),4449,7.0,1.0,Falmouth,4134,1.0,0.0,Independent,Cape &#38; Islands,4:00 P.M.,,0,2024,1500.0,1493.093154864864,1524.4501105892853,1468.6430442755786,0.5811709565803062,0.41882904341969385,1.4226711283784028,6.0
2024-09-12,4743,FINAL,Oliver Ames,4302,0.0,0.0,Foxborough,4142,1.0,1.0,Hockomock,Hockomock,3:45 P.M.,,0,2024,1509.0068924602897,1491.99037622365,1496.628685100463,1504.3685835834767,0.5952659457705751,0.4047340542294249,1.6754129059159937,-1.0
2024-09-12,712,FINAL,Milford,4249,0.0,0.0,Attleboro,4018,2.0,1.0,Hockomock,Hockomock,3:45 P.M.,,0,2024,1472.264975750678,1514.890741973239,1455.4360773498838,1531.7196403740334,0.510610782177356,0.489389217822644,0.18435584443597577,-2.0
2024-09-12,815,FINAL,Franklin,4144,8.0,1.0,Taunton,4388,0.0,0.0,Hockomock,Hockomock,3:45 P.M.,,0,2024,1590.842266290751,1435.6358835967012,1606.3211773440985,1420.1569725433537,0.7651747995629238,0.23482520043707622,5.130159567351245,8.0
2024-09-12,827,FINAL,King Philip,4197,10.0,1.0,Sharon,4345,0.0,0.0,Hockomock,Hockomock,3:45 P.M.,,0,2024,1470.9107524760677,1435.781505983456,1498.2383678075203,1408.4538906520036,0.6201166408800816,0.37988335911991844,2.1282311623152905,10.0
2024-09-12,1476,FINAL,North Attleborough,4284,1.0,0.0,Canton,4071,5.0,1.0,Hockomock,Hockomock,5:15 P.M.,,0,2024,1575.6706991360463,1567.4710175256562,1547.5225299749575,1595.619186686745,0.5829813614559327,0.4170186385440673,1.4549920402597536,-4.0
2024-09-12,1575,FINAL,Gloucester,4150,1.0,0.0,Malden Catholic,4228,2.0,1.0,Northeastern,Independent,4:30 P.M.,,0,2024,1520.221216518752,1589.28254063771,1510.3938581647694,1599.1098989916927,0.47259603874431505,0.5274039612556849,-0.47653310297395135,-1.0
2024-09-12,1579,FINAL,Stoughton,4381,0.0,0.0,Mansfield,4230,3.0,1.0,Hockomock,Hockomock,3:45 P.M.,,0,2024,1499.2802036364894,1436.2546849469754,1471.9500292713956,1463.5848593120693,0.6571517837191935,0.34284821628080653,2.82563796723785,-3.0
2024-09-12,890,FINAL,Waltham,4405,5.0,1.0,Newton South,4280,0.0,0.0,Dual County,Dual County,4:30 P.M.,,0,2024,1488.1086779281802,1449.0628903394124,1508.2437643509238,1428.9278039166688,0.6254131433646336,0.3745868566353664,2.2261446897191943,5.0
2024-09-12,2547,FINAL,Revere,4329,6.0,1.0,Arlington Catholic,4014,2.0,0.0,Greater Boston,Catholic Central,4:30 P.M.,,0,2024,1500.4913308922378,1462.8866334755728,1518.6714910900278,1444.7064732777828,0.6234677117740992,0.3765322882259008,2.1901174354166244,4.0
2024-09-12,2581,FINAL,Somerset Berkley,4350,9.0,1.0,Seekonk,4344,0.0,0.0,South Coast,South Coast,3:30 P.M.,,0,2024,1565.2520035059135,1517.1650260799329,1590.290952594048,1492.1260769917985,0.6375240859455581,0.3624759140544419,2.4521744356495163,9.0
2024-09-12,2605,FINAL,Greater Lowell,4155,2.0,0.0,Southeastern,4358,9.0,1.0,Independent,Mayflower,4:30 P.M.,,0,2024,1423.57508101863,1469.2417096127365,1391.9944422456788,1500.8223483856877,0.5062358993982513,0.4937641006017487,0.10833428514733896,-7.0
2024-09-12,2737,FINAL,Apponequet,4011,0.0,0.0,West Bridgewater,4415,2.0,1.0,South Coast,South Coast,3:45 P.M.,,0,2024,1513.7114480037944,1550.6847981395713,1496.6146872433774,1567.7815588999883,0.518738076412871,0.48126192358712905,0.32566624660557864,-2.0
2024-09-12,2754,FINAL,Northbridge,4292,10.0,1.0,Bay Path/David Prouty,4027,0.0,0.0,SWCL,Colonial,4:00 P.M.,,0,2024,1484.7665673255867,1454.3802967776373,1512.5583571711716,1426.5885069320525,0.6136641139578567,0.3863358860421433,2.0096567636987346,10.0
2024-09-12,1605,FINAL,Middleborough,4247,0.0,0.0,Sandwich,4340,7.0,1.0,South Shore,South Shore,5:00 P.M.,,0,2024,1494.7687773355506,1575.8936451994998,1466.3639912148606,1604.2984313201898,0.45532715637590243,0.5446728436240975,-0.7781216965987312,-7.0
2024-09-12,2813,FINAL,Dighton-Rehoboth,4114,5.0,1.0,Fairhaven,4133,1.0,0.0,South Coast,South Coast,3:45 P.M.,,0,2024,1477.3773780381757,1455.385359544055,1496.586964924128,1436.1757726581027,0.6021470863099879,0.3978529136900121,1.7998004623530164,4.0
2024-09-13,4901,FINAL,Stoneham,4380,4.0,1.0,Wilmington,4432,0.0,0.0,Middlesex,Middlesex,4:15 P.M.,,0,2024,1459.0094574457535,1433.284703789038,1477.9710540616845,1414.323107173107,0.607283253583157,0.39271674641684295,1.8931188414178848,4.0
2024-09-13,4859,FINAL,St. Bernard’s,4365,6.0,1.0,Tahanto,4513,0.0,0.0,Central Mass.,Mid-Wach,3:45 P.M.,,0,2024,1445.600814885294,1445.72139954305,1470.627567025622,1420.694647402722,0.5712931186728947,0.4287068813271053,1.2469853835561024,6.0
2024-09-13,4816,FINAL,Lunenburg,4219,0.0,0.0,North Middlesex,4286,6.0,1.0,Mid-Wach,Mid-Wach,6:00 P.M.,,0,2024,1495.1130997682906,1507.2180659012156,1462.753386316545,1539.5777793529614,0.5543201034137418,0.4456798965862582,0.9473758466768742,-6.0
2024-09-13,4810,FINAL,Nipmuc,4281,4.0,1.0,Blackstone-Millville,4486,0.0,0.0,Dual Valley,Dual Valley,3:30 P.M.,,0,2024,1552.9513529229116,1429.6177608058679,1565.9576943997693,1416.6114193290102,0.7306235223205549,0.26937647767944506,4.333339802926093,4.0
2024-09-13,2795,FINAL,St. John Paul II,4689,1.0,0.0,Dennis-Yarmouth,4111,4.0,1.0,Cape &#38; Islands,Cape &#38; Islands,6:00 P.M.,,0,2024,1570.5583296139248,1500.9462499834544,1542.8750314823303,1528.629548115049,0.6656426154983688,0.3343573845016312,2.990301990761759,-3.0
2024-09-13,2778,FINAL,Burncoat,4066,0.0,0.0,North Brookfield,4508,5.0,1.0,Inter-High,Colonial,3:30 P.M.,,0,2024,1413.9528328795373,1537.3129059169298,1392.6684601131499,1558.5972786833172,0.39596782067996006,0.6040321793200399,-1.834001825934814,-5.0
2024-09-13,2762,FINAL,Frontier,4146,3.0,1.0,Belchertown,4032,1.0,0.0,Suburban,County,4:00 P.M.,,0,2024,1526.928089632785,1589.1585387374823,1543.9871357362751,1572.0994926339922,0.482406235592253,0.5175937644077471,-0.3057612276174325,2.0
2024-09-13,4938,FINAL,Clinton,4093,1.0,2.0,St. Paul,4954,1.0,2.0,Mid-Wach,Central Mass.,3:30 P.M.,,0,2024,1600.4710620723224,1487.5262587041007,1600.4710620723224,1487.5262587041007,0.7186925962744575,0.2813074037255425,4.073620084205544,0.0
2024-09-13,4789,FINAL,Medway,4243,1.0,0.0,Northbridge,4292,2.0,1.0,Tri-Valley,SWCL,3:45 P.M.,,0,2024,1506.8948274461482,1512.5583571711716,1495.1779810628984,1524.2752035544213,0.5634612057324035,0.43653879426759645,1.1084117568744147,-1.0
2024-09-13,4953,FINAL,Franklin County Tech,4145,4.0,1.0,West Springfield,4417,0.0,0.0,County,Suburban,4:00 P.M.,,0,2024,1549.7537281890368,1406.2692473693346,1561.6876635048654,1394.335312053506,0.7528343027166995,0.2471656972833005,4.837112020492555,4.0
2024-09-13,9434,FINAL,Walpole,4404,6.0,1.0,Brookline,4059,0.0,0.0,Bay State,Bay State,,,0,2024,1598.8456755971902,1486.0832087293281,1615.280034297469,1469.6488500290493,0.7184803435338954,0.28151965646610455,4.06906167169655,6.0
2024-09-13,5749,FINAL,Maynard,4239,6.0,1.0,Hudson,4182,0.0,0.0,Mid-Wach,Mid-Wach,3:30 P.M.,,0,2024,1568.5269964371407,1514.717429015921,1589.2450132861936,1493.999412166868,0.6451015161361041,0.3548984838638959,2.595239185530494,6.0
2024-09-13,5753,FINAL,Mohawk Trail,4258,0.0,0.0,Turners Falls,4396,1.0,1.0,Valley,Valley,4:00 P.M.,,0,2024,1422.7732954757491,1427.271563076322,1411.0221544367557,1439.0227041153155,0.5651104300580854,0.43488956994191463,1.1375433099856764,-1.0
2024-09-13,5989,FINAL,Northeast,4293,0.0,0.0,Rockport,4490,7.0,1.0,Independent,Cape Ann,4:00 P.M.,,0,2024,1444.6590687318942,1459.8059333766673,1410.3488996648484,1494.116102443713,0.5499901196120964,0.45000988038790357,0.8713283838806717,-7.0
2024-09-13,9385,FINAL,Malden Catholic,4228,1.0,1.0,Ursuline,4448,0.0,0.0,Independent,Independent,,,0,2024,1599.1098989916927,1500.0,1605.3000869982407,1493.809811993452,0.7023148820260927,0.2976851179739073,3.727747474792318,1.0
2024-09-13,9402,FINAL,Mansfield,4230,7.0,1.0,Sharon,4345,0.0,0.0,Hockomock,Hockomock,3:45 P.M.,,0,2024,1463.5848593120693,1408.4538906520036,1485.6160589177136,1386.4226910463592,0.6468410842677995,0.3531589157322005,2.628274216501643,7.0
2024-09-13,9409,FINAL,Beaver Country Day,4030,2.0,1.0,Concord Academy,4096,1.0,0.0,EIL,EIL,,,0,2024,1523.766482917537,1500.0,1531.988769566351,1491.7777133511859,0.6045915942329434,0.3954084057670566,1.8441620729384227,1.0
2024-09-13,10677,FINAL,Doherty,4116,8.0,1.0,South High,4962,0.0,0.0,Inter-High,Independent,3:30 P.M.,,0,2024,1638.7104719620315,1459.1023355384843,1652.5879554615215,1445.2248520389944,0.789469502531626,0.21053049746837404,5.74020341058868,8.0
2024-09-13,11007,FINAL,Tewksbury,4389,6.0,1.0,Dracut,4119,0.0,0.0,Merrimack Valley,Merrimack Valley,,,0,2024,1458.7973589997475,1470.3585049233463,1484.769809708052,1444.386054215042,0.5550933544574082,0.44490664554259185,0.9609713519100296,6.0
2024-09-13,2749,FINAL,Auburn,4019,3.0,1.0,Notre Dame (Worcester),4451,2.0,0.0,SWCL,Central Mass.,3:30 P.M.,,0,2024,1474.106709370596,1458.2664202892972,1482.5568606418815,1449.8162690180118,0.5936336222051591,0.40636637779484086,1.6460072270324702,1.0
2024-09-13,5704,FINAL,Gardner,4147,0.0,0.0,Monty Tech,4259,3.0,1.0,Mid-Wach,Colonial,6:00 P.M.,,0,2024,1428.088847856333,1529.5484737875856,1410.3520237704167,1547.2852978735018,0.4264804691645201,0.5735195308354799,-1.2864906482813183,-3.0
2024-09-13,2713,FINAL,Whitman-Hanson,4427,0.0,0.0,Hanover,4164,8.0,1.0,Patriot,Patriot,4:00 P.M.,,0,2024,1449.135287943274,1524.5114535533862,1418.579876860002,1555.0668646366582,0.46354556256170987,0.5364544374382901,-0.6344041402528035,-8.0
2024-09-13,1521,FINAL,Ashland,4015,4.0,1.0,Grafton,4153,3.0,0.0,Tri-Valley,SWCL,3:30 P.M.,,0,2024,1434.4336751649987,1490.5283524481645,1445.0132508555032,1479.94877675766,0.49122995388665347,0.5087700461133465,-0.15236693207914415,1.0
2024-09-13,2617,FINAL,Dover-Sherborn,4118,7.0,1.0,Wayland,4411,1.0,0.0,Tri-Valley,Dual County,4:00 P.M.,,0,2024,1504.3867637273693,1474.9831719276133,1527.0183516781012,1452.3515839768813,0.6123221488974553,0.3876778511025447,1.9850897949938997,6.0
2024-09-13,685,FINAL,Hopkinton,4180,1.0,0.0,Algonquin,4005,2.0,1.0,Tri-Valley,Mid-Wach,5:30 P.M.,,0,2024,1464.8067735569052,1584.7621334853634,1456.4751810105356,1593.093726031733,0.4006649083118347,0.5993350916881652,-1.7488839982114541,-1.0
2024-09-13,700,FINAL,Winchester,4434,2.0,1.0,Arlington,4013,1.0,0.0,Middlesex,Middlesex,4:15 P.M.,,0,2024,1589.1368778597277,1566.1049349449797,1597.3801934460125,1557.861619358695,0.6035803161061468,0.3964196838938532,1.8257985728687003,1.0
2024-09-13,730,FINAL,Reading,4328,2.0,1.0,Belmont,4034,1.0,0.0,Middlesex,Middlesex,4:15 P.M.,,0,2024,1592.862166335495,1545.2904812716617,1600.413900717108,1537.7387468900488,0.6368383419178766,0.3631616580821234,2.4392921265958307,1.0
2024-09-13,738,FINAL,Gloucester,4150,0.0,0.0,Beverly,4038,2.0,1.0,Northeastern,Northeastern,4:00 P.M.,,0,2024,1510.3938581647694,1560.3243877443851,1493.9113787898661,1576.8068671192884,0.5000999759701557,0.49990002402984435,0.0017367605096069382,-2.0
2024-09-13,2689,FINAL,Westfield,4419,0.0,0.0,East Longmeadow,4127,2.0,1.0,Valley,Valley,4:00 P.M.,,0,2024,1591.311670812513,1601.1160670132138,1572.934433349492,1619.4933044762347,0.5575894138626005,0.4424105861373995,1.0048900949824826,-2.0
2024-09-13,781,FINAL,Central Catholic,4081,3.0,1.0,Pentucket,4309,1.0,0.0,Merrimack Valley,Cape Ann,7:00 P.M.,,0,2024,1593.697792063413,1521.2318990448869,1604.5974923994422,1510.3321987088577,0.6692888398556193,0.33071116014438073,3.0616473254631558,2.0
2024-09-13,810,FINAL,Framingham,4143,0.0,0.0,Newton South,4280,7.0,1.0,Bay State,Dual County,,,0,2024,1385.222343149678,1428.9278039166688,1353.4656788334428,1460.684468232904,0.5090575791578661,0.4909424208421339,0.15736348082522794,-7.0
2024-09-13,823,FINAL,Haverhill,4167,0.0,0.0,Methuen,4246,4.0,1.0,Merrimack Valley,Merrimack Valley,4:00 P.M.,,0,2024,1447.3234539608172,1453.083445680516,1420.1243740807388,1480.2825255605944,0.5633246172456745,0.4366753827543255,1.1060002070075314,-4.0
2024-09-13,843,FINAL,Lincoln-Sudbury,4211,3.0,1.0,Concord-Carlisle,4097,1.0,0.0,Dual County,Dual County,4:00 P.M.,,0,2024,1533.7019751628657,1507.5470033860267,1546.625817466573,1494.6231610823195,0.6078737258808755,0.3921262741191245,1.903874294420973,2.0
2024-09-13,849,FINAL,Westford,4421,3.0,1.0,Lowell,4216,1.0,0.0,Dual County,Merrimack Valley,4:00 P.M.,,0,2024,1430.9821868814984,1529.243347669309,1449.7358318926913,1510.4897026581161,0.4309898889525845,0.5690101110474155,-1.2065290196952674,2.0
2024-09-13,857,FINAL,Plymouth South,4316,0.0,0.0,Marshfield,4234,1.0,1.0,Patriot,Patriot,4:00 P.M.,,0,2024,1433.8914091306374,1488.8629936099155,1423.6429687647073,1499.1114339758456,0.49284580309245285,0.5071541969075472,-0.12428961198195339,-1.0
2024-09-13,869,FINAL,Westwood,4424,2.0,1.0,Needham,4272,1.0,0.0,Tri-Valley,Bay State,3:45 P.M.,,0,2024,1544.941793233435,1551.7470013942007,1554.0529911684532,1542.6358034591824,0.5618439974197125,0.43815600258028753,1.0798697959808579,1.0
2024-09-13,879,FINAL,Taunton,4388,1.0,2.0,New Bedford,4273,1.0,2.0,Hockomock,Big Three,4:00 P.M.,,0,2024,1420.1569725433537,1485.6841515332521,1420.1569725433537,1485.6841515332521,0.4776694579203397,0.5223305420796602,-0.38817947474746006,0.0
2024-09-13,755,FINAL,Braintree,4051,1.0,0.0,Dedham,4108,5.0,1.0,Bay State,Tri-Valley,4:00 P.M.,,0,2024,1481.0871510304182,1537.182337864496,1457.3690630804267,1560.9004258144876,0.4912292208095676,0.5087707791904323,-0.15237967085194554,-4.0
2024-09-13,908,FINAL,Plymouth North,4315,0.0,0.0,Pembroke,4308,1.0,1.0,Patriot,Patriot,4:00 P.M.,,0,2024,1426.1999016425846,1445.5108330697346,1414.8866871450978,1456.8240475672214,0.544050615067908,0.45594938493209203,0.767226714321248,-1.0
2024-09-13,899,FINAL,Marblehead,4231,4.0,1.0,Peabody,4306,1.0,0.0,Northeastern,Northeastern,4:00 P.M.,,0,2024,1478.4437973046947,1473.2664781259105,1495.963274214837,1455.7470012157683,0.5787456257128202,0.4212543742871798,1.3794329794696067,3.0
2024-09-13,1634,FINAL,Smith Academy,4538,1.0,0.0,Northampton,4291,4.0,1.0,Valley,Valley,5:00 P.M.,,0,2024,1561.7111915584278,1507.7565478999484,1534.8742229805716,1534.5935164778045,0.6452926913294343,0.35470730867056566,2.5988660914619857,-3.0
2024-09-13,1614,FINAL,Bellingham,4033,4.0,1.0,Milford,4249,0.0,0.0,Tri-Valley,Hockomock,4:45 P.M.,,0,2024,1460.7616173699398,1455.4360773498838,1481.0910571942252,1435.1066375255984,0.5789536279048028,0.42104637209519724,1.3831385005013999,4.0
2024-09-13,1597,FINAL,Wakefield,4402,1.0,0.0,Melrose,4244,3.0,1.0,Middlesex,Middlesex,4:15 P.M.,,0,2024,1465.119001943414,1416.8360750864565,1444.0986584731047,1437.856418556766,0.6377847061281651,0.36221529387183493,2.45707317142394,-2.0
2024-09-13,1592,FINAL,Masconomet,4236,4.0,1.0,Saugus,4341,0.0,0.0,Northeastern,Northeastern,4:30 P.M.,,0,2024,1514.9028239100999,1469.9201070314298,1532.6041657263906,1452.218765215139,0.633384598031923,0.36661540196807696,2.374567921966752,4.0
2024-09-13,1551,FINAL,Westborough,4418,4.0,1.0,Leominster,4208,1.0,0.0,Mid-Wach,Mid-Wach,4:00 P.M.,,0,2024,1511.585431642232,1451.4105196978971,1525.9982400255653,1436.9977113145637,0.6534452136680353,0.3465547863319647,2.7543727986083697,3.0
2024-09-13,1530,FINAL,Hingham,4171,7.0,1.0,Scituate,4343,0.0,0.0,Patriot,Patriot,4:00 P.M.,,0,2024,1607.1672974062149,1548.3980579404003,1628.9009626935242,1526.664392653091,0.6516105429962025,0.34838945700379753,2.719230986645363,7.0
2024-09-13,1489,FINAL,Doherty,4116,8.0,1.0,Worcester South,4444,0.0,0.0,Inter-High,Inter-High,3:30 P.M.,,0,2024,1620.7612997517667,1500.0,1638.7104719620315,1482.0508277897352,0.7276993228122771,0.2723006771877229,4.269032493794168,8.0
2024-09-13,944,FINAL,Norwood,4297,6.0,1.0,Wellesley,4413,2.0,0.0,Tri-Valley,Bay State,4:00 P.M.,,0,2024,1585.6498072471109,1580.4287477420198,1605.9863262163256,1560.0922287728051,0.5788070105697543,0.42119298943024575,1.3805264876272758,4.0
2024-09-13,1468,FINAL,Watertown,4409,7.0,1.0,Burlington,4065,0.0,0.0,Middlesex,Middlesex,4:15 P.M.,,0,2024,1567.5410136735363,1440.68227082614,1584.0976153984138,1424.1256691012625,0.7345985866393934,0.26540141336060663,4.421468571184908,7.0
2024-09-13,1499,FINAL,Silver Lake,4349,0.0,0.0,Duxbury,4123,4.0,1.0,Patriot,Patriot,4:00 P.M.,,0,2024,1511.7280419850547,1620.5947924562483,1491.638133970176,1640.684700471127,0.41608538939110495,0.583914610608895,-1.4716687617798414,-4.0
2024-09-13,1511,FINAL,Fitchburg,4139,0.0,0.0,Tantasqua,4387,2.0,1.0,Mid-Wach,SWCL,6:00 P.M.,,0,2024,1445.1302554442955,1508.8588674251414,1429.3018929196749,1524.687229949762,0.4802532154393322,0.5197467845606678,-0.34321529952114815,-2.0
2024-09-14,692,FINAL,Andover,4009,6.0,1.0,Newton North,4279,0.0,0.0,Merrimack Valley,Bay State,2:30 P.M.,,0,2024,1574.2508267701594,1469.7321391485998,1591.2512860809125,1452.7316798378467,0.7087830713559857,0.2912169286440143,3.8629671905389897,6.0
2024-09-14,9909,FINAL,Dexter Southfield,4113,7.0,1.0,St. George’s,4367,0.0,0.0,Independent,ISL,,,0,2024,1514.1238765608803,1500.0,1539.6231567945563,1474.500719766324,0.5912479428959745,0.4087520571040255,1.6030969140220066,7.0
2024-09-14,9442,FINAL,Holderness,4173,2.0,1.0,Brewster Academy,4052,1.0,0.0,Independent,Independent,,,0,2024,1523.03505051891,1500.0,1531.2782770995436,1491.7567734193665,0.603584596373199,0.39641540362680106,1.8258762629727527,1.0
2024-09-14,748,FINAL,Bishop Feehan,4042,1.0,0.0,Uxbridge,4398,9.0,1.0,Catholic Central,SWCL,1:00 P.M.,,0,2024,1526.0409455882138,1584.7031140716813,1493.9041156997089,1616.8399439601862,0.48753671973251805,0.512463280267482,-0.216554212086686,-8.0
2024-09-14,4776,FINAL,Seekonk,4344,6.0,1.0,Martha’s Vineyard,4235,0.0,0.0,South Coast,Cape &#38; Islands,1:00 P.M.,,0,2024,1492.1260769917985,1452.5640101490187,1513.9528184436535,1430.7372686971637,0.6261091249519537,0.3738908750480463,2.2390516710694954,6.0
2024-09-14,5760,FINAL,Marshfield,4234,0.0,0.0,Nantucket,4265,1.0,1.0,Patriot,Cape &#38; Islands,11:00 A.M.,,0,2024,1499.1114339758456,1518.0845162411301,1487.788188486975,1529.4077617300006,0.5445330037853982,0.45546699621460185,0.7756729433678856,-1.0
2024-09-14,917,FINAL,Minnechaug,4254,1.0,1.0,Shrewsbury,4348,0.0,0.0,Suburban,Mid-Wach,11:00 A.M.,,0,2024,1493.508131077219,1466.1080015208302,1501.626667697978,1457.9894649000712,0.6095809159318545,0.3904190840681455,1.9350032389097236,1.0
2024-09-14,928,FINAL,Longmeadow,4214,5.0,1.0,Wachusett,4400,0.0,0.0,Suburban,Mid-Wach,10:30 A.M.,,0,2024,1564.86184202339,1515.8205637561932,1584.2777465948582,1496.404659184725,0.6387925778186202,0.3612074221813798,2.4760319566799183,5.0
2024-09-14,796,FINAL,Apponequet,4011,1.0,0.0,Durfee,4122,3.0,1.0,South Coast,Big Three,11:00 P.M.,,0,2024,1496.6146872433774,1530.2749352184499,1479.3610645623717,1547.5285578994556,0.5234974721889956,0.47650252781100444,0.408493800623188,-2.0
2024-09-14,2554,FINAL,West Bridgewater,4415,3.0,1.0,Scituate,4343,1.0,0.0,South Coast,Patriot,4:00 P.M.,,0,2024,1567.7815588999883,1526.664392653091,1580.035402927093,1514.4105486259864,0.6282023496520819,0.3717976503479181,2.2779291561724335,2.0
2024-09-14,1626,FINAL,Notre Dame (Hingham),4449,2.0,0.0,Nashoba,4267,4.0,1.0,Independent,Mid-Wach,12:00 P.M.,,0,2024,1524.4501105892853,1572.7128777047353,1507.8885284176472,1589.2744598763734,0.5025000582542876,0.49749994174571244,0.04343082211374849,-2.0
2024-09-16,4754,FINAL,Littleton,4212,0.0,0.0,Groton-Dunstable,4160,6.0,1.0,Mid-Wach,Mid-Wach,4:00 P.M.,,0,2024,1496.1047347570006,1548.6563799978642,1467.1304467072864,1577.6306680475782,0.49632795333639207,0.503672046663608,-0.0637911310215884,-6.0
2024-09-16,4763,FINAL,Holliston,4174,0.0,0.0,Norwood,4297,6.0,1.0,Tri-Valley,Tri-Valley,4:30 P.M.,,0,2024,1432.9856129330542,1605.9863262163256,1413.71934657201,1625.2525925773698,0.33003007821982405,0.669969921780176,-3.075017832081784,-6.0
2024-09-16,4785,FINAL,Nipmuc,4281,2.0,0.0,Medfield,4241,3.0,1.0,Dual Valley,Tri-Valley,6:30 P.M.,,0,2024,1565.9576943997693,1565.946280622093,1554.0741183562104,1577.8298566656517,0.5714792075356374,0.4285207924643626,1.2502853444419089,-1.0
2024-09-16,4788,FINAL,Medway,4243,2.0,0.0,Sutton,4512,3.0,1.0,Tri-Valley,Dual Valley,3:45 P.M.,,0,2024,1495.1779810628984,1571.076390860002,1485.5543657336004,1580.7000061893,0.4627980703667054,0.5372019296332946,-0.6474602449275892,-1.0
2024-09-16,4897,FINAL,Watertown,4409,7.0,1.0,Wilmington,4432,0.0,0.0,Middlesex,Middlesex,4:15 P.M.,,0,2024,1584.0976153984138,1414.323107173107,1597.827739046915,1400.5929835246059,0.7799068744612804,0.22009312553871963,5.49436270563267,7.0
2024-09-16,4803,FINAL,Manchester Essex,4229,1.0,2.0,Newburyport,4276,1.0,2.0,Cape Ann,Cape Ann,4:00 P.M.,,0,2024,1548.7635561063723,1560.1955146019516,1548.7635561063723,1560.1955146019516,0.5552770053557775,0.4447229946442225,0.964201037610519,0.0
2024-09-16,4817,FINAL,Weston,4423,1.0,0.0,North Middlesex,4286,2.0,1.0,Dual County,Mid-Wach,4:15 P.M.,,0,2024,1451.4722666291357,1539.5777793529614,1442.210837664211,1548.839208317886,0.44538058797473407,0.5546194120252659,-0.9526378180956442,-1.0
2024-09-16,4824,FINAL,Rockport,4490,0.0,0.0,North Reading,4288,5.0,1.0,Cape Ann,Cape Ann,4:30 P.M.,,0,2024,1494.116102443713,1558.8407677426724,1468.3780771251343,1584.5787930612512,0.4788221812247957,0.5211778187752043,-0.368116632473982,-5.0
2024-09-16,4830,FINAL,Sandwich,4340,7.0,1.0,Norwell,4296,0.0,0.0,South Shore,South Shore,6:00 P.M.,,0,2024,1604.2984313201898,1544.2079264169233,1625.9245085040864,1522.5818492330268,0.6533351743656717,0.3466648256343283,2.752262622581662,7.0
2024-09-16,4842,FINAL,Oakmont,4299,3.0,0.0,Marlborough,4233,4.0,1.0,Mid-Wach,Mid-Wach,7:00 P.M.,,0,2024,1498.3680347619222,1489.9421188292545,1486.2386951485973,1502.0714584425793,0.5832979369800667,0.4167020630199333,1.4606478983166937,-1.0
2024-09-16,4852,FINAL,Pentucket,4309,6.0,1.0,Swampscott,4383,0.0,0.0,Cape Ann,Northeastern,4:00 P.M.,,0,2024,1510.3321987088577,1505.340723542126,1534.9391206695996,1480.7338015813841,0.5784847864517643,0.42151521354823573,1.3747868791682947,6.0
2024-09-16,4887,FINAL,Amesbury,4007,2.0,0.0,Triton,4395,3.0,1.0,Cape Ann,Cape Ann,4:00 P.M.,,0,2024,1411.7747488851935,1435.5561780138705,1400.5944214909812,1446.7365054080828,0.5376600962381741,0.4623399037618259,0.6554642717830745,-1.0
2024-09-16,4891,FINAL,Wakefield,4402,0.0,0.0,Stoneham,4380,6.0,1.0,Middlesex,Middlesex,4:15 P.M.,,0,2024,1444.0986584731047,1477.9710540616845,1413.5560711752973,1508.5136413594919,0.5231928328008877,0.4768071671991123,0.4031901102855045,-6.0
2024-09-16,4913,FINAL,Blackstone-Millville,4486,3.0,0.0,Tantasqua,4387,4.0,1.0,Dual Valley,SWCL,4:00 P.M.,,0,2024,1416.6114193290102,1524.687229949762,1407.9361555012656,1533.3624937775066,0.4171920034230213,0.5828079965769787,-1.4518952655187944,-1.0
2024-09-16,9715,FINAL,Wellesley,4413,13.0,1.0,Framingham,4143,0.0,0.0,Bay State,Bay State,4:00 P.M.,,0,2024,1560.0922287728051,1353.4656788334428,1574.805616764574,1338.7522908416738,0.8141585402906724,0.18584145970932764,6.415663748484059,13.0
2024-09-16,4932,FINAL,Mashpee,4237,2.0,2.0,Carver,4077,2.0,2.0,South Shore,South Shore,4:30 P.M.,,0,2024,1391.959382418197,1436.4484537900112,1391.959382418197,1436.4484537900112,0.5079301987639965,0.4920698012360035,0.13777321570464665,0.0
2024-09-16,4939,FINAL,Clinton,4093,4.0,1.0,Narragansett,4266,2.0,0.0,Mid-Wach,Mid-Wach,3:30 P.M.,,0,2024,1600.4710620723224,1480.9694265076223,1609.4930824918079,1471.9474060881369,0.7262601036918654,0.27373989630813456,4.237540889117502,2.0
2024-09-16,4946,FINAL,Cohasset,4094,1.0,2.0,Scituate,4343,1.0,2.0,South Shore,Patriot,4:00 P.M.,,0,2024,1576.9888752638421,1514.4105486259864,1576.9888752638421,1514.4105486259864,0.6565715635160335,0.3434284364839665,2.8144581659463936,0.0
2024-09-16,4954,FINAL,Belchertown,4032,4.0,1.0,Franklin County Tech,4145,1.0,0.0,County,County,6:30 P.M.,,0,2024,1572.0994926339922,1561.6876635048654,1589.3141951076384,1544.4729610312193,0.5860739018481935,0.4139260981518065,1.5102957282281693,3.0
2024-09-16,5705,FINAL,Gardner,4147,0.0,2.0,Tahanto,4513,0.0,2.0,Mid-Wach,Mid-Wach,3:30 P.M.,,0,2024,1410.3520237704167,1420.694647402722,1410.3520237704167,1420.694647402722,0.5568249821315818,0.4431750178684182,0.9914344091923681,0.0
2024-09-16,5720,FINAL,Ipswich,4190,0.0,2.0,Lynnfield,4223,0.0,2.0,Cape Ann,Cape Ann,4:00 P.M.,,0,2024,1520.4676012704597,1544.1448430363237,1520.4676012704597,1544.1448430363237,0.5378091799181185,0.4621908200818815,0.6580689558534004,0.0
2024-09-16,5724,FINAL,Westport,4461,1.0,2.0,Joseph Case,4078,1.0,2.0,Mayflower,South Coast,3:30 P.M.,,0,2024,1537.7189772008546,1517.5497350100575,1537.7189772008546,1517.5497350100575,0.5996307079451507,0.4003692920548493,1.7542310547699287,0.0
2024-09-16,5757,FINAL,St. John Paul II,4689,0.0,0.0,Monomoy,4706,9.0,1.0,Cape &#38; Islands,Cape &#38; Islands,7:00 P.M.,,0,2024,1542.8750314823303,1590.1411049921326,1508.064479452534,1624.951657021929,0.5039343552848855,0.4960656447151145,0.06834816225494364,-9.0
2024-09-16,6017,FINAL,Tyngsborough/Dracut,4397,1.0,2.0,Hudson,4182,1.0,2.0,Mid-Wach,Mid-Wach,4:00 P.M.,,0,2024,1534.702246316833,1493.999412166868,1534.702246316833,1493.999412166868,0.6276451086265202,0.37235489137347977,2.267570853749123,0.0
2024-09-16,9464,FINAL,Ursuline,4448,1.0,0.0,Notre Dame (Hingham),4449,5.0,1.0,Independent,Independent,,,0,2024,1493.809811993452,1507.8885284176472,1467.1811079133993,1534.5172324977,0.5515114702328934,0.4484885297671066,0.8980320893951216,-4.0
2024-09-16,10548,FINAL,Arlington Catholic,4014,2.0,0.0,Malden,4227,4.0,1.0,Catholic Central,Greater Boston,,,0,2024,1444.7064732777828,1474.985427074203,1427.2929051540996,1492.3989951978863,0.5283504260571713,0.4716495739428287,0.49302615508949543,-2.0
2024-09-16,11814,FINAL,Weymouth,4425,1.0,0.0,Natick,4270,10.0,1.0,Bay State,Bay State,4:00 P.M.,,0,2024,1371.9188099904868,1572.7770886992025,1351.5005047454595,1593.1953939442299,0.29558524325771884,0.7044147567422812,-3.771456967717893,-9.0
2024-09-16,12035,FINAL,Dracut,4119,0.0,0.0,Haverhill,4167,6.0,1.0,Merrimack Valley,Merrimack Valley,,,0,2024,1444.386054215042,1420.1243740807388,1409.0518565840848,1455.4585717116959,0.6052728530504679,0.39472714694953215,1.8565420033575777,-6.0
2024-09-16,2822,FINAL,Dennis-Yarmouth,4111,3.0,1.0,Falmouth,4134,0.0,0.0,Cape &#38; Islands,Cape &#38; Islands,4:00 P.M.,,0,2024,1528.629548115049,1468.6430442755786,1543.0525726025319,1454.2200197880957,0.6531995682881376,0.34680043171186237,2.749662595986757,3.0
2024-09-16,4923,FINAL,Bromfield,4505,2.0,0.0,Maynard,4239,4.0,1.0,Mid-Wach,Mid-Wach,4:00 P.M.,,0,2024,1524.4291161423967,1589.2450132861936,1508.6522375688173,1605.021891859773,0.47869112504667716,0.5213088749533228,-0.37039742859492436,-2.0
2024-09-16,2814,FINAL,Wareham/Bourne,4407,0.0,0.0,Fairhaven,4133,5.0,1.0,Mayflower,South Coast,3:30 P.M.,,0,2024,1421.9714066823678,1436.1757726581027,1392.335746707905,1465.8114326325656,0.5513325585535749,0.4486674414464251,0.8948908506066289,-5.0
2024-09-16,756,FINAL,Milton,4252,4.0,1.0,Braintree,4051,0.0,0.0,Bay State,Bay State,4:00 P.M.,,0,2024,1484.853178392397,1457.3690630804267,1503.6982815062966,1438.5239599665272,0.6096959696652048,0.3903040303347952,1.9371028827992576,4.0
2024-09-16,2773,FINAL,Monty Tech,4259,0.0,0.0,Blackstone Valley,4046,4.0,1.0,Colonial,Colonial,4:00 P.M.,,0,2024,1547.2852978735018,1559.0817493635138,1520.4998020906357,1585.86724514638,0.5547588089797935,0.44524119102020654,0.9550887127496992,-4.0
2024-09-16,880,FINAL,New Bedford,4273,6.0,1.0,Brockton,4058,0.0,0.0,Big Three,Big Three,4:00 P.M.,,0,2024,1485.6841515332521,1443.2163330430096,1507.2827916205217,1421.61769295574,0.630016488723711,0.36998351127628903,2.3116954622560626,6.0
2024-09-16,870,FINAL,Walpole,4404,8.0,1.0,Needham,4272,0.0,0.0,Bay State,Bay State,6:00 P.M.,,0,2024,1615.280034297469,1542.6358034591824,1637.0644594540827,1520.8513783025687,0.6695160282155609,0.3304839717844391,3.066105770957165,8.0
2024-09-16,838,FINAL,Reading,4328,6.0,1.0,Lexington,4209,1.0,0.0,Middlesex,Middlesex,4:15 P.M.,,0,2024,1600.413900717108,1518.2275385381965,1617.5312213130715,1501.110217942233,0.6815547159102746,0.3184452840897254,3.304659054472785,5.0
2024-09-16,829,FINAL,Foxborough,4142,3.0,2.0,King Philip,4197,3.0,2.0,Hockomock,Hockomock,5:00 P.M.,,0,2024,1504.3685835834767,1498.2383678075203,1504.3685835834767,1498.2383678075203,0.5800823596666163,0.41991764033338375,1.4032553943989114,0.0
2024-09-16,816,FINAL,North Attleborough,4284,0.0,0.0,Franklin,4144,6.0,1.0,Hockomock,Hockomock,5:15 P.M.,,0,2024,1547.5225299749575,1606.3211773440985,1519.072909031568,1634.7707982874879,0.4873404347951858,0.5126595652048143,-0.2199661842285252,-6.0
2024-09-16,805,FINAL,Hamilton-Wenham,4163,1.0,2.0,Essex Tech,4745,1.0,2.0,Cape Ann,Cape Ann,4:00 P.M.,,0,2024,1511.9416367523777,1491.5383525549537,1511.9416367523777,1491.5383525549537,0.59995410479103,0.40004589520897005,1.7600821049356,0.0
2024-09-16,909,FINAL,Nauset,4271,7.0,1.0,Plymouth North,4315,0.0,0.0,Cape &#38; Islands,Patriot,4:30 P.M.,,0,2024,1489.297950265042,1414.8866871450978,1509.7744521295788,1394.4101852805609,0.6717628033919886,0.32823719660801143,3.1102815779986033,7.0
2024-09-16,788,FINAL,North Andover,4283,1.0,0.0,Chelmsford,4085,5.0,1.0,Merrimack Valley,Merrimack Valley,4:00 P.M.,,0,2024,1510.0797710622348,1523.6741913019807,1483.41777762011,1550.3361847441056,0.5522009316863835,0.4477990683136165,0.9101394940063529,-4.0
2024-09-16,763,FINAL,Bridgewater-Raynham,4053,0.0,0.0,Durfee,4122,6.0,1.0,Southeast,Big Three,4:00 P.M.,,0,2024,1429.403716340408,1547.5285578994556,1405.8661105051676,1571.066163734696,0.4031978874027511,0.5968021125972489,-1.7031210389761895,-6.0
2024-09-16,676,FINAL,Acton-Boxborough,4003,1.0,0.0,Concord-Carlisle,4097,2.0,1.0,Dual County,Dual County,4:15 P.M.,,0,2024,1445.3527467483018,1494.6231610823195,1434.9337058055526,1505.0422020250687,0.5010499566307828,0.4989500433692172,0.018239641649557825,-1.0
2024-09-16,686,FINAL,Algonquin,4005,5.0,1.0,Shrewsbury,4348,1.0,0.0,Mid-Wach,Mid-Wach,4:00 P.M.,,0,2024,1593.093726031733,1457.9894649000712,1605.4663319347474,1445.6168589970569,0.7437489240306258,0.25625107596937424,4.627606528291546,4.0
2024-09-16,693,FINAL,Andover,4009,2.0,0.0,Central Catholic,4081,3.0,1.0,Merrimack Valley,Merrimack Valley,6:30 P.M.,,0,2024,1591.2512860809125,1604.5974923994422,1579.7612440828784,1616.0875343974762,0.5525542203389863,0.44744577966101373,0.9163448420367558,-1.0
2024-09-16,701,FINAL,Belmont,4034,4.0,1.0,Arlington,4013,1.0,0.0,Middlesex,Middlesex,4:15 P.M.,,0,2024,1537.7387468900488,1557.861619358695,1556.749376975809,1538.8509892729348,0.542890970851654,0.45710902914834595,0.7469281882838459,3.0
2024-09-16,713,FINAL,Oliver Ames,4302,1.0,2.0,Attleboro,4018,1.0,2.0,Hockomock,Hockomock,3:45 P.M.,,0,2024,1496.628685100463,1531.7196403740334,1496.628685100463,1531.7196403740334,0.5214426800966834,0.4785573199033166,0.3727261181607389,0.0
2024-09-16,773,FINAL,Newton North,4279,0.0,2.0,Brookline,4059,0.0,2.0,Bay State,Bay State,4:30 P.M.,,0,2024,1452.7316798378467,1469.6488500290493,1452.7316798378467,1469.6488500290493,0.5474666481091301,0.45253335189086985,0.8270707452199361,0.0
2024-09-16,924,FINAL,Stoughton,4381,2.0,2.0,Taunton,4388,2.0,2.0,Hockomock,Hockomock,3:45 P.M.,,0,2024,1471.9500292713956,1420.1569725433537,1471.9500292713956,1420.1569725433537,0.6424394694839285,0.3575605305160715,2.5448264182010463,0.0
2024-09-16,863,FINAL,Revere,4329,0.0,0.0,Methuen,4246,6.0,1.0,Greater Boston,Merrimack Valley,4:00 P.M.,,0,2024,1518.6714910900278,1480.2825255605944,1482.2132911718456,1516.7407254787765,0.6245269501246249,0.3754730498753751,2.2097241382358335,-6.0
2024-09-16,957,FINAL,Winchester,4434,7.0,1.0,Woburn,4438,0.0,0.0,Middlesex,Middlesex,4:15 P.M.,,0,2024,1597.3801934460125,1405.6753165616917,1609.8063068563308,1393.2492031513734,0.8008100867267764,0.19918991327322355,6.042621922108021,7.0
2024-09-16,2768,FINAL,Bishop Fenwick,4043,0.0,0.0,Gloucester,4150,3.0,1.0,Catholic Central,Northeastern,4:00 P.M.,,0,2024,1543.0785523729196,1493.9113787898661,1516.5049622345596,1520.4849689282262,0.6389597785204646,0.3610402214795354,2.479179339576336,-3.0
2024-09-16,2755,FINAL,Bay Path/David Prouty,4027,2.0,1.0,Worcester Tech/Worcester North,4445,0.0,0.0,Colonial,Colonial,3:30 P.M.,,0,2024,1426.5885069320525,1411.0186302948532,1439.9940577390753,1397.6130794878304,0.5932580600302905,0.40674193996970953,1.639246915929982,2.0
2024-09-16,2750,FINAL,Auburn,4019,6.0,1.0,Hopedale,4507,1.0,0.0,SWCL,Dual Valley,6:30 P.M.,,0,2024,1482.5568606418815,1520.9192396238925,1508.5333438765158,1494.9427563892582,0.5167416222106753,0.4832583777893247,0.29094052544972443,5.0
2024-09-16,929,FINAL,Nashoba,4267,4.0,1.0,Wachusett,4400,3.0,0.0,Mid-Wach,Mid-Wach,4:00 P.M.,,0,2024,1589.2744598763734,1496.404659184725,1595.6219387437282,1490.0571803173702,0.6947507905306648,0.3052492094693352,3.5717450172912093,1.0
2024-09-16,2691,FINAL,Westfield,4419,2.0,1.0,Smith Academy,4538,0.0,0.0,Valley,Valley,4:00 P.M.,,0,2024,1572.934433349492,1534.8742229805716,1585.324041937502,1522.4846143925618,0.6240830753546872,0.3759169246453128,2.201505259223012,2.0
2024-09-16,2593,FINAL,South High,4962,4.0,1.0,Burncoat,4066,0.0,0.0,Independent,Inter-High,3:30 P.M.,,0,2024,1445.2248520389944,1392.6684601131499,1462.4402909982625,1375.4530211538818,0.6434482120276039,0.35655178797239606,2.5639097981461134,4.0
2024-09-16,1606,FINAL,Middleborough,4247,3.0,1.0,East Bridgewater,4126,0.0,0.0,South Shore,South Shore,4:00 P.M.,,0,2024,1466.3639912148606,1457.5126058510261,1483.6693898097938,1440.207207256093,0.58389312110805,0.41610687889194997,1.4712846340958605,3.0
2024-09-16,1546,FINAL,Hopkinton,4180,3.0,1.0,Ashland,4015,2.0,0.0,Tri-Valley,Tri-Valley,5:30 P.M.,,0,2024,1456.4751810105356,1445.0132508555032,1465.0520545986276,1436.4363772674112,0.5875395669376045,0.41246043306239555,1.5365482538758102,1.0
2024-09-16,2703,FINAL,Westwood,4424,2.0,2.0,Dedham,4108,2.0,2.0,Tri-Valley,Tri-Valley,5:30 P.M.,,0,2024,1554.0529911684532,1560.9004258144876,1554.0529911684532,1560.9004258144876,0.5617841574080716,0.43821584259192836,1.0788141338491415,0.0
2024-09-16,1512,FINAL,Shepherd Hill,4347,5.0,1.0,Fitchburg,4139,1.0,0.0,Mid-Wach,Mid-Wach,4:00 P.M.,,0,2024,1466.02148769885,1429.3018929196749,1484.2594353232628,1411.063945295262,0.6222708668761272,0.3777291331238728,2.167989869479379,4.0
2024-09-16,1537,FINAL,Palmer,4304,1.0,0.0,Holyoke,4176,7.0,1.0,County,County,5:15 P.M.,,0,2024,1420.393236894469,1451.9847258055968,1389.6595000184823,1482.7184626815836,0.5264672145132548,0.47353278548674516,0.46021277722180687,-6.0
2024-09-16,1439,FINAL,Agawam,4004,1.0,0.0,Longmeadow,4214,3.0,1.0,Suburban,Suburban,4:00 P.M.,,0,2024,1521.1759213671996,1584.2777465948582,1505.3178740663845,1600.1357938956733,0.4811538903635216,0.5188461096364785,-0.3275456306914634,-2.0
2024-09-16,1469,FINAL,Melrose,4244,1.0,0.0,Burlington,4065,2.0,1.0,Middlesex,Middlesex,4:15 P.M.,,0,2024,1437.856418556766,1424.1256691012625,1425.57313829891,1436.4089493591184,0.590700917128598,0.40929908287140204,1.5932687363875857,-1.0
2024-09-16,2800,FINAL,Dover-Sherborn,4118,7.0,1.0,Bellingham,4033,0.0,0.0,Tri-Valley,Tri-Valley,4:00 P.M.,,0,2024,1527.0183516781012,1481.0910571942252,1549.8103017255523,1458.299107146774,0.634646296603924,0.365353703396076,2.398182362096901,7.0
2024-09-16,1490,FINAL,Uxbridge,4398,5.0,1.0,Doherty,4116,0.0,0.0,SWCL,Inter-High,3:30 P.M.,,0,2024,1616.8399439601862,1652.5879554615215,1642.6144703735454,1626.8134290481623,0.5204987638126143,0.4795012361873857,0.3562997124666197,5.0
2024-09-16,1506,FINAL,Everett,4132,7.0,1.0,Northeast,4293,0.0,0.0,Greater Boston,Independent,5:00 P.M.,,0,2024,1519.8268419833114,1410.3488996648484,1537.6285066451692,1392.5472350029906,0.7146402963641056,0.28535970363589436,3.986948557961574,7.0
2024-09-16,1477,FINAL,Canton,4071,12.0,1.0,Milford,4249,0.0,0.0,Hockomock,Hockomock,4:45 P.M.,,0,2024,1595.619186686745,1435.1066375255984,1613.2697342658432,1417.4560899465002,0.770618634532334,0.22938136546766597,5.2628137290286645,12.0
2024-09-17,2582,FORFEIT (Away),Somerset Berkley,4350,3.0,1.0,Dighton-Rehoboth,4114,0.0,0.0,South Coast,South Coast,3:30 P.M.,,0,2024,1767.8589435692236,1374.9496257227213,,,0.927546031643015,0.07245396835698503,11.072732946162557,
2024-09-17,4745,FINAL,Saugus,4341,0.0,0.0,Gloucester,4150,6.0,1.0,Northeastern,Northeastern,4:30 P.M.,,0,2024,1452.218765215139,1520.4849689282262,1424.5632753777822,1548.140458765583,0.4737370128280357,0.5262629871719643,-0.4566550928271795,-6.0
2024-09-17,9648,FINAL,Holyoke,4176,5.0,1.0,Hampshire,4518,2.0,0.0,County,County,,,0,2024,1482.7184626815836,1444.0755456381858,1498.3196939245188,1428.4743143952505,0.6248696842342583,0.37513031576574174,2.216072926084945,3.0
2024-09-17,9562,FINAL,Dartmouth,4105,3.0,1.0,Bishop Stang,4045,1.0,0.0,Southeast,Catholic Central,3:30 P.M.,,0,2024,1513.1776265774258,1452.2577850429745,1524.5675230893369,1440.8678885310635,0.6544156469212788,0.34558435307872115,2.772996038361282,2.0
2024-09-17,5934,FINAL,Oxford,4303,0.0,0.0,Leicester,4207,3.0,1.0,SWCL,SWCL,3:30 P.M.,,0,2024,1400.8643795955165,1465.5900261469699,1380.950783524897,1485.5036222175895,0.4788207716224828,0.5211792283775172,-0.36814116378633344,-3.0
2024-09-17,5754,FINAL,Mohawk Trail,4258,0.0,0.0,Southwick,4519,6.0,1.0,Valley,Valley,4:00 P.M.,,0,2024,1411.0221544367557,1486.0968628947498,1383.9364211062032,1513.1825962253024,0.46397711534800146,0.5360228846519985,-0.626867711449853,-6.0
2024-09-17,5741,FINAL,Mahar,4226,5.0,2.0,Turners Falls,4396,5.0,2.0,Valley,Valley,4:00 P.M.,,0,2024,1390.7334622948756,1439.0227041153155,1390.7334622948756,1439.0227041153155,0.5024619590292367,0.49753804097076326,0.042768954489002906,0.0
2024-09-17,4914,FINAL,Blackstone-Millville,4486,0.0,0.0,Northbridge,4292,6.0,1.0,Dual Valley,SWCL,3:30 P.M.,,0,2024,1407.9361555012656,1524.2752035544213,1384.2540029821894,1547.9573560734975,0.40567396411002876,0.5943260358899712,-1.6584762013288923,-6.0
2024-09-17,4849,FINAL,Plymouth South,4316,0.0,0.0,Pembroke,4308,4.0,1.0,Patriot,Patriot,4:00 P.M.,,0,2024,1423.6429687647073,1456.8240475672214,1398.3336490280658,1482.133367303863,0.5241854840771467,0.4758145159228533,0.42047302993714764,-4.0
2024-09-17,9649,FINAL,Waltham,4405,9.0,1.0,Arlington Catholic,4014,0.0,0.0,Dual County,Catholic Central,,,0,2024,1508.2437643509238,1427.2929051540996,1530.3479508611267,1405.1887186438967,0.6800091257219543,0.31999087427804573,3.273771479920606,9.0
2024-09-17,2815,FINAL,Fairhaven,4133,2.0,1.0,Seekonk,4344,1.0,0.0,South Coast,South Coast,3:30 P.M.,,0,2024,1465.8114326325656,1513.9528184436535,1476.153020783725,1503.6112302924942,0.502674735313543,0.497325264686457,0.04646535472280107,1.0
2024-09-17,2607,FINAL,Southeastern,4358,0.0,0.0,Westport,4461,7.0,1.0,Mayflower,Mayflower,5:30 P.M.,,0,2024,1500.8223483856877,1537.7189772008546,1468.454905168434,1570.0864204181084,0.5188483312865244,0.4811516687134756,0.32758427962082803,-7.0
2024-09-17,2738,FINAL,Old Rochester,4301,1.0,1.0,Apponequet,4011,0.0,0.0,South Coast,South Coast,4:00 P.M.,,0,2024,1461.6785188182298,1479.3610645623717,1471.1113879165673,1469.9281954640342,0.5463748843491232,0.4536251156508768,0.8079363563964534,1.0
2024-09-17,739,FINAL,Beverly,4038,7.0,1.0,Danvers,4103,1.0,0.0,Northeastern,Northeastern,4:00 P.M.,,0,2024,1576.8068671192884,1430.759273702955,1591.076061802908,1416.4900790193353,0.755569483504555,0.244430516495445,4.901189835408337,6.0
2024-09-17,858,FINAL,Silver Lake,4349,2.0,1.0,Marshfield,4234,1.0,0.0,Patriot,Patriot,4:00 P.M.,,0,2024,1491.638133970176,1487.788188486975,1500.4366327174007,1478.9896897397505,0.5768816496703812,0.42311835032961875,1.3462486370800264,1.0
2024-09-17,900,FINAL,Peabody,4306,0.0,0.0,Masconomet,4236,1.0,1.0,Northeastern,Northeastern,4:00 P.M.,,0,2024,1455.7470012157683,1532.6041657263906,1446.151912404654,1542.1992545375049,0.4614262348227917,0.5385737651772082,-0.6714291127655599,-1.0
2024-09-17,910,FINAL,Whitman-Hanson,4427,2.0,2.0,Plymouth North,4315,2.0,2.0,Patriot,Patriot,4:00 P.M.,,0,2024,1418.579876860002,1394.4101852805609,1418.579876860002,1394.4101852805609,0.6051463322632993,0.3948536677367007,1.8542422894860295,0.0
2024-09-17,939,FINAL,Acton-Boxborough,4003,5.0,1.0,Wayland,4411,0.0,0.0,Dual County,Dual County,4:30 P.M.,,0,2024,1434.9337058055526,1452.3515839768813,1459.2970225123786,1427.9882672700553,0.5467524682628935,0.4532475317371065,0.8145530457167809,5.0
2024-09-17,749,FINAL,St. Mary’s,4374,2.0,0.0,Bishop Feehan,4042,4.0,1.0,Catholic Central,Catholic Central,4:00 P.M.,,0,2024,1534.2431439925692,1493.9041156997089,1513.5731204597587,1514.5741392325194,0.6271555411621305,0.37284445883786954,2.2584757073215087,-2.0
2024-09-17,1500,FINAL,Duxbury,4123,4.0,1.0,Scituate,4343,0.0,0.0,Patriot,Patriot,4:00 P.M.,,0,2024,1640.684700471127,1514.4105486259864,1653.5308162875397,1501.5644328095736,0.7339419823288009,0.2660580176711991,4.406853796128513,4.0
2024-09-17,1522,FINAL,Grafton,4153,6.0,1.0,Quaboag,4510,1.0,0.0,SWCL,SWCL,3:30 P.M.,,0,2024,1479.94877675766,1545.9778591341008,1508.0642431108888,1517.862392780872,0.4769486485939668,0.5230513514060332,-0.4007270594110196,5.0
2024-09-17,1531,FINAL,Hingham,4171,5.0,1.0,Hanover,4164,0.0,0.0,Patriot,Patriot,4:00 P.M.,,0,2024,1628.9009626935242,1555.0668646366582,1646.5840269129844,1537.383800417198,0.6710297983043694,0.3289702016956306,3.095852451421649,5.0
2024-09-17,1568,FINAL,Bishop Fenwick,4043,3.0,1.0,Malden,4227,0.0,0.0,Catholic Central,Greater Boston,4:00 P.M.,,0,2024,1516.5049622345596,1492.3989951978863,1532.9301100871598,1475.973847345286,0.6050586774530913,0.3949413225469087,1.8526491759168322,3.0
2024-09-17,1586,FINAL,Swampscott,4383,4.0,1.0,Marblehead,4231,1.0,0.0,Northeastern,Northeastern,4:30 P.M.,,0,2024,1480.7338015813841,1495.963274214837,1499.4540812464556,1477.2429945497654,0.5498724227191134,0.4501275772808866,0.8692631841636796,3.0
2024-09-17,947,FINAL,Westford,4421,2.0,1.0,Tewksbury,4389,1.0,0.0,Dual County,Merrimack Valley,4:00 P.M.,,0,2024,1449.7358318926913,1484.769809708052,1459.6854496685287,1474.8201919322146,0.5215245258686231,0.4784754741313769,0.37415055461598284,1.0
2024-09-17,1635,FINAL,East Longmeadow,4127,5.0,1.0,Northampton,4291,0.0,0.0,Valley,Valley,7:00 P.M.,,0,2024,1619.4933044762347,1534.5935164778045,1636.4289181330732,1517.657902820966,0.684935135031734,0.315064864968266,3.372494699960754,5.0
2024-09-18,4744,FINAL,Foxborough,4142,0.0,0.0,Uxbridge,4398,3.0,1.0,Hockomock,SWCL,5:00 P.M.,,0,2024,1504.3685835834767,1642.6144703735454,1488.745065351542,1658.23798860548,0.3756662045741755,0.6243337954258246,-2.2061471697517163,-3.0
2024-09-18,4900,FINAL,Weston,4423,6.0,1.0,Wakefield,4402,0.0,0.0,Dual County,Middlesex,4:15 P.M.,,0,2024,1442.210837664211,1413.5560711752973,1464.9021897806883,1390.8647190588201,0.6112983920404668,0.38870160795953324,1.966369162222844,6.0
2024-09-18,4898,FINAL,Stoneham,4380,0.0,0.0,Watertown,4409,7.0,1.0,Middlesex,Middlesex,4:15 P.M.,,0,2024,1508.5136413594919,1597.827739046915,1480.836521312064,1625.504859094343,0.4436627093168089,0.5563372906831912,-0.9828524421855775,-7.0
2024-09-18,4870,FINAL,Carver,4077,0.0,0.0,Sandwich,4340,7.0,1.0,South Shore,South Shore,3:30 P.M.,,0,2024,1436.4484537900112,1625.9245085040864,1417.1465823941046,1645.226379899993,0.3094079349194556,0.6905920650805444,-3.4869013678518797,-7.0
2024-09-18,4853,FINAL,Pentucket,4309,2.0,1.0,Triton,4395,0.0,0.0,Cape Ann,Cape Ann,4:00 P.M.,,0,2024,1534.9391206695996,1446.7365054080828,1545.1883975789613,1436.4872284987212,0.6890235370846102,0.31097646291538983,3.455065381537918,2.0
2024-09-18,4838,FINAL,Notre Dame (Worcester),4451,3.0,1.0,St. Paul,4954,0.0,0.0,Central Mass.,Central Mass.,3:45 P.M.,,0,2024,1449.8162690180118,1487.5262587041007,1469.8754199722569,1467.4671077498556,0.5176793732311276,0.48232062676887244,0.30725025784777815,3.0
2024-09-18,4818,FINAL,Tyngsborough/Dracut,4397,1.0,0.0,North Middlesex,4286,7.0,1.0,Mid-Wach,Mid-Wach,3:30 P.M.,,0,2024,1534.702246316833,1548.839208317886,1502.511334756362,1581.030119878357,0.5514285363432433,0.4485714636567567,0.8965759499736748,-6.0
2024-09-18,4826,FINAL,North Reading,4288,0.0,0.0,Lynnfield,4223,1.0,1.0,Cape Ann,Cape Ann,4:30 P.M.,,0,2024,1584.5787930612512,1544.1448430363237,1571.53480351763,1557.1888325799448,0.627283300932991,0.372716699067009,2.2608487506231882,-1.0
2024-09-18,4797,FINAL,Nauset,4271,2.0,2.0,Nantucket,4265,2.0,2.0,Cape &#38; Islands,Cape &#38; Islands,4:00 P.M.,,0,2024,1509.7744521295788,1529.4077617300006,1509.7744521295788,1529.4077617300006,0.5435902390984017,0.45640976090159835,0.7591672599894537,0.0
2024-09-18,4777,FINAL,Wareham/Bourne,4407,0.0,0.0,Martha’s Vineyard,4235,5.0,1.0,Mayflower,Cape &#38; Islands,3:30 P.M.,,0,2024,1392.335746707905,1430.7372686971637,1364.5624704474042,1458.5105449576645,0.5166853538376328,0.4833146461623672,0.28996195026853117,-5.0
2024-09-18,4910,FINAL,Norwood,4297,5.0,1.0,Bellingham,4033,1.0,0.0,Tri-Valley,Tri-Valley,4:00 P.M.,,0,2024,1625.2525925773698,1458.299107146774,1636.0145789689734,1447.5371207551705,0.77710672965472,0.22289327034527995,5.423837135764893,4.0
2024-09-18,4764,FINAL,Holliston,4174,0.0,0.0,Dover-Sherborn,4118,3.0,1.0,Tri-Valley,Tri-Valley,4:00 P.M.,,0,2024,1413.71934657201,1549.8103017255523,1397.9746431234173,1565.555005174145,0.3785800930925318,0.6214199069074682,-2.1522738788385594,-3.0
2024-09-18,4831,FINAL,Norwell,4296,0.0,0.0,Cohasset,4094,4.0,1.0,South Shore,South Shore,4:00 P.M.,,0,2024,1522.5818492330268,1576.9888752638421,1498.746486417235,1600.824238079634,0.4936581198451521,0.5063418801548478,-0.11017565077038398,-4.0
2024-09-18,4924,FINAL,Clinton,4093,4.0,1.0,Bromfield,4505,2.0,0.0,Mid-Wach,Mid-Wach,3:30 P.M.,,0,2024,1609.4930824918079,1508.6522375688173,1619.2357786145255,1498.9095414460996,0.7043938605332355,0.2956061394667645,3.771021123074763,2.0
2024-09-18,6008,FINAL,St. John Paul II,4689,2.0,1.0,Sturgis East,4456,1.0,0.0,Cape &#38; Islands,Cape &#38; Islands,4:30 P.M.,,0,2024,1508.064479452534,1480.3210810531555,1516.1732390864813,1472.2123214192081,0.6100510896114489,0.38994891038855106,1.943584959984463,1.0
2024-09-18,4955,FINAL,Holyoke,4176,1.0,1.0,Franklin County Tech,4145,0.0,0.0,County,County,4:30 P.M.,,0,2024,1498.3196939245188,1544.4729610312193,1508.601790664525,1534.190864291213,0.5055356674417484,0.4944643325582516,0.09616832233248829,1.0
2024-09-18,5711,FINAL,Hamilton-Wenham,4163,4.0,1.0,Rockport,4490,1.0,0.0,Cape Ann,Cape Ann,4:00 P.M.,,0,2024,1511.9416367523777,1468.3780771251343,1527.267721790924,1453.051992086588,0.631485551977445,0.36851444802255495,2.3390889906810854,3.0
2024-09-18,5721,FINAL,Ipswich,4190,0.0,0.0,Manchester Essex,4229,1.0,1.0,Cape Ann,Cape Ann,4:00 P.M.,,0,2024,1520.4676012704597,1548.7635561063723,1509.421731215843,1559.809426160989,0.5311940650033123,0.46880593499668766,0.5426011291021837,-1.0
2024-09-18,5733,FINAL,Littleton,4212,0.0,0.0,Lunenburg,4219,3.0,1.0,Mid-Wach,Mid-Wach,6:00 P.M.,,0,2024,1467.1304467072864,1462.753386316545,1443.1078180526329,1486.7760149711985,0.577622120486428,0.422377879513572,1.3594265097685365,-3.0
2024-09-18,5750,FINAL,Maynard,4239,8.0,1.0,Tahanto,4513,1.0,0.0,Mid-Wach,Mid-Wach,3:30 P.M.,,0,2024,1605.021891859773,1420.694647402722,1617.876016688871,1407.840522573624,0.7939490872676946,0.20605091273230536,5.858181111426274,7.0
2024-09-18,9863,FINAL,St. Paul’s,4375,1.0,2.0,Thayer,4390,1.0,2.0,Independent,ISL,,,0,2024,1500.0,1500.0,1500.0,1500.0,0.5714631174083814,0.4285368825916186,1.25,0.0
2024-09-18,9911,FINAL,Dexter Southfield,4113,2.0,1.0,Rivers,4330,1.0,0.0,Independent,ISL,,1.0,0,2024,1539.6231567945563,1500.0,1547.396287191317,1492.2268696032393,0.6261914441470001,0.3738085558529999,2.240578919863907,1.0
2024-09-18,9921,FINAL,Marianapolis,4567,0.0,0.0,Worcester Academy,4441,9.0,1.0,Independent,Independent,,,0,2024,1500.0,1500.0,1460.5247263397866,1539.4752736602134,0.5714631174083814,0.4285368825916186,1.25,-9.0
2024-09-18,10283,FINAL,Beaver Country Day,4030,0.0,0.0,Pingree,4312,5.0,1.0,EIL,EIL,,,0,2024,1531.988769566351,1485.8761234391197,1497.8614677627427,1520.003425242728,0.6348936597371811,0.36510634026281885,2.4028161531807823,-5.0
2024-09-18,11815,FINAL,Wellesley,4413,1.0,2.0,Natick,4270,1.0,2.0,Bay State,Bay State,,,0,2024,1574.805616764574,1593.1953939442299,1574.805616764574,1593.1953939442299,0.5453656628923511,0.4546343371076489,0.7902555705086058,0.0
2024-09-18,2823,FINAL,Monomoy,4706,9.0,1.0,Falmouth,4134,0.0,0.0,Cape &#38; Islands,Cape &#38; Islands,6:00 P.M.,,0,2024,1624.951657021929,1454.2200197880957,1640.0899223282095,1439.081754481815,0.780851163729831,0.219148836270169,5.518290930845831,9.0
2024-09-18,4748,POSTPONED,Northeast,4293,,,Greater Lowell,4155,,,Independent,Independent,4:00 P.M.,,0,2024,1316.9406771554384,1422.7697242415747,,,0.42033999712895,0.57966000287105,-1.3957261771534093,
2024-09-18,4792,SUSPENDED,North Brookfield,4508,,,Monty Tech,4259,,,Colonial,Colonial,4:00 P.M.,,0,2024,1470.4369576060892,1491.2008402888318,,,0.5419751272572937,0.4580248727427063,0.7309029329314342,
2024-09-18,4948,FINAL,East Bridgewater,4126,0.0,0.0,Mashpee,4237,1.0,1.0,South Shore,South Shore,4:30 P.M.,,0,2024,1440.207207256093,1391.959382418197,1426.945817835872,1405.220771838418,0.6377380250616735,0.36226197493832646,2.4561956209473976,-1.0
2024-09-18,2786,FINAL,St. Mary’s,4374,3.0,1.0,Danvers,4103,0.0,0.0,Catholic Central,Northeastern,6:00 P.M.,,0,2024,1513.5731204597587,1416.4900790193353,1526.0551836199613,1404.0080158591327,0.6998698229785488,0.30013017702145117,3.677076036010584,3.0
2024-09-18,757,FINAL,Braintree,4051,0.0,0.0,Newton North,4279,3.0,1.0,Bay State,Bay State,4:30 P.M.,,0,2024,1438.5239599665272,1452.7316798378467,1415.5948820746885,1475.6607577296854,0.5513277827785409,0.4486722172214591,0.8948070032170108,-3.0
2024-09-18,2764,FINAL,Belchertown,4032,5.0,1.0,Tantasqua,4387,0.0,0.0,County,SWCL,4:00 P.M.,,0,2024,1589.3141951076384,1533.3624937775066,1608.2394972657842,1514.4371916193609,0.6479195918281884,0.35208040817181163,2.648792533253294,5.0
2024-09-18,871,FINAL,Needham,4272,1.0,1.0,Milton,4252,0.0,0.0,Bay State,Bay State,4:00 P.M.,,0,2024,1520.8513783025687,1503.6982815062966,1529.2636477807623,1495.286012028103,0.5954553513729539,0.4045446486270461,1.678827419906804,1.0
2024-09-18,864,FINAL,North Andover,4283,5.0,1.0,Methuen,4246,0.0,0.0,Merrimack Valley,Merrimack Valley,4:00 P.M.,,0,2024,1483.41777762011,1516.7407254787765,1509.0050815832544,1491.153421515632,0.523981791779073,0.476018208220927,0.4169263035333358,5.0
2024-09-18,844,FINAL,Nashoba,4267,1.0,0.0,Lincoln-Sudbury,4211,3.0,1.0,Mid-Wach,Dual County,6:00 P.M.,,0,2024,1595.6219387437282,1546.625817466573,1574.5703543388383,1567.6774018714627,0.6387325969325509,0.3612674030674491,2.4749030319288807,-2.0
2024-09-18,839,FINAL,Lexington,4209,0.0,0.0,Winchester,4434,4.0,1.0,Middlesex,Middlesex,4:15 P.M.,,0,2024,1501.110217942233,1609.8063068563308,1481.0087845683895,1629.9077402301743,0.41632409299638184,0.5836759070036182,-1.467402222852445,-4.0
2024-09-18,817,FINAL,Franklin,4144,6.0,1.0,Concord-Carlisle,4097,0.0,0.0,Hockomock,Dual County,4:30 P.M.,,0,2024,1634.7707982874879,1505.0422020250687,1650.076923764632,1489.7360765479245,0.7378069163064074,0.2621930836935926,4.493214906560479,6.0
2024-09-18,806,FINAL,Essex Tech,4745,0.0,0.0,Newburyport,4276,3.0,1.0,Cape Ann,Cape Ann,4:00 P.M.,,0,2024,1491.5383525549537,1560.1955146019516,1471.8595174231589,1579.8743497337464,0.4731759642518646,0.5268240357481354,-0.46642905117494704,-3.0
2024-09-18,797,FINAL,Durfee,4122,5.0,1.0,New Bedford,4273,0.0,0.0,Big Three,Big Three,5:15 P.M.,,0,2024,1571.066163734696,1507.2827916205217,1589.442412646295,1488.9065427089226,0.6581340068761905,0.3418659931238095,2.844584302854355,5.0
2024-09-18,687,FINAL,Wachusett,4400,2.0,0.0,Algonquin,4005,3.0,1.0,Mid-Wach,Mid-Wach,6:30 P.M.,,0,2024,1490.0571803173702,1605.4663319347474,1481.5945765863703,1613.9289356657473,0.40696521452406687,0.5930347854759331,-1.635228790434428,-1.0
2024-09-18,694,FINAL,Andover,4009,6.0,1.0,Haverhill,4167,0.0,0.0,Merrimack Valley,Merrimack Valley,4:30 P.M.,,0,2024,1579.7612440828784,1455.4585717116959,1595.4227059308946,1439.7971098636797,0.7317200239072464,0.26827997609275356,4.357566809279564,6.0
2024-09-18,704,FINAL,Reading,4328,4.0,1.0,Arlington,4013,0.0,0.0,Middlesex,Middlesex,4:15 P.M.,,0,2024,1617.5312213130715,1538.8509892729348,1633.119031473683,1523.2631791123233,0.6771582997976245,0.32284170020237546,3.2170058010034155,4.0
2024-09-18,722,FINAL,Dennis-Yarmouth,4111,5.0,1.0,Barnstable,4024,0.0,0.0,Cape &#38; Islands,Cape &#38; Islands,4:00 P.M.,,0,2024,1543.0525726025319,1500.7829840418271,1562.9545160183493,1480.8810406260097,0.6297504630203572,0.3702495369796428,2.3067397140176182,5.0
2024-09-18,731,FINAL,Woburn,4438,0.0,0.0,Belmont,4034,9.0,1.0,Middlesex,Middlesex,4:00 P.M.,,0,2024,1393.2492031513734,1556.749376975809,1369.608593535187,1580.3899865919952,0.3422328768379548,0.6577671231620452,-2.837504345610887,-9.0
2024-09-18,764,FINAL,Bridgewater-Raynham,4053,0.0,0.0,Dartmouth,4105,6.0,1.0,Southeast,Southeast,4:00 P.M.,,0,2024,1405.8661105051676,1524.5675230893369,1382.3751127527764,1548.058520841728,0.40239949351884463,0.5976005064811554,-1.7175353146042311,-6.0
2024-09-18,774,FINAL,Framingham,4143,0.0,0.0,Brookline,4059,7.0,1.0,Bay State,Bay State,4:30 P.M.,,0,2024,1338.7522908416738,1469.6488500290493,1314.694834149797,1493.706306720926,0.38563970517523993,0.6143602948247601,-2.022413979684387,-7.0
2024-09-18,789,FINAL,Chelmsford,4085,5.0,1.0,Lowell,4216,0.0,0.0,Merrimack Valley,Merrimack Valley,6:00 P.M.,,0,2024,1550.3361847441056,1510.4897026581161,1570.4132627112358,1490.412624690986,0.626492314548224,0.37350768545177604,2.2461620521497365,5.0
2024-09-18,935,FINAL,Weymouth,4425,0.0,0.0,Walpole,4404,9.0,1.0,Bay State,Bay State,4:00 P.M.,,0,2024,1351.5005047454595,1637.0644594540827,1337.3472939270666,1651.2176702724755,0.20488871198804826,0.7951112880119517,-5.88909886771558,-9.0
2024-09-18,1449,FINAL,Amherst-Pelham,4008,2.0,1.0,Palmer,4304,0.0,0.0,County,County,4:15 P.M.,,0,2024,1550.5412168868313,1389.6595000184823,1558.08887898409,1382.1118379212237,0.7709940629916869,0.22900593700831307,5.272042921708726,2.0
2024-09-18,2779,FINAL,Burncoat,4066,1.0,0.0,Worcester Tech/Worcester North,4445,2.0,1.0,Inter-High,Colonial,3:30 P.M.,,0,2024,1375.4530211538818,1397.6130794878304,1364.2244658803395,1408.8416347613727,0.5399793669828991,0.46002063301710094,0.6959985416512836,-1.0
2024-09-18,1491,FINAL,Doherty,4116,4.0,1.0,Marlborough,4233,1.0,0.0,Inter-High,Mid-Wach,4:00 P.M.,,0,2024,1626.8134290481623,1502.0714584425793,1637.9502462077098,1490.9346412830319,0.7322161518772297,0.26778384812277034,4.368549265139575,3.0
2024-09-18,1462,FINAL,Brockton,4058,1.0,0.0,Stoughton,4381,4.0,1.0,Big Three,Hockomock,6:15 P.M.,,0,2024,1421.61769295574,1471.9500292713956,1400.843168239797,1492.7245539873386,0.49952172974193715,0.5004782702580628,-0.00830840789138847,-3.0
2024-09-18,1623,FINAL,Frontier,4146,5.0,1.0,Minnechaug,4254,2.0,0.0,Suburban,Suburban,4:00 P.M.,,0,2024,1543.9871357362751,1501.626667697978,1559.380308482567,1486.2334949516862,0.6298724335896265,0.3701275664103735,2.309011700957427,3.0
2024-09-18,2569,FINAL,Shepherd Hill,4347,2.0,2.0,Hudson,4182,2.0,2.0,Mid-Wach,Mid-Wach,4:00 P.M.,,0,2024,1484.2594353232628,1493.999412166868,1484.2594353232628,1493.999412166868,0.5576808889502451,0.44231911104975485,1.0065005789098678,0.0
2024-09-18,2594,FINAL,St. Bernard’s,4365,7.0,1.0,South High,4962,1.0,0.0,Central Mass.,Independent,3:45 P.M.,,0,2024,1470.627567025622,1462.4402909982625,1494.9730045719687,1438.094853451916,0.5829640000222078,0.41703599997779217,1.4546819006839882,6.0
2024-09-18,2668,FINAL,Ashland,4015,4.0,1.0,Westborough,4418,2.0,0.0,Tri-Valley,Mid-Wach,4:30 P.M.,,0,2024,1436.4363772674112,1525.9982400255653,1454.7839483857974,1507.6506689071791,0.4433107018239726,0.5566892981760274,-0.989046568953853,2.0
2024-09-18,2704,FINAL,Westwood,4424,2.0,0.0,Medfield,4241,3.0,1.0,Tri-Valley,Tri-Valley,5:30 P.M.,,0,2024,1554.0529911684532,1577.8298566656517,1542.8725279798803,1589.0103198542247,0.5376666265665241,0.4623333734334759,0.6555783625700371,-1.0
2024-09-18,2714,FINAL,Whitman-Hanson,4427,0.0,0.0,Pembroke,4308,1.0,1.0,Patriot,Patriot,4:00 P.M.,,0,2024,1418.579876860002,1482.133367303863,1408.5880594514886,1492.1251847123765,0.4805048474910121,0.5194951525089879,-0.33883726109652346,-1.0
2024-09-18,2756,FINAL,Blackstone Valley,4046,1.0,1.0,Bedford,4031,0.0,0.0,Colonial,Dual County,3:30 P.M.,,0,2024,1585.86724514638,1561.2407275519697,1594.0649337458406,1553.043038952509,0.6057745103602014,0.39422548963979864,1.8656629398602547,1.0
2024-09-18,2693,FINAL,West Springfield,4417,0.0,0.0,Westfield,4419,6.0,1.0,Suburban,Valley,7:00 P.M.,,0,2024,1394.335312053506,1585.324041937502,1376.3813473435778,1603.2780066474302,0.3075504234465684,0.6924495765534315,-3.5247182470999006,-6.0
2024-09-18,1587,FINAL,Masconomet,4236,6.0,1.0,Marblehead,4231,1.0,0.0,Northeastern,Northeastern,4:00 P.M.,,0,2024,1542.1992545375049,1477.2429945497654,1560.4939357322583,1458.948313355012,0.6596514671946946,0.3403485328053054,2.8739064996934873,5.0
2024-09-18,1581,FINAL,North Attleborough,4284,2.0,1.0,Mansfield,4230,1.0,0.0,Hockomock,Hockomock,5:15 P.M.,,0,2024,1519.072909031568,1485.6160589177136,1527.0195747185817,1477.6693932307,0.6178461607247665,0.3821538392752335,2.0864212528463613,1.0
2024-09-18,1569,FINAL,Malden,4227,4.0,1.0,Revere,4329,0.0,0.0,Greater Boston,Greater Boston,4:00 P.M.,,0,2024,1475.973847345286,1482.2132911718456,1497.090690917499,1461.0964475996327,0.5626455793651184,0.4373544206348816,1.094013904336009,4.0
2024-09-18,1560,FINAL,Longmeadow,4214,2.0,1.0,Greenfield,4157,0.0,0.0,Suburban,Suburban,4:00 P.M.,,0,2024,1600.1357938956733,1493.1938767875738,1609.6392103253281,1483.690460357919,0.7116539192919408,0.2883460807080592,3.9235479277024865,2.0
2024-09-18,1552,FINAL,Leominster,4208,0.0,2.0,Quabbin,4325,0.0,2.0,Mid-Wach,Mid-Wach,7:00 P.M.,,0,2024,1436.9977113145637,1521.0440667232485,1436.9977113145637,1521.0440667232485,0.451159589007799,0.5488404109922009,-0.8511588852171201,0.0
2024-09-18,1547,FINAL,Hopkinton,4180,2.0,1.0,Medway,4243,1.0,0.0,Tri-Valley,Tri-Valley,5:30 P.M.,,0,2024,1465.0520545986276,1485.5543657336004,1474.5686420555512,1476.0377782766768,0.5423488823236686,0.4576511176763314,0.737442221625679,1.0
2024-09-18,1513,FINAL,Fitchburg,4139,0.0,0.0,Groton-Dunstable,4160,9.0,1.0,Mid-Wach,Mid-Wach,6:00 P.M.,,0,2024,1411.063945295262,1577.6306680475782,1387.6970625061933,1600.997550836647,0.33827027515242125,0.6617297248475787,-2.914168068807902,-9.0
2024-09-18,1598,FINAL,Wilmington,4432,0.0,2.0,Melrose,4244,0.0,2.0,Middlesex,Middlesex,4:15 P.M.,,0,2024,1400.5929835246059,1425.57313829891,1400.5929835246059,1425.57313829891,0.5359443390418984,0.4640556609581016,0.625496130642398,0.0
2024-09-19,4892,FINAL,Wakefield,4402,0.0,0.0,Watertown,4409,7.0,1.0,Middlesex,Middlesex,4:30 P.M.,,0,2024,1390.8647190588201,1625.504859094343,1374.847159538299,1641.5224186148641,0.2567605965266623,0.7432394034733377,-4.61600350088807,-7.0
2024-09-19,2583,POSTPONED,Apponequet,4011,,,Somerset Berkley,4350,,,South Coast,South Coast,3:30 P.M.,,0,2024,1464.77050526326,1767.8589435692236,,,0.18894281455140557,0.8110571854485944,-6.327210957649089,
2024-09-19,12041,FINAL,Plymouth South,4316,2.0,1.0,East Bridgewater,4126,0.0,0.0,Patriot,South Shore,,,0,2024,1398.3336490280658,1426.945817835872,1413.7996686452514,1411.4797982186865,0.5307407421552519,0.4692592578447481,0.5346957798048436,2.0
2024-09-19,10036,FINAL,Worcester Tech/Worcester North,4445,0.0,0.0,St. Bernard’s,4365,4.0,1.0,Colonial,Central Mass.,,,0,2024,1408.8416347613727,1494.9730045719687,1387.201643475698,1516.6129958576435,0.44818941897851244,0.5518105810214875,-0.9032842452648993,-4.0
2024-09-19,5742,FINAL,Mahar,4226,2.0,1.0,Mohawk Trail,4258,1.0,0.0,Valley,Valley,4:00 P.M.,,0,2024,1390.7334622948756,1383.9364211062032,1399.445966921272,1375.2239164798068,0.5810170927258644,0.41898290727413556,1.419926029716811,1.0
2024-09-19,5725,FINAL,Joseph Case,4078,2.0,0.0,West Bridgewater,4415,5.0,1.0,South Coast,South Coast,3:45 P.M.,,0,2024,1517.5497350100575,1580.035402927093,1497.5022795113007,1600.0828584258497,0.4820394105083093,0.5179605894916908,-0.31214169792588675,-3.0
2024-09-19,4915,FINAL,Blackstone-Millville,4486,0.0,0.0,Sutton,4512,7.0,1.0,Dual Valley,Dual Valley,3:30 P.M.,,0,2024,1384.2540029821894,1580.7000061893,1365.482820538075,1599.4711886334144,0.3009010202638428,0.6990989797361572,-3.661150080177765,-7.0
2024-09-19,4811,FINAL,Nipmuc,4281,4.0,1.0,Hopedale,4507,0.0,0.0,Dual Valley,Dual Valley,3:30 P.M.,,0,2024,1554.0741183562104,1494.9427563892582,1570.8726129844176,1478.144261761051,0.6520836146494285,0.34791638535057146,2.728284049173806,4.0
2024-09-19,6014,FINAL,Southwick,4519,8.0,1.0,Turners Falls,4396,0.0,0.0,Valley,Valley,4:00 P.M.,,0,2024,1513.1825962253024,1439.0227041153155,1534.8399580219643,1417.3653423186536,0.671443662457146,0.32855633754285396,3.103997302749673,8.0
2024-09-19,2807,FINAL,Smith Academy,4538,0.0,0.0,East Longmeadow,4127,6.0,1.0,Valley,Valley,4:00 P.M.,,0,2024,1522.4846143925618,1636.4289181330732,1498.6081859529104,1660.3053465727246,0.40900189989489233,0.5909981001051077,-1.5986075935127873,-6.0
2024-09-19,678,FINAL,Acton-Boxborough,4003,1.0,2.0,Waltham,4405,1.0,2.0,Dual County,Dual County,4:30 P.M.,,0,2024,1459.2970225123786,1530.3479508611267,1459.2970225123786,1530.3479508611267,0.4697422959663761,0.5302577040336238,-0.5262732087187032,0.0
2024-09-19,714,FINAL,Franklin,4144,3.0,1.0,Attleboro,4018,0.0,0.0,Hockomock,Hockomock,3:45 P.M.,,0,2024,1650.076923764632,1531.7196403740334,1661.5159927203258,1520.2805714183396,0.7249485324205593,0.27505146757944066,4.208932084764967,3.0
2024-09-19,2816,FINAL,Fairhaven,4133,2.0,0.0,Old Rochester,4301,5.0,1.0,South Coast,South Coast,3:30 P.M.,,0,2024,1476.153020783725,1471.1113879165673,1452.0915868985674,1495.172821801725,0.5785551890465765,0.42144481095342345,1.3760408216789415,-3.0
2024-09-19,830,FINAL,King Philip,4197,7.0,1.0,Milford,4249,1.0,0.0,Hockomock,Hockomock,3:45 P.M.,,0,2024,1498.2383678075203,1417.4560899465002,1516.9309017743856,1398.763555979635,0.6797979259912543,0.3202020740087457,3.2695569465255003,6.0
2024-09-19,891,FINAL,Bedford,4031,5.0,1.0,Newton South,4280,1.0,0.0,Dual County,Dual County,4:30 P.M.,,0,2024,1553.043038952509,1460.684468232904,1567.8115793293932,1445.9159278560198,0.6941263310462575,0.30587366895374246,3.558964267990126,4.0
2024-09-19,925,FINAL,Taunton,4388,5.0,1.0,Sharon,4345,2.0,0.0,Hockomock,Hockomock,4:15 P.M.,,0,2024,1420.1569725433537,1386.4226910463592,1436.0346246865065,1370.5450389032064,0.6182231665352265,0.38177683346477354,2.0933570374248633,3.0
2024-09-19,1456,FINAL,Bishop Stang,4045,2.0,1.0,Bishop Fenwick,4043,0.0,0.0,Catholic Central,Catholic Central,3:30 P.M.,,0,2024,1440.8678885310635,1532.9301100871598,1459.332431974036,1514.4655666441874,0.43976160854837465,0.5602383914516254,-1.0515555389024087,2.0
2024-09-19,1478,FINAL,Oliver Ames,4302,0.0,0.0,Canton,4071,5.0,1.0,Hockomock,Hockomock,6:30 P.M.,,0,2024,1496.628685100463,1613.2697342658432,1474.8451067086635,1635.0533126576427,0.40525488615917943,0.5947451138408206,-1.6660262291345078,-5.0
2024-09-19,1501,FINAL,Notre Dame (Hingham),4449,2.0,1.0,Duxbury,4123,0.0,0.0,Independent,Patriot,4:00 P.M.,,0,2024,1534.5172324977,1653.5308162875397,1554.2274101823527,1633.820638602887,0.4019674369214738,0.5980325630785261,-1.7253395947459922,2.0
2024-09-19,740,FINAL,Swampscott,4383,0.0,0.0,Beverly,4038,1.0,1.0,Northeastern,Northeastern,7:00 P.M.,,0,2024,1499.4540812464556,1591.076061802908,1490.2965104588113,1600.2336325905524,0.44038606539747177,0.5596139346025282,-1.04054951391131,-1.0
2024-09-19,1523,FINAL,Tantasqua,4387,0.0,2.0,Grafton,4153,0.0,2.0,SWCL,SWCL,3:30 P.M.,,0,2024,1514.4371916193609,1508.0642431108888,1514.4371916193609,1508.0642431108888,0.5804226809856965,0.4195773190143035,1.4093237127118017,0.0
2024-09-19,1570,FINAL,Malden,4227,0.0,0.0,North Reading,4288,5.0,1.0,Greater Boston,Cape Ann,4:00 P.M.,,0,2024,1497.090690917499,1571.53480351763,1472.102095454633,1596.523398980496,0.4648800223471945,0.5351199776528055,-0.611102815003278,-5.0
2024-09-19,1636,FINAL,Northampton,4291,0.0,0.0,Westfield,4419,4.0,1.0,Valley,Valley,4:30 P.M.,,0,2024,1517.657902820966,1603.2780066474302,1495.9827623214649,1624.9531471469313,0.4489174001275974,0.5510825998724026,-0.8905025956616044,-4.0
2024-09-19,2576,FINAL,Silver Lake,4349,2.0,1.0,Carver,4077,1.0,0.0,Patriot,South Shore,4:30 P.M.,,0,2024,1500.4366327174007,1417.1465823941046,1507.029875635182,1410.5533394763233,0.6829320379713555,0.3170679620286445,3.3322512580824024,1.0
2024-09-19,2619,FINAL,Weston,4423,2.0,1.0,Wayland,4411,1.0,0.0,Dual County,Dual County,4:15 P.M.,,0,2024,1464.9021897806883,1427.9882672700553,1472.7513794330425,1420.139077617701,0.6225337671183873,0.37746623288161274,2.1728480627658255,1.0
2024-09-19,2751,FINAL,Leicester,4207,0.0,0.0,Auburn,4019,10.0,1.0,SWCL,SWCL,3:30 P.M.,,0,2024,1485.5036222175895,1508.5333438765158,1446.7486774776467,1547.2882886164589,0.5387355761470978,0.46126442385290223,0.6742569585268428,-10.0
2024-09-20,4846,POSTPONED,Wareham/Bourne,4407,,,Old Rochester,4301,,,Mayflower,South Coast,3:30 P.M.,,0,2024,1333.415097764611,1586.4560542255422,,,0.2370723745757844,0.7629276254242157,-5.076023911523282,
2024-09-20,4804,FINAL,Newburyport,4276,5.0,1.0,Swampscott,4383,0.0,0.0,Cape Ann,Northeastern,4:00 P.M.,,0,2024,1579.8743497337464,1490.2965104588113,1596.4991587663692,1473.6717014261885,0.6907172471502692,0.30928275284973084,3.4894459818733763,5.0
2024-09-20,4839,FINAL,Notre Dame (Worcester),4451,2.0,0.0,Northbridge,4292,3.0,1.0,Central Mass.,SWCL,3:45 P.M.,,0,2024,1469.8754199722569,1547.9573560734975,1460.316754948521,1557.5160210972333,0.4596746209087507,0.5403253790912492,-0.7020484025310167,-1.0
2024-09-20,4854,FINAL,Essex Tech,4745,0.0,0.0,Pentucket,4309,2.0,1.0,Cape Ann,Cape Ann,4:00 P.M.,,0,2024,1471.8595174231589,1545.1883975789613,1456.4851830632047,1560.5627319389155,0.46647740725690806,0.533522592743092,-0.5832220038950595,-2.0
2024-09-20,4890,FINAL,Bellingham,4033,4.0,1.0,Ursuline,4448,1.0,0.0,Tri-Valley,Independent,4:15 P.M.,,0,2024,1447.5371207551705,1467.1811079133993,1466.5193033006367,1448.198925367933,0.5435749896067786,0.45642501039322136,0.7589003210442797,3.0
2024-09-20,4925,FINAL,Bromfield,4505,6.0,1.0,Gardner,4147,1.0,0.0,Mid-Wach,Mid-Wach,4:00 P.M.,,0,2024,1498.9095414460996,1410.3520237704167,1515.601870916366,1393.6596943001505,0.6894611180249955,0.31053888197500445,3.4639379418920724,5.0
2024-09-20,4940,FINAL,Maynard,4239,2.0,1.0,Clinton,4093,0.0,0.0,Mid-Wach,Mid-Wach,3:30 P.M.,,0,2024,1617.876016688871,1619.2357786145255,1632.063105532569,1605.0486897708277,0.5695451740942039,0.4304548259057961,1.2160059518586366,2.0
2024-09-20,4956,FINAL,Franklin County Tech,4145,5.0,1.0,Turners Falls,4396,3.0,0.0,County,Valley,3:30 P.M.,,0,2024,1534.190864291213,1417.3653423186536,1543.3141741120373,1408.2420324978293,0.7231868508138628,0.2768131491861372,4.170638049313988,2.0
2024-09-20,5718,FINAL,Quabbin,4325,7.0,1.0,Hopedale,4507,0.0,0.0,Mid-Wach,Dual Valley,4:00 P.M.,,0,2024,1521.0440667232485,1478.144261761051,1544.0886909484261,1455.0996375358734,0.6305959434576298,0.3694040565423702,2.3224951240549387,7.0
2024-09-20,10063,FINAL,Triton,4395,2.0,0.0,Bedford,4031,3.0,1.0,Cape Ann,Dual County,,,0,2024,1436.4872284987212,1567.8115793293932,1428.4802050471262,1575.8186027809882,0.38505643419659014,0.6149435658034099,-2.033108770766802,-1.0
2024-09-20,6016,FINAL,Tahanto,4513,0.0,0.0,Narragansett,4266,3.0,1.0,Mid-Wach,Mid-Wach,4:00 P.M.,,0,2024,1407.840522573624,1471.9474060881369,1387.8899565280603,1491.8979721337005,0.47970971161437426,0.5202902883856257,-0.35267208786282256,-3.0
2024-09-20,9741,FINAL,Wellesley,4413,3.0,2.0,Lincoln-Sudbury,4211,3.0,2.0,Bay State,Dual County,4:00 P.M.,,0,2024,1574.805616764574,1567.6774018714627,1574.805616764574,1567.6774018714627,0.5814811050922789,0.4185188949077211,1.428205372327784,0.0
2024-09-20,4850,POSTPONED,West Bridgewater,4415,,,Pembroke,4308,,,South Coast,Patriot,3:30 P.M.,,0,2024,1658.2968639769347,1430.5910070348025,,,0.8318231027504961,0.1681768972495039,6.942646423553304,
2024-09-20,10284,FINAL,Concord Academy,4096,6.0,1.0,Beaver Country Day,4030,3.0,0.0,EIL,EIL,,,0,2024,1491.7777133511859,1497.8614677627427,1509.9576009678174,1479.6815801461112,0.5628661048594491,0.4371338951405509,1.0979061397110796,3.0
2024-09-20,10878,FINAL,Natick,4270,1.0,2.0,Hopkinton,4180,1.0,2.0,Bay State,Tri-Valley,,,0,2024,1593.1953939442299,1474.5686420555512,1593.1953939442299,1474.5686420555512,0.7252577279733144,0.27474227202668555,4.215668797216966,0.0
2024-09-20,4773,FINAL,Marlborough,4233,2.0,0.0,North Middlesex,4286,3.0,1.0,Mid-Wach,Mid-Wach,4:00 P.M.,,0,2024,1490.9346412830319,1581.030119878357,1481.7320151177612,1590.2327460436277,0.44255277105970375,0.5574472289402963,-1.0023869648831294,-1.0
2024-09-20,6009,SUSPENDED,Martha’s Vineyard,4235,,,St. John Paul II,4689,,,Cape &#38; Islands,Cape &#38; Islands,3:00 P.M.,,0,2024,1402.3491926374884,1506.0178723552556,,,0.42337306553658177,0.5766269344634183,-1.3417169929441797,
2024-09-20,5746,POSTPONED,Sturgis East,4456,,,Mashpee,4237,,,Cape &#38; Islands,South Shore,4:15 P.M.,,0,2024,1393.2860183054322,1420.7010479248893,,,0.5324566814154156,0.4675433185845844,0.5646242595135732,
2024-09-20,5929,FINAL,North Brookfield,4508,2.0,1.0,Quaboag,4510,1.0,0.0,Colonial,SWCL,3:30 P.M.,,0,2024,1558.5972786833172,1517.862392780872,1566.3392843430702,1510.120387121119,0.6276882276046729,0.3723117723953271,2.268372147561132,1.0
2024-09-20,4755,FINAL,Hudson,4182,1.0,2.0,Groton-Dunstable,4160,1.0,2.0,Mid-Wach,Mid-Wach,4:00 P.M.,,0,2024,1493.999412166868,1600.997550836647,1493.999412166868,1600.997550836647,0.4187011294795934,0.5812988705204065,-1.424953466744472,0.0
2024-09-20,2796,FINAL,Nauset,4271,0.0,0.0,Dennis-Yarmouth,4111,3.0,1.0,Cape &#38; Islands,Cape &#38; Islands,4:00 P.M.,,0,2024,1509.7744521295788,1562.9545160183493,1489.1703618427416,1583.5586063051865,0.4954236479808066,0.5045763520191934,-0.07950159721926298,-3.0
2024-09-20,2787,FINAL,Danvers,4103,1.0,1.0,Saugus,4341,0.0,0.0,Northeastern,Northeastern,4:00 P.M.,,0,2024,1404.0080158591327,1424.5632753777822,1413.5261764800566,1415.0451147568583,0.5422732291269464,0.4577267708730536,0.7361185120337609,1.0
2024-09-20,695,FINAL,North Andover,4283,2.0,2.0,Andover,4009,2.0,2.0,Merrimack Valley,Merrimack Valley,4:00 P.M.,,0,2024,1509.0050815832544,1595.4227059308946,1509.0050815832544,1595.4227059308946,0.4477819237524666,0.5522180762475334,-0.9104406086910046,0.0
2024-09-20,705,FINAL,Woburn,4438,0.0,0.0,Arlington,4013,9.0,1.0,Middlesex,Middlesex,4:00 P.M.,,0,2024,1369.608593535187,1523.2631791123233,1345.0789636486543,1547.792808998856,0.35510276342834113,0.6448972365716589,-2.591364639428406,-9.0
2024-09-20,723,FINAL,Barnstable,4024,0.0,0.0,Monomoy,4706,7.0,1.0,Cape &#38; Islands,Cape &#38; Islands,4:00 P.M.,,0,2024,1480.8810406260097,1640.0899223282095,1459.1832022482185,1661.7877607060007,0.3478151536183294,0.6521848463816706,-2.7302220425549932,-7.0
2024-09-20,732,FINAL,Lexington,4209,0.0,0.0,Belmont,4034,4.0,1.0,Middlesex,Middlesex,4:15 P.M.,,0,2024,1481.0087845683895,1580.3899865919952,1460.275549869716,1601.1232212906687,0.4294094341569763,0.5705905658430237,-1.2345300505901435,-4.0
2024-09-20,750,FINAL,Westwood,4424,3.0,0.0,Bishop Feehan,4042,6.0,1.0,Tri-Valley,Catholic Central,3:45 P.M.,,0,2024,1542.8725279798803,1514.5741392325194,1517.4696199328055,1539.9770472795942,0.6108108243945501,0.38918917560544986,1.9574597186840208,-3.0
2024-09-20,824,FINAL,Lowell,4216,3.0,1.0,Haverhill,4167,0.0,0.0,Merrimack Valley,Merrimack Valley,4:00 P.M.,,0,2024,1490.412624690986,1439.7971098636797,1505.347969017645,1424.8617655370206,0.6408808800993296,0.35911911990067036,2.5153878706826562,3.0
2024-09-20,865,FINAL,Methuen,4246,0.0,0.0,Tewksbury,4389,2.0,1.0,Merrimack Valley,Merrimack Valley,3:45 P.M.,,0,2024,1491.153421515632,1474.8201919322146,1471.5656710747846,1494.407942373062,0.5943179604212154,0.40568203957878457,1.6583307395854376,-2.0
2024-09-20,872,FINAL,Dover-Sherborn,4118,2.0,2.0,Needham,4272,2.0,2.0,Tri-Valley,Bay State,4:00 P.M.,,0,2024,1565.555005174145,1529.2636477807623,1565.555005174145,1529.2636477807623,0.6216912634692489,0.37830873653075114,2.1572839348345667,0.0
2024-09-20,902,FINAL,Gloucester,4150,2.0,1.0,Peabody,4306,0.0,0.0,Northeastern,Northeastern,4:30 P.M.,,0,2024,1548.140458765583,1446.151912404654,1557.8378764225586,1436.4544947476784,0.7057676683879006,0.2942323316120994,3.7997136590232232,2.0
2024-09-20,930,FINAL,Doherty,4116,3.0,1.0,Wachusett,4400,2.0,0.0,Inter-High,Mid-Wach,3:30 P.M.,,0,2024,1637.9502462077098,1481.5945765863703,1642.8086230520717,1476.7361997420085,0.7663614606623137,0.2336385393376863,5.158891740533488,1.0
2024-09-20,952,FINAL,Weymouth,4425,1.0,0.0,Norwell,4296,6.0,1.0,Bay State,South Shore,4:00 P.M.,,0,2024,1337.3472939270666,1498.746486417235,1318.804702751289,1517.2890775930127,0.34496057263323116,0.6550394273667688,-2.7849798122542095,-5.0
2024-09-20,1440,FINAL,Agawam,4004,0.0,0.0,Minnechaug,4254,1.0,1.0,Suburban,Suburban,7:00 P.M.,,0,2024,1505.3178740663845,1486.2334949516862,1492.8800994498295,1498.6712695682413,0.598130525299955,0.40186947470004497,1.727109477867458,-1.0
2024-09-20,1450,FINAL,Amherst-Pelham,4008,0.0,0.0,Southwick,4519,7.0,1.0,County,Valley,4:30 P.M.,,0,2024,1558.08887898409,1534.8399580219643,1520.4169383080846,1572.5118986979696,0.6038791332659571,0.3961208667340429,1.831223024053139,-7.0
2024-09-20,1471,FINAL,Wilmington,4432,1.0,0.0,Burlington,4065,2.0,1.0,Middlesex,Middlesex,4:15 P.M.,,0,2024,1400.5929835246059,1436.4089493591184,1389.771546176297,1447.2303867074272,0.5204011332565185,0.4795988667434815,0.35460085413718617,-1.0
2024-09-20,765,FINAL,Bridgewater-Raynham,4053,5.0,1.0,Southeastern,4358,1.0,0.0,Southeast,Mayflower,3:30 P.M.,,0,2024,1382.3751127527764,1468.454905168434,1409.0147134103845,1441.8153045108259,0.44826284895703095,0.551737151042969,-0.9019948103914374,4.0
2024-09-20,1588,FINAL,Ipswich,4190,2.0,1.0,Marblehead,4231,0.0,0.0,Cape Ann,Northeastern,4:00 P.M.,,0,2024,1509.421731215843,1458.948313355012,1521.2639169952433,1447.1061275756117,0.6406925991529082,0.3593074008470918,2.5118354465207746,2.0
2024-09-20,2613,FINAL,Foxborough,4142,6.0,1.0,Stoughton,4381,0.0,0.0,Hockomock,Hockomock,5:00 P.M.,,0,2024,1488.745065351542,1492.7245539873386,1514.0899101146733,1467.3797092242073,0.5658442096202722,0.43415579037972785,1.1505127841050864,6.0
2024-09-20,2669,FINAL,Oakmont,4299,3.0,0.0,Westborough,4418,5.0,1.0,Mid-Wach,Mid-Wach,4:00 P.M.,,0,2024,1486.2386951485973,1507.6506689071791,1468.406606749992,1525.4827573057844,0.5410488784362603,0.45895112156373974,0.7147006560354555,-2.0
2024-09-20,2596,FINAL,South High,4962,1.0,1.0,Oxford,4303,0.0,0.0,Independent,SWCL,3:30 P.M.,,0,2024,1438.094853451916,1380.950783524897,1445.3836335068445,1373.6620034699683,0.6494837720208091,0.3505162279791909,2.6786017481754754,1.0
2024-09-20,2570,FINAL,Tyngsborough/Dracut,4397,4.0,1.0,Shepherd Hill,4347,0.0,0.0,Mid-Wach,Mid-Wach,4:00 P.M.,,0,2024,1502.511334756362,1484.2594353232628,1521.9704966449365,1464.8002734346883,0.5969780973792541,0.4030219026207459,1.70629748582748,4.0
2024-09-20,2559,FINAL,Scituate,4343,2.0,1.0,Notre Dame (Hingham),4449,1.0,0.0,Patriot,Independent,4:00 P.M.,,0,2024,1501.5644328095736,1554.2274101823527,1512.0413300715095,1543.750512920417,0.4961677425434,0.5038322574566,-0.0665744343194774,1.0
2024-09-20,2539,FINAL,Reading,4328,2.0,1.0,Winchester,4434,1.0,0.0,Middlesex,Middlesex,4:15 P.M.,,0,2024,1633.119031473683,1629.9077402301743,1641.9361956972675,1621.0905760065898,0.5759840299976974,0.4240159700023026,1.330282281087716,1.0
2024-09-20,1599,FINAL,Stoneham,4380,4.0,1.0,Melrose,4244,1.0,0.0,Middlesex,Middlesex,4:15 P.M.,,0,2024,1480.836521312064,1425.57313829891,1495.516746914772,1410.8929126962018,0.6470151887306976,0.35298481126930237,2.63158457532885,3.0
2024-09-20,2621,FINAL,Holliston,4174,4.0,1.0,Wayland,4411,0.0,0.0,Tri-Valley,Dual County,4:30 P.M.,,0,2024,1397.9746431234173,1420.139077617701,1420.1861846756112,1397.9275360655072,0.5399731094399824,0.46002689056001755,0.695889137642905,4.0
2024-09-20,2648,FINAL,Greenfield,4157,9.0,1.0,West Springfield,4417,0.0,0.0,Suburban,Suburban,4:00 P.M.,,0,2024,1483.690460357919,1376.3813473435778,1503.578753202191,1356.4930544993058,0.7120874721085572,0.28791252789144284,3.932727825358529,9.0
2024-09-20,1539,FINAL,Frontier,4146,8.0,1.0,Holyoke,4176,1.0,0.0,Suburban,County,5:00 P.M.,,0,2024,1559.380308482567,1508.601790664525,1581.7698546608417,1486.2122444862503,0.6410968084538742,0.3589031915461258,2.5194629454510507,7.0
2024-09-20,1514,FINAL,Lunenburg,4219,1.0,1.0,Fitchburg,4139,0.0,0.0,Mid-Wach,Mid-Wach,6:00 P.M.,,0,2024,1486.7760149711985,1387.6970625061933,1492.9669774733775,1381.5061000040143,0.7022776366592269,0.29772236334077307,3.726973811625129,1.0
2024-09-20,2780,FINAL,Burncoat,4066,0.0,0.0,St. Paul,4954,8.0,1.0,Inter-High,Central Mass.,3:30 P.M.,,0,2024,1364.2244658803395,1467.4671077498556,1336.2776218215768,1495.4139518086183,0.42397189537848246,0.5760281046215175,-1.3310660467379023,-8.0
2024-09-20,1561,FINAL,Hall (Conn.),4838,0.0,0.0,Longmeadow,4214,4.0,1.0,Independent,Suburban,5:00 P.M.,,0,2024,1500.0,1609.6392103253281,1479.9622350036796,1629.6769753216486,0.41500544675699025,0.5849945532430098,-1.490980258133203,-4.0
2024-09-21,918,POSTPONED,Leominster,4208,,,Shrewsbury,4348,,,Mid-Wach,Mid-Wach,10:00 A.M.,,0,2024,1395.651571045589,1471.3362543202024,,,0.4631039587918958,0.5368960412081042,-0.6421170818653366,
2024-09-21,1463,POSTPONED,Martha’s Vineyard,4235,,,Brockton,4058,,,Cape &#38; Islands,Big Three,11:30 A.M.,,0,2024,1402.3491926374884,1352.587781814912,,,0.6397485257700778,0.3602514742299222,2.49403527056441,
2024-09-21,2715,POSTPONED,Nantucket,4265,,,Whitman-Hanson,4427,,,Cape &#38; Islands,Patriot,10:30 A.M.,,0,2024,1549.146317424706,1434.5900684276858,,,0.7205641937210708,0.27943580627892917,4.113906224925506,
2024-09-21,4872,POSTPONED,Sandwich,4340,,,Manchester Essex,4229,,,South Shore,Cape Ann,12:00 P.M.,,0,2024,1783.8804329937516,1629.4110899257053,,,0.7644115964571851,0.23558840354281485,5.111733576701158,
2024-09-21,775,FINAL,Newton South,4280,0.0,0.0,Brookline,4059,5.0,1.0,Dual County,Bay State,3:30 P.M.,,0,2024,1445.9159278560198,1493.706306720926,1418.86860962092,1520.7536249560258,0.5031798575574148,0.4968201424425852,0.0552405283773453,-5.0
2024-09-21,2824,POSTPONED,Falmouth,4134,,,Cohasset,4094,,,Cape &#38; Islands,South Shore,11:00 A.M.,,0,2024,1470.0701298787314,1648.3521163963273,,,0.3233430751823057,0.6766569248176943,-3.2070496629398972,
2024-09-21,10114,FINAL,Kimball Union,4196,1.0,1.0,Holderness,4173,0.0,0.0,Independent,Independent,,,0,2024,1500.0,1531.2782770995436,1509.8374911254045,1521.440785974139,0.5269166779529894,0.47308332204701065,0.46804307251140925,1.0
2024-09-21,10111,FINAL,Bishop Fenwick,4043,0.0,0.0,Beverly,4038,5.0,1.0,Catholic Central,Northeastern,,,0,2024,1514.4655666441874,1600.2336325905524,1490.3463324328566,1624.3528668018832,0.4487066972540731,0.5512933027459269,-0.8942016486591229,-5.0
2024-09-21,10104,FINAL,Austin Prep,4020,0.0,0.0,Dexter Southfield,4113,4.0,1.0,Independent,Independent,11:00 P.M.,,0,2024,1500.0,1547.396287191317,1475.67751566313,1571.718771528187,0.5037469737925427,0.49625302620745726,0.06509282021707463,-4.0
2024-09-21,5729,FINAL,Leicester,4207,3.0,2.0,Oxford,4303,3.0,2.0,SWCL,SWCL,3:30 P.M.,,0,2024,1446.7486774776467,1373.6620034699683,1446.7486774776467,1373.6620034699683,0.6700793244845853,0.3299206755154147,3.077166850191958,0.0
2024-09-21,4865,FINAL,St. Mary’s,4374,1.0,2.0,Frontier,4146,1.0,2.0,Catholic Central,Suburban,1:30 P.M.,,0,2024,1526.0551836199613,1581.7698546608417,1526.0551836199613,1581.7698546608417,0.4917766688518977,0.5082233311481024,-0.1428667760220094,0.0
2024-09-21,1457,FINAL,Arlington Catholic,4014,0.0,0.0,Bishop Stang,4045,8.0,1.0,Catholic Central,Catholic Central,10:00 A.M.,,0,2024,1405.1887186438967,1459.332431974036,1372.6234114957986,1491.897739122134,0.49403699988917,0.50596300011083,-0.10359283325348087,-8.0
2024-09-23,4805,FINAL,Newburyport,4276,2.0,0.0,North Reading,4288,3.0,1.0,Cape Ann,Cape Ann,4:30 P.M.,,0,2024,1596.4991587663692,1596.523398980496,1584.6166278984442,1608.405929848421,0.5714289452121779,0.4285710547878221,1.2493939946468289,-1.0
2024-09-23,4840,FINAL,Hopedale,4507,0.0,0.0,Notre Dame (Worcester),4451,2.0,1.0,Dual Valley,Central Mass.,4:00 P.M.,,0,2024,1455.0996375358734,1460.316754948521,1436.5080461540215,1478.908346330373,0.5640931920393013,0.4359068079606987,1.1195720646838083,-2.0
2024-09-23,4843,FINAL,Quabbin,4325,0.0,0.0,Oakmont,4299,1.0,1.0,Mid-Wach,Mid-Wach,3:30 P.M.,,0,2024,1544.0886909484261,1468.406606749992,1530.086276271019,1482.4090214273992,0.6733738071855342,0.3266261928144658,3.142052104960851,-1.0
2024-09-23,4855,FINAL,Lynnfield,4223,1.0,2.0,Pentucket,4309,1.0,2.0,Cape Ann,Cape Ann,4:00 P.M.,,0,2024,1557.1888325799448,1560.5627319389155,1557.1888325799448,1560.5627319389155,0.5667004116102755,0.4332995883897245,1.1656525160257332,0.0
2024-09-23,4879,FINAL,Westport,4461,0.0,0.0,Seekonk,4344,1.0,1.0,Mayflower,South Coast,3:45 P.M.,,0,2024,1570.0864204181084,1503.6112302924942,1556.328590412891,1517.3690602977117,0.6616117707306878,0.3383882292693122,2.911879753140357,-1.0
2024-09-23,4893,FINAL,Wakefield,4402,1.0,0.0,Burlington,4065,3.0,1.0,Middlesex,Middlesex,4:15 P.M.,,0,2024,1374.847159538299,1447.2303867074272,1359.4281655793527,1462.6493806663734,0.4678324378851667,0.5321675621148333,-0.5595806792282076,-2.0
2024-09-23,4907,FINAL,Amesbury,4007,2.0,1.0,Rockport,4490,1.0,0.0,Cape Ann,Cape Ann,4:00 P.M.,,0,2024,1400.5944214909812,1453.051992086588,1411.0651721721254,1442.5812414054437,0.4964633305976135,0.5035366694023865,-0.06143926489016849,1.0
2024-09-23,4916,FINAL,Bay Path/David Prouty,4027,0.0,0.0,Blackstone-Millville,4486,1.0,1.0,Colonial,Dual Valley,3:30 P.M.,,0,2024,1439.9940577390753,1365.482820538075,1426.0225044830152,1379.454373794135,0.6718896865344663,0.32811031346553365,3.112780930025008,-1.0
2024-09-23,4926,FINAL,Bromfield,4505,1.0,0.0,Narragansett,4266,4.0,1.0,Mid-Wach,Mid-Wach,4:00 P.M.,,0,2024,1515.601870916366,1491.8979721337005,1490.4611953428105,1517.038647707256,0.6045054662427792,0.39549453375722077,1.8425974695666354,-3.0
2024-09-23,4941,FINAL,Clinton,4093,4.0,1.0,Tahanto,4513,0.0,0.0,Mid-Wach,Mid-Wach,3:30 P.M.,,0,2024,1605.0486897708277,1387.8899565280603,1613.5871917615154,1379.3514545373725,0.8231576808126316,0.17684231918736837,6.678968331069183,4.0
2024-09-23,5712,FINAL,Manchester Essex,4229,6.0,1.0,Hamilton-Wenham,4163,0.0,0.0,Cape Ann,Cape Ann,4:00 P.M.,,0,2024,1559.809426160989,1527.267721790924,1582.1911941598685,1504.8859537920446,0.6166015508690499,0.3833984491309501,2.0635426092516242,6.0
2024-09-23,5706,FINAL,Maynard,4239,10.0,1.0,Gardner,4147,0.0,0.0,Mid-Wach,Mid-Wach,4:00 P.M.,,0,2024,1632.063105532569,1393.6596943001505,1643.55410987137,1382.1686899613494,0.8402626326907807,0.15973736730921928,7.2100852808104605,10.0
2024-09-23,4793,FINAL,Worcester Tech/Worcester North,4445,2.0,0.0,Monty Tech,4259,5.0,1.0,Colonial,Colonial,3:30 P.M.,,0,2024,1387.201643475698,1520.4998020906357,1371.2993408843815,1536.402104681952,0.3823695514534659,0.617630448546534,-2.082453965373446,-3.0
2024-09-23,5722,FINAL,Ipswich,4190,1.0,0.0,North Andover,4283,2.0,1.0,Cape Ann,Merrimack Valley,4:00 P.M.,,0,2024,1521.2639169952433,1509.0050815832544,1509.0232676438027,1521.245730934695,0.5886508038861406,0.41134919611385945,1.5564708852997229,-1.0
2024-09-23,5726,FINAL,Sutton,4512,5.0,1.0,Joseph Case,4078,0.0,0.0,Dual Valley,South Coast,3:30 P.M.,,0,2024,1599.4711886334144,1497.5022795113007,1615.288257448591,1481.6852106961242,0.7057441937785867,0.29425580622141334,3.7992227280528423,5.0
2024-09-23,5734,FINAL,Tyngsborough/Dracut,4397,3.0,1.0,Littleton,4212,0.0,0.0,Mid-Wach,Mid-Wach,4:00 P.M.,,0,2024,1521.9704966449365,1443.1078180526329,1535.3875584975774,1429.690756199992,0.6773878566982409,0.32261214330175914,3.2215669648075904,3.0
2024-09-23,5758,FINAL,Monomoy,4706,7.0,1.0,St. John Paul II,4689,0.0,0.0,Cape &#38; Islands,Cape &#38; Islands,4:00 P.M.,,0,2024,1661.7877607060007,1516.1732390864813,1677.0648700196314,1500.8961297728506,0.7551087794900723,0.24489122050992773,4.890363040487983,7.0
2024-09-23,5930,FINAL,North Brookfield,4508,0.0,0.0,Blackstone Valley,4046,3.0,1.0,Colonial,Colonial,4:00 P.M.,,0,2024,1566.3392843430702,1594.0649337458406,1544.2135471731979,1616.1906709157129,0.5320115215164566,0.4679884784835434,0.5568587649307404,-3.0
2024-09-23,10132,FINAL,Haverhill,4167,0.0,0.0,Peabody,4306,4.0,1.0,Merrimack Valley,Northeastern,,,0,2024,1424.8617655370206,1436.4544947476784,1398.0622847914894,1463.2539754932095,0.555048453841872,0.44495154615812804,0.9601817697335548,-4.0
2024-09-23,10549,FINAL,Saugus,4341,5.0,1.0,Malden,4227,0.0,0.0,Northeastern,Greater Boston,,,0,2024,1415.0451147568583,1472.102095454633,1442.4673348826282,1444.679875328863,0.48984558480601376,0.5101544151939863,-0.17642451744436585,5.0
2024-09-23,4957,FINAL,Franklin County Tech,4145,3.0,1.0,Mahar,4226,0.0,0.0,County,Valley,4:00 P.M.,,0,2024,1543.3141741120373,1399.445966921272,1553.576422113165,1389.1837189201442,0.7532450950066693,0.24675490499333075,4.846705179769134,3.0
2024-09-23,4778,FINAL,Martha’s Vineyard,4235,1.0,0.0,Nauset,4271,5.0,1.0,Cape &#38; Islands,Cape &#38; Islands,3:00 P.M.,,0,2024,1458.5105449576645,1489.1703618427416,1433.026509581528,1514.654397218878,0.5278040484248885,0.4721959515751115,0.48350457787307166,-4.0
2024-09-23,1532,FINAL,Pembroke,4308,0.0,0.0,Hingham,4171,9.0,1.0,Patriot,Patriot,4:00 P.M.,,0,2024,1492.1251847123765,1646.5840269129844,1467.6687428193834,1671.0404688059775,0.35404325870381353,0.6459567412961864,-2.6114710550151985,-9.0
2024-09-23,2809,FINAL,Frontier,4146,2.0,1.0,East Longmeadow,4127,0.0,0.0,Suburban,Valley,4:00 P.M.,,0,2024,1581.7698546608417,1660.3053465727246,1599.599468072441,1642.4757331611254,0.4590262159056804,0.5409737840943196,-0.7133872977970726,2.0
2024-09-23,940,FINAL,Waltham,4405,1.0,0.0,Weston,4423,2.0,1.0,Dual County,Dual County,4:30 P.M.,,0,2024,1530.3479508611267,1472.7513794330425,1516.8299892894843,1486.269341004685,0.6500765374111996,0.34992346258880036,2.6899142857021046,-1.0
2024-09-23,936,FINAL,Wellesley,4413,1.0,0.0,Walpole,4404,4.0,1.0,Bay State,Bay State,4:00 P.M.,,0,2024,1574.805616764574,1651.2176702724755,1555.5889546956291,1670.4343323414205,0.4620630511550996,0.5379369488449004,-0.6603013376975355,-3.0
2024-09-23,931,FINAL,Wachusett,4400,3.0,1.0,Leominster,4208,1.0,0.0,Mid-Wach,Mid-Wach,6:30 P.M.,,0,2024,1476.7361997420085,1436.9977113145637,1489.0511985209275,1424.6827125356447,0.6263468345188763,0.3736531654811237,2.2434622106861184,2.0
2024-09-23,926,FINAL,Taunton,4388,0.0,0.0,Canton,4071,9.0,1.0,Hockomock,Hockomock,4:00 P.M.,,0,2024,1436.0346246865065,1635.0533126576427,1415.4636816408793,1655.6242557032697,0.2977949017420645,0.7022050982579355,-3.725467199278404,-9.0
2024-09-23,873,FINAL,Needham,4272,2.0,0.0,Newton North,4279,4.0,1.0,Bay State,Bay State,4:30 P.M.,,0,2024,1529.2636477807623,1475.6607577296854,1508.0111330543002,1496.9132724561475,0.6448290856163418,0.3551709143836582,2.590072251276922,-2.0
2024-09-23,859,FINAL,Scituate,4343,0.0,2.0,Marshfield,4234,0.0,2.0,Patriot,Patriot,4:00 P.M.,,0,2024,1512.0413300715095,1478.9896897397505,1512.0413300715095,1478.9896897397505,0.6172952599308189,0.3827047400691811,2.0762910082939756,0.0
2024-09-23,845,FINAL,Lincoln-Sudbury,4211,4.0,1.0,Bedford,4031,0.0,0.0,Dual County,Dual County,4:00 P.M.,,0,2024,1567.6774018714627,1575.8186027809882,1588.9244026616275,1554.5716019908234,0.559949871815165,0.440050128184835,1.0464699772618644,4.0
2024-09-23,831,FINAL,King Philip,4197,4.0,1.0,North Attleborough,4284,1.0,0.0,Hockomock,Hockomock,3:45 P.M.,,0,2024,1516.9309017743856,1527.0195747185817,1535.347030951331,1508.6034455416363,0.557185696067505,0.442814303932495,0.9977831763950974,3.0
2024-09-23,818,FINAL,Franklin,4144,10.0,1.0,Stoughton,4381,0.0,0.0,Hockomock,Hockomock,3:45 P.M.,,0,2024,1661.5159927203258,1467.3797092242073,1675.6851592644798,1453.2105426800533,0.8030332863867693,0.1969667136132307,6.103407087402962,10.0
2024-09-23,807,FINAL,Triton,4395,0.0,0.0,Essex Tech,4745,4.0,1.0,Cape Ann,Cape Ann,4:00 P.M.,,0,2024,1428.4802050471262,1456.4851830632047,1402.8123502577407,1482.1530378525902,0.531611162528281,0.468388837471719,0.549875549598039,-4.0
2024-09-23,782,FINAL,Central Catholic,4081,3.0,1.0,Chelmsford,4085,1.0,0.0,Merrimack Valley,Merrimack Valley,7:00 P.M.,,0,2024,1616.0875343974762,1570.4132627112358,1628.1401294252187,1558.3606676834934,0.6343085074367062,0.3656914925632938,2.391856792156011,2.0
2024-09-23,776,FINAL,Brookline,4059,8.0,1.0,Weymouth,4425,1.0,0.0,Bay State,Bay State,4:00 P.M.,,0,2024,1520.7536249560258,1318.804702751289,1532.6033275089671,1306.9550001983475,0.8100499210095783,0.1899500789904217,6.298723055118421,7.0
2024-09-23,759,FINAL,Braintree,4051,4.0,1.0,Framingham,4143,0.0,0.0,Bay State,Bay State,4:00 P.M.,,0,2024,1415.5948820746885,1314.694834149797,1429.8642478651252,1300.4254683593604,0.7044648180130622,0.29553518198693784,3.772501198122285,4.0
2024-09-23,715,FINAL,Attleboro,4018,0.0,0.0,Foxborough,4142,3.0,1.0,Hockomock,Hockomock,3:30 P.M.,,0,2024,1520.2805714183396,1514.0899101146733,1496.1520994619743,1538.2183820710386,0.5801671139279417,0.41983288607205826,1.404766532591657,-3.0
2024-09-23,696,FINAL,Shrewsbury,4348,1.0,0.0,Andover,4009,4.0,1.0,Mid-Wach,Merrimack Valley,6:15 P.M.,,0,2024,1445.6168589970569,1595.4227059308946,1430.636873081486,1610.4026918464654,0.36019252321634193,0.6398074767836581,-2.495146173345944,-3.0
2024-09-23,688,FINAL,Algonquin,4005,3.0,1.0,Nashoba,4267,2.0,0.0,Mid-Wach,Mid-Wach,4:00 P.M.,,0,2024,1613.9289356657473,1574.5703543388383,1621.7094807310987,1566.789809273487,0.6258348739601501,0.37416512603984986,2.233964533172724,1.0
2024-09-23,679,FINAL,Newton South,4280,1.0,2.0,Acton-Boxborough,4003,1.0,2.0,Dual County,Dual County,6:00 P.M.,,0,2024,1418.86860962092,1459.2970225123786,1418.86860962092,1459.2970225123786,0.5137711373789525,0.4862288626210475,0.23928967771353768,0.0
2024-09-23,4765,FINAL,Medway,4243,1.0,0.0,Holliston,4174,2.0,1.0,Tri-Valley,Tri-Valley,3:45 P.M.,,0,2024,1476.0377782766768,1420.1861846756112,1462.5674029480667,1433.6565600042213,0.6477881228499597,0.3522118771500403,2.6462898400266397,-1.0
2024-09-23,948,FINAL,Wayland,4411,0.0,2.0,Westford,4421,0.0,2.0,Dual County,Dual County,4:00 P.M.,,0,2024,1397.9275360655072,1459.6854496685287,1397.9275360655072,1459.6854496685287,0.4830854589391351,0.5169145410608649,-0.29394784007553765,0.0
2024-09-23,911,FINAL,Duxbury,4123,5.0,1.0,Plymouth North,4315,0.0,0.0,Patriot,Patriot,4:00 P.M.,,0,2024,1633.820638602887,1394.4101852805609,1642.365225241203,1385.8655986422448,0.8410391799222647,0.15896082007773527,7.23526133305815,5.0
2024-09-23,1607,FINAL,Apponequet,4011,8.0,1.0,Middleborough,4247,0.0,0.0,South Coast,South Shore,5:30 P.M.,,0,2024,1469.9281954640342,1483.6693898097938,1499.459421126248,1454.13816414758,0.5519919998647311,0.44800800013526887,0.9064701413560101,8.0
2024-09-23,1441,FINAL,Westfield,4419,2.0,0.0,Agawam,4004,4.0,1.0,Valley,Suburban,4:00 P.M.,,0,2024,1624.9531471469313,1492.8800994498295,1600.5504661752564,1517.2827804215044,0.7404092485092945,0.25959075149070554,4.551826192427546,-2.0
2024-09-23,1492,FINAL,Tantasqua,4387,0.0,0.0,Doherty,4116,6.0,1.0,SWCL,Inter-High,4:00 P.M.,,0,2024,1514.4371916193609,1642.8086230520717,1491.7232113874582,1665.5226032839744,0.38908922632646975,0.6109107736735302,-1.9592857858177695,-6.0
2024-09-23,1515,FINAL,Fitchburg,4139,1.0,0.0,Hudson,4182,4.0,1.0,Mid-Wach,Mid-Wach,6:00 P.M.,,0,2024,1381.5061000040143,1493.999412166868,1364.4121587840777,1511.0933533868047,0.41102240378750127,0.5889775962124988,-1.5623328040713431,-3.0
2024-09-23,1541,FINAL,Southwick,4519,6.0,1.0,Holyoke,4176,5.0,0.0,Valley,County,6:00 P.M.,,0,2024,1572.5118986979696,1486.2122444862503,1579.0273815594157,1479.6967616248041,0.6866715062264903,0.3133284937735097,3.407491355292984,1.0
2024-09-23,1582,FINAL,Milford,4249,1.0,0.0,Mansfield,4230,2.0,1.0,Hockomock,Hockomock,3:45 P.M.,,0,2024,1398.763555979635,1477.6693932307,1389.229381562897,1487.203567647438,0.45849687166660363,0.5415031283333964,-0.722645931276628,-1.0
2024-09-23,1464,FINAL,Brockton,4058,1.0,0.0,Southeastern,4358,2.0,1.0,Big Three,Mayflower,6:15 P.M.,,0,2024,1400.843168239797,1441.8153045108259,1390.1758573562552,1452.4826153943677,0.512989217043556,0.48701078295644395,0.22569659322427923,-1.0
2024-09-23,1619,FINAL,Natick,4270,4.0,1.0,Milton,4252,1.0,0.0,Bay State,Bay State,6:30 P.M.,,0,2024,1593.1953939442299,1495.286012028103,1605.6359421234106,1482.8454638489222,0.7008680472659314,0.29913195273406856,3.6977345479031727,3.0
2024-09-23,1637,FINAL,Northampton,4291,0.0,0.0,Greenfield,4157,4.0,1.0,Valley,Suburban,4:30 P.M.,,0,2024,1495.9827623214649,1503.578753202191,1468.9092934809207,1530.652222042735,0.5607230663447045,0.4392769336552955,1.0601002279818488,-4.0
2024-09-23,2549,FINAL,Northeast,4293,1.0,0.0,Revere,4329,5.0,1.0,Independent,Greater Boston,4:00 P.M.,,0,2024,1392.5472350029906,1461.0964475996327,1369.6933355136032,1483.9503470890202,0.4733308714556814,0.5266691285443186,-0.4637303149160516,-4.0
2024-09-23,2572,FINAL,Shepherd Hill,4347,0.0,0.0,Lunenburg,4219,1.0,1.0,Mid-Wach,Mid-Wach,4:00 P.M.,,0,2024,1464.8002734346883,1492.9669774733775,1453.750550620933,1504.0167002871328,0.5313793435534213,0.4686206564465787,0.5458323990327699,-1.0
2024-09-23,2577,FINAL,Hanover,4164,0.0,2.0,Silver Lake,4349,0.0,2.0,Patriot,Patriot,4:00 P.M.,,0,2024,1537.383800417198,1507.029875635182,1537.383800417198,1507.029875635182,0.613619969305083,0.386380030694917,2.0088481195504015,0.0
2024-09-23,2598,FINAL,St. Paul,4954,7.0,1.0,South High,4962,0.0,0.0,Central Mass.,Independent,3:30 P.M.,,0,2024,1495.4139518086183,1445.3836335068445,1517.8653573374247,1422.932227978038,0.6401052064733791,0.3598947935266209,2.5007579575443457,7.0
2024-09-23,2671,FINAL,Westborough,4418,1.0,0.0,North Middlesex,4286,2.0,1.0,Mid-Wach,Mid-Wach,6:00 P.M.,,0,2024,1525.4827573057844,1590.2327460436277,1515.5266864150822,1600.18881693433,0.47878580335850146,0.5212141966414985,-0.3687497184460824,-1.0
2024-09-23,2705,FINAL,Dover-Sherborn,4118,4.0,1.0,Westwood,4424,3.0,0.0,Tri-Valley,Tri-Valley,4:00 P.M.,,0,2024,1565.555005174145,1517.4696199328055,1573.0925239520948,1509.9321011548557,0.637521967948142,0.362478032051858,2.4521346310334877,1.0
2024-09-23,2717,FINAL,Whitman-Hanson,4427,3.0,2.0,Plymouth South,4316,3.0,2.0,Patriot,Patriot,4:00 P.M.,,0,2024,1408.5880594514886,1413.7996686452514,1408.5880594514886,1413.7996686452514,0.5641009887337527,0.4358990112662473,1.11970977015593,0.0
2024-09-23,2743,FINAL,Medfield,4241,4.0,1.0,Ashland,4015,1.0,0.0,Tri-Valley,Tri-Valley,4:00 P.M.,,0,2024,1589.0103198542247,1454.7839483857974,1599.7076075255861,1444.086660714436,0.742784602092738,0.257215397907262,4.605659286710681,3.0
2024-09-23,2791,FINAL,Bellingham,4033,0.0,0.0,Dedham,4108,1.0,1.0,Tri-Valley,Tri-Valley,4:45 P.M.,,0,2024,1466.5193033006367,1560.9004258144876,1457.4430489633583,1569.976680151766,0.4364755707412873,0.5635244292587127,-1.1095280628462718,-1.0
2024-09-23,2562,FINAL,Sharon,4345,1.0,0.0,Oliver Ames,4302,8.0,1.0,Hockomock,Hockomock,3:45 P.M.,,0,2024,1370.5450389032064,1474.8451067086635,1344.1889898499264,1501.2011557619435,0.42248601407325836,0.5775139859267416,-1.3575016951364263,-7.0
2024-09-24,4958,FINAL,Mohawk Trail,4258,0.0,0.0,Franklin County Tech,4145,6.0,1.0,Valley,County,4:00 P.M.,,0,2024,1375.2239164798068,1553.576422113165,1356.3532038389717,1572.4471347540002,0.3232542648487011,0.6767457351512989,-3.2088126408339575,-6.0
2024-09-24,4894,FINAL,Wilmington,4432,0.0,0.0,Wakefield,4402,2.0,1.0,Middlesex,Middlesex,4:15 P.M.,,0,2024,1389.771546176297,1359.4281655793527,1369.5481073090855,1379.6516044465643,0.6136055784741956,0.3863944215258044,2.0085845149236095,-2.0
2024-09-24,5730,FINAL,Quaboag,4510,4.0,1.0,Leicester,4207,1.0,0.0,SWCL,SWCL,3:30 P.M.,,0,2024,1510.120387121119,1446.7486774776467,1524.360376372625,1432.5086882261405,0.6576006354089972,0.34239936459100284,2.834292741086807,3.0
2024-09-24,706,FINAL,Arlington,4013,1.0,2.0,Lexington,4209,1.0,2.0,Middlesex,Middlesex,4:15 P.M.,,0,2024,1547.792808998856,1460.275549869716,1547.792808998856,1460.275549869716,0.6881775631038233,0.3118224368961767,3.437931478228495,0.0
2024-09-24,10162,FINAL,Bishop Feehan,4042,8.0,1.0,Arlington Catholic,4014,0.0,0.0,Catholic Central,Catholic Central,,,0,2024,1539.9770472795942,1372.6234114957986,1554.6431614324645,1357.9572973429283,0.7775054599311758,0.2224945400688242,5.4338408945948915,8.0
2024-09-24,12036,FINAL,Haverhill,4167,8.0,1.0,Dracut,4119,0.0,0.0,Merrimack Valley,Merrimack Valley,,,0,2024,1398.0622847914894,1409.0518565840848,1427.3355267744023,1379.778614601172,0.5559057809435525,0.4440942190564475,0.9752607051851158,8.0
2024-09-24,5762,FINAL,St. John Paul II,4689,0.0,0.0,Nantucket,4265,2.0,1.0,Cape &#38; Islands,Cape &#38; Islands,5:30 P.M.,,0,2024,1500.8961297728506,1529.4077617300006,1483.3990302858085,1546.9048612170427,0.5308848768432693,0.46911512315673065,0.5372092010712493,-2.0
2024-09-24,4880,FINAL,Joseph Case,4078,1.0,1.0,Seekonk,4344,0.0,0.0,South Coast,South Coast,3:45 P.M.,,0,2024,1481.6852106961242,1517.3690602977117,1491.6542417546946,1507.4000292391413,0.5205909443110789,0.4794090556889211,0.35790375996031115,1.0
2024-09-24,4832,FINAL,Norwell,4296,7.0,1.0,Mashpee,4237,1.0,0.0,South Shore,South Shore,4:30 P.M.,,0,2024,1517.2890775930127,1405.220771838418,1533.7706602497437,1388.739189181687,0.7176713997691953,0.28232860023080475,4.05170764386487,6.0
2024-09-24,4847,FINAL,Old Rochester,4301,0.0,2.0,Dighton-Rehoboth,4114,0.0,2.0,South Coast,South Coast,3:45 P.M.,,0,2024,1495.172821801725,1496.586964924128,1495.172821801725,1496.586964924128,0.5694684256347154,0.43053157436528455,1.2146464219399207,0.0
2024-09-24,724,FINAL,Falmouth,4134,3.0,1.0,Barnstable,4024,0.0,0.0,Cape &#38; Islands,Cape &#38; Islands,4:00 P.M.,,0,2024,1439.081754481815,1459.1832022482185,1458.0911117172896,1440.173845012744,0.5429215764315712,0.45707842356842876,0.7474638058399137,3.0
2024-09-24,733,FINAL,Belmont,4034,3.0,1.0,Winchester,4434,2.0,0.0,Middlesex,Middlesex,4:15 P.M.,,0,2024,1601.1232212906687,1621.0905760065898,1610.6239168002792,1611.5898804969793,0.543113123442958,0.45688687655704197,0.7508161321019713,1.0
2024-09-24,741,FINAL,Beverly,4038,1.0,0.0,Masconomet,4236,2.0,1.0,Northeastern,Northeastern,4:00 P.M.,,0,2024,1624.3528668018832,1560.4939357322583,1610.665320030243,1574.1814825038985,0.6582318616460404,0.3417681383539596,2.8464732767406247,-1.0
2024-09-24,881,FINAL,Bishop Stang,4045,3.0,1.0,New Bedford,4273,2.0,0.0,Catholic Central,Big Three,3:30 P.M.,,0,2024,1491.897739122134,1488.9065427089226,1500.721338317758,1480.0829435132987,0.5756745732560524,0.4243254267439476,1.324779910330284,1.0
2024-09-24,4873,FINAL,Cohasset,4094,0.0,0.0,Sandwich,4340,2.0,1.0,South Shore,South Shore,4:00 P.M.,,0,2024,1600.824238079634,1645.226379899993,1584.079565241515,1661.971052738112,0.5080552684762908,0.4919447315237092,0.1399464544910245,-2.0
2024-09-24,1442,FINAL,Agawam,4004,1.0,1.0,Greenfield,4157,0.0,0.0,Suburban,Suburban,4:00 P.M.,,0,2024,1517.2827804215044,1530.652222042735,1526.5878414929116,1521.3471609713279,0.5525211512370632,0.44747884876293675,0.9157639594692342,1.0
2024-09-24,1472,FINAL,Burlington,4065,2.0,1.0,Stoneham,4380,0.0,0.0,Middlesex,Middlesex,4:15 P.M.,,0,2024,1462.6493806663734,1495.516746914772,1478.3166066926217,1479.8495208885238,0.5246358766160001,0.4753641233839999,0.428315843790034,2.0
2024-09-24,1524,FINAL,Northbridge,4292,5.0,1.0,Grafton,4153,1.0,0.0,SWCL,SWCL,3:30 P.M.,,0,2024,1557.5160210972333,1508.0642431108888,1574.929931587065,1490.650332621057,0.6393376355124494,0.3606623644875506,2.4862944496586126,4.0
2024-09-24,1540,FINAL,Belchertown,4032,5.0,1.0,Holyoke,4176,0.0,0.0,County,County,6:00 P.M.,,0,2024,1608.2394972657842,1479.6967616248041,1622.40420360702,1465.5320552835683,0.7364842289659499,0.2635157710340501,4.4635683910245,5.0
2024-09-24,1576,FINAL,Malden Catholic,4228,1.0,0.0,Notre Dame (Hingham),4449,2.0,1.0,Independent,Independent,4:00 P.M.,,0,2024,1605.3000869982407,1543.750512920417,1591.674858017177,1557.3757419014805,0.6552350093985719,0.34476499060142807,2.788739351945594,-1.0
2024-09-24,1589,FINAL,Saugus,4341,1.0,2.0,Marblehead,4231,1.0,2.0,Northeastern,Northeastern,4:00 P.M.,,0,2024,1442.4673348826282,1447.1061275756117,1442.4673348826282,1447.1061275756117,0.5649116170744234,0.4350883829255766,1.1340301826754113,0.0
2024-09-24,1600,FINAL,Watertown,4409,7.0,1.0,Melrose,4244,0.0,0.0,Middlesex,Middlesex,4:15 P.M.,,0,2024,1641.5224186148641,1410.8929126962018,1651.8677840737266,1400.5475472373394,0.8341643617368344,0.1658356382631656,7.015737647966557,7.0
2024-09-24,903,FINAL,Peabody,4306,3.0,1.0,Swampscott,4383,2.0,0.0,Northeastern,Northeastern,4:00 P.M.,,0,2024,1463.2539754932095,1473.6717014261885,1472.4717594215397,1464.4539174978584,0.556718294620403,0.443281705379597,0.9895568516755248,1.0
2024-09-24,2788,FINAL,Danvers,4103,0.0,0.0,Gloucester,4150,1.0,1.0,Northeastern,Northeastern,4:00 P.M.,,0,2024,1413.5261764800566,1557.8378764225586,1405.8839624075301,1565.480090495085,0.3675128114615279,0.6324871885384721,-2.3577924985625485,-1.0
2024-09-24,1624,FINAL,Minnechaug,4254,9.0,1.0,West Springfield,4417,0.0,0.0,Suburban,Suburban,6:00 P.M.,,0,2024,1498.6712695682413,1356.4930544993058,1515.8417069237883,1339.3226171437589,0.7514324601540161,0.2485675398459839,4.8044553767233875,9.0
2024-09-24,2540,FINAL,Woburn,4438,0.0,0.0,Reading,4328,7.0,1.0,Middlesex,Middlesex,4:00 P.M.,,0,2024,1345.0789636486543,1641.9361956972675,1332.945357913171,1654.0698014327509,0.19450103136315197,0.805498968636848,-6.171430801215331,-7.0
2024-09-24,2584,FINAL,Somerset Berkley,4350,6.0,1.0,Dennis-Yarmouth,4111,0.0,0.0,South Coast,Cape &#38; Islands,4:00 P.M.,,0,2024,1590.290952594048,1583.5586063051865,1614.7553379284802,1559.0942209707541,0.5809264309846804,0.41907356901531956,1.418308657221536,6.0
2024-09-24,2600,FINAL,South High,4962,0.0,0.0,Marlborough,4233,9.0,1.0,Independent,Mid-Wach,4:00 P.M.,,0,2024,1422.932227978038,1481.7320151177612,1389.26805659948,1515.3961864963194,0.4873387955851057,0.5126612044148944,-0.21999467849307736,-9.0
2024-09-24,2609,FINAL,Southeastern,4358,3.0,0.0,East Bridgewater,4126,5.0,1.0,Mayflower,South Shore,3:30 P.M.,,0,2024,1452.4826153943677,1411.4797982186865,1431.7831582978513,1432.179255315203,0.6280485939709507,0.3719514060290493,2.2750704293920307,-2.0
2024-09-24,2752,FINAL,Auburn,4019,0.0,0.0,Uxbridge,4398,9.0,1.0,SWCL,SWCL,3:30 P.M.,,0,2024,1547.2882886164589,1658.23798860548,1518.7471583360493,1686.7791188858896,0.41317517960212286,0.5868248203978772,-1.5237424997255289,-9.0
2024-09-24,2769,FINAL,St. Mary’s,4374,2.0,1.0,Bishop Fenwick,4043,0.0,0.0,Catholic Central,Catholic Central,4:00 P.M.,,0,2024,1526.0551836199613,1490.3463324328566,1538.5496252153778,1477.8518908374401,0.620902304835131,0.379097695164869,2.1427212796776187,2.0
2024-09-24,2781,FINAL,Burncoat,4066,0.0,0.0,Maynard,4239,11.0,1.0,Inter-High,Mid-Wach,3:30 P.M.,,0,2024,1336.2776218215768,1643.55410987137,1322.465811681471,1657.3659200114757,0.18527604301599573,0.8147239569840042,-6.43191220124483,-11.0
2024-09-24,2818,FINAL,West Bridgewater,4415,7.0,1.0,Fairhaven,4133,1.0,0.0,South Coast,South Coast,3:45 P.M.,,0,2024,1600.0828584258497,1452.0915868985674,1614.2317687095376,1437.9426766148795,0.7576299486291495,0.24237005137085055,4.94978178818206,6.0
2024-09-24,4779,FINAL,Martha’s Vineyard,4235,0.0,0.0,Sturgis East,4456,3.0,1.0,Cape &#38; Islands,Cape &#38; Islands,3:00 P.M.,,0,2024,1433.026509581528,1472.2123214192081,1411.5850616264913,1493.6537693742448,0.5155578439035021,0.4844421560964979,0.2703547040579963,-3.0
2024-09-24,1608,FINAL,Carver,4077,0.0,0.0,Middleborough,4247,2.0,1.0,South Shore,South Shore,5:00 P.M.,,0,2024,1410.5533394763233,1454.13816414758,1393.7699121479193,1470.921591475984,0.5092311303851433,0.49076886961485666,0.16037938321858292,-2.0
2024-09-25,4819,FINAL,North Middlesex,4286,6.0,1.0,Quabbin,4325,0.0,0.0,Mid-Wach,Mid-Wach,4:00 P.M.,,0,2024,1600.18881693433,1530.086276271019,1619.6710346663663,1510.6040585389826,0.6662706867273323,0.33372931327266775,3.0025635165827738,6.0
2024-09-25,4806,FINAL,Newburyport,4276,6.0,1.0,Rockport,4490,0.0,0.0,Cape Ann,Cape Ann,4:00 P.M.,,0,2024,1584.6166278984442,1442.5812414054437,1599.1362976845276,1428.0615716193604,0.7512788588391873,0.24872114116081268,4.8008846623250125,6.0
2024-09-25,4786,FINAL,Norwood,4297,1.0,1.0,Medfield,4241,0.0,0.0,Tri-Valley,Tri-Valley,4:00 P.M.,,0,2024,1636.0145789689734,1599.7076075255861,1643.8808484158023,1591.8413380787572,0.6217124026254545,0.37828759737454554,2.1576742860846823,1.0
2024-09-25,2808,FINAL,East Longmeadow,4127,8.0,1.0,Southwick,4519,1.0,0.0,Valley,Valley,7:00 P.M.,,0,2024,1642.4757331611254,1579.0273815594157,1663.8295204131443,1557.6735943073968,0.6576999669701596,0.34230003302984036,2.836208790042741,7.0
2024-09-25,4749,FINAL,Greater Lowell,4155,2.0,1.0,Northeast,4293,0.0,0.0,Independent,Independent,5:00 P.M.,,0,2024,1391.9944422456788,1369.6933355136032,1405.0929793344505,1356.5947984248314,0.6025732576791167,0.39742674232088326,1.80752766830189,2.0
2024-09-25,4856,FINAL,Pentucket,4309,8.0,1.0,Amesbury,4007,0.0,0.0,Cape Ann,Cape Ann,4:30 P.M.,,0,2024,1560.5627319389155,1411.0651721721254,1576.434256361081,1395.1936477499598,0.7592185980763172,0.2407814019236828,4.987438994169753,8.0
2024-09-25,4769,FINAL,Lunenburg,4219,0.0,0.0,Hudson,4182,1.0,1.0,Mid-Wach,Mid-Wach,5:30 P.M.,,0,2024,1504.0167002871328,1511.0933533868047,1492.3414824474035,1522.768571226534,0.561459295955867,0.43854070404413303,1.0730836725082042,-1.0
2024-09-25,4888,FINAL,Triton,4395,2.0,1.0,Hamilton-Wenham,4163,1.0,0.0,Cape Ann,Cape Ann,4:00 P.M.,,0,2024,1402.8123502577407,1504.8859537920446,1414.7563253256035,1492.9419787241818,0.4256162133697692,0.5743837866302308,-1.3018400883575965,1.0
2024-09-25,10737,FINAL,Monty Tech,4259,7.0,1.0,Bay Path/David Prouty,4027,0.0,0.0,Colonial,Colonial,4:00 P.M.,,0,2024,1536.402104681952,1426.0225044830152,1554.1378123182612,1408.286796846706,0.7156975838493352,0.28430241615066476,4.009490004973424,7.0
2024-09-25,5738,FINAL,Lynnfield,4223,0.0,0.0,Manchester Essex,4229,1.0,1.0,Cape Ann,Cape Ann,4:00 P.M.,,0,2024,1557.1888325799448,1582.1911941598685,1546.0448444735753,1593.335182266238,0.5359125458928259,0.4640874541071741,0.6249409605019082,-1.0
2024-09-25,6012,FINAL,Smith Academy,4538,2.0,1.0,Mahar,4226,1.0,0.0,Valley,Valley,4:00 P.M.,,0,2024,1498.6081859529104,1389.1837189201442,1504.5433796359225,1383.248525237132,0.7145775168934273,0.2854224831065727,3.985611675819155,1.0
2024-09-25,10282,FINAL,Worcester Academy,4441,2.0,0.0,Beaver Country Day,4030,3.0,1.0,Independent,EIL,,,0,2024,1539.4752736602134,1479.6815801461112,1525.8975996483186,1493.259254158006,0.6529480987922515,0.34705190120774854,2.7448423378525546,-1.0
2024-09-25,10297,FINAL,Cushing,4101,3.0,1.0,Lawrence,4203,0.0,0.0,Independent,Independent,,,0,2024,1500.0,1500.0,1517.8223479160597,1482.1776520839403,0.5714631174083814,0.4285368825916186,1.25,3.0
2024-09-25,10308,FINAL,Natick,4270,3.0,1.0,Braintree,4051,0.0,0.0,Bay State,Bay State,,,0,2024,1605.6359421234106,1429.8642478651252,1614.545290389822,1420.9548995987138,0.7857754573082613,0.21422454269173874,5.644292356457134,3.0
2024-09-25,12037,FINAL,Methuen,4246,6.0,1.0,Dracut,4119,0.0,0.0,Merrimack Valley,Merrimack Valley,,,0,2024,1471.5656710747846,1379.778614601172,1489.462553660654,1361.8817320153025,0.6934273901845223,0.30657260981547774,3.5446764118403165,6.0
2024-09-25,12067,FINAL,Hampshire,4518,4.0,1.0,Palmer,4304,0.0,0.0,County,County,,,0,2024,1428.4743143952505,1382.1118379212237,1446.0867011481546,1364.4994511683196,0.6352269609815261,0.3647730390184739,2.409061911850671,4.0
2024-09-25,4942,FINAL,St. Paul,4954,2.0,2.0,Clinton,4093,2.0,2.0,Central Mass.,Mid-Wach,3:30 P.M.,,0,2024,1517.8653573374247,1613.5871917615154,1517.8653573374247,1613.5871917615154,0.43457821471136787,0.5654217852886321,-1.1430458606022682,0.0
2024-09-25,2623,POSTPONED,Bedford,4031,,,Wayland,4411,,,Dual County,Dual County,4:00 P.M.,,0,2024,1571.093970119569,1428.1607144634143,,,0.7522433938239738,0.24775660617602624,4.823331391403866,
2024-09-25,2706,FINAL,Westwood,4424,2.0,0.0,Medway,4243,3.0,1.0,Tri-Valley,Tri-Valley,5:30 P.M.,,0,2024,1509.9321011548557,1462.5674029480667,1496.6951513140755,1475.804352788847,0.636562729726316,0.363437270273684,2.4341174551697238,-1.0
2024-09-25,2694,FINAL,Westfield,4419,3.0,1.0,Mohawk Trail,4258,0.0,0.0,Valley,Valley,4:00 P.M.,,0,2024,1600.5504661752564,1356.3532038389717,1607.0096875076972,1349.8939825065308,0.8446885569280582,0.15531144307194178,7.354931558407117,3.0
2024-09-25,689,FINAL,Algonquin,4005,7.0,1.0,Grafton,4153,1.0,0.0,Mid-Wach,SWCL,4:00 P.M.,,0,2024,1621.7094807310987,1490.650332621057,1636.929267995296,1475.4305453568597,0.7392858851236243,0.26071411487637575,4.5264787027510405,6.0
2024-09-25,697,FINAL,Chelmsford,4085,0.0,0.0,Andover,4009,2.0,1.0,Merrimack Valley,Merrimack Valley,6:00 P.M.,,0,2024,1558.3606676834934,1610.4026918464654,1541.978337292781,1626.7850222371778,0.4970613248395828,0.5029386751604172,-0.0510506040742996,-2.0
2024-09-25,2744,FINAL,Ashland,4015,2.0,1.0,Dover-Sherborn,4118,1.0,0.0,Tri-Valley,Tri-Valley,4:00 P.M.,,0,2024,1444.086660714436,1573.0925239520948,1456.8082373396423,1560.3709473268884,0.3882214830175242,0.6117785169824759,-1.9751465809414697,1.0
2024-09-25,716,FINAL,Sharon,4345,0.0,0.0,Attleboro,4018,4.0,1.0,Hockomock,Hockomock,3:45 P.M.,,0,2024,1344.1889898499264,1496.1520994619743,1326.9357012996047,1513.405388012296,0.3573356970784103,0.6426643029215897,-2.5490777403011977,-4.0
2024-09-25,766,FINAL,Bridgewater-Raynham,4053,0.0,2.0,Ursuline,4448,0.0,2.0,Southeast,Independent,4:00 P.M.,,0,2024,1409.0147134103845,1448.198925367933,1409.0147134103845,1448.198925367933,0.5155601440865973,0.48443985591340266,0.2703947010612865,0.0
2024-09-25,783,FINAL,Central Catholic,4081,7.0,1.0,North Andover,4283,1.0,0.0,Merrimack Valley,Merrimack Valley,7:00 P.M.,,0,2024,1628.1401294252187,1521.245730934695,1644.9762733351865,1504.4095870247272,0.7115977850922967,0.28840221490770335,3.92235996226309,6.0
2024-09-25,798,FINAL,Dartmouth,4105,2.0,0.0,Durfee,4122,6.0,1.0,Southeast,Big Three,4:00 P.M.,,0,2024,1548.058520841728,1589.442412646295,1523.3183844039622,1614.1825490840608,0.5123970351518378,0.48760296484816223,0.21540270488582677,-4.0
2024-09-25,808,FINAL,Essex Tech,4745,1.0,1.0,Ipswich,4190,0.0,0.0,Cape Ann,Cape Ann,4:00 P.M.,,0,2024,1482.1530378525902,1509.0232676438027,1491.8590947637388,1499.317210732654,0.5332373275899959,0.46676267241000413,0.5782442552196869,1.0
2024-09-25,819,FINAL,Milford,4249,0.0,0.0,Franklin,4144,9.0,1.0,Hockomock,Hockomock,3:45 P.M.,,0,2024,1389.229381562897,1675.6851592644798,1375.1338552050115,1689.7806856223654,0.20405364389171662,0.7959463561082833,-5.911394442539569,-9.0
2024-09-25,832,FINAL,Taunton,4388,1.0,0.0,King Philip,4197,5.0,1.0,Hockomock,Hockomock,6:00 P.M.,,0,2024,1415.4636816408793,1535.347030951331,1396.1135164688567,1554.6971961233535,0.40076445369587876,0.5992355463041212,-1.7470837327612911,-4.0
2024-09-25,846,FINAL,Concord-Carlisle,4097,1.0,0.0,Lincoln-Sudbury,4211,4.0,1.0,Dual County,Dual County,4:30 P.M.,,0,2024,1489.7360765479245,1588.9244026616275,1471.8661255971247,1606.7943536124274,0.42968149362746555,0.5703185063725345,-1.2297081528425735,-3.0
2024-09-25,850,FINAL,Lowell,4216,0.0,0.0,Tewksbury,4389,1.0,1.0,Merrimack Valley,Merrimack Valley,3:45 P.M.,,0,2024,1505.347969017645,1494.407942373062,1493.1455706780532,1506.6103407126539,0.5868113190493625,0.41318868095063754,1.5235006661145747,-1.0
2024-09-25,860,FINAL,Marshfield,4234,0.0,0.0,Hingham,4171,7.0,1.0,Patriot,Patriot,4:00 P.M.,,0,2024,1478.9896897397505,1671.0404688059775,1459.8848220681466,1690.1453364775814,0.30624997607402965,0.6937500239259704,-3.5512694766556763,-7.0
2024-09-25,874,FINAL,Wellesley,4413,1.0,1.0,Needham,4272,0.0,0.0,Bay State,Bay State,4:00 P.M.,,0,2024,1555.5889546956291,1508.0111330543002,1563.14051919197,1500.4595685579593,0.6368465116725288,0.3631534883274712,2.4394455410332228,1.0
2024-09-25,882,FINAL,New Bedford,4273,3.0,0.0,Westport,4461,4.0,1.0,Big Three,Mayflower,4:00 P.M.,,0,2024,1480.0829435132987,1556.328590412891,1470.4696611548006,1565.941872771389,0.4623011595090166,0.5376988404909834,-0.6561411724898051,-1.0
2024-09-25,886,FINAL,Newton North,4279,3.0,1.0,Milton,4252,0.0,0.0,Bay State,Bay State,6:00 P.M.,,0,2024,1496.9132724561475,1482.8454638489222,1513.9160366765414,1465.8426996285284,0.5911699396305599,0.40883006036944014,1.6016952151806323,3.0
2024-09-25,912,FINAL,Plymouth North,4315,1.0,1.0,Plymouth South,4316,0.0,0.0,Patriot,Patriot,3:30 P.M.,,0,2024,1385.8655986422448,1413.7996686452514,1395.6033572514768,1404.0619100360193,0.5317127981695673,0.4682872018304327,0.5516482499248354,1.0
2024-09-25,680,FINAL,Acton-Boxborough,4003,3.0,1.0,Westford,4421,0.0,0.0,Dual County,Dual County,4:00 P.M.,,0,2024,1459.2970225123786,1459.6854496685287,1477.1421469618986,1441.8403252190087,0.5709154575438525,0.42908454245614747,1.2402893210962476,3.0
2024-09-25,941,FINAL,Waltham,4405,5.0,1.0,Everett,4132,0.0,0.0,Dual County,Greater Boston,5:00 P.M.,,0,2024,1516.8299892894843,1537.6285066451692,1541.4527617321326,1513.005734202521,0.5419256348201612,0.4580743651798388,0.7300370661078773,5.0
2024-09-25,919,FINAL,Shrewsbury,4348,0.0,0.0,Wachusett,4400,4.0,1.0,Mid-Wach,Mid-Wach,6:15 P.M.,,0,2024,1430.636873081486,1489.0511985209275,1407.0798596864245,1512.6082119159892,0.48789317920801584,0.5121068207919841,-0.21035813598603567,-4.0
2024-09-25,1502,FINAL,Hanover,4164,2.0,0.0,Duxbury,4123,4.0,1.0,Patriot,Patriot,4:00 P.M.,,0,2024,1537.383800417198,1642.365225241203,1523.4908816598406,1656.2581439985604,0.42152932084288064,0.5784706791571194,-1.3745356206001247,-2.0
2024-09-25,2672,FINAL,Marlborough,4233,4.0,1.0,Westborough,4418,3.0,0.0,Mid-Wach,Mid-Wach,4:00 P.M.,,0,2024,1515.3961864963194,1515.5266864150822,1524.311186167127,1506.6116867442745,0.5712791395133042,0.4287208604866958,1.2467375020309306,1.0
2024-09-25,2560,FINAL,Pembroke,4308,1.0,0.0,Scituate,4343,3.0,1.0,Patriot,Patriot,4:00 P.M.,,0,2024,1467.6687428193834,1512.0413300715095,1450.9226685470999,1528.787404343793,0.5080977898212972,0.49190221017870284,0.1406853186968476,-2.0
2024-09-25,1638,FINAL,Northampton,4291,2.0,0.0,Turners Falls,4396,3.0,1.0,Valley,Valley,4:30 P.M.,,0,2024,1468.9092934809207,1408.2420324978293,1455.3079418982618,1421.8433840804882,0.6540867492563053,0.3459132507436947,2.7666815245772853,-1.0
2024-09-25,953,FINAL,Framingham,4143,0.0,0.0,Weymouth,4425,1.0,1.0,Bay State,Bay State,4:00 P.M.,,0,2024,1300.4254683593604,1306.9550001983475,1288.7341281165154,1318.6463404411925,0.5622346196565992,0.43776538034340085,1.0867617040253208,-1.0
2024-09-25,1451,FINAL,Amherst-Pelham,4008,1.0,0.0,Belchertown,4032,4.0,1.0,County,County,4:15 P.M.,,0,2024,1520.4169383080846,1622.40420360702,1502.7110043465425,1640.110137568562,0.42573771867706817,0.5742622813229319,-1.2996816324733858,-3.0
2024-09-25,1458,FINAL,Bishop Feehan,4042,6.0,1.0,Bishop Stang,4045,1.0,0.0,Catholic Central,Catholic Central,6:15 P.M.,,0,2024,1554.6431614324645,1500.721338317758,1573.7119913684585,1481.652508381764,0.6452494458941059,0.35475055410589407,2.598045577867663,5.0
2024-09-25,1465,FINAL,Brockton,4058,0.0,0.0,Whitman-Hanson,4427,3.0,1.0,Big Three,Patriot,6:30 P.M.,,0,2024,1390.1758573562552,1408.5880594514886,1367.4960681754317,1431.267848632312,0.5453336563263543,0.45466634367364567,0.789694947619165,-3.0
2024-09-25,1480,FINAL,Canton,4071,8.0,1.0,Stoughton,4381,0.0,0.0,Hockomock,Hockomock,3:45 P.M.,,0,2024,1655.6242557032697,1453.2105426800533,1668.118030774988,1440.716767608335,0.810461264017824,0.18953873598217597,6.310342825580409,8.0
2024-09-25,1493,FINAL,Nipmuc,4281,0.0,0.0,Doherty,4116,7.0,1.0,Dual Valley,Inter-High,3:30 P.M.,,0,2024,1570.8726129844176,1665.5226032839744,1543.6675960754021,1692.72762019299,0.43609492202152256,0.5639050779784774,-1.1162497574889187,-7.0
2024-09-25,1629,FINAL,North Attleborough,4284,1.0,2.0,Oliver Ames,4302,1.0,2.0,Hockomock,Hockomock,5:15 P.M.,,0,2024,1508.6034455416363,1501.2011557619435,1508.6034455416363,1501.2011557619435,0.5818650064969441,0.41813499350305594,1.4350572444923215,0.0
2024-09-25,1516,FINAL,Littleton,4212,0.0,2.0,Fitchburg,4139,0.0,2.0,Mid-Wach,Mid-Wach,4:00 P.M.,,0,2024,1429.690756199992,1364.4121587840777,1429.690756199992,1364.4121587840777,0.6600679298748783,0.3399320701251217,2.8819649353978547,0.0
2024-09-25,1548,FINAL,Hopkinton,4180,3.0,1.0,Bellingham,4033,2.0,0.0,Tri-Valley,Tri-Valley,5:30 P.M.,,0,2024,1474.5686420555512,1457.4430489633583,1482.981704611604,1449.0299864073054,0.5954172123898,0.40458278761019995,1.678139827304824,1.0
2024-09-25,1553,FINAL,Leominster,4208,0.0,0.0,Nashoba,4267,2.0,1.0,Mid-Wach,Mid-Wach,7:00 P.M.,,0,2024,1424.6827125356447,1566.789809273487,1412.4727027974857,1578.999819011646,0.37046766070560266,0.6295323392943973,-2.302677418446058,-2.0
2024-09-25,1583,FINAL,Foxborough,4142,1.0,1.0,Mansfield,4230,0.0,0.0,Hockomock,Hockomock,5:00 P.M.,,0,2024,1538.2183820710386,1487.203567647438,1545.6750571811979,1479.7468925372787,0.6414097265684375,0.35859027343156247,2.525370360590017,1.0
2024-09-25,1593,FINAL,Swampscott,4383,1.0,0.0,Masconomet,4236,2.0,1.0,Northeastern,Northeastern,4:30 P.M.,,0,2024,1464.4539174978584,1574.1814825038985,1455.8266893871757,1582.808710614581,0.41488197372999325,0.5851180262700068,-1.4931891251510023,-1.0
2024-09-26,5702,POSTPONED,Greenfield,4157,,,Frontier,4146,,,Suburban,Suburban,4:00 P.M.,,0,2024,1549.8012336141817,1664.180630831072,,,0.40839662803706694,0.591603371962933,-1.6094849304222578,
2024-09-26,5938,POSTPONED,Uxbridge,4398,,,Quaboag,4510,,,SWCL,SWCL,3:30 P.M.,,0,2024,1747.8290598077133,1541.235353328832,,,0.8141299326532906,0.1858700673467094,6.414842661972034,
2024-09-26,5737,POSTPONED,Narragansett,4266,,,Lunenburg,4219,,,Mid-Wach,Mid-Wach,6:00 P.M.,,0,2024,1536.8994558943136,1541.9875098169737,,,0.5642758686361837,0.43572413136381627,1.1227986519334991,
2024-09-26,1562,POSTPONED,Longmeadow,4214,,,Minnechaug,4254,,,Suburban,Suburban,4:30 P.M.,,0,2024,1603.57681405786,1496.9368803452908,,,0.7112970728510506,0.2887029271489494,3.9159983428142313,
2024-09-26,4841,POSTPONED,Notre Dame (Worcester),4451,,,St. Bernard’s,4365,,,Central Mass.,Central Mass.,3:45 P.M.,,0,2024,1497.7519169141087,1513.5559062263835,,,0.5490537182890463,0.45094628171095374,0.8549002671931305,
2024-09-26,2775,POSTPONED,Hopedale,4507,,,Blackstone Valley,4046,,,Dual Valley,Colonial,3:30 P.M.,,0,2024,1575.5619157336737,1514.6728823400167,,,0.6543755380144517,0.3456244619855483,2.772225834841424,
2024-09-26,10419,FINAL,Wayland,4411,0.0,0.0,Bedford,4031,4.0,1.0,Dual County,Dual County,,,0,2024,1397.9275360655072,1554.5716019908234,1380.971861860001,1571.5272761963297,0.3511717574297457,0.6488282425702543,-2.666101648132906,-4.0
2024-09-26,10555,FINAL,Bishop Fenwick,4043,7.0,1.0,Arlington Catholic,4014,0.0,0.0,Catholic Central,Catholic Central,,,0,2024,1477.8518908374401,1357.9572973429283,1494.9006342234409,1340.9085539569276,0.7267095829292017,0.27329041707079826,4.247364837362795,7.0
2024-09-26,707,FINAL,Arlington,4013,3.0,1.0,Stoneham,4380,1.0,0.0,Middlesex,Middlesex,4:15 P.M.,,0,2024,1547.792808998856,1479.8495208885238,1558.883260038234,1468.7590698491456,0.6635012140991169,0.3364987859008831,2.9485822027583026,2.0
2024-09-26,734,FINAL,Belmont,4034,7.0,1.0,Burlington,4065,0.0,0.0,Middlesex,Middlesex,4:15 P.M.,,0,2024,1610.6239168002792,1478.3166066926217,1626.8018666625203,1462.1386568303806,0.740668355133271,0.259331644866729,4.557682752691437,7.0
2024-09-26,840,FINAL,Lexington,4209,3.0,1.0,Melrose,4244,0.0,0.0,Middlesex,Middlesex,4:15 P.M.,,0,2024,1460.275549869716,1400.5475472373394,1474.7125966631756,1386.1105004438798,0.6528624030999022,0.3471375969000978,2.743200065809418,3.0
2024-09-26,958,FINAL,Winchester,4434,7.0,1.0,Wakefield,4402,0.0,0.0,Middlesex,Middlesex,4:15 P.M.,,0,2024,1611.5898804969793,1379.6516044465643,1621.8703940855903,1369.3710908579533,0.8352039336435461,0.16479606635645394,7.048456901260375,7.0
2024-09-26,1609,FINAL,Middleborough,4247,0.0,0.0,Cohasset,4094,2.0,1.0,South Shore,South Shore,5:00 P.M.,,0,2024,1470.921591475984,1584.079565241515,1457.405480288476,1597.5956764290231,0.410096486477323,0.589903513522677,-1.5789493441382718,-2.0
2024-09-26,2542,FINAL,Reading,4328,2.0,0.0,Watertown,4409,3.0,1.0,Middlesex,Middlesex,4:15 P.M.,,0,2024,1654.0698014327509,1651.8677840737266,1642.1220687641583,1663.8155167423192,0.5745644890281915,0.42543551097180854,1.305050433975606,-1.0
2024-09-26,42548,FINAL,Martha’s Vineyard,4235,5.0,1.0,Brockton,4058,0.0,0.0,Cape &#38; Islands,Big Three,,,0,2024,1411.5850616264913,1367.4960681754317,1431.355919346898,1347.725210455025,0.6321891403402775,0.3678108596597225,2.3522248362764913,5.0
2024-09-26,2585,FINAL,West Bridgewater,4415,2.0,0.0,Somerset Berkley,4350,8.0,1.0,South Coast,South Coast,3:30 P.M.,,0,2024,1614.2317687095376,1614.7553379284802,1580.91438895645,1648.0727176815678,0.5707248742405082,0.4292751257594918,1.2369107695264348,-6.0
2024-09-26,2611,FINAL,Southeastern,4358,9.0,1.0,Wareham/Bourne,4407,1.0,0.0,Mayflower,Mayflower,3:30 P.M.,,0,2024,1431.7831582978513,1364.5624704474042,1454.0253193305,1342.3203094147555,0.6625718757188727,0.33742812428112734,2.930517196261178,8.0
2024-09-26,2734,FINAL,Woburn,4438,1.0,1.0,Wilmington,4432,0.0,0.0,Middlesex,Middlesex,4:00 P.M.,,0,2024,1332.945357913171,1369.5481073090855,1342.9418438613857,1359.5516213608707,0.5192706432064754,0.4807293567935246,0.33493126510213644,1.0
2024-09-26,2739,FINAL,Fairhaven,4133,1.0,0.0,Apponequet,4011,6.0,1.0,South Coast,South Coast,4:00 P.M.,,0,2024,1437.9426766148795,1499.459421126248,1411.9568531745992,1525.4452445665281,0.4834321400568278,0.5165678599431722,-0.2879186127842104,-5.0
2024-09-26,2578,FINAL,Silver Lake,4349,5.0,1.0,Whitman-Hanson,4427,0.0,0.0,Patriot,Patriot,4:00 P.M.,,0,2024,1507.029875635182,1431.267848632312,1524.581502729725,1413.7162215377691,0.6734750135090253,0.3265249864909747,3.1440506750717474,5.0
2024-09-26,2825,FINAL,Nauset,4271,1.0,0.0,Falmouth,4134,2.0,1.0,Cape &#38; Islands,Cape &#38; Islands,4:00 P.M.,,0,2024,1514.654397218878,1458.0911117172896,1501.1645965811772,1471.5809123549905,0.6487222827530604,0.35127771724693957,2.664082137539714,-1.0
2024-09-26,4746,FINAL,Swampscott,4383,2.0,1.0,Gloucester,4150,1.0,0.0,Northeastern,Northeastern,4:30 P.M.,,0,2024,1455.8266893871757,1565.480090495085,1467.9917215369494,1553.3150583453114,0.41498561484222823,0.5850143851577718,-1.4913350276977326,1.0
2024-09-26,4757,FINAL,Tyngsborough/Dracut,4397,2.0,1.0,Groton-Dunstable,4160,1.0,0.0,Mid-Wach,Mid-Wach,4:00 P.M.,,0,2024,1535.3875584975774,1600.997550836647,1546.25159004159,1590.1335192926344,0.4775505189130623,0.5224494810869377,-0.39024980847673874,1.0
2024-09-26,4833,FINAL,East Bridgewater,4126,1.0,0.0,Norwell,4296,2.0,1.0,South Shore,South Shore,4:00 P.M.,,0,2024,1432.179255315203,1533.7706602497437,1423.3147013568746,1542.635214208072,0.42629493451242445,0.5737050654875755,-1.289785123363521,-1.0
2024-09-26,4848,FINAL,Seekonk,4344,1.0,0.0,Old Rochester,4301,2.0,1.0,South Coast,South Coast,3:45 P.M.,,0,2024,1507.4000292391413,1495.172821801725,1495.1602966340663,1507.4125544068,0.5886067177049559,0.4113932822950441,1.5556801859354095,-1.0
2024-09-26,4866,FINAL,St. Mary’s,4374,11.0,1.0,Northeast,4293,0.0,0.0,Catholic Central,Independent,4:00 P.M.,,0,2024,1538.5496252153778,1356.5947984248314,1554.07736267842,1341.0670609617891,0.7917059585267572,0.20829404147324282,5.798870669763659,11.0
2024-09-26,4874,FINAL,Mashpee,4237,0.0,0.0,Sandwich,4340,7.0,1.0,South Shore,South Shore,4:00 P.M.,,0,2024,1388.739189181687,1661.971052738112,1375.2209943558148,1675.489247563984,0.21669591818951847,0.7833040818104815,-5.580796588910625,-7.0
2024-09-26,4884,FINAL,Northbridge,4292,6.0,1.0,Tantasqua,4387,1.0,0.0,SWCL,SWCL,4:00 P.M.,,0,2024,1574.929931587065,1491.7232113874582,1591.9788010463187,1474.6743419282045,0.682828159470183,0.31717184052981695,3.330168004990173,5.0
2024-09-26,5763,FINAL,Sturgis East,4456,0.0,0.0,Nantucket,4265,2.0,1.0,Cape &#38; Islands,Cape &#38; Islands,4:00 P.M.,,0,2024,1493.6537693742448,1546.9048612170427,1477.3287827727747,1563.2298478185128,0.49532143929385436,0.5046785607061457,-0.08127729606994763,-2.0
2024-09-26,2797,FINAL,Dennis-Yarmouth,4111,1.0,2.0,Monomoy,4706,1.0,2.0,Cape &#38; Islands,Cape &#38; Islands,4:00 P.M.,,0,2024,1559.0942209707541,1677.0648700196314,1559.0942209707541,1677.0648700196314,0.4034114891811259,0.5965885108188741,-1.6992662262219311,0.0
2024-09-27,5727,FINAL,Joseph Case,4078,2.0,1.0,Westport,4461,1.0,0.0,South Coast,Mayflower,3:30 P.M.,,0,2024,1491.6542417546946,1565.941872771389,1502.777089023562,1554.8190255025215,0.4651041134879888,0.5348958865120113,-0.6071907754173594,1.0
2024-09-27,5731,FINAL,Leicester,4207,0.0,0.0,St. Paul,4954,8.0,1.0,SWCL,Central Mass.,3:30 P.M.,,0,2024,1432.5086882261405,1517.8653573374247,1402.8927869161835,1547.4812586473818,0.44929258507053393,0.5507074149294661,-0.8839167277821047,-8.0
2024-09-27,5735,FINAL,Littleton,4212,1.0,1.0,Tahanto,4513,0.0,0.0,Mid-Wach,Mid-Wach,4:00 P.M.,,0,2024,1429.690756199992,1379.3514545373725,1437.166039680713,1371.8761710566514,0.6405148531041442,0.35948514689585576,2.508482541565485,1.0
2024-09-27,6013,FINAL,Southwick,4519,6.0,1.0,Smith Academy,4538,1.0,0.0,Valley,Valley,4:00 P.M.,,0,2024,1557.6735943073968,1504.5433796359225,1576.798529634707,1485.4184443086124,0.6442056787240961,0.35579432127590394,2.578255366786857,5.0
2024-09-27,10477,UPCOMING,Dexter Southfield,4113,,,Thayer,4390,,,Independent,ISL,4:00 P.M.,,0,2024,1492.5902395541036,1510.3041124362094,,,0.546330188430525,0.45366981156947495,0.807153177947356,
2024-09-27,10751,FINAL,Pingree,4312,6.0,1.0,Holderness,4173,0.0,0.0,EIL,Independent,4:00 P.M.,,0,2024,1520.003425242728,1521.440785974139,1545.138610960189,1496.3056002566782,0.5694356574880353,0.43056434251196474,1.2140659817147252,6.0
2024-09-27,10808,FINAL,Framingham,4143,0.0,0.0,Holliston,4174,8.0,1.0,Bay State,Tri-Valley,4:00 P.M.,,0,2024,1288.7341281165154,1433.6565600042213,1264.562724957242,1457.8279631634948,0.3666959886363758,0.6333040113636241,-2.3730607971926476,-8.0
2024-09-27,12029,FINAL,Central Catholic,4081,7.0,1.0,Dracut,4119,0.0,0.0,Merrimack Valley,Merrimack Valley,6:30 P.M.,,0,2024,1644.9762733351865,1361.8817320153025,1652.9704746291488,1353.8875307213402,0.8718533937481397,0.12814660625186025,8.3273635329971,7.0
2024-09-27,4812,FINAL,Nipmuc,4281,0.0,0.0,Sutton,4512,4.0,1.0,Dual Valley,Dual Valley,3:30 P.M.,,0,2024,1543.6675960754021,1615.288257448591,1521.0264032555351,1637.929450268458,0.46892546863611917,0.5310745313638808,-0.5405165343297199,-4.0
2024-09-27,10648,FINAL,Revere,4329,0.0,0.0,Everett,4132,5.0,1.0,Greater Boston,Greater Boston,,,0,2024,1483.9503470890202,1513.005734202521,1455.4557134419304,1541.5003678496107,0.5301052612708531,0.4698947387291469,0.5236153221624817,-5.0
2024-09-27,4794,FINAL,Monty Tech,4259,7.0,1.0,Bromfield,4505,1.0,0.0,Colonial,Mid-Wach,4:00 P.M.,,0,2024,1554.1378123182612,1490.4611953428105,1574.103099855332,1470.4959078057398,0.6579957276587988,0.34200427234120123,2.8419154243862694,6.0
2024-09-27,2792,FINAL,Ursuline,4448,1.0,0.0,Dedham,4108,7.0,1.0,Independent,Tri-Valley,3:45 P.M.,,0,2024,1448.198925367933,1569.976680151766,1424.9560931392537,1593.2195123804454,0.39814843180988685,0.6018515681901131,-1.794443869595824,-6.0
2024-09-27,2810,FINAL,Mohawk Trail,4258,0.0,0.0,East Longmeadow,4127,5.0,1.0,Valley,Valley,4:00 P.M.,,0,2024,1349.8939825065308,1663.8295204131443,1340.2421620549671,1673.481340864708,0.1795594519860796,0.8204405480139204,-6.598388447665338,-5.0
2024-09-27,1616,FINAL,Oliver Ames,4302,7.0,1.0,Milford,4249,0.0,0.0,Hockomock,Hockomock,4:00 P.M.,,0,2024,1501.2011557619435,1375.1338552050115,1517.8132277102118,1358.5217832567432,0.7337094020149175,0.2662905979850825,4.4016825139233,7.0
2024-09-27,1594,FINAL,Masconomet,4236,3.0,1.0,Danvers,4103,1.0,0.0,Northeastern,Northeastern,4:00 P.M.,,0,2024,1582.808710614581,1405.8839624075301,1589.832447263971,1398.8602257581401,0.7868906461409529,0.21310935385904706,5.6731187051762735,2.0
2024-09-27,4770,FINAL,Clinton,4093,2.0,1.0,Hudson,4182,1.0,0.0,Mid-Wach,Mid-Wach,3:30 P.M.,,0,2024,1613.5871917615154,1522.768571226534,1619.9868603026443,1516.3689026854051,0.6922409977460123,0.30775900225398767,3.5204655133745346,1.0
2024-09-27,1533,FINAL,Cohasset,4094,1.0,2.0,Hingham,4171,1.0,2.0,South Shore,Patriot,4:00 P.M.,,0,2024,1597.5956764290231,1690.1453364775814,1597.5956764290231,1690.1453364775814,0.4390704271950187,0.5609295728049812,-1.063741501213957,0.0
2024-09-27,1525,FINAL,Grafton,4153,0.0,0.0,Auburn,4019,1.0,1.0,SWCL,SWCL,3:30 P.M.,,0,2024,1475.4305453568597,1518.7471583360493,1464.8333581526579,1529.3443455402512,0.5096169808957962,0.4903830191042038,0.16708467552026035,-1.0
2024-09-27,1517,FINAL,Fitchburg,4139,0.0,0.0,Tyngsborough/Dracut,4397,7.0,1.0,Mid-Wach,Mid-Wach,4:00 P.M.,,0,2024,1364.4121587840777,1546.25159004159,1344.5194586884993,1566.1442901371684,0.31887888641980605,0.681121113580194,-3.295985781437804,-7.0
2024-09-27,1484,FINAL,Apponequet,4011,0.0,0.0,Dartmouth,4105,2.0,1.0,South Coast,Southeast,11:00 A.M.,,0,2024,1525.4452445665281,1523.3183844039622,1506.5120219258022,1542.2516070446882,0.5744587311349338,0.42554126886506616,1.3031715040641472,-2.0
2024-09-27,1452,FINAL,Hampshire,4518,1.0,2.0,Amherst-Pelham,4008,1.0,2.0,County,County,4:30 P.M.,,0,2024,1446.0867011481546,1502.7110043465425,1446.0867011481546,1502.7110043465425,0.49046801638099,0.50953198361901,-0.16560757995969766,0.0
2024-09-27,1443,FINAL,Agawam,4004,6.0,1.0,West Springfield,4417,0.0,0.0,Suburban,Suburban,4:00 P.M.,,0,2024,1526.5878414929116,1339.3226171437589,1538.4558250845719,1327.4546335520986,0.7967020968324791,0.20329790316752094,5.931630608728819,6.0
2024-09-27,942,FINAL,Waltham,4405,2.0,2.0,Bedford,4031,2.0,2.0,Dual County,Dual County,4:00 P.M.,,0,2024,1541.4527617321326,1571.5272761963297,1541.4527617321326,1571.5272761963297,0.5286436822011779,0.47135631779882214,0.49813713839507157,0.0
2024-09-27,937,FINAL,Walpole,4404,4.0,1.0,Norwood,4297,1.0,0.0,Bay State,Tri-Valley,4:00 P.M.,,0,2024,1670.4343323414205,1643.8808484158023,1686.7196700620018,1627.595510695221,0.6084204005219237,0.3915795994780763,1.9138370981404536,3.0
2024-09-27,927,FINAL,Mansfield,4230,2.0,1.0,Taunton,4388,0.0,0.0,Hockomock,Hockomock,3:45 P.M.,,0,2024,1479.7468925372787,1396.1135164688567,1490.1828359244466,1385.6775730816887,0.6833598320714243,0.31664016792857574,3.3408344017105494,2.0
2024-09-27,904,FINAL,Peabody,4306,2.0,1.0,Saugus,4341,1.0,0.0,Northeastern,Northeastern,4:00 P.M.,,0,2024,1472.4717594215397,1442.4673348826282,1480.5162274654535,1434.4228668387143,0.6131428615485236,0.3868571384514764,2.0001106134727875,1.0
2024-09-27,892,FINAL,Weymouth,4425,2.0,0.0,Newton South,4280,3.0,1.0,Bay State,Dual County,4:00 P.M.,,0,2024,1318.6463404411925,1418.86860962092,1309.7416815414324,1427.7732685206802,0.4282235745163834,0.5717764254836166,-1.2555567294931904,-1.0
2024-09-27,851,FINAL,Methuen,4246,2.0,1.0,Lowell,4216,1.0,0.0,Merrimack Valley,Merrimack Valley,4:30 P.M.,,0,2024,1489.462553660654,1493.1455706780532,1498.4818522793526,1484.1262720593547,0.5662634203502378,0.4337365796497622,1.1579245745650213,1.0
2024-09-27,847,FINAL,Lincoln-Sudbury,4211,2.0,2.0,Wellesley,4413,2.0,2.0,Dual County,Bay State,4:00 P.M.,,0,2024,1606.7943536124274,1563.14051919197,1606.7943536124274,1563.14051919197,0.6316064754066069,0.36839352459339314,2.341345860511433,0.0
2024-09-27,833,FINAL,Stoughton,4381,0.0,0.0,King Philip,4197,6.0,1.0,Hockomock,Hockomock,3:45 P.M.,,0,2024,1440.716767608335,1554.6971961233535,1416.8432734927162,1578.5706902389722,0.40895163508634774,0.5910483649136522,-1.5995107128754626,-6.0
2024-09-27,820,FINAL,Canton,4071,2.0,0.0,Franklin,4144,4.0,1.0,Hockomock,Hockomock,3:45 P.M.,,0,2024,1668.118030774988,1689.7806856223654,1650.2977529655948,1707.6009634317586,0.5406905297165815,0.4593094702834185,0.7084336288155668,-2.0
2024-09-27,791,FINAL,Chelmsford,4085,6.0,1.0,Haverhill,4167,0.0,0.0,Merrimack Valley,Merrimack Valley,6:00 P.M.,,0,2024,1541.978337292781,1427.3355267744023,1558.2851900243566,1411.0286740428267,0.7206645137325218,0.2793354862674782,4.116070262959465,6.0
2024-09-27,767,FINAL,Bridgewater-Raynham,4053,0.0,0.0,New Bedford,4273,5.0,1.0,Southeast,Big Three,4:00 P.M.,,0,2024,1409.0147134103845,1470.4696611548006,1383.024114810722,1496.460259754463,0.48352097562998797,0.516479024370012,-0.28637369361040327,-5.0
2024-09-27,760,FINAL,Braintree,4051,0.0,0.0,Hanover,4164,3.0,1.0,Bay State,Patriot,4:00 P.M.,,0,2024,1420.9548995987138,1523.4908816598406,1403.2810749369728,1541.1647063215817,0.42496565321724733,0.5750343467827527,-1.3133995515281698,-3.0
2024-09-27,742,FINAL,Marblehead,4231,1.0,0.0,Beverly,4038,6.0,1.0,Northeastern,Northeastern,4:00 P.M.,,0,2024,1447.1061275756117,1610.665320030243,1428.7142683487364,1629.0571792571182,0.34215640255178903,0.657843597448211,-2.838979811365783,-5.0
2024-09-27,725,FINAL,Barnstable,4024,1.0,0.0,Notre Dame (Hingham),4449,7.0,1.0,Cape &#38; Islands,Independent,4:00 P.M.,,0,2024,1440.173845012744,1557.3757419014805,1416.5615691357652,1580.9880177784594,0.4044769810918898,0.5955230189081102,-1.6800474222184107,-6.0
2024-09-27,717,FINAL,North Attleborough,4284,0.0,0.0,Attleboro,4018,1.0,1.0,Hockomock,Hockomock,5:15 P.M.,,0,2024,1508.6034455416363,1513.405388012296,1496.8612390572125,1525.1475944967199,0.5646807688057457,0.4353192311942543,1.1299514382335076,-1.0
2024-09-27,681,FINAL,Wayland,4411,0.0,0.0,Acton-Boxborough,4003,4.0,1.0,Dual County,Dual County,4:00 P.M.,,0,2024,1380.971861860001,1477.1421469618986,1360.0196841647798,1498.0943246571196,0.43394399857138505,0.5660560014286149,-1.1542571275474416,-4.0
2024-09-27,1627,FINAL,Nashoba,4267,5.0,1.0,Oakmont,4299,2.0,0.0,Mid-Wach,Mid-Wach,4:00 P.M.,,0,2024,1578.999819011646,1482.4090214273992,1591.5066498551678,1469.9021905838774,0.6992742860802307,0.3007257139197693,3.664769939606168,3.0
2024-09-27,1639,FINAL,Mahar,4226,0.0,0.0,Northampton,4291,2.0,1.0,Valley,Valley,4:00 P.M.,,0,2024,1383.248525237132,1455.3079418982618,1367.814235309422,1470.7422318259719,0.46829653757777456,0.5317034624222254,-0.5514854165282429,-2.0
2024-09-27,1571,FINAL,Malden,4227,3.0,1.0,Northeast,4293,0.0,0.0,Greater Boston,Independent,4:00 P.M.,,0,2024,1444.679875328863,1341.0670609617891,1456.8360596914679,1328.9108765991843,0.7077055517323008,0.29229444826769924,3.840320359176849,3.0
2024-09-27,2563,FINAL,Foxborough,4142,6.0,1.0,Sharon,4345,0.0,0.0,Hockomock,Hockomock,5:00 P.M.,,0,2024,1545.6750571811979,1326.9357012996047,1555.9215413579982,1316.6892171228044,0.8244782922141474,0.17552170778585263,6.718483897039829,6.0
2024-09-27,2696,FINAL,Turners Falls,4396,0.0,0.0,Westfield,4419,3.0,1.0,Valley,Valley,4:00 P.M.,,0,2024,1421.8433840804882,1607.0096875076972,1408.75396985806,1620.0991017301255,0.3147338831139814,0.6852661168860186,-3.379157585680224,-3.0
2024-09-27,2673,FINAL,Medway,4243,2.0,1.0,Westborough,4418,0.0,0.0,Tri-Valley,Mid-Wach,4:00 P.M.,,0,2024,1475.804352788847,1506.6116867442745,1491.374136436958,1491.0419030961634,0.5275924057798761,0.4724075942201239,0.4798166511143108,2.0
2024-09-27,2603,FINAL,Worcester Tech/Worcester North,4445,1.0,0.0,South High,4962,2.0,1.0,Colonial,Independent,3:30 P.M.,,0,2024,1371.2993408843815,1389.26805659948,1359.9462853417097,1400.6211121421518,0.5459665643449906,0.4540334356550094,0.8007821071225407,-1.0
2024-09-27,2708,FINAL,Westwood,4424,2.0,1.0,Natick,4270,1.0,0.0,Tri-Valley,Bay State,5:30 P.M.,,0,2024,1496.6951513140755,1614.545290389822,1509.0973886575794,1602.143053046318,0.4035784562866349,0.5964215437133651,-1.6962534768936621,1.0
2024-09-27,2745,FINAL,Marlborough,4233,3.0,1.0,Ashland,4015,0.0,0.0,Mid-Wach,Tri-Valley,4:00 P.M.,,0,2024,1524.311186167127,1456.8082373396423,1538.3293236681225,1442.790099838647,0.6629350424135717,0.3370649575864283,2.937573720687118,3.0
2024-09-27,2782,FINAL,Burncoat,4066,0.0,0.0,Gardner,4147,8.0,1.0,Inter-High,Mid-Wach,4:00 P.M.,,0,2024,1322.465811681471,1382.1686899613494,1290.4276364070179,1414.2068652358025,0.4860400647392223,0.5139599352607778,-0.24257195699696013,-8.0
2024-09-28,4780,FINAL,Nantucket,4265,7.0,1.0,Martha’s Vineyard,4235,0.0,0.0,Cape &#38; Islands,Cape &#38; Islands,1:00 P.M.,,0,2024,1563.2298478185128,1431.355919346898,1579.4377088977303,1415.1480582676804,0.7401888799732858,0.25981112002671425,4.546848211790371,7.0
2024-09-28,10855,FINAL,Lawrence Academy,4204,1.0,1.0,St. Mark’s,4372,0.0,0.0,ISL,ISL,,,0,2024,1500.0,1500.0,1508.9111739580298,1491.0888260419702,0.5714631174083814,0.4285368825916186,1.25,1.0
2024-09-28,4919,FINAL,Hopedale,4507,8.0,1.0,Blackstone-Millville,4486,0.0,0.0,Dual Valley,Dual Valley,11:00 A.M.,,0,2024,1436.5080461540215,1379.454373794135,1459.6207416924237,1356.3416782557329,0.6493652981310537,0.3506347018689463,2.6763418089971593,8.0
2024-09-28,10877,FINAL,Cushing,4101,2.0,1.0,Brewster Academy,4052,0.0,0.0,Independent,Independent,,,0,2024,1517.8223479160597,1491.7567734193665,1530.750233269893,1478.8288880655332,0.6077510544535437,0.3922489455464563,1.9016393624173304,2.0
2024-09-28,698,FINAL,Andover,4009,5.0,1.0,Tewksbury,4389,0.0,0.0,Merrimack Valley,Merrimack Valley,10:00 A.M.,,0,2024,1626.7850222371778,1506.6103407126539,1641.4579371046113,1491.9374258452203,0.7270296763334541,0.27297032366654594,4.2543670381131,5.0
2024-09-28,743,FINAL,Burlington,4065,0.0,0.0,Beverly,4038,3.0,1.0,Middlesex,Northeastern,11:30 A.M.,,0,2024,1462.1386568303806,1629.0571792571182,1448.0892380483622,1643.1065980391365,0.3378171134031681,0.6621828865968319,-2.9229630606684394,-3.0
2024-09-28,800,FINAL,Seekonk,4344,0.0,0.0,Durfee,4122,3.0,1.0,South Coast,Big Three,3:00 P.M.,,0,2024,1495.1602966340663,1614.1825490840608,1478.443439781476,1630.8994059366512,0.40195544134138195,0.598044558658618,-1.7255563112498635,-3.0
2024-09-28,852,FINAL,Revere,4329,1.0,0.0,Lowell,4216,5.0,1.0,Greater Boston,Merrimack Valley,10:00 A.M.,,0,2024,1455.4557134419304,1484.1262720593547,1429.8339272016449,1509.7480582996402,0.5306570292302719,0.4693429707697281,0.5332360345643906,-4.0
2024-09-28,4798,FINAL,Monomoy,4706,7.0,1.0,Nauset,4271,0.0,0.0,Cape &#38; Islands,Cape &#38; Islands,10:00 A.M.,,0,2024,1677.0648700196314,1501.1645965811772,1690.4211215404991,1487.8083450603094,0.785900024066425,0.214099975933575,5.647506835961354,7.0
2024-09-28,887,FINAL,Winchester,4434,5.0,1.0,Newton North,4279,0.0,0.0,Middlesex,Bay State,11:00 A.M.,,0,2024,1621.8703940855903,1513.9160366765414,1637.3055931812657,1498.480837580866,0.7128483787256461,0.2871516212743539,3.948858935226224,5.0
2024-09-28,896,FINAL,Concord-Carlisle,4097,5.0,1.0,North Andover,4283,0.0,0.0,Dual County,Merrimack Valley,11:00 A.M.,,0,2024,1471.8661255971247,1504.4095870247272,1497.3932765284883,1478.8824360933636,0.5251008599876112,0.47489914001238875,0.4364134643099362,5.0
2024-09-28,4867,FINAL,Arlington Catholic,4014,0.0,0.0,St. Mary’s,4374,9.0,1.0,Catholic Central,Catholic Central,2:30 P.M.,,0,2024,1340.9085539569276,1554.07736267842,1321.4945302565557,1573.491386378792,0.28104677882034795,0.7189532211796521,-4.079220218037312,-9.0
2024-09-28,1459,FINAL,Bishop Stang,4045,0.0,2.0,Old Rochester,4301,0.0,2.0,Catholic Central,South Coast,10:30 A.M.,,0,2024,1481.652508381764,1507.4125544068,1481.652508381764,1507.4125544068,0.534827607285441,0.465172392714559,0.6059988493741002,0.0
2024-09-28,1554,FINAL,North Middlesex,4286,0.0,2.0,Leominster,4208,0.0,2.0,Mid-Wach,Mid-Wach,11:00 A.M.,,0,2024,1619.6710346663663,1412.4727027974857,1619.6710346663663,1412.4727027974857,0.814656035014304,0.18534396498569605,6.429958296722015,0.0
2024-09-28,1563,FINAL,Uxbridge,4398,6.0,1.0,Longmeadow,4214,0.0,0.0,SWCL,Suburban,2:00 P.M.,,0,2024,1686.7791188858896,1629.6769753216486,1707.2445190401622,1609.211575167376,0.6494288261595235,0.35057117384047654,2.677553589106026,6.0
2024-09-28,2718,FINAL,Norwell,4296,3.0,1.0,Whitman-Hanson,4427,1.0,0.0,South Shore,Patriot,12:00 P.M.,,0,2024,1542.635214208072,1413.7162215377691,1551.3064172064683,1405.045018539373,0.7369043629605155,0.26309563703948446,4.472974816757573,2.0
2024-09-28,2774,FINAL,Blackstone Valley,4046,7.0,1.0,North Brookfield,4508,0.0,0.0,Colonial,Colonial,11:00 A.M.,,0,2024,1616.1906709157129,1544.2135471731979,1636.8603750529553,1523.5438430359554,0.6686657816062015,0.3313342183937985,3.049428093562875,7.0
2024-09-28,4758,FINAL,Westford,4421,0.0,2.0,Groton-Dunstable,4160,0.0,2.0,Dual County,Mid-Wach,10:00 A.M.,,0,2024,1441.8403252190087,1590.1335192926344,1441.8403252190087,1590.1335192926344,0.36220164031595736,0.6377983596840426,-2.457329851840643,0.0
2024-09-28,893,FINAL,Ursuline,4448,0.0,2.0,Newton South,4280,0.0,2.0,Independent,Dual County,11:30 A.M.,,0,2024,1424.9560931392537,1427.7732685206802,1424.9560931392537,1427.7732685206802,0.5674871751620987,0.4325128248379013,1.1795706154643368,0.0
2024-09-28,932,FINAL,Wachusett,4400,6.0,1.0,Minnechaug,4254,2.0,0.0,Mid-Wach,Suburban,11:00 A.M.,,0,2024,1512.6082119159892,1515.8417069237883,1533.51969359939,1494.9302252403875,0.5668988632233197,0.4331011367766803,1.1691626248050226,4.0
2024-09-29,4813,FINAL,Nipmuc,4281,3.0,2.0,Notre Dame (Worcester),4451,3.0,2.0,Dual Valley,Central Mass.,7:00 P.M.,,0,2024,1521.0264032555351,1478.908346330373,1521.0264032555351,1478.908346330373,0.6295470535559857,0.3704529464440143,2.3029514231290533,0.0
2024-09-30,4895,FINAL,Wakefield,4402,0.0,0.0,Reading,4328,6.0,1.0,Middlesex,Middlesex,4:15 P.M.,,0,2024,1369.3710908579533,1642.1220687641583,1356.6935159510329,1654.7996436710787,0.21716615766449185,0.7828338423355081,-5.568774447655125,-6.0
2024-09-30,10909,FINAL,Oxford,4303,1.0,0.0,Gardner,4147,2.0,1.0,SWCL,Mid-Wach,,,0,2024,1373.6620034699683,1414.2068652358025,1362.9819151975416,1424.8869535082292,0.5136036795628781,0.4863963204371219,0.23637845585414538,-1.0
2024-09-30,10881,FINAL,West Bridgewater,4415,1.0,2.0,Scituate,4343,1.0,2.0,South Coast,Patriot,,,0,2024,1580.91438895645,1528.787404343793,1580.91438895645,1528.787404343793,0.6428809089346356,0.35711909106536444,2.5531746153164248,0.0
2024-09-30,10627,FINAL,Durfee,4122,1.0,0.0,Notre Dame (Hingham),4449,5.0,1.0,Big Three,Independent,5:00 P.M.,,0,2024,1630.8994059366512,1580.9880177784594,1600.0007340519328,1611.8866896631778,0.6399474757823452,0.36005252421765477,2.497784703954795,-4.0
2024-09-30,6020,FINAL,Westport,4461,4.0,1.0,Dighton-Rehoboth,4114,0.0,0.0,Mayflower,South Coast,3:45 P.M.,,0,2024,1554.8190255025215,1496.586964924128,1571.674271415817,1479.7317190108326,0.6509082294492115,0.34909177055078855,2.7058015144598357,4.0
2024-09-30,5751,FINAL,Maynard,4239,4.0,1.0,Narragansett,4266,1.0,0.0,Mid-Wach,Mid-Wach,3:30 P.M.,,0,2024,1657.3659200114757,1517.038647707256,1667.786542403967,1506.6180253147647,0.7494369958562772,0.2505630041437228,4.758181807605496,3.0
2024-09-30,5747,FINAL,Wareham/Bourne,4407,1.0,1.0,Mashpee,4237,0.0,0.0,Mayflower,South Shore,4:00 P.M.,,0,2024,1342.3203094147555,1375.2209943558148,1352.2062231355703,1365.335080635,0.5245880433441393,0.47541195665586067,0.4274828764735162,1.0
2024-09-30,5715,FINAL,Hampshire,4518,1.0,0.0,Mohawk Trail,4258,3.0,1.0,County,Valley,5:30 P.M.,,0,2024,1446.0867011481546,1340.2421620549671,1422.6745288568043,1363.6543343463175,0.7103559200044339,0.2896440799955661,3.896113477329686,-2.0
2024-09-30,5713,FINAL,Ipswich,4190,1.0,1.0,Hamilton-Wenham,4163,0.0,0.0,Cape Ann,Cape Ann,4:00 P.M.,,0,2024,1499.317210732654,1492.9419787241818,1508.0420092366483,1484.2171802201876,0.5804258821844028,0.41957411781559717,1.4093808002118067,1.0
2024-09-30,4959,FINAL,Mahar,4226,1.0,2.0,Franklin County Tech,4145,1.0,2.0,Valley,County,4:00 P.M.,,0,2024,1367.814235309422,1572.4471347540002,1367.814235309422,1572.4471347540002,0.2910812420036823,0.7089187579963176,-3.865822486114456,0.0
2024-09-30,4934,FINAL,Carver,4077,0.0,2.0,East Bridgewater,4126,0.0,2.0,South Shore,South Shore,4:00 P.M.,,0,2024,1393.7699121479193,1423.3147013568746,1393.7699121479193,1423.3147013568746,0.5294034493074511,0.4705965506925489,0.5113802697761173,0.0
2024-09-30,4927,FINAL,Bromfield,4505,6.0,1.0,Tahanto,4513,2.0,0.0,Mid-Wach,Mid-Wach,4:00 P.M.,,0,2024,1470.4959078057398,1371.8761710566514,1484.8975781266079,1357.4745007357833,0.701724637121145,0.29827536287885503,3.715493418727209,4.0
2024-09-30,4908,FINAL,Amesbury,4007,0.0,0.0,Manchester Essex,4229,6.0,1.0,Cape Ann,Cape Ann,4:30 P.M.,,0,2024,1395.1936477499598,1593.335182266238,1377.7474820974667,1610.7813479187312,0.2988518536508088,0.7011481463491912,-3.7035383629069543,-6.0
2024-09-30,4889,POSTPONED,Lynnfield,4223,,,Triton,4395,,,Cape Ann,Cape Ann,4:00 P.M.,,0,2024,1618.2819321712454,1444.0370911256218,,,0.7842922219106658,0.21570777808933417,5.60612102614059,
2024-09-30,4885,FINAL,Tantasqua,4387,0.0,0.0,Uxbridge,4398,13.0,1.0,SWCL,SWCL,4:00 P.M.,,0,2024,1474.6743419282045,1707.2445190401622,1454.1656125012648,1727.753248467102,0.2590411002291451,0.7409588997708549,-4.564254427798943,-13.0
2024-09-30,897,FINAL,North Andover,4283,0.0,0.0,St. Mary’s,4374,2.0,1.0,Merrimack Valley,Catholic Central,4:00 P.M.,,0,2024,1478.8824360933636,1573.491386378792,1464.5075440866738,1587.8662783854818,0.4361530194337916,0.5638469805662084,-1.115223757135709,-2.0
2024-09-30,4820,FINAL,Oakmont,4299,2.0,0.0,North Middlesex,4286,3.0,1.0,Mid-Wach,Mid-Wach,4:00 P.M.,,0,2024,1469.9021905838774,1619.6710346663663,1462.4111768404791,1627.1620484097646,0.3602416126277301,0.6397583873722699,-2.494221102062221,-1.0
2024-09-30,888,FINAL,Walpole,4404,4.0,1.0,Newton North,4279,0.0,0.0,Bay State,Bay State,5:00 P.M.,,0,2024,1686.7196700620018,1498.480837580866,1696.4917742549494,1488.7087333879183,0.7976083426921716,0.20239165730782838,5.955970812028397,4.0
2024-09-30,921,FINAL,Nashoba,4267,4.0,1.0,Shrewsbury,4348,0.0,0.0,Mid-Wach,Mid-Wach,4:45 P.M.,,0,2024,1591.5066498551678,1407.0798596864245,1601.4509088679174,1397.1356006736748,0.7940428159023111,0.20595718409768893,5.860669754218582,4.0
2024-09-30,954,FINAL,Weymouth,4425,0.0,0.0,Wellesley,4413,8.0,1.0,Bay State,Bay State,4:00 P.M.,,0,2024,1309.7416815414324,1563.14051919197,1294.1391922768362,1578.7430084565663,0.23669996269432494,0.7633000373056751,-5.084970941263441,-8.0
2024-09-30,959,FINAL,Watertown,4409,3.0,1.0,Winchester,4434,1.0,0.0,Middlesex,Middlesex,4:15 P.M.,,0,2024,1663.8155167423192,1637.3055931812657,1676.7233105544767,1624.3977993691083,0.6083606580987702,0.39163934190122984,1.912748089026337,2.0
2024-09-30,1444,FINAL,Frontier,4146,2.0,1.0,Agawam,4004,0.0,0.0,Suburban,Suburban,4:00 P.M.,,0,2024,1599.599468072441,1538.4558250845719,1610.979763824532,1527.0755293324808,0.654706946527732,0.345293053472268,2.778591074696726,2.0
2024-09-30,1466,FINAL,Brockton,4058,0.0,0.0,Sharon,4345,1.0,1.0,Big Three,Hockomock,3:45 P.M.,,0,2024,1347.725210455025,1316.6892171228044,1334.9459932699253,1329.468434307904,0.6145504419795427,0.38544955802045733,2.025899833305516,-1.0
2024-09-30,1473,FINAL,Burlington,4065,3.0,1.0,Woburn,4438,1.0,0.0,Middlesex,Middlesex,4:15 P.M.,,0,2024,1448.0892380483622,1342.9418438613857,1457.6626709182076,1333.3684109915403,0.7095295289462679,0.29047047105373214,3.8786848546744124,2.0
2024-09-30,1481,FINAL,Canton,4071,5.0,1.0,Mansfield,4230,0.0,0.0,Hockomock,Hockomock,6:00 P.M.,,0,2024,1650.2977529655948,1490.1828359244466,1662.6494022686538,1477.8311866213876,0.7702137756176156,0.22978622438238439,5.2528729260287035,5.0
2024-09-30,853,FINAL,Lowell,4216,6.0,1.0,Dracut,4119,0.0,0.0,Merrimack Valley,Merrimack Valley,3:45 P.M.,,0,2024,1509.7480582996402,1353.8875307213402,1523.4170616125077,1340.2185274084727,0.7658507285223579,0.23414927147764208,5.146513189457499,6.0
2024-09-30,1494,FINAL,Doherty,4116,3.0,1.0,Auburn,4019,1.0,0.0,Inter-High,SWCL,3:30 P.M.,,0,2024,1692.72762019299,1529.3443455402512,1700.1918122209986,1521.8801535122425,0.7735266540343744,0.22647334596562563,5.334581866318468,2.0
2024-09-30,1555,FINAL,Algonquin,4005,4.0,1.0,Leominster,4208,1.0,0.0,Mid-Wach,Mid-Wach,4:00 P.M.,,0,2024,1636.929267995296,1412.4727027974857,1644.033047376639,1405.3689234161427,0.8291902119161181,0.17080978808388192,6.861414129945257,3.0
2024-09-30,1564,FINAL,West Springfield,4417,0.0,0.0,Longmeadow,4214,6.0,1.0,Suburban,Suburban,7:00 P.M.,,0,2024,1327.4546335520986,1609.211575167376,1315.2840190902223,1621.3821896292523,0.20848195325265326,0.7915180467473467,-5.793923540381934,-6.0
2024-09-30,1577,FINAL,Malden Catholic,4228,4.0,1.0,Tyngsborough/Dracut,4397,0.0,0.0,Independent,Mid-Wach,4:00 P.M.,,0,2024,1591.674858017177,1566.1442901371684,1610.6493279767483,1547.169820177597,0.6070166316455504,0.3929833683544496,1.888264197000217,4.0
2024-09-30,1610,FINAL,Norwell,4296,3.0,1.0,Middleborough,4247,0.0,0.0,South Shore,South Shore,5:15 P.M.,,0,2024,1551.3064172064683,1457.405480288476,1563.9490836902733,1444.762813804671,0.6960081293366925,0.30399187066330746,3.5975234229498083,3.0
2024-09-30,1620,FINAL,Framingham,4143,0.0,0.0,Milton,4252,5.0,1.0,Bay State,Bay State,4:00 P.M.,,0,2024,1264.562724957242,1465.8426996285284,1248.701350314434,1481.7040742713364,0.2950800579953873,0.7049199420046127,-3.781999366782162,-5.0
2024-09-30,2574,FINAL,Shepherd Hill,4347,2.0,1.0,Littleton,4212,0.0,0.0,Mid-Wach,Mid-Wach,4:00 P.M.,,0,2024,1453.750550620933,1437.166039680713,1467.1096760100315,1423.8069142916145,0.5946666679138661,0.40533333208613387,1.664612773505496,2.0
2024-09-30,2746,FINAL,Medway,4243,4.0,1.0,Ashland,4015,1.0,0.0,Tri-Valley,Tri-Valley,4:00 P.M.,,0,2024,1491.374136436958,1442.790099838647,1506.421597784188,1427.742638491417,0.6381850356063853,0.3618149643936147,2.4646009149577766,3.0
2024-09-30,4825,FINAL,Essex Tech,4745,0.0,0.0,North Reading,4288,3.0,1.0,Cape Ann,Cape Ann,4:00 P.M.,,0,2024,1491.8590947637388,1608.405929848421,1474.9995812300947,1625.265443382065,0.4053856094464755,0.5946143905535245,-1.663670877117056,-3.0
2024-09-30,1526,FINAL,Grafton,4153,6.0,1.0,Blackstone-Millville,4486,0.0,0.0,SWCL,Dual Valley,3:30 P.M.,,0,2024,1464.8333581526579,1356.3416782557329,1481.5595591686235,1339.6154772397672,0.7134811007917337,0.28651889920826634,3.962291997423125,6.0
2024-09-30,841,FINAL,Stoneham,4380,0.0,0.0,Lexington,4209,4.0,1.0,Middlesex,Middlesex,4:15 P.M.,,0,2024,1468.7590698491456,1474.7125966631756,1441.573222988277,1501.8984435240443,0.5630505460081834,0.4369494539918166,1.1011618296492487,-4.0
2024-09-30,875,FINAL,Natick,4270,2.0,1.0,Needham,4272,0.0,0.0,Bay State,Bay State,6:30 P.M.,,0,2024,1602.143053046318,1500.4595685579593,1611.8524938552307,1490.7501277490467,0.7054028702372122,0.29459712976278785,3.792087112208969,2.0
2024-09-30,784,FINAL,Central Catholic,4081,5.0,1.0,Westford,4421,0.0,0.0,Merrimack Valley,Dual County,7:00 P.M.,,0,2024,1652.9704746291488,1441.8403252190087,1662.7508381921084,1432.0599616560492,0.8180491721325901,0.1819508278674099,6.528253735253503,5.0
2024-09-30,4807,FINAL,Newburyport,4276,5.0,1.0,Pentucket,4309,0.0,0.0,Cape Ann,Cape Ann,4:00 P.M.,,0,2024,1599.1362976845276,1576.434256361081,1620.4693889735559,1555.1011650720527,0.6031258351468498,0.3968741648531502,1.8175510330861642,5.0
2024-09-30,4781,FINAL,Nauset,4271,6.0,1.0,Martha’s Vineyard,4235,0.0,0.0,Cape &#38; Islands,Cape &#38; Islands,4:00 P.M.,,0,2024,1487.8083450603094,1415.1480582676804,1507.0999146798167,1395.8564886481731,0.6695364783608174,0.3304635216391826,3.0665071698157247,6.0
2024-09-30,4774,FINAL,Quabbin,4325,3.0,1.0,Marlborough,4233,1.0,0.0,Mid-Wach,Mid-Wach,4:00 P.M.,,0,2024,1510.6040585389826,1538.3293236681225,1526.0281771897603,1522.9052050173448,0.5320120722638483,0.4679879277361517,0.5568683717715033,2.0
2024-09-30,4766,FINAL,Bellingham,4033,0.0,2.0,Holliston,4174,0.0,2.0,Tri-Valley,Tri-Valley,4:45 P.M.,,0,2024,1449.0299864073054,1457.8279631634948,1449.0299864073054,1457.8279631634948,0.5590180731166149,0.4409819268833851,1.0300505810952643,0.0
2024-09-30,4759,FINAL,Groton-Dunstable,4160,2.0,1.0,Lunenburg,4219,0.0,0.0,Mid-Wach,Mid-Wach,4:00 P.M.,,0,2024,1590.1335192926344,1492.3414824474035,1599.9970886127726,1482.4779131272653,0.7007264096752389,0.2992735903247611,3.694800921130775,2.0
2024-09-30,2826,FINAL,Falmouth,4134,1.0,0.0,Monomoy,4706,4.0,1.0,Cape &#38; Islands,Cape &#38; Islands,4:00 P.M.,,0,2024,1471.5809123549905,1690.4211215404991,1460.1648823224118,1701.8371515730778,0.27449749857734707,0.7255025014226529,-4.221005229637717,-3.0
2024-09-30,2802,FINAL,Dover-Sherborn,4118,2.0,0.0,Norwood,4297,6.0,1.0,Tri-Valley,Tri-Valley,4:00 P.M.,,0,2024,1560.3709473268884,1627.595510695221,1537.4252481958558,1650.5412098262536,0.4752321489334894,0.5247678510665106,-0.43061408420831526,-4.0
2024-09-30,825,FINAL,Tewksbury,4389,3.0,1.0,Haverhill,4167,0.0,0.0,Merrimack Valley,Merrimack Valley,4:00 P.M.,,0,2024,1491.9374258452203,1411.0286740428267,1505.247665807207,1397.7184340808399,0.6799563802299919,0.32004361977000806,3.272718795059842,3.0
2024-09-30,2793,FINAL,Medfield,4241,0.0,2.0,Dedham,4108,0.0,2.0,Tri-Valley,Tri-Valley,6:00 P.M.,,0,2024,1591.8413380787572,1593.2195123804454,1591.8413380787572,1593.2195123804454,0.5695191889882786,0.4304808110117214,1.2155456424577948,0.0
2024-09-30,2798,FINAL,Dennis-Yarmouth,4111,3.0,1.0,St. John Paul II,4689,1.0,0.0,Cape &#38; Islands,Cape &#38; Islands,4:00 P.M.,,0,2024,1559.0942209707541,1483.3990302858085,1569.858740545906,1472.6345107106567,0.6733904008968109,0.3266095991031891,3.14237976712364,2.0
2024-09-30,2776,FINAL,Blackstone Valley,4046,9.0,1.0,Worcester Tech/Worcester North,4445,0.0,0.0,Colonial,Colonial,3:30 P.M.,,0,2024,1636.8603750529553,1359.9462853417097,1645.9906570545522,1350.8160033401127,0.8678256302828612,0.1321743697171388,8.172852242781142,9.0
2024-09-30,2765,FINAL,Greenfield,4157,2.0,1.0,Belchertown,4032,0.0,0.0,Suburban,County,4:00 P.M.,,0,2024,1521.3471609713279,1640.110137568562,1541.0459074516173,1620.4113910882727,0.4023142746087762,0.5976857253912238,-1.7190744149308557,2.0
2024-09-30,2758,FINAL,Bay Path/David Prouty,4027,0.0,0.0,North Brookfield,4508,3.0,1.0,Colonial,Colonial,3:30 P.M.,,0,2024,1408.286796846706,1523.5438430359554,1391.3528001728916,1540.4778397097698,0.4071765503957009,0.5928234496042991,-1.6314261547312356,-3.0
2024-09-30,708,FINAL,Melrose,4244,1.0,0.0,Arlington,4013,9.0,1.0,Middlesex,Middlesex,4:15 P.M.,,0,2024,1386.1105004438798,1558.883260038234,1364.3368649681197,1580.6568955139942,0.33032028527184104,0.669679714728159,-3.069318989858857,-8.0
2024-09-30,726,FINAL,Barnstable,4024,0.0,0.0,Sandwich,4340,6.0,1.0,Cape &#38; Islands,South Shore,4:00 P.M.,,0,2024,1416.5615691357652,1675.489247563984,1403.0765272803508,1688.9742894193985,0.23099802187614052,0.7690019781238595,-5.223191960705469,-6.0
2024-09-30,735,FINAL,Wilmington,4432,0.0,0.0,Belmont,4034,8.0,1.0,Middlesex,Middlesex,4:15 P.M.,,0,2024,1359.5516213608707,1626.8018666625203,1344.8787194478464,1641.4747685755447,0.2225975148280442,0.7774024851719558,-5.431256132541239,-8.0
2024-09-30,761,FINAL,Braintree,4051,1.0,2.0,Brookline,4059,1.0,2.0,Bay State,Bay State,4:30 P.M.,,0,2024,1403.2810749369728,1532.6033275089671,1403.2810749369728,1532.6033275089671,0.3877890062384278,0.6122109937615722,-1.9830563142998585,0.0
2024-09-30,768,FINAL,Dartmouth,4105,4.0,1.0,Bridgewater-Raynham,4053,0.0,0.0,Southeast,Southeast,4:00 P.M.,,0,2024,1542.2516070446882,1383.024114810722,1553.3901205228422,1371.885601332568,0.7693084152319942,0.23069158476800578,5.230687305849154,4.0
2024-09-30,2783,FINAL,Quaboag,4510,9.0,1.0,Burncoat,4066,1.0,0.0,SWCL,Inter-High,3:30 P.M.,,0,2024,1524.360376372625,1290.4276364070179,1535.1194320289183,1279.6685807507247,0.8367780916696772,0.1632219083303228,7.09831849914018,8.0
2024-10-01,12051,FINAL,Franklin County Tech,4145,6.0,1.0,Palmer,4304,0.0,0.0,County,County,,,0,2024,1572.4471347540002,1364.4994511683196,1583.22904514534,1353.7175407769798,0.8153064707437078,0.18469352925629223,6.448692089642014,6.0
2024-10-01,11148,FINAL,Wareham/Bourne,4407,1.0,0.0,Sturgis East,4456,7.0,1.0,Mayflower,Cape &#38; Islands,,,0,2024,1352.2062231355703,1477.3287827727747,1329.2321979758801,1500.302807932465,0.39354378157085645,0.6064562184291435,-1.87806399093011,-6.0
2024-10-01,11126,FINAL,Mohawk Trail,4258,0.0,0.0,Smith Academy,4538,1.0,1.0,Valley,Valley,,,0,2024,1363.6543343463175,1485.4184443086124,1355.3746790691328,1493.698099585797,0.3981672536221544,0.6018327463778457,-1.794102749057373,-1.0
2024-10-01,11067,FINAL,Notre Dame (Hingham),4449,0.0,2.0,Cohasset,4094,0.0,2.0,Independent,South Shore,,,0,2024,1611.8866896631778,1597.5956764290231,1611.8866896631778,1597.5956764290231,0.5914804407164634,0.40851955928353656,1.6072753308538665,0.0
2024-10-01,11043,FINAL,Hopedale,4507,5.0,1.0,Northbridge,4292,1.0,0.0,Dual Valley,SWCL,,,0,2024,1459.6207416924237,1591.9788010463187,1489.3801309805997,1562.2194117581428,0.3836483934699044,0.6163516065300956,-2.0589514838473746,4.0
2024-10-01,10786,FINAL,East Longmeadow,4127,7.0,1.0,Turners Falls,4396,0.0,0.0,Valley,Valley,3:30 P.M.,,0,2024,1673.481340864708,1408.75396985806,1682.2418708755674,1399.9934398472005,0.8595691866419366,0.1404308133580634,7.868184275166203,7.0
2024-10-01,11000,FINAL,Saugus,4341,0.0,0.0,Swampscott,4383,1.0,1.0,Northeastern,Northeastern,4:30 P.M.,,0,2024,1434.4228668387143,1467.9917215369494,1423.5343140106327,1478.880274365031,0.5236287055843574,0.47637129441564263,0.4107786325441225,-1.0
2024-10-01,9856,FINAL,Amherst-Pelham,4008,3.0,1.0,Holyoke,4176,0.0,0.0,County,County,5:15 P.M.,,0,2024,1502.7110043465425,1465.5320552835683,1518.394476949839,1449.8485826802719,0.6228921975217733,0.37710780247822673,2.179473726574355,3.0
2024-10-01,11001,FINAL,Seekonk,4344,1.0,1.0,West Bridgewater,4415,0.0,0.0,South Coast,South Coast,3:45 P.M.,,0,2024,1478.443439781476,1580.91438895645,1490.399040496248,1568.958788241678,0.425057137931657,0.574942862068343,-1.3117737293743517,1.0
2024-10-01,9805,FINAL,Hanover,4164,6.0,1.0,Plymouth North,4315,0.0,0.0,Patriot,Patriot,4:00 P.M.,,0,2024,1541.1647063215817,1395.6033572514768,1555.4641001493294,1381.303963423729,0.755052173834273,0.24494782616572697,4.88903372675262,6.0
2024-10-01,9753,FINAL,Marshfield,4234,2.0,1.0,Pembroke,4308,0.0,0.0,Patriot,Patriot,4:00 P.M.,,0,2024,1459.8848220681466,1450.9226685470999,1473.5939203310759,1437.2135702841706,0.5840480333133289,0.4159519666866711,1.4740538380261683,2.0
2024-10-01,9742,FINAL,Lincoln-Sudbury,4211,6.0,1.0,Newton South,4280,0.0,0.0,Dual County,Dual County,4:30 P.M.,,0,2024,1606.7943536124274,1427.7732685206802,1619.1173774885915,1415.450244644516,0.7889072819018812,0.2110927180981188,5.725527127293679,6.0
2024-10-01,9717,FINAL,Sharon,4345,0.0,0.0,Franklin,4144,12.0,1.0,Hockomock,Hockomock,3:45 P.M.,,0,2024,1329.468434307904,1707.6009634317586,1319.359564762476,1717.7098329771866,0.13137191859195732,0.8686280814080427,-8.203313228096363,-12.0
2024-10-01,9864,FINAL,St. Mary’s,4374,5.0,1.0,Bishop Stang,4045,0.0,0.0,Catholic Central,Catholic Central,4:00 P.M.,,0,2024,1587.8662783854818,1481.652508381764,1603.4119576901157,1466.10682907713,0.7107930394375319,0.2892069605624681,3.9053442500929463,5.0
2024-10-01,9669,FINAL,Concord-Carlisle,4097,3.0,1.0,Waltham,4405,1.0,0.0,Dual County,Dual County,4:30 P.M.,,0,2024,1497.3932765284883,1541.4527617321326,1513.5907243186614,1525.2553139419595,0.5085482550048069,0.49145174499519306,0.1485128699088932,2.0
2024-10-01,9591,FINAL,Peabody,4306,0.0,0.0,Beverly,4038,5.0,1.0,Northeastern,Northeastern,4:00 P.M.,,0,2024,1480.5162274654535,1643.1065980391365,1462.0568331816753,1661.5659923229148,0.34341280364919763,0.6565871963508023,-2.814759264342075,-5.0
2024-10-01,9553,FINAL,Attleboro,4018,1.0,0.0,King Philip,4197,2.0,1.0,Hockomock,Hockomock,3:45 P.M.,,0,2024,1525.1475944967199,1578.5706902389722,1514.8528215628787,1588.8654631728134,0.4950739286243562,0.5049260713756438,-0.08557739355630929,-1.0
2024-10-01,9546,FINAL,Arlington,4013,9.0,1.0,Everett,4132,0.0,0.0,Middlesex,Greater Boston,6:30 P.M.,,0,2024,1580.6568955139942,1541.5003678496107,1606.5221235681363,1515.6351397954686,0.6255624727638975,0.37443752723610246,2.228913191609587,9.0
2024-10-01,9523,FINAL,Andover,4009,5.0,1.0,Acton-Boxborough,4003,0.0,0.0,Merrimack Valley,Dual County,6:30 P.M.,,0,2024,1641.4579371046113,1498.0943246571196,1654.7507418477871,1484.8015199139438,0.752704813872094,0.24729518612790602,4.8340903111872935,5.0
2024-10-01,4933,FINAL,Plymouth South,4316,0.0,0.0,Silver Lake,4349,3.0,1.0,Patriot,Patriot,4:00 P.M.,,0,2024,1404.0619100360193,1524.581502729725,1387.4311515306747,1541.2122612350695,0.39988521369804375,0.6001147863019562,-1.7629898173426397,-3.0
2024-10-01,4861,FINAL,St. Bernard’s,4365,2.0,0.0,St. Paul,4954,4.0,1.0,Central Mass.,Central Mass.,3:45 P.M.,,0,2024,1516.6129958576435,1547.4812586473818,1499.2272919825045,1564.8669625225207,0.5275049883223227,0.47249501167767727,0.47829343025654225,-2.0
2024-10-01,9616,FINAL,Bishop Feehan,4042,7.0,1.0,Bishop Fenwick,4043,1.0,0.0,Catholic Central,Catholic Central,3:30 P.M.,,0,2024,1573.7119913684585,1494.9006342234409,1592.548987800249,1476.0636377916503,0.6773232919492654,0.32267670805073456,3.2202839286254403,6.0
2024-10-01,10485,FINAL,Duxbury,4123,3.0,0.0,Hingham,4171,5.0,1.0,Patriot,Patriot,4:00 P.M.,,0,2024,1656.2581439985604,1690.1453364775814,1639.0152620560293,1707.3882184201125,0.5231715841395773,0.4768284158604227,0.4028201880244751,-2.0
2024-10-01,9817,FINAL,Milford,4249,1.0,0.0,Taunton,4388,2.0,1.0,Hockomock,Hockomock,4:00 P.M.,,0,2024,1358.5217832567432,1385.6775730816887,1347.4419329988839,1396.757423339548,0.5328281673601983,0.46717183263980167,0.5711052543763628,-1.0
2024-10-01,10572,FINAL,Masconomet,4236,4.0,1.0,Gloucester,4150,2.0,0.0,Northeastern,Northeastern,4:30 P.M.,,0,2024,1589.832447263971,1553.3150583453114,1602.2908018400499,1540.8567037692326,0.621997232187571,0.37800276781242903,2.1629347229664915,2.0
2024-10-01,10789,FINAL,Fairhaven,4133,3.0,0.0,Westport,4461,4.0,1.0,South Coast,Mayflower,3:45 P.M.,,0,2024,1411.9568531745992,1571.674271415817,1404.738042636577,1578.8930819538393,0.347151405477398,0.652848594522602,-2.7429354560304433,-1.0
2024-10-01,10747,FINAL,Belchertown,4032,8.0,1.0,Hampshire,4518,0.0,0.0,County,County,4:00 P.M.,,0,2024,1620.4113910882727,1422.6745288568043,1633.1800529778234,1409.9058669672536,0.8062910512765976,0.19370894872340239,6.193421555786711,8.0
2024-10-01,10744,FINAL,Bedford,4031,4.0,1.0,Weston,4423,1.0,0.0,Dual County,Dual County,4:00 P.M.,,0,2024,1571.5272761963297,1486.269341004685,1584.611959573226,1473.1846576277887,0.6853798696758246,0.31462013032417535,3.381448379791118,3.0
2024-10-01,10565,FINAL,Marblehead,4231,1.0,0.0,Danvers,4103,4.0,1.0,Northeastern,Northeastern,4:00 P.M.,,0,2024,1428.7142683487364,1398.8602257581401,1403.222914095533,1424.3515800113435,0.612937506110672,0.387062493889328,1.9963510647649059,-3.0
2024-10-01,10720,FINAL,Dighton-Rehoboth,4114,1.0,2.0,Apponequet,4011,1.0,2.0,South Coast,South Coast,4:00 P.M.,,0,2024,1479.7317190108326,1506.5120219258022,1479.7317190108326,1506.5120219258022,0.5333661686781452,0.46663383132185476,0.5804924271257619,0.0
2024-10-01,10708,FINAL,Westfield,4419,4.0,1.0,Mahar,4226,0.0,0.0,Valley,Valley,4:00 P.M.,,0,2024,1620.0991017301255,1367.814235309422,1627.3078371034649,1360.6054999360827,0.8506986959516201,0.14930130404837993,7.5571216605175895,4.0
2024-10-01,10704,FINAL,Westborough,4418,4.0,1.0,Nipmuc,4281,1.0,0.0,Mid-Wach,Dual Valley,4:00 P.M.,,0,2024,1491.0419030961634,1521.0264032555351,1510.6396915614096,1501.428614790289,0.5287727961466405,0.4712272038533595,0.5003874960157078,3.0
2024-10-01,10731,FINAL,Auburn,4019,5.0,1.0,Quaboag,4510,0.0,0.0,SWCL,SWCL,5:30 P.M.,,0,2024,1521.8801535122425,1535.1194320289183,1545.9234299819216,1511.0761555592392,0.5527063968387507,0.44729360316124933,0.9190180370831058,5.0
2024-10-01,10670,FINAL,Somerset Berkley,4350,9.0,1.0,Joseph Case,4078,0.0,0.0,South Coast,South Coast,3:30 P.M.,,0,2024,1648.0727176815678,1502.777089023562,1665.0126636569023,1485.8371430482275,0.7547691646391024,0.24523083536089763,4.882390716450146,9.0
2024-10-01,10649,FINAL,Scituate,4343,6.0,1.0,Whitman-Hanson,4427,0.0,0.0,Patriot,Patriot,4:00 P.M.,,0,2024,1528.787404343793,1405.045018539373,1544.4858547551064,1389.3465681280595,0.7310864118617456,0.2689135881382544,4.343559645110503,6.0
2024-10-01,10632,FINAL,Stoughton,4381,1.0,0.0,Oliver Ames,4302,7.0,1.0,Hockomock,Hockomock,3:45 P.M.,,0,2024,1416.8432734927162,1517.8132277102118,1391.9062362534798,1542.7502649494481,0.4271700700285423,0.5728299299714577,-1.2742488554373892,-6.0
2024-10-01,10615,FINAL,Northeast,4293,0.0,0.0,Greater Lowell,4155,1.0,1.0,Independent,Independent,5:00 P.M.,,0,2024,1328.9108765991843,1405.0929793344505,1319.2957034295457,1414.7081525040892,0.46239208830420825,0.5376079116957917,-0.654552568381655,-1.0
2024-10-01,10608,FINAL,Northampton,4291,1.0,0.0,Southwick,4519,2.0,1.0,Valley,Valley,4:30 P.M.,,0,2024,1470.7422318259719,1576.798529634707,1462.0081346061816,1585.5326268544973,0.4200212915211188,0.5799787084788812,-1.4014074452183762,-1.0
2024-10-01,10602,FINAL,North Attleborough,4284,1.0,0.0,Foxborough,4142,3.0,1.0,Hockomock,Hockomock,5:15 P.M.,,0,2024,1496.8612390572125,1555.9215413579982,1480.8116956798467,1571.971084735364,0.4869641317175774,0.5130358682824225,-0.22650755751964197,-2.0
2024-10-02,12059,FINAL,Greenfield,4157,1.0,1.0,Minnechaug,4254,0.0,0.0,Suburban,Suburban,,,0,2024,1541.0459074516173,1494.9302252403875,1548.637996119017,1487.3381365729877,0.6348977109851027,0.3651022890148973,2.402892055280745,1.0
2024-10-02,12031,FINAL,Narragansett,4266,0.0,0.0,Clinton,4093,1.0,1.0,Mid-Wach,Mid-Wach,,,0,2024,1506.6180253147647,1619.9868603026443,1498.0964140786293,1628.5084715387798,0.4098028756918754,0.5901971243081245,-1.5842208746969901,-1.0
2024-10-02,12022,FINAL,Maynard,4239,5.0,1.0,Bromfield,4505,2.0,0.0,Mid-Wach,Mid-Wach,,,0,2024,1667.786542403967,1484.8975781266079,1676.412426495,1476.2716940355747,0.7925913299763879,0.20740867002361207,5.822224106933976,3.0
2024-10-02,11193,FINAL,Tilton,4391,1.0,0.0,Holderness,4173,3.0,1.0,Independent,Independent,,,0,2024,1476.96494948109,1496.3056002566782,1459.0353274249028,1514.2352223128653,0.5440081771378388,0.4559918228621612,0.7664837306102925,-2.0
2024-10-02,11161,FINAL,New Hampton,4275,2.0,0.0,Cushing,4101,4.0,1.0,Independent,Independent,,,0,2024,1500.0,1530.750233269893,1482.6087149232474,1548.1415183466456,0.5276743292770049,0.47232567072299514,0.4812441682526753,-2.0
2024-10-02,11159,FINAL,Gardner,4147,0.0,0.0,Tahanto,4513,5.0,1.0,Mid-Wach,Mid-Wach,,,0,2024,1424.8869535082292,1357.4745007357833,1389.258606915593,1393.1028473284196,0.6628186279933733,0.3371813720066267,2.935311319311148,-5.0
2024-10-02,11152,FINAL,Tyngsborough/Dracut,4397,1.0,2.0,Lunenburg,4219,1.0,2.0,Mid-Wach,Mid-Wach,4:00 P.M.,,0,2024,1547.169820177597,1482.4779131272653,1547.169820177597,1482.4779131272653,0.6593097367331002,0.3406902632668998,2.867297676258295,0.0
2024-10-02,11139,FINAL,Nantucket,4265,0.0,0.0,Monomoy,4706,3.0,1.0,Cape &#38; Islands,Cape &#38; Islands,3:00 P.M.,,0,2024,1579.4377088977303,1701.8371515730778,1562.914832840718,1718.3600276300901,0.397291189144577,0.602708810855423,-1.809986066883687,-3.0
2024-10-02,9716,FINAL,Newton South,4280,2.0,1.0,Framingham,4143,0.0,0.0,Dual County,Bay State,4:00 P.M.,,0,2024,1415.450244644516,1248.701350314434,1422.8031687652956,1241.3484261936544,0.7769026678285256,0.22309733217147443,5.418722358252052,2.0
2024-10-02,11008,FINAL,Dracut,4119,1.0,0.0,Tewksbury,4389,7.0,1.0,Merrimack Valley,Merrimack Valley,5:00 P.M.,,0,2024,1340.2185274084727,1505.247665807207,1320.3553955231398,1525.11079769254,0.3402543516714756,0.6597456483285244,-2.87572845996836,-6.0
2024-10-02,10713,FINAL,Westwood,4424,5.0,1.0,Bellingham,4033,2.0,0.0,Tri-Valley,Tri-Valley,5:30 P.M.,,0,2024,1509.0973886575794,1449.0299864073054,1523.5160261522103,1434.6113489126744,0.6533050531686709,0.34669494683132906,2.751685056256849,3.0
2024-10-02,10696,FINAL,Watertown,4409,7.0,1.0,Wayland,4411,0.0,0.0,Middlesex,Dual County,4:15 P.M.,,0,2024,1676.7233105544767,1360.0196841647798,1683.4632205287749,1353.2797741904817,0.8919596144893572,0.10804038551064277,9.167590659742421,7.0
2024-10-02,10678,FINAL,South High,4962,3.0,0.0,St. Bernard’s,4365,6.0,1.0,Independent,Central Mass.,4:00 P.M.,,0,2024,1400.6211121421518,1499.2272919825045,1382.7170001903214,1517.131403934335,0.43050289207377385,0.5694971079262261,-1.2151544960088188,-3.0
2024-10-02,10657,FINAL,Shepherd Hill,4347,1.0,0.0,Groton-Dunstable,4160,2.0,1.0,Mid-Wach,Mid-Wach,4:00 P.M.,,0,2024,1467.1096760100315,1599.9970886127726,1459.1469100042957,1607.9598546185084,0.38292810094114244,0.6170718990588575,-2.072185315068526,-1.0
2024-10-02,10637,FINAL,Carver,4077,1.0,1.0,Plymouth South,4316,0.0,0.0,South Shore,Patriot,4:00 P.M.,,0,2024,1393.7699121479193,1387.4311515306747,1402.4957738581982,1378.7052898203958,0.580374752769927,0.419625247230073,1.4084690154311148,1.0
2024-10-02,10622,FINAL,Norwood,4297,3.0,1.0,Medway,4243,0.0,0.0,Tri-Valley,Tri-Valley,4:00 P.M.,,0,2024,1650.5412098262536,1506.421597784188,1660.7922750686487,1496.170532541793,0.7535139835161226,0.24648601648387736,4.852990301051642,3.0
2024-10-02,10593,FINAL,Milton,4252,0.0,0.0,Notre Dame (Hingham),4449,4.0,1.0,Bay State,Independent,3:30 P.M.,,0,2024,1481.7040742713364,1611.8866896631778,1463.0371441401146,1630.5536197943995,0.3866138603837192,0.6133861396162807,-2.0045653847960354,-4.0
2024-10-02,10538,FINAL,Malden Catholic,4228,2.0,2.0,North Reading,4288,2.0,2.0,Independent,Cape Ann,4:30 P.M.,,0,2024,1610.6493279767483,1625.265443382065,1610.6493279767483,1625.265443382065,0.5507461780270325,0.4492538219729675,0.8845971148670799,0.0
2024-10-02,10534,FINAL,Frontier,4146,2.0,1.0,Longmeadow,4214,0.0,0.0,Suburban,Suburban,4:15 P.M.,,0,2024,1610.979763824532,1621.3821896292523,1625.5888893335232,1606.773064120261,0.5567400298333839,0.4432599701666161,0.9899393548819944,2.0
2024-10-02,10529,FINAL,Doherty,4116,3.0,1.0,Leominster,4208,0.0,0.0,Inter-High,Mid-Wach,4:00 P.M.,,0,2024,1700.1918122209986,1405.3689234161427,1705.2153720053632,1400.3453636317781,0.8792089201914687,0.12079107980853132,8.620572220121398,3.0
2024-10-02,10520,FINAL,Hopkinton,4180,2.0,1.0,Medfield,4241,1.0,0.0,Tri-Valley,Tri-Valley,5:00 P.M.,,0,2024,1482.981704611604,1591.8413380787572,1495.1236606103778,1579.6993820799835,0.41609534312923946,0.5839046568707605,-1.471490836678828,1.0
2024-10-02,9878,FINAL,Brockton,4058,2.0,1.0,Wareham/Bourne,4407,0.0,0.0,Big Three,Mayflower,6:00 P.M.,,0,2024,1334.9459932699253,1329.2321979758801,1348.8050418807338,1315.3731493650716,0.579498343690463,0.42050165630953695,1.3928448823511304,2.0
2024-10-02,9857,FINAL,Palmer,4304,0.0,0.0,Amherst-Pelham,4008,3.0,1.0,County,County,4:00 P.M.,,0,2024,1353.7175407769798,1518.394476949839,1339.5478259791041,1532.5641917477146,0.3407096211617703,0.6592903788382297,-2.866923404321477,-3.0
2024-10-02,9838,FINAL,Norwell,4296,3.0,1.0,Weymouth,4425,0.0,0.0,South Shore,Bay State,4:00 P.M.,,0,2024,1563.9490836902733,1294.1391922768362,1569.644099022373,1288.4441769447365,0.8630638270432165,0.1369361729567835,7.995247285335926,3.0
2024-10-02,9825,FINAL,Walpole,4404,1.0,1.0,Uxbridge,4398,0.0,0.0,Bay State,SWCL,6:30 P.M.,,0,2024,1696.4917742549494,1727.753248467102,1706.3287640029216,1717.9162587191297,0.5269407891108286,0.47305921088917136,0.46846314469618733,1.0
2024-10-02,9821,FINAL,Wachusett,4400,3.0,0.0,Nashoba,4267,4.0,1.0,Mid-Wach,Mid-Wach,3:45 P.M.,,0,2024,1533.51969359939,1601.4509088679174,1523.6586117911634,1611.311990676144,0.47421779408430037,0.5257822059156996,-0.4482803817131867,-1.0
2024-10-02,9778,FINAL,New Bedford,4273,1.0,0.0,Dartmouth,4105,4.0,1.0,Big Three,Southeast,4:00 P.M.,,0,2024,1496.460259754463,1553.3901205228422,1476.0805494027059,1573.7698308745994,0.4900284509872283,0.5099715490127716,-0.17324651920947645,-3.0
2024-10-02,9748,FINAL,Lowell,4216,1.0,0.0,North Andover,4283,4.0,1.0,Merrimack Valley,Merrimack Valley,4:30 P.M.,,0,2024,1523.4170616125077,1464.5075440866738,1496.3097180379018,1491.6148876612797,0.6517938357792863,0.3482061642207137,2.722737938145849,-3.0
2024-10-02,9723,FINAL,Methuen,4246,5.0,1.0,Haverhill,4167,0.0,0.0,Merrimack Valley,Merrimack Valley,6:30 P.M.,,0,2024,1498.4818522793526,1397.7184340808399,1514.3764942959226,1381.8237920642698,0.7043010461774784,0.29569895382252165,3.769085454962817,5.0
2024-10-02,9632,FINAL,Southeastern,4358,0.0,0.0,Bridgewater-Raynham,4053,1.0,1.0,Mayflower,Southeast,5:00 P.M.,,0,2024,1454.0253193305,1371.885601332568,1439.8539993101695,1386.0569213528986,0.6814964372060428,0.3185035627939572,3.3034929499482986,-1.0
2024-10-02,9573,FINAL,Belmont,4034,5.0,1.0,Westford,4421,0.0,0.0,Middlesex,Dual County,4:00 P.M.,,0,2024,1641.4747685755447,1432.0599616560492,1651.334382904031,1422.200347327563,0.8165748156524968,0.1834251843475032,6.485370172987388,5.0
2024-10-02,9563,FINAL,Barnstable,4024,1.0,0.0,Nauset,4271,2.0,1.0,Cape &#38; Islands,Cape &#38; Islands,4:30 P.M.,,0,2024,1403.0765272803508,1507.0999146798167,1394.283095775649,1515.8933461845186,0.4228746674743361,0.5771253325256639,-1.3505846849866487,-1.0
2024-10-02,9545,FINAL,Everett,4132,5.0,1.0,Revere,4329,1.0,0.0,Greater Boston,Greater Boston,4:00 P.M.,,0,2024,1515.6351397954686,1429.8339272016449,1530.7934451902142,1414.6756218068992,0.6860538436507028,0.31394615634929723,3.395030314845593,4.0
2024-10-02,9532,FINAL,Shrewsbury,4348,0.0,0.0,Algonquin,4005,2.0,1.0,Mid-Wach,Mid-Wach,6:15 P.M.,,0,2024,1397.1356006736748,1644.033047376639,1389.1093103330745,1652.0593377172393,0.24352814374368367,0.7564718562563163,-4.922436167574102,-2.0
2024-10-02,809,FINAL,Essex Tech,4745,4.0,1.0,Stoneham,4380,2.0,0.0,Cape Ann,Middlesex,4:00 P.M.,,0,2024,1474.9995812300947,1441.573222988277,1487.5961142942824,1428.9766899240892,0.6178047161824827,0.38219528381751733,2.0856589560454437,2.0
2024-10-02,10738,FINAL,Worcester Tech/Worcester North,4445,0.0,0.0,Bay Path/David Prouty,4027,2.0,1.0,Colonial,Colonial,3:30 P.M.,,0,2024,1350.8160033401127,1391.3528001728916,1333.8880816802528,1408.2807218327516,0.5136152773356895,0.48638472266431054,0.23658007918052704,-2.0
2024-10-02,11133,FINAL,Mashpee,4237,0.0,0.0,St. John Paul II,4689,5.0,1.0,South Shore,Cape &#38; Islands,4:00 P.M.,,0,2024,1365.335080635,1472.6345107106567,1342.8514166788036,1495.118174666853,0.41827905925867886,0.5817209407413211,-1.43248575189142,-5.0
2024-10-02,9652,FINAL,Central Catholic,4081,3.0,1.0,Newburyport,4276,0.0,0.0,Merrimack Valley,Cape Ann,7:00 P.M.,,0,2024,1662.7508381921084,1620.4693889735559,1678.1484214871853,1605.071805678479,0.6297663823086296,0.3702336176913704,2.307036230463814,3.0
2024-10-02,10817,FINAL,Marlborough,4233,4.0,2.0,Oakmont,4299,4.0,2.0,Mid-Wach,Mid-Wach,4:00 P.M.,,0,2024,1522.9052050173448,1462.4111768404791,1522.9052050173448,1462.4111768404791,0.6538610889937421,0.34613891100625793,2.762350704421641,0.0
2024-10-02,10745,FINAL,Wilmington,4432,0.0,0.0,Bedford,4031,7.0,1.0,Middlesex,Dual County,4:15 P.M.,,0,2024,1344.8787194478464,1584.611959573226,1329.2076940288102,1600.282984992262,0.2512056739743139,0.7487943260256861,-4.743331003134489,-7.0
2024-10-02,10753,FINAL,Blackstone Valley,4046,6.0,1.0,Monty Tech,4259,0.0,0.0,Colonial,Colonial,3:45 P.M.,,0,2024,1645.9906570545522,1574.103099855332,1665.3397245725764,1554.7540323373078,0.6685515425362328,0.33144845746376717,3.047188929980507,6.0
2024-10-02,10812,FINAL,Littleton,4212,0.0,0.0,Hudson,4182,1.0,1.0,Mid-Wach,Mid-Wach,4:00 P.M.,,0,2024,1423.8069142916145,1516.3689026854051,1414.6770648839458,1525.4987520930738,0.43905294881688406,0.5609470511831159,-1.0640497098447668,-1.0
2024-10-02,10767,FINAL,Dedham,4108,2.0,1.0,Dover-Sherborn,4118,0.0,0.0,Tri-Valley,Tri-Valley,4:30 P.M.,,0,2024,1593.2195123804454,1537.4252481958558,1604.8303230185822,1525.814437557719,0.6477128234743856,0.35228717652561437,2.644856604614739,2.0
2024-10-02,10802,FINAL,Rockport,4490,2.0,1.0,Greater Lowell,4155,1.0,0.0,Cape Ann,Independent,4:00 P.M.,,0,2024,1428.0615716193604,1414.7081525040892,1436.583629175233,1406.1860949482166,0.5901756608657468,0.4098243391342532,1.5838354778817803,1.0
2024-10-02,10761,FINAL,Tantasqua,4387,4.0,1.0,Burncoat,4066,0.0,0.0,SWCL,Inter-High,6:00 P.M.,,0,2024,1454.1656125012648,1279.6685807507247,1464.5688073354331,1269.2653859165564,0.784537720616706,0.215462279383294,5.612425793763504,4.0
2024-10-03,10799,FINAL,Gloucester,4150,0.0,0.0,Manchester Essex,4229,2.0,1.0,Northeastern,Cape Ann,4:30 P.M.,,0,2024,1540.8567037692326,1610.7813479187312,1525.3215287002297,1626.316522987734,0.4713575246773897,0.5286424753226102,-0.49811610373746473,-2.0
2024-10-03,10790,FINAL,Fairhaven,4133,3.0,2.0,Joseph Case,4078,3.0,2.0,South Coast,South Coast,3:30 P.M.,,0,2024,1404.738042636577,1485.8371430482275,1404.738042636577,1485.8371430482275,0.4553639429488637,0.5446360570511364,-0.7774775102912657,0.0
2024-10-03,10787,FINAL,Mahar,4226,0.0,0.0,East Longmeadow,4127,6.0,1.0,Valley,Valley,4:00 P.M.,,0,2024,1360.6054999360827,1682.2418708755674,1350.4991379206535,1692.3482328909965,0.17312142290392174,0.8268785770960783,-6.790909273487119,-6.0
2024-10-03,10776,FINAL,Dighton-Rehoboth,4114,0.0,2.0,Seekonk,4344,0.0,2.0,South Coast,South Coast,3:45 P.M.,,0,2024,1479.7317190108326,1490.399040496248,1479.7317190108326,1490.399040496248,0.5563636910050576,0.44363630899494244,0.9833169628646147,0.0
2024-10-03,10709,FINAL,Westfield,4419,1.0,0.0,Southwick,4519,2.0,1.0,Valley,Valley,4:00 P.M.,,0,2024,1627.3078371034649,1585.5326268544973,1614.2263477305964,1598.6141162273657,0.6290866615226302,0.37091333847736985,2.2943802562241897,-1.0
2024-10-03,10700,FINAL,Frontier,4146,7.0,1.0,West Springfield,4417,0.0,0.0,Suburban,Suburban,5:00 P.M.,,0,2024,1625.5888893335232,1315.2840190902223,1632.5534545535381,1308.3194538702073,0.8883584032792969,0.11164159672070306,9.007621756082523,7.0
2024-10-03,10668,FINAL,Silver Lake,4349,2.0,1.0,Pembroke,4308,1.0,0.0,Patriot,Patriot,4:00 P.M.,,0,2024,1541.2122612350695,1437.2135702841706,1547.2808029736723,1431.1450285455678,0.7081648309430049,0.29183516905699514,3.849967273772472,1.0
2024-10-03,10650,FINAL,Scituate,4343,5.0,1.0,Hanover,4164,1.0,0.0,Patriot,Patriot,4:00 P.M.,,0,2024,1544.4858547551064,1555.4641001493294,1565.9273397673117,1534.0226151371241,0.5559218771026836,0.4440781228973164,0.9755438651444251,4.0
2024-10-03,10813,FINAL,Hudson,4182,0.0,0.0,Clinton,4093,3.0,1.0,Mid-Wach,Mid-Wach,4:00 P.M.,,0,2024,1525.4987520930738,1628.5084715387798,1507.8526369228912,1646.1545867089624,0.4242993807829656,0.5757006192170344,-1.3252429861426491,-3.0
2024-10-03,10609,FINAL,Mohawk Trail,4258,0.0,2.0,Northampton,4291,0.0,2.0,Valley,Valley,5:00 P.M.,,0,2024,1355.3746790691328,1462.0081346061816,1355.3746790691328,1462.0081346061816,0.41921216248871424,0.5807878375112858,-1.4158363884262202,0.0
2024-10-03,10514,FINAL,Holyoke,4176,2.0,0.0,Belchertown,4032,10.0,1.0,County,County,6:00 P.M.,,0,2024,1449.8485826802719,1633.1800529778234,1428.951900194381,1654.0767354637142,0.31701633508373067,0.6829836649162693,-3.3332867574387874,-8.0
2024-10-03,10503,FINAL,Leicester,4207,0.0,0.0,Grafton,4153,9.0,1.0,SWCL,SWCL,3:30 P.M.,,0,2024,1402.8927869161835,1481.5595591686235,1371.1973418686784,1513.2550042161286,0.4588385628533055,0.5411614371466945,-0.7166693063110017,-9.0
2024-10-03,10794,FINAL,Sandwich,4340,7.0,1.0,Falmouth,4134,1.0,0.0,South Shore,Cape &#38; Islands,3:30 P.M.,,0,2024,1688.9742894193985,1460.1648823224118,1698.740233950331,1450.3989377914793,0.8327099097959603,0.16729009020403973,6.970235177424667,6.0
2024-10-03,9865,FINAL,Bishop Stang,4045,9.0,1.0,Arlington Catholic,4014,0.0,0.0,Catholic Central,Catholic Central,5:00 P.M.,,0,2024,1466.10682907713,1321.4945302565557,1483.097118985157,1304.5042403485286,0.7540403615669095,0.24595963843309054,4.865307470514358,9.0
2024-10-03,9806,FINAL,Hingham,4171,8.0,1.0,Plymouth North,4315,0.0,0.0,Patriot,Patriot,4:00 P.M.,,0,2024,1707.3882184201125,1381.303963423729,1714.1740614564712,1374.5181203873703,0.8970543247095629,0.10294567529043708,9.402106374909584,8.0
2024-10-03,9754,FINAL,Marshfield,4234,0.0,2.0,Whitman-Hanson,4427,0.0,2.0,Patriot,Patriot,4:00 P.M.,,0,2024,1473.5939203310759,1389.3465681280595,1473.5939203310759,1389.3465681280595,0.6841240915527044,0.31587590844729563,3.356183805075409,0.0
2024-10-03,9661,FINAL,Lynnfield,4223,2.0,1.0,Chelmsford,4085,0.0,0.0,Cape Ann,Merrimack Valley,4:00 P.M.,,0,2024,1546.0448444735753,1558.2851900243566,1560.7400724591878,1543.589962038744,0.5541275681090304,0.4458724318909696,0.9439913612304679,2.0
2024-10-03,9617,FINAL,Bishop Feehan,4042,3.0,1.0,St. Mary’s,4374,2.0,0.0,Catholic Central,Catholic Central,3:30 P.M.,,0,2024,1592.548987800249,1603.4119576901157,1601.7799263589186,1594.1810191314462,0.5560856906218957,0.4439143093781043,0.9784257527533328,1.0
2024-10-03,9554,FINAL,Durfee,4122,0.0,0.0,Attleboro,4018,1.0,1.0,Big Three,Hockomock,5:15 P.M.,,0,2024,1600.0007340519328,1514.8528215628787,1585.7515005538519,1529.1020550609596,0.6852432834716738,0.31475671652832615,3.378697812226352,-1.0
2024-10-03,10583,FINAL,Middleborough,4247,1.0,0.0,Apponequet,4011,3.0,1.0,South Shore,South Coast,5:30 P.M.,,0,2024,1444.762813804671,1506.5120219258022,1428.8406927179485,1522.4341430125246,0.48309797280790495,0.516902027192095,-0.2937302030282808,-2.0
2024-10-03,10486,FINAL,Duxbury,4123,7.0,1.0,Plymouth South,4316,0.0,0.0,Patriot,Patriot,4:00 P.M.,,0,2024,1639.0152620560293,1378.7052898203958,1647.969032976618,1369.751518899807,0.8564715455067876,0.1435284544932124,7.7577493058908376,7.0
2024-10-03,11134,FINAL,Sturgis East,4456,0.0,0.0,St. John Paul II,4689,2.0,1.0,Cape &#38; Islands,Cape &#38; Islands,4:00 P.M.,,0,2024,1500.302807932465,1495.118174666853,1481.2279579318704,1514.1930246674476,0.5787558904188046,0.4212441095811954,1.3796158316402967,-2.0
2024-10-03,11144,FINAL,Cohasset,4094,5.0,1.0,Mashpee,4237,0.0,0.0,South Shore,South Shore,5:30 P.M.,,0,2024,1597.5956764290231,1342.8514166788036,1605.5248613737488,1334.922231734078,0.8524879207486132,0.14751207925138676,7.618606493755488,5.0
2024-10-03,11229,FINAL,Old Rochester,4301,1.0,0.0,Somerset Berkley,4350,8.0,1.0,South Coast,South Coast,,,0,2024,1507.4125544068,1665.0126636569023,1485.583481870023,1686.8417361936793,0.34991882995570506,0.650081170044295,-2.6900027312525596,-7.0
2024-10-03,11230,FINAL,Pembroke,4308,1.0,0.0,Silver Lake,4349,2.0,1.0,Patriot,Patriot,,,0,2024,1431.1450285455678,1547.2808029736723,1422.7034083805713,1555.7224231386688,0.40595611830361966,0.5940438816963803,-1.6533943607026118,-1.0
2024-10-03,11231,FINAL,Hampshire,4518,0.0,0.0,Franklin County Tech,4145,3.0,1.0,County,County,,,0,2024,1409.9058669672536,1583.22904514534,1396.19736609852,1596.9375460140736,0.32961977035573253,0.6703802296442675,-3.083079454452161,-3.0
2024-10-03,11232,FINAL,Northbridge,4292,5.0,1.0,Quaboag,4510,1.0,0.0,SWCL,SWCL,,,0,2024,1562.2194117581428,1511.0761555592392,1579.5250651352094,1493.7705021821725,0.641579766381633,0.35842023361836695,2.52858140497259,4.0
2024-10-03,11233,FINAL,Blackstone-Millville,4486,4.0,1.0,Oxford,4303,1.0,0.0,Dual Valley,SWCL,,,0,2024,1339.6154772397672,1362.9819151975416,1358.818958731716,1343.7784337055928,0.5382538747293741,0.46174612527062586,0.6658390510556387,3.0
2024-10-03,11249,FINAL,Brooks,4060,3.0,1.0,Thayer,4390,1.0,0.0,ISL,ISL,,,0,2024,1500.0,1500.0,1514.1238765608803,1485.8761234391197,0.5714631174083814,0.4285368825916186,1.25,2.0
2024-10-03,12494,FINAL,Smith Academy,4538,2.0,1.0,Turners Falls,4396,1.0,0.0,Valley,Valley,,,0,2024,1493.698099585797,1399.9934398472005,1500.0244049825742,1393.6671344504234,0.6957690192306853,0.30423098076931465,3.592616493464914,1.0
2024-10-03,11149,FINAL,Wareham/Bourne,4407,0.0,0.0,Westport,4461,5.0,1.0,Mayflower,Mayflower,3:45 P.M.,,0,2024,1315.3731493650716,1578.8930819538393,1303.2069826149586,1591.0592487039523,0.22633556492108273,0.7736644350789172,-5.337998314719192,-5.0
2024-10-04,1483,FINAL,Dartmouth,4105,1.0,0.0,North Attleborough,4284,6.0,1.0,Southeast,Hockomock,4:00 P.M.,,0,2024,1573.7698308745994,1480.8116956798467,1536.4192456541819,1518.1622809002642,0.6948586173140977,0.3051413826859023,3.5739533798688172,-5.0
2024-10-04,2550,FINAL,Revere,4329,0.0,2.0,Malden,4227,0.0,2.0,Greater Boston,Greater Boston,4:30 P.M.,,0,2024,1414.6756218068992,1456.8360596914679,1414.6756218068992,1456.8360596914679,0.5112801224766247,0.4887198775233753,0.19598905288578408,0.0
2024-10-04,5707,FINAL,Narragansett,4266,6.0,1.0,Gardner,4147,0.0,0.0,Mid-Wach,Mid-Wach,4:00 P.M.,,0,2024,1498.0964140786293,1389.258606915593,1514.7988474326569,1372.5561735615654,0.7138882395274664,0.2861117604725336,3.970945179075909,6.0
2024-10-04,9564,FINAL,Barnstable,4024,0.0,0.0,Dennis-Yarmouth,4111,7.0,1.0,Cape &#38; Islands,Cape &#38; Islands,4:00 P.M.,,0,2024,1394.283095775649,1569.858740545906,1373.8986858120775,1590.2431505094773,0.3267609685099135,0.6732390314900865,-3.1393911192564246,-7.0
2024-10-04,9592,FINAL,Beverly,4038,6.0,1.0,Saugus,4341,0.0,0.0,Northeastern,Northeastern,4:30 P.M.,,0,2024,1661.5659923229148,1423.5343140106327,1670.9078083434688,1414.1924979900787,0.839975207743804,0.16002479225619604,7.200791957807053,6.0
2024-10-04,9635,FINAL,Bridgewater-Raynham,4053,2.0,1.0,Plymouth North,4315,1.0,0.0,Southeast,Patriot,4:00 P.M.,,0,2024,1386.0569213528986,1374.5181203873703,1394.631565138195,1365.943476602074,0.5876467977854578,0.4123532022145422,1.5384700241382063,1.0
2024-10-04,10829,FINAL,St. Bernard’s,4365,4.0,0.0,Monty Tech,4259,5.0,1.0,Central Mass.,Colonial,3:45 P.M.,,0,2024,1517.131403934335,1554.7540323373078,1506.3639529503423,1565.5214833213004,0.5178049379207048,0.4821950620792952,0.30943428992567873,-1.0
2024-10-04,9762,FINAL,Methuen,4246,0.0,0.0,Ipswich,4190,2.0,1.0,Merrimack Valley,Cape Ann,3:45 P.M.,,0,2024,1514.3764942959226,1508.0420092366483,1495.2484867868575,1527.1700167457134,0.5803687587321259,0.4196312412678741,1.4083621264818589,-2.0
2024-10-04,9779,FINAL,New Bedford,4273,2.0,1.0,Taunton,4388,1.0,0.0,Big Three,Hockomock,4:00 P.M.,,0,2024,1476.0805494027059,1396.757423339548,1482.7770411680433,1390.0609315742106,0.6779668179597931,0.3220331820402069,3.2330781515789453,1.0
2024-10-04,9796,FINAL,Danvers,4103,2.0,1.0,Peabody,4306,1.0,0.0,Northeastern,Northeastern,5:30 P.M.,,0,2024,1424.3515800113435,1462.0568331816753,1434.3810139228162,1452.0273992702025,0.5176861810998198,0.4823138189001802,0.30736867074170393,1.0
2024-10-04,10498,FINAL,Fitchburg,4139,1.0,0.0,Shepherd Hill,4347,2.0,1.0,Mid-Wach,Mid-Wach,4:00 P.M.,,0,2024,1344.5194586884993,1459.1469100042957,1336.0342626147226,1467.6321060780724,0.4080516765536084,0.5919483234463916,-1.6156862828949101,-1.0
2024-10-04,10515,FINAL,Holyoke,4176,4.0,1.0,West Springfield,4417,1.0,0.0,County,Suburban,4:30 P.M.,,0,2024,1428.951900194381,1308.3194538702073,1440.2826806697203,1296.988673394868,0.7275523199804422,0.27244768001955777,4.265811158104344,3.0
2024-10-04,10535,FINAL,Simsbury (Conn.),4700,0.0,0.0,Longmeadow,4214,1.0,1.0,Independent,Suburban,4:00 P.M.,,0,2024,1500.0,1606.773064120261,1491.2867966771064,1615.4862674431547,0.4190165074732002,0.5809834925267998,-1.4193266030065275,-1.0
2024-10-04,10616,FINAL,Rockport,4490,6.0,1.0,Northeast,4293,0.0,0.0,Cape Ann,Independent,5:00 P.M.,,0,2024,1436.583629175233,1319.2957034295457,1452.7121461392721,1303.1671864655066,0.7237193955765976,0.2762806044234024,4.182198143642182,6.0
2024-10-04,10633,FINAL,Oliver Ames,4302,1.0,0.0,Medfield,4241,2.0,1.0,Hockomock,Tri-Valley,3:45 P.M.,,0,2024,1542.7502649494481,1579.6993820799835,1531.9626857299202,1590.4869612995114,0.5187729014403315,0.4812270985596685,0.32627207173661643,-1.0
2024-10-04,10791,FINAL,Fairhaven,4133,6.0,1.0,Southeastern,4358,1.0,0.0,South Coast,Mayflower,3:30 P.M.,,0,2024,1404.738042636577,1439.8539993101695,1430.46376139089,1414.1282805558562,0.5214067662516365,0.4785932337483635,0.3721010831601859,5.0
2024-10-04,10693,FINAL,Stoughton,4381,3.0,1.0,Brockton,4058,1.0,0.0,Hockomock,Big Three,5:15 P.M.,,0,2024,1391.9062362534798,1348.8050418807338,1404.072292254295,1336.6389858799187,0.6308659531573072,0.3691340468426928,2.3275298593186506,2.0
2024-10-04,10803,SUSPENDED,Greater Lowell,4155,,,Dracut,4119,,,Independent,Merrimack Valley,4:00 P.M.,,0,2024,1422.7697242415747,1296.6502479334597,,,0.7337680798169951,0.2662319201830049,4.402986907702877,
2024-10-04,10974,UPCOMING,Westborough,4418,,,Oakmont,4299,,,Mid-Wach,Mid-Wach,4:00 P.M.,,0,2024,1469.8743297453643,1542.822870219177,,,0.4670223394536667,0.5329776605463332,-0.5737135118453182,
2024-10-04,9755,FINAL,Marshfield,4234,1.0,1.0,Carver,4077,0.0,0.0,Patriot,South Shore,4:30 P.M.,,0,2024,1473.5939203310759,1402.4957738581982,1480.5071522780822,1395.5825419111918,0.6675438184512958,0.33245618154870415,3.027453661821943,1.0
2024-10-04,9743,FINAL,Lincoln-Sudbury,4211,5.0,1.0,Needham,4272,2.0,0.0,Dual County,Bay State,4:00 P.M.,,0,2024,1619.1173774885915,1490.7501277490467,1630.08484577147,1479.782659466168,0.7362881316197362,0.26371186838026384,4.45918124348862,3.0
2024-10-04,10804,FINAL,Norwell,4296,2.0,0.0,Hanover,4164,4.0,1.0,South Shore,Patriot,4:00 P.M.,,0,2024,1569.644099022373,1534.0226151371241,1549.1840738128997,1554.4826403465975,0.6207839174478853,0.3792160825521147,2.140537097131221,-2.0
2024-10-04,12117,FINAL,Quabbin,4325,3.0,1.0,Notre Dame (Worcester),4451,2.0,0.0,Mid-Wach,Central Mass.,,,0,2024,1526.0281771897603,1478.908346330373,1533.5924252297364,1471.344098290397,0.636236562155752,0.363763437844248,2.427995771484683,1.0
2024-10-04,12105,FINAL,Tahanto,4513,0.0,0.0,Maynard,4239,5.0,1.0,Mid-Wach,Mid-Wach,,,0,2024,1393.1028473284196,1676.412426495,1381.9754339739884,1687.5398398494312,0.20701092130454082,0.7929890786954592,-5.8327394791645135,-5.0
2024-10-04,12073,FINAL,Hopedale,4507,4.0,1.0,Blackstone Valley,4046,1.0,0.0,Dual Valley,Colonial,,,0,2024,1489.3801309805997,1665.3397245725764,1517.399568544199,1637.3202870089772,0.3262749396416235,0.6737250603583764,-3.1489898397994183,3.0
2024-10-04,12062,FINAL,Groton-Dunstable,4160,2.0,1.0,Littleton,4212,0.0,0.0,Mid-Wach,Mid-Wach,,,0,2024,1607.9598546185084,1414.6770648839458,1614.4772065913107,1408.1597129111435,0.8022550193540504,0.1977449806459496,6.082069743364064,2.0
2024-10-04,12060,FINAL,North Brookfield,4508,0.0,0.0,Greenfield,4157,2.0,1.0,Colonial,Suburban,,,0,2024,1540.4778397097698,1548.637996119017,1522.0236915605708,1567.092144268216,0.5599229846461331,0.4400770153538669,1.0459960897688176,-2.0
2024-10-04,12020,FINAL,Canton,4071,5.0,1.0,Braintree,4051,0.0,0.0,Hockomock,Bay State,,,0,2024,1662.6494022686538,1403.2810749369728,1670.4003430055038,1395.5301342001228,0.8558039202998352,0.1441960797001648,7.734208183292026,5.0
2024-10-04,11288,FINAL,Tewksbury,4389,2.0,1.0,Wilmington,4432,1.0,0.0,Merrimack Valley,Middlesex,,,0,2024,1525.11079769254,1329.2076940288102,1529.1732565011687,1325.1452352201816,0.8046370274325206,0.19536297256747936,6.147577591593245,1.0
2024-10-04,11291,FINAL,Cushing,4101,2.0,1.0,St. Mark’s,4372,0.0,0.0,Independent,ISL,,,0,2024,1548.1415183466456,1491.0888260419702,1559.6979084524767,1479.532435936139,0.6493640135823439,0.35063598641765614,2.6763173076168867,2.0
2024-10-04,11005,FINAL,Quaboag,4510,4.0,1.0,Tantasqua,4387,1.0,0.0,SWCL,SWCL,3:30 P.M.,,0,2024,1493.7705021821725,1464.5688073354331,1509.9050462010766,1448.434263316529,0.6120462226153736,0.38795377738462644,1.9800423711684858,3.0
2024-10-04,10970,FINAL,Marlborough,4233,2.0,2.0,North Middlesex,4286,2.0,2.0,Mid-Wach,Mid-Wach,6:30 P.M.,,0,2024,1522.9052050173448,1627.1620484097646,1522.9052050173448,1627.1620484097646,0.42254672516167135,0.5774532748383286,-1.356421084810495,0.0
2024-10-04,10834,FINAL,Nantucket,4265,1.0,2.0,Nauset,4271,1.0,2.0,Cape &#38; Islands,Cape &#38; Islands,3:45 P.M.,,0,2024,1562.914832840718,1515.8933461845186,1562.914832840718,1515.8933461845186,0.6361055306847514,0.3638944693152486,2.4255371664049847,0.0
2024-10-04,11141,FINAL,Cohasset,4094,1.0,0.0,Monomoy,4706,2.0,1.0,South Shore,Cape &#38; Islands,4:00 P.M.,,0,2024,1605.5248613737488,1718.3600276300901,1596.987795234923,1726.897093768916,0.41054609940750514,0.5894539005924948,-1.5708791564085345,-1.0
2024-10-05,9785,FINAL,Newton South,4280,0.0,0.0,Newton North,4279,3.0,1.0,Dual County,Bay State,2:00 P.M.,,0,2024,1422.8031687652956,1488.7087333879183,1402.960055016629,1508.551847136585,0.4771260300166133,0.5228739699833866,-0.39763911556556764,-3.0
2024-10-05,10539,FINAL,Malden Catholic,4228,3.0,1.0,Ursuline,4448,1.0,0.0,Independent,Independent,10:15 A.M.,,0,2024,1610.6493279767483,1424.9560931392537,1617.3981308006908,1418.2072903153112,0.795232497895918,0.204767502104082,5.892330870937366,2.0
2024-10-05,10566,FINAL,Gloucester,4150,6.0,1.0,Marblehead,4231,2.0,0.0,Northeastern,Northeastern,2:30 P.M.,,0,2024,1525.3215287002297,1403.222914095533,1538.3955367744875,1390.1489060212753,0.7292220682916396,0.2707779317083604,4.302465365117416,4.0
2024-10-05,11811,FINAL,Lynnfield,4223,0.0,0.0,Sutton,4512,2.0,1.0,Cape Ann,Dual Valley,,,0,2024,1560.7400724591878,1637.929450268458,1545.547878737184,1653.1216439904617,0.4609510221427313,0.5390489778572687,-0.6797344452317532,-2.0
2024-10-05,9811,FINAL,Shrewsbury,4348,0.0,0.0,Leominster,4208,2.0,1.0,Mid-Wach,Mid-Wach,3:15 P.M.,,0,2024,1389.1093103330745,1400.3453636317781,1370.799108262482,1418.6555657023707,0.5555554724039101,0.4444445275960899,0.9690986675324098,-2.0
2024-10-05,9797,FINAL,Bishop Fenwick,4043,1.0,2.0,Peabody,4306,1.0,2.0,Catholic Central,Northeastern,2:00 P.M.,,0,2024,1476.0636377916503,1452.0273992702025,1476.0636377916503,1452.0273992702025,0.6049627562773564,0.3950372437226436,1.8509059630361946,0.0
2024-10-05,9618,FINAL,Bishop Feehan,4042,4.0,1.0,Franklin,4144,1.0,0.0,Catholic Central,Hockomock,12:00 P.M.,,0,2024,1601.7799263589186,1717.7098329771866,1626.47363001136,1693.0161293247452,0.40624193665735403,0.593758063342646,-1.6482476654566995,3.0
2024-10-05,9670,FINAL,Concord-Carlisle,4097,4.0,1.0,Lexington,4209,3.0,0.0,Dual County,Middlesex,3:30 P.M.,,0,2024,1513.5907243186614,1501.8984435240443,1522.160916609792,1493.3282512329138,0.587860869404036,0.41213913059596397,1.5423070198654272,1.0
2024-10-05,9524,FINAL,Acton-Boxborough,4003,2.0,1.0,Somerset Berkley,4350,1.0,0.0,Dual County,South Coast,3:30 P.M.,,0,2024,1484.8015199139438,1686.8417361936793,1499.4788302960173,1672.1644258116057,0.29417056993981855,0.7058294300601815,-3.8010054069933856,1.0
2024-10-05,1580,FINAL,Holliston,4174,0.0,0.0,Mansfield,4230,2.0,1.0,Tri-Valley,Hockomock,4:00 P.M.,,0,2024,1457.8279631634948,1477.8311866213876,1439.9295292698719,1495.7296205150105,0.5430618875054319,0.45693811249456806,0.7499194135526807,-2.0
2024-10-05,9538,FINAL,Andover,4009,6.0,1.0,Minnechaug,4254,0.0,0.0,Merrimack Valley,Suburban,3:30 P.M.,,0,2024,1654.7507418477871,1487.3381365729877,1667.735945607714,1474.3529328130608,0.7775641770813373,0.2224358229186627,5.435315131869987,6.0
2024-10-06,9822,FINAL,Wachusett,4400,4.0,2.0,Norwood,4297,4.0,2.0,Mid-Wach,Tri-Valley,12:00 P.M.,,0,2024,1523.6586117911634,1660.7922750686487,1523.6586117911634,1660.7922750686487,0.3771690389164611,0.622830961083539,-2.178341581937133,0.0
2024-10-06,10818,FINAL,Martha’s Vineyard,4235,2.0,0.0,Nipmuc,4281,6.0,1.0,Cape &#38; Islands,Dual Valley,12:30 P.M.,,0,2024,1395.8564886481731,1501.428614790289,1375.543753758395,1521.741349680067,0.42070039344889953,0.5792996065511005,-1.3893031535528961,-4.0
2024-10-07,11454,FINAL,Frontier,4146,2.0,1.0,Greenfield,4157,0.0,0.0,Suburban,Suburban,,,0,2024,1632.5534545535381,1567.092144268216,1643.7492842896208,1555.8963145321334,0.6603038866527464,0.3396961133472536,2.8865327571330512,2.0
2024-10-07,12092,FINAL,Mahar,4226,0.0,0.0,Southwick,4519,4.0,1.0,Valley,Valley,,,0,2024,1350.4991379206535,1598.6141162273657,1338.8030639307062,1610.310190217313,0.24223931223827724,0.7577606877617228,-4.952874457667804,-4.0
2024-10-07,11343,FINAL,Newton North,4279,5.0,1.0,Framingham,4143,0.0,0.0,Bay State,Bay State,,,0,2024,1508.551847136585,1241.3484261936544,1516.008384987873,1233.8918883423664,0.8612808995971546,0.1387191004028454,7.930085523573263,5.0
2024-10-07,11315,FINAL,Bishop Feehan,4042,1.0,0.0,Moses Brown (R.I.),4261,3.0,1.0,Catholic Central,Independent,,,0,2024,1626.47363001136,1500.0,1602.2767113909845,1524.1969186203755,0.7341661497254393,0.26583385027456075,4.411840750284,-2.0
2024-10-07,11016,FINAL,Ipswich,4190,2.0,1.0,Triton,4395,0.0,0.0,Cape Ann,Cape Ann,4:00 P.M.,,0,2024,1527.1700167457134,1414.7563253256035,1536.4618353915346,1405.4645066797823,0.7180740727290328,0.2819259272709672,4.060342285502747,2.0
2024-10-07,12083,FINAL,Maynard,4239,6.0,1.0,Littleton,4212,0.0,0.0,Mid-Wach,Mid-Wach,,,0,2024,1687.5398398494312,1408.1597129111435,1695.1612627106883,1400.5382900498864,0.8694454475033692,0.13055455249663084,8.234503173457194,6.0
2024-10-07,12108,FINAL,Turners Falls,4396,2.0,1.0,Mohawk Trail,4258,1.0,0.0,Valley,Valley,,,0,2024,1393.6671344504234,1355.3746790691328,1401.4775861919,1347.5642273276562,0.6243966668489737,0.37560333315102634,2.2073113845322667,1.0
2024-10-07,9642,FINAL,Brookline,4059,1.0,0.0,Natick,4270,4.0,1.0,Bay State,Bay State,4:00 P.M.,,0,2024,1532.6033275089671,1611.8524938552307,1513.555384051485,1630.900437312713,0.4580062260873849,0.541993773912615,-0.7312291586565891,-3.0
2024-10-07,9539,FINAL,Andover,4009,4.0,1.0,North Andover,4283,0.0,0.0,Merrimack Valley,Merrimack Valley,6:30 P.M.,,0,2024,1667.735945607714,1491.6148876612797,1678.0630425849256,1481.287790684068,0.7861137958491148,0.21388620415088522,5.653026448660858,4.0
2024-10-07,9533,FINAL,Auburn,4019,2.0,0.0,Algonquin,4005,7.0,1.0,SWCL,Mid-Wach,3:30 P.M.,,0,2024,1545.9234299819216,1652.0593377172393,1523.3521167446538,1674.630650954507,0.4199096590978665,0.5800903409021335,-1.4033976933829422,-5.0
2024-10-07,9525,FINAL,Weston,4423,2.0,0.0,Acton-Boxborough,4003,3.0,1.0,Dual County,Dual County,4:00 P.M.,,0,2024,1473.1846576277887,1499.4788302960173,1462.0791383682335,1510.5843495555725,0.5340625854085724,0.46593741459142757,0.5926456832942847,-1.0
2024-10-07,11002,FINAL,Seekonk,4344,7.0,1.0,Wareham/Bourne,4407,0.0,0.0,South Coast,Mayflower,3:45 P.M.,,0,2024,1490.399040496248,1303.2069826149586,1503.0856798209477,1290.520343290259,0.7966338706745422,0.20336612932545783,5.9298014470322356,7.0
2024-10-07,9780,POSTPONED,Old Rochester,4301,,,New Bedford,4273,,,South Coast,Big Three,4:00 P.M.,,0,2024,1586.4560542255422,1428.2397697963631,,,0.7682737294798154,0.23172627052018457,5.205407110729476,
2024-10-07,10964,POSTPONED,Amesbury,4007,,,North Reading,4288,,,Cape Ann,Cape Ann,4:30 P.M.,,0,2024,1364.388654945888,1548.277294384014,,,0.31632230302781544,0.6836776969721845,-3.347215985953153,
2024-10-07,10983,POSTPONED,Hamilton-Wenham,4163,,,Pentucket,4309,,,Cape Ann,Cape Ann,4:00 P.M.,,0,2024,1479.012460748554,1447.3772546396754,,,0.6153671933144688,0.38463280668553124,2.040880152721968,
2024-10-07,9555,FINAL,Attleboro,4018,4.0,1.0,Stoughton,4381,0.0,0.0,Hockomock,Hockomock,3:45 P.M.,,0,2024,1529.1020550609596,1404.072292254295,1542.015821527624,1391.1585257876307,0.7325408585838984,0.2674591414161016,4.375744070166616,4.0
2024-10-07,9624,FINAL,Wellesley,4413,5.0,1.0,Braintree,4051,1.0,0.0,Bay State,Bay State,4:00 P.M.,,0,2024,1578.7430084565663,1395.5301342001228,1588.7425581778612,1385.530584478828,0.7928976809431226,0.20710231905687737,5.830321856411087,4.0
2024-10-07,10980,FINAL,Pembroke,4308,1.0,0.0,West Bridgewater,4415,3.0,1.0,Patriot,South Coast,4:00 P.M.,,0,2024,1422.7034083805713,1568.958788241678,1410.6763755571903,1580.9858210650589,0.36491590185899714,0.6350840981410029,-2.4063844965276644,-2.0
2024-10-07,10815,FINAL,Narragansett,4266,1.0,2.0,Hudson,4182,1.0,2.0,Mid-Wach,Mid-Wach,4:00 P.M.,,0,2024,1514.7988474326569,1507.8526369228912,1514.7988474326569,1507.8526369228912,0.5812261138536201,0.4187738861463799,1.4236552627441426,0.0
2024-10-07,9858,FINAL,Amherst-Pelham,4008,2.0,1.0,Hampshire,4518,1.0,0.0,County,County,6:30 P.M.,,0,2024,1532.5641917477146,1396.19736609852,1537.8640304512967,1390.897527394938,0.7451316328276977,0.2548683671723023,4.659170641229866,1.0
2024-10-07,9849,FINAL,Agawam,4004,3.0,1.0,Holyoke,4176,0.0,0.0,Suburban,County,7:00 P.M.,,0,2024,1527.0755293324808,1440.2826806697203,1540.0811046804422,1427.2771053217589,0.6872820156931367,0.31271798430686326,3.419821216569011,3.0
2024-10-07,9836,FINAL,Westford,4421,0.0,0.0,Bedford,4031,2.0,1.0,Dual County,Dual County,4:00 P.M.,,0,2024,1422.200347327563,1600.282984992262,1411.5352103895962,1610.9481219302288,0.32359419994280575,0.6764058000571942,-3.2020659416174793,-2.0
2024-10-07,9830,FINAL,Arlington Catholic,4014,0.0,0.0,Waltham,4405,9.0,1.0,Catholic Central,Dual County,4:00 P.M.,,0,2024,1304.5042403485286,1525.2553139419595,1285.6935701743264,1544.0659841161616,0.27231234191860165,0.7276876580813983,-4.2687768398357715,-9.0
2024-10-07,9826,FINAL,Walpole,4404,14.0,1.0,Weymouth,4425,0.0,0.0,Bay State,Bay State,4:00 P.M.,,0,2024,1706.3287640029216,1288.4441769447365,1711.4767372340411,1283.296203713617,0.936633705078975,0.06336629492102497,11.697114676454628,14.0
2024-10-07,9818,FINAL,Taunton,4388,1.0,0.0,Oliver Ames,4302,3.0,1.0,Hockomock,Hockomock,3:45 P.M.,,0,2024,1390.0609315742106,1531.9626857299202,1377.8418345285918,1544.181782775539,0.37074338149607905,0.629256618503921,-2.2975438538927393,-2.0
2024-10-07,9812,FINAL,Doherty,4116,7.0,1.0,Shrewsbury,4348,0.0,0.0,Inter-High,Mid-Wach,3:30 P.M.,,0,2024,1705.2153720053632,1370.799108262482,1711.3663598231249,1364.6481204447202,0.9014000042082958,0.0985999957917042,9.610406593572032,7.0
2024-10-07,9798,FINAL,Malden,4227,0.0,0.0,Peabody,4306,3.0,1.0,Greater Boston,Northeastern,4:00 P.M.,,0,2024,1456.8360596914679,1452.0273992702025,1432.7882267224345,1476.075232239236,0.5782281561425087,0.42177184385749134,1.370216510531634,-3.0
2024-10-07,10487,FINAL,Duxbury,4123,1.0,0.0,Notre Dame (Hingham),4449,4.0,1.0,Patriot,Independent,4:00 P.M.,,0,2024,1647.969032976618,1630.5536197943995,1623.1896155619472,1655.3330372090704,0.595819043671054,0.404180956328946,1.6853853295554644,-3.0
2024-10-07,9773,FINAL,Milton,4252,2.0,1.0,Needham,4272,1.0,0.0,Bay State,Bay State,4:30 P.M.,,0,2024,1463.0371441401146,1479.782659466168,1472.4422203140523,1470.3775832922304,0.5477114414892429,0.4522885585107571,0.8313621168486633,1.0
2024-10-07,9756,FINAL,Hanover,4164,5.0,1.0,Marshfield,4234,0.0,0.0,Patriot,Patriot,4:00 P.M.,,0,2024,1554.4826403465975,1480.5071522780822,1572.1560482097238,1462.8337444149558,0.6712094421404938,0.32879055785950617,3.0993872017128807,5.0
2024-10-07,9730,FINAL,King Philip,4197,2.0,0.0,Canton,4071,4.0,1.0,Hockomock,Hockomock,3:45 P.M.,,0,2024,1588.8654631728134,1670.4003430055038,1573.8779128474998,1685.3878933308174,0.4547418739048106,0.5452581260951894,-0.7883719958172606,-2.0
2024-10-07,9724,FINAL,Haverhill,4167,0.0,0.0,Lowell,4216,4.0,1.0,Merrimack Valley,Merrimack Valley,6:00 P.M.,,0,2024,1381.8237920642698,1496.3097180379018,1362.1122748697207,1516.0212352324509,0.40824847487152705,0.591751525128473,-1.6121481493407999,-4.0
2024-10-07,9718,FINAL,Franklin,4144,7.0,1.0,Mansfield,4230,0.0,0.0,Hockomock,Hockomock,3:45 P.M.,,0,2024,1693.0161293247452,1495.7296205150105,1705.125601578188,1483.6201482615677,0.8058858270241707,0.19411417297582934,6.182162720243366,7.0
2024-10-07,9707,FINAL,Manchester Essex,4229,1.0,2.0,Essex Tech,4745,1.0,2.0,Cape Ann,Cape Ann,7:00 P.M.,,0,2024,1626.316522987734,1487.5961142942824,1626.316522987734,1487.5961142942824,0.7476960435611757,0.2523039564388243,4.718010217336291,0.0
2024-10-07,9676,FINAL,Durfee,4122,9.0,1.0,Brockton,4058,0.0,0.0,Big Three,Big Three,5:15 P.M.,,0,2024,1585.7515005538519,1336.6389858799187,1596.2261162093218,1326.1643702244487,0.8483644073590677,0.1516355926409323,7.47781286684833,9.0
2024-10-07,9671,FINAL,Newton South,4280,0.0,0.0,Concord-Carlisle,4097,5.0,1.0,Dual County,Dual County,6:00 P.M.,,0,2024,1402.960055016629,1522.160916609792,1381.3671149428023,1543.7538566836186,0.4017083104562316,0.5982916895437684,-1.7300215398290733,-5.0
2024-10-07,9653,FINAL,Chelmsford,4085,1.0,0.0,Central Catholic,4081,3.0,1.0,Merrimack Valley,Merrimack Valley,6:00 P.M.,,0,2024,1543.589962038744,1678.1484214871853,1531.0441056803168,1690.6942778456125,0.3806576863022071,0.6193423136977929,-2.1139614862110307,-2.0
2024-10-07,9763,FINAL,Tewksbury,4389,3.0,1.0,Methuen,4246,1.0,0.0,Merrimack Valley,Merrimack Valley,7:00 P.M.,,0,2024,1529.1732565011687,1495.2484867868575,1541.7474693224324,1482.6742739655938,0.6184819415377215,0.3815180584622785,2.0981192428577797,2.0
2024-10-07,10971,FINAL,Groton-Dunstable,4160,0.0,0.0,North Middlesex,4286,5.0,1.0,Mid-Wach,Mid-Wach,4:00 P.M.,,0,2024,1614.4772065913107,1627.1620484097646,1584.7252934645614,1656.9139615365139,0.5534952958756104,0.4465047041243896,0.9328789545386542,-5.0
2024-10-07,10492,FINAL,Everett,4132,7.0,1.0,Greater Lowell,4155,0.0,0.0,Greater Boston,Independent,4:30 P.M.,,0,2024,1530.7934451902142,1406.1860949482166,1547.5081515387983,1389.4713885996325,0.7320641782331394,0.2679358217668606,4.365183756049942,7.0
2024-10-07,10521,FINAL,Dover-Sherborn,4118,1.0,1.0,Hopkinton,4180,0.0,0.0,Tri-Valley,Tri-Valley,4:00 P.M.,,0,2024,1525.814437557719,1495.1236606103778,1533.8394265770555,1487.0986715910412,0.6140796046204934,0.3859203953795066,2.01726942368353,1.0
2024-10-07,10809,FINAL,Medfield,4241,6.0,1.0,Holliston,4174,0.0,0.0,Tri-Valley,Tri-Valley,4:00 P.M.,,0,2024,1590.4869612995114,1439.9295292698719,1604.4781242193826,1425.9383663500007,0.7603321522551034,0.23966784774489658,5.01393580074099,6.0
2024-10-07,10768,FINAL,Medway,4243,1.0,0.0,Dedham,4108,2.0,1.0,Tri-Valley,Tri-Valley,6:30 P.M.,,0,2024,1496.170532541793,1604.8303230185822,1487.5122605563854,1613.4885950039898,0.4163748685338379,0.583625131466162,-1.4664947619197335,-1.0
2024-10-07,10739,FINAL,Leicester,4207,4.0,1.0,Bay Path/David Prouty,4027,1.0,0.0,SWCL,Colonial,3:30 P.M.,,0,2024,1371.1973418686784,1408.2807218327516,1391.2190388347792,1388.2590248666509,0.5185799512804123,0.48142004871958766,0.32291550089817067,3.0
2024-10-07,10727,FINAL,Bellingham,4033,0.0,0.0,Ashland,4015,3.0,1.0,Tri-Valley,Tri-Valley,5:15 P.M.,,0,2024,1434.6113489126744,1427.742638491417,1410.4433506071196,1451.9106367969719,0.581117521727279,0.41888247827272096,1.4217177605314362,-3.0
2024-10-07,10710,FINAL,East Longmeadow,4127,6.0,1.0,Westfield,4419,0.0,0.0,Valley,Valley,7:00 P.M.,,0,2024,1692.3482328909965,1614.2263477305964,1711.2359033211687,1595.3386773004243,0.6764552491569454,0.32354475084305456,3.2030471290100024,6.0
2024-10-07,10705,FINAL,Westborough,4418,3.0,2.0,Quabbin,4325,3.0,2.0,Mid-Wach,Mid-Wach,6:00 P.M.,,0,2024,1510.6396915614096,1533.5924252297364,1510.6396915614096,1533.5924252297364,0.5388457039145402,0.46115429608545977,0.67618165829183,0.0
2024-10-07,10701,FINAL,Quaboag,4510,5.0,1.0,West Springfield,4417,0.0,0.0,SWCL,Suburban,4:00 P.M.,,0,2024,1509.9050462010766,1296.988673394868,1519.6034116024416,1287.2903079935031,0.8195746403107096,0.1804253596892904,6.572909320155214,5.0
2024-10-07,10697,FINAL,Wayland,4411,7.0,1.0,Dighton-Rehoboth,4114,0.0,0.0,Dual County,South Coast,4:00 P.M.,,0,2024,1353.2797741904817,1479.7317190108326,1391.2263260895757,1441.7851671117387,0.3917188639593485,0.6082811360406515,-1.9112986205087736,7.0
2024-10-07,10508,FINAL,Hingham,4171,0.0,0.0,Sandwich,4340,2.0,1.0,Patriot,South Shore,4:00 P.M.,,0,2024,1714.1740614564712,1698.740233950331,1694.6274725051633,1718.286822901639,0.5930690670077109,0.4069309329922891,1.635845687653506,-2.0
2024-10-07,10680,FINAL,Monty Tech,4259,5.0,1.0,South High,4962,0.0,0.0,Colonial,Independent,4:00 P.M.,,0,2024,1565.5214833213004,1382.7170001903214,1576.6745746586184,1371.5639088530033,0.7925113735248714,0.20748862647512856,5.820112078274474,5.0
2024-10-07,10651,FINAL,Scituate,4343,0.0,0.0,Cohasset,4094,4.0,1.0,Patriot,South Shore,4:00 P.M.,,0,2024,1565.9273397673117,1596.987795234923,1540.471058455047,1622.4440765471877,0.5272292294429013,0.4727707705570987,0.4734886133097177,-4.0
2024-10-07,10617,FINAL,Southeastern,4358,7.0,1.0,Northeast,4293,1.0,0.0,Mayflower,Independent,5:30 P.M.,,0,2024,1414.1282805558562,1303.1671864655066,1430.6853572007594,1286.6101098206034,0.7163781919231774,0.2836218080768226,4.0240273522587415,6.0
2024-10-07,10610,FINAL,Northampton,4291,1.0,2.0,Smith Academy,4538,1.0,2.0,Valley,Valley,4:30 P.M.,,0,2024,1462.0081346061816,1500.0244049825742,1462.0081346061816,1500.0244049825742,0.5172391373508772,0.48276086264912277,0.299593240590184,0.0
2024-10-07,10590,FINAL,Milford,4249,0.0,0.0,Foxborough,4142,9.0,1.0,Hockomock,Hockomock,3:45 P.M.,,0,2024,1347.4419329988839,1571.971084735364,1328.9274823152923,1590.4855354189556,0.2680241255784577,0.7319758744215423,-4.363228793412003,-9.0
2024-10-07,10573,FINAL,Newburyport,4276,4.0,1.0,Masconomet,4236,0.0,0.0,Cape Ann,Northeastern,4:00 P.M.,,0,2024,1605.071805678479,1602.2908018400499,1625.5738405334273,1581.7887669851016,0.5753789838353922,0.4246210161646078,1.3195250959607279,4.0
2024-10-07,10540,FINAL,Marblehead,4231,2.0,0.0,Malden Catholic,4228,6.0,1.0,Northeastern,Independent,4:00 P.M.,,0,2024,1390.1489060212753,1617.3981308006908,1377.355641461974,1630.191395359992,0.26496340659190454,0.7350365934080955,-4.431230619485388,-4.0
2024-10-07,10530,FINAL,Leominster,4208,2.0,1.0,Oakmont,4299,0.0,0.0,Mid-Wach,Mid-Wach,3:15 P.M.,,0,2024,1418.6555657023707,1462.4111768404791,1434.8386049024564,1446.2281376403935,0.5089854304680712,0.4910145695319288,0.15610972154728983,2.0
2024-10-07,10659,FINAL,Tantasqua,4387,2.0,1.0,Shepherd Hill,4347,1.0,0.0,SWCL,Mid-Wach,3:30 P.M.,,0,2024,1448.434263316529,1467.6321060780724,1457.912106357452,1458.1542630371493,0.5442120948845444,0.45578790511545564,0.7700539309614157,1.0
2024-10-07,10601,FINAL,Marlborough,4233,4.0,2.0,Nashoba,4267,4.0,2.0,Mid-Wach,Mid-Wach,4:00 P.M.,,0,2024,1522.9052050173448,1611.311990676144,1522.9052050173448,1611.311990676144,0.44495223585459215,0.5550477641454079,-0.9601696414699802,0.0
2024-10-08,11453,UPCOMING,Agawam,4004,,,Longmeadow,4214,,,Suburban,Suburban,,,0,2024,1483.032196399554,1603.57681405786,,,0.39985064423941413,0.6001493557605859,-1.7636154414576481,
2024-10-08,10671,FORFEIT (Home),Dighton-Rehoboth,4114,3.0,0.0,Somerset Berkley,4350,0.0,1.0,South Coast,South Coast,3:30 P.M.,,0,2024,1374.9496257227213,1767.8589435692236,,,0.12196581699199671,0.8780341830080033,-8.572732946162557,
2024-10-08,10988,FINAL,St. Bernard’s,4365,0.0,0.0,St. Paul,4954,3.0,1.0,Central Mass.,Central Mass.,3:45 P.M.,,0,2024,1506.3639529503423,1564.8669625225207,1486.0783507568287,1585.1525647160342,0.4877656281004703,0.5122343718995297,-0.21257523930445926,-3.0
2024-10-08,10702,FINAL,West Springfield,4417,0.0,0.0,Frontier,4146,7.0,1.0,Suburban,Suburban,4:00 P.M.,,0,2024,1287.2903079935031,1643.7492842896208,1278.165190545334,1652.8744017377899,0.14627512988892116,0.8537248701110789,-7.6614744074029435,-7.0
2024-10-08,10683,FINAL,Westport,4461,6.0,1.0,Southeastern,4358,0.0,0.0,Mayflower,Mayflower,3:30 P.M.,,0,2024,1591.0592487039523,1430.6853572007594,1604.4581527672024,1417.2864531375094,0.7704775137441479,0.22952248625585214,5.259347287579823,6.0
2024-10-08,10717,FINAL,Whitman-Hanson,4427,2.0,0.0,Norwell,4296,3.0,1.0,Patriot,South Shore,4:00 P.M.,,0,2024,1389.3465681280595,1549.1840738128997,1382.1310150981908,1556.3996268427684,0.34699475244875916,0.6530052475512409,-2.745937642121004,-1.0
2024-10-08,10721,FINAL,Apponequet,4011,1.0,1.0,Old Rochester,4301,0.0,0.0,South Coast,South Coast,3:45 P.M.,,0,2024,1522.4341430125246,1485.583481870023,1530.2851121787921,1477.7325127037554,0.6224481905884505,0.37755180941154953,2.1712665285625405,1.0
2024-10-08,10771,FINAL,Dennis-Yarmouth,4111,5.0,1.0,Nauset,4271,0.0,0.0,Cape &#38; Islands,Cape &#38; Islands,4:30 P.M.,,0,2024,1590.2431505094773,1515.8933461845186,1607.8910071086195,1498.2454895853764,0.6716847898722043,0.32831521012779574,3.108745108123969,5.0
2024-10-08,10819,FINAL,St. John Paul II,4689,2.0,1.0,Martha’s Vineyard,4235,1.0,0.0,Cape &#38; Islands,Cape &#38; Islands,5:30 P.M.,,0,2024,1514.1930246674476,1375.543753758395,1519.4411445051992,1370.2956339206435,0.747618784536157,0.25238121546384296,4.7162317727263146,1.0
2024-10-08,10843,FINAL,Blackstone-Millville,4486,0.0,0.0,Nipmuc,4281,6.0,1.0,Dual Valley,Dual Valley,3:30 P.M.,,0,2024,1358.818958731716,1521.741349680067,1338.7965952397283,1541.7637131720548,0.3429819802952365,0.6570180197047635,-2.823059773708775,-6.0
2024-10-08,10644,FINAL,Reading,4328,9.0,1.0,Wilmington,4432,0.0,0.0,Middlesex,Middlesex,4:15 P.M.,,0,2024,1654.7996436710787,1325.1452352201816,1661.7808435501597,1318.1640353411005,0.8989367805150491,0.1010632194849509,9.491360211272427,9.0
2024-10-08,10996,FINAL,East Bridgewater,4126,0.0,0.0,Sandwich,4340,7.0,1.0,South Shore,South Shore,4:00 P.M.,,0,2024,1423.3147013568746,1718.286822901639,1411.074684935486,1730.5268393230276,0.19620678879485262,0.8037932112051474,-6.124303038619109,-7.0
2024-10-08,11130,FINAL,Northbridge,4292,0.0,0.0,Uxbridge,4398,10.0,1.0,SWCL,SWCL,3:30 P.M.,,0,2024,1579.5250651352094,1717.9162587191297,1552.5149299470852,1744.926393907254,0.37547004233985287,0.6245299576601471,-2.2097798395980077,-10.0
2024-10-08,11145,FINAL,Carver,4077,0.0,0.0,Cohasset,4094,3.0,1.0,South Shore,South Shore,4:30 P.M.,,0,2024,1395.5825419111918,1622.4440765471877,1384.5449377346024,1633.4816807237771,0.26539828014768324,0.7346017198523167,-4.421538365899897,-3.0
2024-10-08,11386,FINAL,Narragansett,4266,1.0,1.0,Lunenburg,4219,0.0,0.0,Mid-Wach,Mid-Wach,,,0,2024,1514.7988474326569,1482.4779131272653,1522.7776423539126,1474.4991182060096,0.61630107116115,0.38369892883885004,2.0580233576347893,1.0
2024-10-08,11397,FINAL,Hamilton-Wenham,4163,0.0,0.0,Pentucket,4309,3.0,1.0,Cape Ann,Cape Ann,,,0,2024,1484.2171802201876,1555.1011650720527,1464.6711918817186,1574.6471534105217,0.46998167408638136,0.5300183259136186,-0.522099621296627,-3.0
2024-10-08,11447,FINAL,West Bridgewater,4415,3.0,2.0,Joseph Case,4078,3.0,2.0,South Coast,South Coast,,,0,2024,1580.9858210650589,1485.8371430482275,1580.9858210650589,1485.8371430482275,0.6975256814255363,0.3024743185744637,3.6287169504207837,0.0
2024-10-08,12074,FINAL,Hopedale,4507,0.0,0.0,Sutton,4512,1.0,1.0,Dual Valley,Dual Valley,,,0,2024,1517.399568544199,1653.1216439904617,1509.5168261885333,1661.0043863461274,0.3790797768374694,0.6209202231625306,-2.14305188615657,-1.0
2024-10-08,11004,FINAL,Swampscott,4383,2.0,2.0,Danvers,4103,2.0,2.0,Northeastern,Northeastern,4:00 P.M.,,0,2024,1478.880274365031,1434.3810139228162,1478.880274365031,1434.3810139228162,0.6327381223212295,0.3672618776787705,2.36248151105537,0.0
2024-10-08,10597,FINAL,Belchertown,4032,0.0,0.0,Minnechaug,4254,6.0,1.0,County,Suburban,5:00 P.M.,,0,2024,1654.0767354637142,1474.3529328130608,1607.9831748290826,1520.4464934476923,0.7895801468018926,0.2104198531981074,5.743095066266335,-6.0
2024-10-08,10604,FINAL,Sharon,4345,0.0,0.0,North Attleborough,4284,6.0,1.0,Hockomock,Hockomock,5:15 P.M.,,0,2024,1319.359564762476,1518.1622809002642,1301.9599205733498,1535.5619250893906,0.2980549435538475,0.7019450564461525,-3.7200679034447033,-6.0
2024-10-08,9799,FINAL,Peabody,4306,2.0,1.0,Marblehead,4231,1.0,0.0,Northeastern,Northeastern,4:00 P.M.,,0,2024,1476.075232239236,1377.355641461974,1482.2751925364162,1371.1556811647938,0.7018449341849885,0.2981550658150115,3.717989769431546,1.0
2024-10-08,9547,FINAL,Arlington,4013,1.0,0.0,Watertown,4409,7.0,1.0,Middlesex,Middlesex,4:15 P.M.,,0,2024,1606.5221235681363,1683.4632205287749,1579.5923129756904,1710.3930311212207,0.46130616745964165,0.5386938325403583,-0.673527424015964,-6.0
2024-10-08,9565,FINAL,Monomoy,4706,4.0,1.0,Barnstable,4024,0.0,0.0,Cape &#38; Islands,Cape &#38; Islands,6:00 P.M.,,0,2024,1726.897093768916,1373.8986858120775,1731.2180802963528,1369.5776992846406,0.9105073372914044,0.08949266270859557,10.074960198920962,4.0
2024-10-08,9574,FINAL,Belmont,4034,6.0,1.0,Stoneham,4380,0.0,0.0,Middlesex,Middlesex,4:15 P.M.,,0,2024,1651.334382904031,1428.9766899240892,1661.4060926401917,1418.9049801879285,0.8274721687252573,0.1725278312747427,6.808942324498543,6.0
2024-10-08,12118,FINAL,Notre Dame (Worcester),4451,1.0,0.0,Doherty,4116,2.0,1.0,Central Mass.,Inter-High,,,0,2024,1471.344098290397,1711.3663598231249,1466.126928110022,1716.5835300034998,0.25089285155669433,0.7491071484433056,-4.7505565383181985,-1.0
2024-10-08,9593,FINAL,Beverly,4038,4.0,1.0,Gloucester,4150,0.0,0.0,Northeastern,Northeastern,4:00 P.M.,,0,2024,1670.9078083434688,1538.3955367744875,1683.4182147344566,1525.8851303834997,0.7408949154580464,0.2591050845419536,4.562806789224533,4.0
2024-10-08,9636,FINAL,Bridgewater-Raynham,4053,0.0,0.0,Falmouth,4134,8.0,1.0,Southeast,Cape &#38; Islands,5:45 P.M.,,0,2024,1394.631565138195,1450.3989377914793,1362.2202496429036,1482.8102532867706,0.49170084583987433,0.5082991541601256,-0.14418431633210957,-8.0
2024-10-08,9736,FINAL,Lexington,4209,7.0,1.0,Wakefield,4402,0.0,0.0,Middlesex,Middlesex,4:15 P.M.,,0,2024,1493.3282512329138,1356.6935159510329,1509.2095033101061,1340.8122638738405,0.7454244042791881,0.2545755957208119,4.665868382047023,7.0
2024-10-08,10584,FINAL,Middleborough,4247,3.0,1.0,Mashpee,4237,0.0,0.0,South Shore,South Shore,5:00 P.M.,,0,2024,1428.8406927179485,1334.922231734078,1441.4824715656043,1322.2804528864222,0.6960294724745307,0.30397052752546927,3.5979615245967635,3.0
2024-10-08,12120,FINAL,Oxford,4303,3.0,1.0,Worcester Tech/Worcester North,4445,1.0,0.0,SWCL,Colonial,,,0,2024,1343.7784337055928,1333.8880816802528,1357.4447699699485,1320.221745415897,0.5853454882636824,0.4146545117363176,1.4972588006335001,2.0
2024-10-08,9850,FINAL,Longmeadow,4214,4.0,1.0,Agawam,4004,0.0,0.0,Suburban,Suburban,4:00 P.M.,,0,2024,1615.4862674431547,1540.0811046804422,1631.2737378204342,1524.2936343031627,0.6730231042090385,0.32697689579096145,3.135129069067813,4.0
2024-10-08,9866,FINAL,Bishop Stang,4045,0.0,0.0,Dartmouth,4105,4.0,1.0,Catholic Central,Southeast,3:30 P.M.,,0,2024,1483.097118985157,1536.4192456541819,1459.1863813025923,1560.3299833367466,0.49521922110894984,0.5047807788910501,-0.08305316672561958,-4.0
2024-10-08,10499,FINAL,Fitchburg,4139,1.0,0.0,Bromfield,4505,4.0,1.0,Mid-Wach,Mid-Wach,7:30 P.M.,,0,2024,1336.0342626147226,1476.2716940355747,1320.522409640792,1491.7835470095054,0.37298122267480777,0.6270187773251923,-2.2559357855213023,-3.0
2024-10-08,10556,FINAL,Arlington Catholic,4014,4.0,1.0,Northeast,4293,0.0,0.0,Catholic Central,Independent,4:45 P.M.,,0,2024,1285.6935701743264,1286.6101098206034,1306.4470835402512,1265.8565964546785,0.570170571030035,0.429829428969965,1.2270865088430754,4.0
2024-10-08,10574,FINAL,Saugus,4341,0.0,0.0,Masconomet,4236,5.0,1.0,Northeastern,Northeastern,4:00 P.M.,,0,2024,1414.1924979900787,1581.7887669851016,1396.0807698728704,1599.9004951023098,0.3369449309140303,0.6630550690859697,-2.9399067248755726,-5.0
2024-10-08,10577,FINAL,Woburn,4438,0.0,0.0,Melrose,4244,2.0,1.0,Middlesex,Middlesex,4:00 P.M.,,0,2024,1333.3684109915403,1364.3368649681197,1315.9874449696206,1381.7178309900394,0.5273612356606476,0.47263876433935237,0.475788650585514,-2.0
2024-10-08,9842,FINAL,Winchester,4434,3.0,1.0,Burlington,4065,0.0,0.0,Middlesex,Middlesex,4:15 P.M.,,0,2024,1624.3977993691083,1457.6626709182076,1633.6767278007871,1448.3837424865287,0.776888932780886,0.223111067219114,5.4183782112725165,3.0
2024-10-09,12093,FINAL,Turners Falls,4396,4.0,1.0,Mahar,4226,1.0,0.0,Valley,Valley,,,0,2024,1401.4775861919,1338.8030639307062,1415.7551809374156,1324.5254691851906,0.6566964144137056,0.34330358558629437,2.8168630565298427,3.0
2024-10-09,12109,FINAL,Southwick,4519,8.0,1.0,Mohawk Trail,4258,0.0,0.0,Valley,Valley,,,0,2024,1610.310190217313,1347.5642273276562,1619.6580585852564,1338.2163589597128,0.8581867254358937,0.1418132745641063,7.818649072241419,8.0
2024-10-09,2757,FINAL,Blackstone Valley,4046,3.0,1.0,Bay Path/David Prouty,4027,0.0,0.0,Colonial,Colonial,3:30 P.M.,,0,2024,1637.3202870089772,1388.2590248666509,1643.628212633706,1381.951099241922,0.8483264497151227,0.15167355028487728,7.476531553558158,3.0
2024-10-09,10732,POSTPONED,Auburn,4019,,,Marlborough,4233,,,SWCL,Mid-Wach,3:30 P.M.,,0,2024,1499.747238172457,1611.3186951893726,,,0.412307651210219,0.5876923487897809,-1.5392864254228926,
2024-10-09,10681,POSTPONED,South High,4962,,,Tantasqua,4387,,,Independent,SWCL,4:00 P.M.,,0,2024,1392.6642853716096,1447.3748244373855,,,0.4932214046963935,0.5067785953036066,-0.11776347664439868,
2024-10-09,12082,FINAL,Lunenburg,4219,0.0,0.0,Littleton,4212,1.0,1.0,Mid-Wach,Mid-Wach,,,0,2024,1474.4991182060096,1400.5382900498864,1460.5420975076743,1414.4953107482218,0.6711908182357701,0.3288091817642299,3.0990207039030793,-1.0
2024-10-09,10984,POSTPONED,Pentucket,4309,,,Ipswich,4190,,,Cape Ann,Cape Ann,5:30 P.M.,,0,2024,1447.3772546396754,1610.075298901505,,,0.3432730600203822,0.6567269399796178,-2.817451106545741,
2024-10-09,11505,FINAL,St. Paul’s,4375,1.0,1.0,Holderness,4173,0.0,0.0,Independent,Independent,,,0,2024,1500.0,1514.2352223128653,1509.3306908305303,1504.904531482335,0.551288620357527,0.448711379642473,0.8941194421783678,1.0
2024-10-09,9643,FINAL,Milton,4252,1.0,0.0,Brookline,4059,3.0,1.0,Bay State,Bay State,7:00 P.M.,,0,2024,1472.4422203140523,1513.555384051485,1455.5416171963122,1530.455987169225,0.5127863970472926,0.48721360295270744,0.22217090656418464,-2.0
2024-10-09,11478,FINAL,Lawrence,4203,5.0,1.0,St. George’s,4367,1.0,0.0,Independent,ISL,,,0,2024,1482.1776520839403,1474.500719766324,1502.3479518630545,1454.3304199872098,0.5822496035565462,0.4177503964434538,1.441923307940408,4.0
2024-10-09,10509,FINAL,Hingham,4171,8.0,1.0,Silver Lake,4349,1.0,0.0,Patriot,Patriot,4:00 P.M.,,0,2024,1694.6274725051633,1555.7224231386688,1710.35450728839,1539.995388355442,0.747896499003895,0.252103500996105,4.722626234162362,7.0
2024-10-09,10522,FINAL,Hopkinton,4180,1.0,0.0,Norwood,4297,4.0,1.0,Tri-Valley,Tri-Valley,6:00 P.M.,,0,2024,1487.0986715910412,1660.7922750686487,1473.4097596011989,1674.481187058491,0.3291487573818537,0.6708512426181463,-3.092340086940186,-3.0
2024-10-09,10531,FINAL,Leominster,4208,1.0,0.0,Wachusett,4400,2.0,1.0,Mid-Wach,Mid-Wach,7:00 P.M.,,0,2024,1434.8386049024564,1523.6586117911634,1425.5982976577502,1532.8989190358695,0.44436484794092995,0.5556351520590701,-0.9705001722176746,-1.0
2024-10-09,10561,FINAL,Mansfield,4230,1.0,0.0,Oliver Ames,4302,2.0,1.0,Hockomock,Hockomock,6:00 P.M.,,0,2024,1483.6201482615677,1544.181782775539,1473.538906158485,1554.2630248786218,0.4848052662706192,0.5151947337293807,-0.26404086284928213,-1.0
2024-10-09,10567,FINAL,St. Mary’s,4374,3.0,1.0,Marblehead,4231,0.0,0.0,Catholic Central,Northeastern,7:30 P.M.,,0,2024,1594.1810191314462,1371.1556811647938,1601.3334599489385,1364.0032403473015,0.8280201517058676,0.17197984829413238,6.825633449166309,3.0
2024-10-09,10612,FINAL,Northampton,4291,0.0,0.0,East Longmeadow,4127,6.0,1.0,Valley,Valley,4:30 P.M.,,0,2024,1462.0081346061816,1711.2359033211687,1447.9353851158078,1725.3086528115425,0.24106542118959506,0.7589345788104049,-4.98069421787468,-6.0
2024-10-09,10639,FINAL,Plymouth South,4316,1.0,0.0,Scituate,4343,5.0,1.0,Patriot,Patriot,4:00 P.M.,,0,2024,1369.751518899807,1540.471058455047,1353.6761292899193,1556.5464480649346,0.3329400383759939,0.667059961624006,-3.0179884888809965,-4.0
2024-10-09,10694,FINAL,North Attleborough,4284,4.0,1.0,Stoughton,4381,1.0,0.0,Hockomock,Hockomock,5:15 P.M.,,0,2024,1535.5619250893906,1391.1585257876307,1545.8003770242085,1380.9200738528127,0.7538172694543036,0.2461827305456964,4.860084982543998,3.0
2024-10-09,10500,FINAL,Groton-Dunstable,4160,6.0,1.0,Fitchburg,4139,0.0,0.0,Mid-Wach,Mid-Wach,4:00 P.M.,,0,2024,1584.7252934645614,1320.522409640792,1592.944564325234,1312.3031387801193,0.8592043443070773,0.14079565569292274,7.855072095594238,6.0
2024-10-09,10706,FINAL,North Middlesex,4286,4.0,1.0,Westborough,4418,2.0,0.0,Mid-Wach,Mid-Wach,4:00 P.M.,,0,2024,1656.9139615365139,1510.6396915614096,1664.9620527483987,1502.5916003495247,0.7558103893157201,0.2441896106842799,4.906856749377607,2.0
2024-10-09,10714,FINAL,Westwood,4424,3.0,1.0,Ashland,4015,2.0,0.0,Tri-Valley,Tri-Valley,5:30 P.M.,,0,2024,1523.5160261522103,1451.9106367969719,1530.4157895801334,1445.0108733690488,0.668191517307608,0.33180848269239205,3.0401347338809614,1.0
2024-10-09,10748,FINAL,Belchertown,4032,6.0,1.0,Palmer,4304,0.0,0.0,County,County,4:00 P.M.,,0,2024,1607.9831748290826,1339.5478259791041,1616.0318872274927,1331.499113580694,0.8621260013415392,0.13787399865846084,7.960883721249462,6.0
2024-10-09,10762,FINAL,Gardner,4147,5.0,1.0,Burncoat,4066,0.0,0.0,Mid-Wach,Inter-High,4:00 P.M.,,0,2024,1372.5561735615654,1269.2653859165564,1388.288433935872,1253.5331255422498,0.7073219435142775,0.29267805648572254,3.832269691125225,5.0
2024-10-09,10769,FINAL,Holliston,4174,0.0,0.0,Dedham,4108,3.0,1.0,Tri-Valley,Tri-Valley,4:30 P.M.,,0,2024,1425.9383663500007,1613.4885950039898,1412.9717294755826,1626.4552318784079,0.3117817119288506,0.6882182880711494,-3.438755716349726,-3.0
2024-10-09,10805,FINAL,Hanover,4164,7.0,1.0,Pembroke,4308,1.0,0.0,Patriot,Patriot,4:00 P.M.,,0,2024,1572.1560482097238,1410.6763755571903,1585.4893520097253,1397.343071757189,0.7716012426289006,0.22839875737109938,5.286991816313337,6.0
2024-10-09,10825,FINAL,Medfield,4241,0.0,2.0,Medway,4243,0.0,2.0,Tri-Valley,Tri-Valley,4:00 P.M.,,0,2024,1604.4781242193826,1487.5122605563854,1604.4781242193826,1487.5122605563854,0.723348547572946,0.276651452427054,4.17414659157493,0.0
2024-10-09,10830,FINAL,Monty Tech,4259,1.0,0.0,North Brookfield,4508,2.0,1.0,Colonial,Colonial,4:00 P.M.,,0,2024,1576.6745746586184,1522.0236915605708,1563.237025470474,1535.4612407487152,0.6462095191812508,0.3537904808187492,2.616272077451191,-1.0
2024-10-09,11480,FINAL,Oxford,4303,1.0,0.0,Blackstone-Millville,4486,3.0,1.0,SWCL,Dual Valley,,,0,2024,1357.4447699699485,1338.7965952397283,1337.751261142421,1358.4901040672557,0.5975268081579147,0.4024731918420853,1.7162043682555066,-2.0
2024-10-09,10711,FINAL,Smith Academy,4538,1.0,0.0,Westfield,4419,2.0,1.0,Valley,Valley,4:00 P.M.,,0,2024,1500.0244049825742,1595.3386773004243,1490.9756154970066,1604.3874667859918,0.43515479056254996,0.5648452094374501,-1.1328568079462513,-1.0
2024-10-09,10493,FINAL,Northeast,4293,0.0,2.0,Everett,4132,0.0,2.0,Independent,Greater Boston,4:00 P.M.,,0,2024,1265.8565964546785,1547.5081515387983,1265.8565964546785,1547.5081515387983,0.2085820792590531,0.7914179207409469,-5.7912888771029944,0.0
2024-10-09,10488,FINAL,Whitman-Hanson,4427,0.0,0.0,Duxbury,4123,6.0,1.0,Patriot,Patriot,4:00 P.M.,,0,2024,1382.1310150981908,1623.1896155619472,1367.5499230302808,1637.7707076298573,0.24977330145465834,0.7502266985453416,-4.776465011593911,-6.0
2024-10-09,9834,FINAL,Newton North,4279,0.0,2.0,Wellesley,4413,0.0,2.0,Bay State,Bay State,4:30 P.M.,,0,2024,1516.008384987873,1588.7425581778612,1516.008384987873,1588.7425581778612,0.46732950923061667,0.5326704907693833,-0.5683543297497067,0.0
2024-10-09,11023,FINAL,Triton,4395,1.0,0.0,Manchester Essex,4229,4.0,1.0,Cape Ann,Cape Ann,4:00 P.M.,,0,2024,1405.4645066797823,1626.316522987734,1394.1441428472838,1637.6368868202326,0.272197212703404,0.727802787296596,-4.271300407698794,-3.0
2024-10-09,10975,FINAL,Oakmont,4299,2.0,1.0,Quabbin,4325,1.0,0.0,Mid-Wach,Mid-Wach,6:45 P.M.,,0,2024,1446.2281376403935,1533.5924252297364,1457.739202127925,1522.0813607422049,0.4464348116161748,0.5535651883838252,-0.9341071897335723,1.0
2024-10-09,10965,FINAL,North Reading,4288,4.0,1.0,Hamilton-Wenham,4163,0.0,0.0,Cape Ann,Cape Ann,4:30 P.M.,,0,2024,1625.265443382065,1464.6711918817186,1636.33668181773,1453.5999534460536,0.7707017597027415,0.22929824029725854,5.264856287508661,4.0
2024-10-09,9534,FINAL,Nashoba,4267,2.0,2.0,Algonquin,4005,2.0,2.0,Mid-Wach,Mid-Wach,7:00 P.M.,,0,2024,1611.311990676144,1674.630650954507,1611.311990676144,1674.630650954507,0.48084229034338527,0.5191577096566147,-0.33296650695907604,0.0
2024-10-09,9540,FINAL,Uxbridge,4398,4.0,1.0,Andover,4009,0.0,0.0,SWCL,Merrimack Valley,7:00 P.M.,,0,2024,1744.926393907254,1678.0630425849256,1761.2406944011261,1661.7487420910534,0.6621118390084691,0.33788816099153085,2.9215837830582077,4.0
2024-10-09,9625,FINAL,Walpole,4404,9.0,1.0,Braintree,4051,0.0,0.0,Bay State,Bay State,4:00 P.M.,,0,2024,1711.4767372340411,1385.530584478828,1718.593045465093,1378.4142762477761,0.8969808867910506,0.10301911320894941,9.39865381888033,9.0
2024-10-09,9654,FINAL,Central Catholic,4081,1.0,1.0,Masconomet,4236,0.0,0.0,Merrimack Valley,Northeastern,7:00 P.M.,,0,2024,1690.6942778456125,1599.9004951023098,1697.0945798120501,1593.5001931358722,0.6922105364276153,0.3077894635723847,3.5198445685825677,1.0
2024-10-09,9672,FINAL,Concord-Carlisle,4097,6.0,1.0,Westford,4421,1.0,0.0,Dual County,Dual County,4:30 P.M.,,0,2024,1543.7538566836186,1411.5352103895962,1557.698924898989,1397.5901421742258,0.7405703080339899,0.25942969196601007,4.55546615735056,5.0
2024-10-09,9708,FINAL,Essex Tech,4745,5.0,1.0,Rockport,4490,0.0,0.0,Cape Ann,Cape Ann,4:00 P.M.,,0,2024,1487.5961142942824,1452.7121461392721,1508.0337843482655,1432.274476085289,0.6197839720307946,0.3802160279692054,2.122099203875257,5.0
2024-10-09,9725,FINAL,Haverhill,4167,0.0,0.0,Tewksbury,4389,6.0,1.0,Merrimack Valley,Merrimack Valley,6:30 P.M.,,0,2024,1362.1122748697207,1541.7474693224324,1343.3357343732994,1560.5240098188538,0.32164110121831313,0.6783588987816869,-3.240879861317791,-6.0
2024-10-09,9744,FINAL,Lincoln-Sudbury,4211,9.0,1.0,Wayland,4411,0.0,0.0,Dual County,Dual County,4:00 P.M.,,0,2024,1630.08484577147,1391.2263260895757,1641.094843752312,1380.2163281087337,0.840613954371814,0.15938604562818603,7.221462992047361,9.0
2024-10-09,9749,FINAL,Dracut,4119,0.0,0.0,Lowell,4216,4.0,1.0,Merrimack Valley,Merrimack Valley,5:00 P.M.,,0,2024,1320.3553955231398,1516.0212352324509,1305.7812953779273,1530.5953353776633,0.3018465853330264,0.6981534146669737,-3.6416459927327764,-4.0
2024-10-09,9757,FINAL,Plymouth North,4315,0.0,0.0,Marshfield,4234,2.0,1.0,Patriot,Patriot,4:00 P.M.,,0,2024,1365.943476602074,1462.8337444149558,1351.6749344897003,1477.1022865273296,0.4329262245819834,0.5670737754180166,-1.172256695322045,-2.0
2024-10-09,9768,FINAL,Natick,4270,8.0,1.0,Framingham,4143,0.0,0.0,Bay State,Bay State,6:30 P.M.,,0,2024,1630.900437312713,1233.8918883423664,1635.5728828160543,1229.219442839025,0.9291159469763757,0.07088405302362433,11.175213724258663,8.0
2024-10-09,9775,FINAL,Needham,4272,5.0,1.0,Weymouth,4425,0.0,0.0,Bay State,Bay State,4:00 P.M.,,0,2024,1470.3775832922304,1283.296203713617,1481.314628235613,1272.3591587702342,0.7965306331343179,0.20346936686568207,5.927034489465337,5.0
2024-10-09,9781,FINAL,Brockton,4058,0.0,0.0,New Bedford,4273,4.0,1.0,Big Three,Big Three,6:30 P.M.,,0,2024,1326.1643702244487,1482.7770411680433,1309.2067077623958,1499.7347036300962,0.3512129365381223,0.6487870634618778,-2.665316773589865,-4.0
2024-10-09,9788,FINAL,Newton South,4280,0.0,0.0,Waltham,4405,4.0,1.0,Dual County,Dual County,6:00 P.M.,,0,2024,1381.3671149428023,1544.0659841161616,1364.7928663165537,1560.6402327424103,0.3432719895188298,0.6567280104811701,-2.8174717293339824,-4.0
2024-10-09,9793,FINAL,Lynnfield,4223,2.0,1.0,North Andover,4283,1.0,0.0,Cape Ann,Merrimack Valley,6:00 P.M.,,0,2024,1545.547878737184,1481.287790684068,1552.6439487590826,1474.1917206621695,0.658751165653533,0.341248834346467,2.8565022013278965,1.0
2024-10-09,10838,FINAL,Newburyport,4276,7.0,1.0,Amesbury,4007,0.0,0.0,Cape Ann,Cape Ann,5:15 P.M.,,0,2024,1625.5738405334273,1377.7474820974667,1635.0929300858277,1368.2283925450663,0.8474095189886,0.15259048101140005,7.445658960899015,7.0
2024-10-10,12068,FINAL,Hampshire,4518,2.0,1.0,Holyoke,4176,1.0,0.0,County,County,,,0,2024,1390.897527394938,1427.2771053217589,1400.8873448963818,1417.287287820315,0.5195913277093733,0.48040867229062667,0.3405105518294761,1.0
2024-10-10,12054,FINAL,Minnechaug,4254,1.0,2.0,Frontier,4146,1.0,2.0,Suburban,Suburban,,,0,2024,1520.4464934476923,1652.8744017377899,1520.4464934476923,1652.8744017377899,0.38355332049426977,0.6164466795057302,-2.0606977072524386,0.0
2024-10-10,11146,FINAL,Carver,4077,0.0,0.0,Norwell,4296,2.0,1.0,South Shore,South Shore,4:00 P.M.,,0,2024,1384.5449377346024,1556.3996268427684,1373.6195554325698,1567.325009144801,0.33149038457348934,0.6685096154265107,-3.04636722770415,-2.0
2024-10-10,11525,FINAL,Worcester South,4444,0.0,0.0,Tantasqua,4387,1.0,1.0,Inter-High,SWCL,,,0,2024,1482.0508277897352,1457.912106357452,1469.4680493987403,1470.494884748447,0.6051037328431036,0.3948962671568964,1.8534680358070772,-1.0
2024-10-10,10478,FINAL,Foxborough,4142,0.0,0.0,Canton,4071,2.0,1.0,Hockomock,Hockomock,5:45 P.M.,,0,2024,1590.4855354189556,1685.3878933308174,1576.1243316018479,1699.749097147925,0.4357377018638197,0.5642622981361802,-1.1225589477965456,-2.0
2024-10-10,9827,FINAL,Westwood,4424,0.0,0.0,Walpole,4404,5.0,1.0,Tri-Valley,Bay State,3:45 P.M.,,0,2024,1530.4157895801334,1718.593045465093,1513.6982575247725,1735.310577520454,0.31100774299360195,0.688992257006398,-3.454431397123989,-5.0
2024-10-10,9813,FINAL,Notre Dame (Worcester),4451,1.0,2.0,Shrewsbury,4348,1.0,2.0,Central Mass.,Mid-Wach,3:45 P.M.,,0,2024,1466.126928110022,1364.6481204447202,1466.126928110022,1364.6481204447202,0.7051579666401875,0.2948420333598125,3.7869701916325424,0.0
2024-10-10,9750,FINAL,Greater Lowell,4155,0.0,0.0,Lowell,4216,4.0,1.0,Independent,Merrimack Valley,6:00 P.M.,,0,2024,1389.4713885996325,1530.5953353776633,1371.5202717413745,1548.5464522359214,0.3717885339465881,0.6282114660534119,-2.2780986694507703,-4.0
2024-10-10,9737,FINAL,Woburn,4438,0.0,0.0,Lexington,4209,4.0,1.0,Middlesex,Middlesex,4:00 P.M.,,0,2024,1315.9874449696206,1509.2095033101061,1301.269810496446,1523.9271377832806,0.30481934840873853,0.6951806515912615,-3.5805514585121387,-4.0
2024-10-10,9719,FINAL,Franklin,4144,2.0,1.0,King Philip,4197,1.0,0.0,Hockomock,Hockomock,3:45 P.M.,,0,2024,1705.125601578188,1573.8779128474998,1710.5426503673887,1568.4608640582992,0.7394950191855543,0.26050498081444573,4.531192218267205,1.0
2024-10-10,9677,FINAL,Somerset Berkley,4350,2.0,1.0,Durfee,4122,0.0,0.0,South Coast,Big Three,3:30 P.M.,,0,2024,1672.1644258116057,1596.2261162093218,1682.9188032239156,1585.471738797012,0.6736981273788625,0.3263018726211375,3.148457740057097,2.0
2024-10-10,10504,FINAL,Grafton,4153,0.0,0.0,Hopedale,4507,1.0,1.0,SWCL,Dual Valley,3:30 P.M.,,0,2024,1513.2550042161286,1509.5168261885333,1501.2623533333629,1521.509477071299,0.5767245985226287,0.4232754014773713,1.3434544506898818,-1.0
2024-10-10,9673,FINAL,Concord-Carlisle,4097,2.0,1.0,Needham,4272,0.0,0.0,Dual County,Bay State,4:30 P.M.,,0,2024,1557.698924898989,1481.314628235613,1568.4347099432835,1470.5788431913186,0.6742622441349776,0.3257377558650224,3.1596074165843957,2.0
2024-10-10,9619,FINAL,Dover-Sherborn,4118,2.0,1.0,Bishop Feehan,4042,0.0,0.0,Tri-Valley,Catholic Central,3:30 P.M.,,0,2024,1533.8394265770555,1602.2767113909845,1551.1922880541247,1584.9238499139153,0.4734914929783281,0.526508507021672,-0.46093212034822384,2.0
2024-10-10,9594,FINAL,Bishop Fenwick,4043,0.0,0.0,Beverly,4038,2.0,1.0,Catholic Central,Northeastern,5:00 P.M.,,0,2024,1476.0636377916503,1683.4182147344566,1466.5762788645889,1692.905573661518,0.28785887508332236,0.7121411249166776,-3.9338644235701565,-2.0
2024-10-10,9566,FINAL,Barnstable,4024,1.0,0.0,Falmouth,4134,2.0,1.0,Cape &#38; Islands,Cape &#38; Islands,4:00 P.M.,,0,2024,1369.5776992846406,1482.8102532867706,1361.0521421993444,1491.3358103720668,0.40999263092575167,0.5900073690742483,-1.5808138500532494,-1.0
2024-10-10,9556,FINAL,Taunton,4388,0.0,0.0,Attleboro,4018,5.0,1.0,Hockomock,Hockomock,3:45 P.M.,,0,2024,1377.8418345285918,1542.015821527624,1359.4927701016074,1560.3648859546083,0.34136026146577914,0.6586397385342209,-2.854349674975805,-5.0
2024-10-10,9548,FINAL,Arlington,4013,0.0,0.0,Winchester,4434,5.0,1.0,Middlesex,Middlesex,4:15 P.M.,,0,2024,1579.5923129756904,1633.6767278007871,1553.0318623145126,1660.237178461965,0.49412232533311573,0.5058776746668843,-0.10211037062741753,-5.0
2024-10-10,9535,FINAL,Algonquin,4005,2.0,0.0,Lincoln-Sudbury,4211,5.0,1.0,Mid-Wach,Dual County,4:30 P.M.,,0,2024,1674.630650954507,1641.094843752312,1648.930688577588,1666.7948061292311,0.6179534712035682,0.38204652879643175,2.0883951800548743,-3.0
2024-10-10,9526,FINAL,Sutton,4512,4.0,1.0,Acton-Boxborough,4003,1.0,0.0,Dual Valley,Dual County,4:15 P.M.,,0,2024,1661.0043863461274,1510.5843495555725,1670.9778871630558,1500.610848738644,0.760187997185255,0.23981200281474502,5.010500919763871,3.0
2024-10-10,9644,FINAL,Brookline,4059,0.0,0.0,Weston,4423,2.0,1.0,Bay State,Dual County,4:00 P.M.,,0,2024,1530.455987169225,1462.0791383682335,1508.5697118125968,1483.9654137248617,0.6640582118119757,0.33594178818802434,2.9594212200247854,-2.0
2024-10-10,11776,FINAL,Cohasset,4094,9.0,1.0,East Bridgewater,4126,0.0,0.0,South Shore,South Shore,,,0,2024,1633.4816807237771,1411.074684935486,1645.3966825243167,1399.1596831349464,0.8275126822052794,0.1724873177947206,6.810174894707279,9.0
2024-10-10,10536,FINAL,Greenfield,4157,1.0,0.0,Longmeadow,4214,4.0,1.0,Suburban,Suburban,4:00 P.M.,,0,2024,1555.8963145321334,1631.2737378204342,1536.6180714204104,1650.5519809321572,0.46354376223890814,0.5364562377610919,-0.6344355822075215,-3.0
2024-10-10,10550,FINAL,Malden Catholic,4228,1.0,1.0,Arlington Catholic,4014,0.0,0.0,Independent,Catholic Central,4:00 P.M.,,0,2024,1636.2523309658034,1306.4470835402512,1638.3522417466763,1304.3471727593783,0.899015637670842,0.10098436232915797,9.495131185638803,1.0
2024-10-10,11135,FINAL,Nantucket,4265,2.0,1.0,St. John Paul II,4689,0.0,0.0,Cape &#38; Islands,Cape &#38; Islands,3:45 P.M.,,0,2024,1562.914832840718,1519.4411445051992,1575.0644360414558,1507.2915413044614,0.6313651526245809,0.3686348473754191,2.3368422083879694,2.0
2024-10-10,11038,FINAL,Wilmington,4432,0.0,0.0,Stoneham,4380,2.0,1.0,Middlesex,Middlesex,4:00 P.M.,,0,2024,1318.1640353411005,1418.9049801879285,1304.0745740109055,1432.9944415181235,0.427492679492846,0.572507320507154,-1.2685236211706978,-2.0
2024-10-10,11035,FINAL,Burlington,4065,0.0,0.0,Watertown,4409,7.0,1.0,Middlesex,Middlesex,4:15 P.M.,,0,2024,1448.3837424865287,1710.3930311212207,1434.1689762891463,1724.6077973186032,0.22786191889288468,0.7721380811071153,-5.300232215867299,-7.0
2024-10-10,10989,FINAL,St. Bernard’s,4365,8.0,1.0,Worcester Tech/Worcester North,4445,0.0,0.0,Central Mass.,Colonial,6:30 P.M.,,0,2024,1486.0783507568287,1320.221745415897,1500.8429662121123,1305.4571299606134,0.7760111307756673,0.2239888692243327,5.396415133523294,8.0
2024-10-10,10835,FINAL,Nauset,4271,1.0,0.0,Monomoy,4706,5.0,1.0,Cape &#38; Islands,Cape &#38; Islands,4:00 P.M.,,0,2024,1498.2454895853764,1731.2180802963528,1485.759628326702,1743.703941555027,0.25859672626929103,0.741403273730709,-4.5743147677744105,-4.0
2024-10-10,10831,FINAL,Monty Tech,4259,2.0,0.0,Quaboag,4510,4.0,1.0,Colonial,SWCL,4:00 P.M.,,0,2024,1563.237025470474,1519.6034116024416,1542.421199052717,1540.4192380201987,0.631579391336591,0.368420608663409,2.34084034670081,-2.0
2024-10-10,10820,FINAL,Sturgis East,4456,1.0,1.0,Martha’s Vineyard,4235,0.0,0.0,Cape &#38; Islands,Cape &#38; Islands,4:00 P.M.,,0,2024,1481.2279579318704,1370.2956339206435,1487.1264073772259,1364.397184475288,0.7163445412083789,0.28365545879162113,4.023308100280673,1.0
2024-10-10,10541,FINAL,Malden Catholic,4228,1.0,1.0,Gloucester,4150,0.0,0.0,Independent,Northeastern,4:30 P.M.,,0,2024,1630.191395359992,1525.8851303834997,1636.2523309658034,1519.8241947776883,0.7085306086116202,0.2914693913883798,3.857656624412306,1.0
2024-10-10,10792,FINAL,Fairhaven,4133,8.0,1.0,Wareham/Bourne,4407,0.0,0.0,South Coast,Mayflower,3:30 P.M.,,0,2024,1430.46376139089,1290.520343290259,1447.0074229729917,1273.9766817081575,0.749021837932195,0.250978162067805,4.748585452515778,8.0
2024-10-10,10772,FINAL,Dartmouth,4105,0.0,0.0,Dennis-Yarmouth,4111,1.0,1.0,Southeast,Cape &#38; Islands,4:00 P.M.,,0,2024,1560.3299833367466,1607.8910071086195,1549.8597890750057,1618.3612013703605,0.5035099112852568,0.4964900887147432,0.06097440570317758,-1.0
2024-10-10,10755,FINAL,Blackstone Valley,4046,2.0,1.0,Nipmuc,4281,0.0,0.0,Colonial,Dual Valley,3:30 P.M.,,0,2024,1643.628212633706,1541.7637131720548,1653.330518201444,1532.0614076043169,0.7056193627841666,0.2943806372158334,3.796612486541278,2.0
2024-10-10,10679,FINAL,Northbridge,4292,7.0,1.0,Leicester,4207,0.0,0.0,SWCL,SWCL,6:00 P.M.,,0,2024,1552.5149299470852,1391.2190388347792,1566.7748200835113,1376.9591486983531,0.7714147468506283,0.22858525314937173,5.282397277807649,7.0
2024-10-10,10645,FINAL,Belmont,4034,2.0,1.0,Reading,4328,1.0,0.0,Middlesex,Middlesex,4:15 P.M.,,0,2024,1661.4060926401917,1661.7808435501597,1670.328253830605,1652.8586823597464,0.570934743219287,0.42906525678071294,1.2406312272507989,1.0
2024-10-10,10591,FINAL,Milford,4249,2.0,1.0,Sharon,4345,0.0,0.0,Hockomock,Hockomock,3:45 P.M.,,0,2024,1328.9274823152923,1301.9599205733498,1341.8145953490964,1289.0728075395457,0.6089881399552516,0.3910118600447484,1.924189043548563,2.0
2024-10-10,10585,FINAL,Sandwich,4340,7.0,1.0,Middleborough,4247,0.0,0.0,South Shore,South Shore,4:00 P.M.,,0,2024,1730.5268393230276,1441.4824715656043,1738.2853510345517,1433.7239598540802,0.8756314847678374,0.12436851523216264,8.476109193935581,7.0
2024-10-10,10578,FINAL,Melrose,4244,2.0,1.0,Wakefield,4402,1.0,0.0,Middlesex,Middlesex,4:15 P.M.,,0,2024,1381.7178309900394,1340.8122638738405,1389.4550626282828,1333.075032235597,0.6279178095099023,0.3720821904900977,2.272639177904972,1.0
2024-10-10,10777,FINAL,Dighton-Rehoboth,4114,2.0,1.0,West Bridgewater,4415,1.0,0.0,South Coast,South Coast,3:45 P.M.,,0,2024,1441.7851671117387,1580.9858210650589,1454.7946102284657,1567.976377948332,0.3743780310256959,0.6256219689743041,-2.2300163488330043,1.0
2024-10-10,9867,FINAL,Old Rochester,4301,1.0,2.0,Bishop Stang,4045,1.0,2.0,South Coast,Catholic Central,3:30 P.M.,,0,2024,1477.7325127037554,1459.1863813025923,1477.7325127037554,1459.1863813025923,0.5973855350378617,0.40261446496213826,1.713653285029079,0.0
2024-10-11,9869,FINAL,Bishop Stang,4045,0.0,2.0,Joseph Case,4078,0.0,2.0,Catholic Central,South Coast,3:30 P.M.,,0,2024,1459.1863813025923,1485.8371430482275,1459.1863813025923,1485.8371430482275,0.5335517585927554,0.4664482414072446,0.5837309563591191,0.0
2024-10-11,12498,FINAL,Triton,4395,4.0,1.0,Bishop Fenwick,4043,0.0,0.0,Cape Ann,Catholic Central,,,0,2024,1394.1441428472838,1466.5762788645889,1419.842246689834,1440.8781750220387,0.46776234435610126,0.5322376556438988,-0.5608034004326271,4.0
2024-10-11,10806,FINAL,Hanover,4164,5.0,1.0,Braintree,4051,0.0,0.0,Patriot,Bay State,4:00 P.M.,,0,2024,1585.4893520097253,1378.4142762477761,1595.45786603746,1368.4457622200414,0.8145488796732012,0.18545112032679878,6.426876894048729,5.0
2024-10-11,10821,FINAL,Martha’s Vineyard,4235,1.0,0.0,St. John Paul II,4689,7.0,1.0,Cape &#38; Islands,Cape &#38; Islands,3:00 P.M.,,0,2024,1364.397184475288,1507.2915413044614,1342.8319449101284,1528.856780869621,0.36941136217806897,0.630588637821931,-2.3223589207293345,-6.0
2024-10-11,10839,FINAL,Lynnfield,4223,1.0,1.0,Newburyport,4276,0.0,0.0,Cape Ann,Cape Ann,4:00 P.M.,,0,2024,1552.6439487590826,1635.0929300858277,1564.0093971031201,1623.7274817417901,0.45343746788591366,0.5465625321140863,-0.8112245331686267,1.0
2024-10-11,10972,FINAL,North Middlesex,4286,7.0,1.0,Tyngsborough/Dracut,4397,1.0,0.0,Mid-Wach,Mid-Wach,3:30 P.M.,,0,2024,1664.9620527483987,1547.169820177597,1681.0567061285433,1531.0751667974525,0.7242994768975982,0.2757005231024018,4.19480581427004,6.0
2024-10-11,10981,FINAL,West Bridgewater,4415,2.0,1.0,Pembroke,4308,1.0,0.0,South Coast,Patriot,4:30 P.M.,,0,2024,1567.976377948332,1397.343071757189,1572.5354643982846,1392.7839853072362,0.780754286255634,0.21924571374436597,5.515832654778575,1.0
2024-10-11,10997,FINAL,Manchester Essex,4229,0.0,0.0,Sandwich,4340,4.0,1.0,Cape Ann,South Shore,4:00 P.M.,,0,2024,1637.6368868202326,1738.2853510345517,1616.989907923335,1758.9323299314492,0.42762297605858113,0.5723770239414189,-1.266211605357978,-4.0
2024-10-11,10788,FINAL,East Longmeadow,4127,6.0,1.0,Smith Academy,4538,0.0,0.0,Valley,Valley,4:00 P.M.,,0,2024,1725.3086528115425,1490.9756154970066,1734.8187494808778,1481.4655188276713,0.8370925695284178,0.16290743047158218,7.108325932863397,6.0
2024-10-11,11150,FINAL,Wareham/Bourne,4407,1.0,0.0,Brockton,4058,2.0,1.0,Mayflower,Big Three,3:45 P.M.,,0,2024,1273.9766817081575,1309.2067077623958,1263.137740191418,1320.0456492791352,0.5212429058228509,0.47875709417714907,0.36924934864404124,-1.0
2024-10-11,12063,FINAL,Tewksbury,4389,0.0,0.0,Groton-Dunstable,4160,4.0,1.0,Merrimack Valley,Mid-Wach,,,0,2024,1560.5240098188538,1592.944564325234,1535.161974346204,1618.3065997978838,0.5252772883565799,0.47472271164342006,0.4394861373404922,-4.0
2024-10-11,12077,FINAL,Leicester,4207,2.0,1.0,South High,4962,0.0,0.0,SWCL,Independent,,,0,2024,1376.9591486983531,1371.5639088530033,1390.8329268614598,1357.6901306898967,0.5790514298140533,0.42094857018594667,1.3848809961337452,2.0
2024-10-11,12095,FINAL,Mohawk Trail,4258,1.0,1.0,Mahar,4226,0.0,0.0,Valley,Valley,,,0,2024,1338.2163589597128,1324.5254691851906,1346.7286477145046,1316.0131804303987,0.5906454408949018,0.4093545591050982,1.5922722443630561,1.0
2024-10-11,12103,FINAL,Auburn,4019,3.0,1.0,Marlborough,4233,2.0,0.0,SWCL,Mid-Wach,,,0,2024,1523.3521167446538,1522.9052050173448,1532.250192234795,1514.0071295272037,0.5720930205639263,0.4279069794360737,1.2611727931827261,1.0
2024-10-11,12106,FINAL,St. Bernard’s,4365,1.0,0.0,Maynard,4239,4.0,1.0,Central Mass.,Mid-Wach,,,0,2024,1500.8429662121123,1695.1612627106883,1488.2214304535385,1707.7827984692622,0.3034837841216207,0.6965162158783793,-3.607957412464401,-3.0
2024-10-11,12495,FINAL,Southwick,4519,6.0,1.0,Turners Falls,4396,1.0,0.0,Valley,Valley,,,0,2024,1619.6580585852564,1415.7551809374156,1629.7756985404192,1405.6375409822529,0.8117745875134722,0.1882254124865278,6.34757194119602,5.0
2024-10-11,11560,FINAL,Carver,4077,0.0,0.0,Westport,4461,2.0,1.0,South Shore,Mayflower,,,0,2024,1373.6195554325698,1604.4581527672024,1365.0187760218882,1613.058932177884,0.2609588933055579,0.7390411066944421,-4.520964933365815,-2.0
2024-10-11,12497,FINAL,Tahanto,4513,0.0,0.0,Quabbin,4325,5.0,1.0,Mid-Wach,Mid-Wach,,,0,2024,1381.9754339739884,1522.0813607422049,1361.917137694206,1542.1396570219872,0.37315827680866026,0.6268417231913397,-2.252648169205412,-5.0
2024-10-11,10740,FINAL,Burncoat,4066,0.0,0.0,Bay Path/David Prouty,4027,8.0,1.0,Inter-High,Colonial,3:30 P.M.,,0,2024,1253.5331255422498,1381.951099241922,1227.8898309320525,1407.5943938521193,0.3890255442358343,0.6109744557641656,-1.9604493424918075,-8.0
2024-10-11,10652,FINAL,Silver Lake,4349,1.0,0.0,Scituate,4343,2.0,1.0,Patriot,Patriot,4:00 P.M.,,0,2024,1539.995388355442,1556.5464480649346,1528.6002832129197,1567.9415532074568,0.5479887226508349,0.45201127734916513,0.8362235072626845,-1.0
2024-10-11,9656,FINAL,Central Catholic,4081,3.0,1.0,Doherty,4116,1.0,0.0,Merrimack Valley,Inter-High,4:00 P.M.,,0,2024,1697.0945798120501,1716.5835300034998,1712.1303061618885,1701.5478036536615,0.5437964025183485,0.4562035974816515,0.7627762452137574,2.0
2024-10-11,9663,FINAL,Chelmsford,4085,2.0,2.0,Wachusett,4400,2.0,2.0,Merrimack Valley,Mid-Wach,6:00 P.M.,,0,2024,1531.0441056803168,1532.8989190358695,1531.0441056803168,1532.8989190358695,0.5688463826809417,0.4311536173190583,1.2036296661111805,0.0
2024-10-11,9709,FINAL,Danvers,4103,0.0,2.0,Essex Tech,4745,0.0,2.0,Northeastern,Cape Ann,5:30 P.M.,,0,2024,1434.3810139228162,1508.0337843482655,1434.3810139228162,1508.0337843482655,0.4660134160408505,0.5339865839591496,-0.5913192606362315,0.0
2024-10-11,9726,FINAL,Haverhill,4167,0.0,0.0,Pentucket,4309,6.0,1.0,Merrimack Valley,Cape Ann,4:00 P.M.,,0,2024,1343.3357343732994,1574.6471534105217,1328.132281123537,1589.850606660284,0.2604343141116293,0.7395656858883707,-4.532785475930558,-6.0
2024-10-11,9764,FINAL,Greater Lowell,4155,0.0,0.0,Methuen,4246,6.0,1.0,Independent,Merrimack Valley,4:30 P.M.,,0,2024,1371.5202717413745,1482.6742739655938,1347.4168629971266,1506.7776827098417,0.41289005997098277,0.5871099400290172,-1.5288500556054827,-6.0
2024-10-11,9837,FINAL,Leominster,4208,2.0,2.0,Westford,4421,2.0,2.0,Mid-Wach,Dual County,7:00 P.M.,,0,2024,1425.5982976577502,1397.5901421742258,1425.5982976577502,1397.5901421742258,0.6104135865016159,0.3895864134983841,1.9502038870881109,0.0
2024-10-11,10718,FINAL,Nantucket,4265,7.0,1.0,Whitman-Hanson,4427,0.0,0.0,Cape &#38; Islands,Patriot,3:00 P.M.,,0,2024,1575.0644360414558,1367.5499230302808,1586.6096600596802,1356.0046990120563,0.8149306951439499,0.1850693048560501,6.437862825279376,7.0
2024-10-11,9859,FINAL,Amherst-Pelham,4008,2.0,1.0,Franklin County Tech,4145,1.0,0.0,County,County,4:15 P.M.,,0,2024,1537.8640304512967,1596.9375460140736,1548.532706565298,1586.2688699000723,0.4869451292493213,0.5130548707506787,-0.22683788906942368,1.0
2024-10-11,10501,FINAL,Fitchburg,4139,0.0,0.0,Narragansett,4266,2.0,1.0,Mid-Wach,Mid-Wach,6:00 P.M.,,0,2024,1312.3031387801193,1522.7776423539126,1302.9366581490594,1532.1441229849725,0.28419126952770474,0.7158087304722953,-4.011862589344832,-2.0
2024-10-11,10505,FINAL,Grafton,4153,1.0,1.0,Shepherd Hill,4347,0.0,0.0,SWCL,Mid-Wach,3:30 P.M.,,0,2024,1501.2623533333629,1458.1542630371493,1508.9380878211612,1450.478528549351,0.630875197309095,0.369124802690905,2.3277022574053374,1.0
2024-10-11,10542,FINAL,North Reading,4288,0.0,2.0,Malden Catholic,4228,0.0,2.0,Cape Ann,Independent,4:30 P.M.,,0,2024,1636.33668181773,1638.3522417466763,1636.33668181773,1638.3522417466763,0.5686194212331948,0.43138057876680524,1.1996110017763442,0.0
2024-10-11,10592,FINAL,Milford,4249,1.0,0.0,Bellingham,4033,4.0,1.0,Hockomock,Tri-Valley,3:45 P.M.,,0,2024,1341.8145953490964,1410.4433506071196,1322.134064924513,1430.123881031703,0.473216727426844,0.526783272573156,-0.4657188814505787,-3.0
2024-10-11,10611,FINAL,Westfield,4419,2.0,1.0,Northampton,4291,1.0,0.0,Valley,Valley,4:00 P.M.,,0,2024,1604.3874667859918,1447.9353851158078,1609.2437775478656,1443.079074353934,0.7664608182276325,0.23353918177236754,5.161302041754601,1.0
2024-10-11,10618,FINAL,Northeast,4293,0.0,0.0,Saugus,4341,3.0,1.0,Independent,Northeastern,4:00 P.M.,,0,2024,1265.8565964546785,1396.0807698728704,1249.7801373376335,1412.1572289899154,0.3865571307202479,0.6134428692797521,-2.0056043354547968,-3.0
2024-10-11,10628,FINAL,Notre Dame (Hingham),4449,5.0,1.0,Ursuline,4448,0.0,0.0,Independent,Independent,3:45 P.M.,,0,2024,1655.3330372090704,1418.2072903153112,1663.972561702609,1409.5677658217726,0.8392729857268761,0.16072701427312386,7.178143672343981,5.0
2024-10-11,10494,FINAL,Malden,4227,1.0,1.0,Everett,4132,0.0,0.0,Greater Boston,Greater Boston,4:00 P.M.,,0,2024,1432.7882267224345,1547.5081515387983,1445.1001196714485,1535.1962585897843,0.4079231032833869,0.5920768967166131,-1.617998120409095,1.0
2024-10-11,9637,FINAL,New Bedford,4273,5.0,1.0,Bridgewater-Raynham,4053,1.0,0.0,Big Three,Southeast,4:00 P.M.,,0,2024,1499.7347036300962,1362.2202496429036,1511.9800700628057,1349.974883210194,0.7463842016291311,0.2536157983708689,4.687861349679816,4.0
2024-10-12,9678,FINAL,Durfee,4122,6.0,1.0,Apponequet,4011,1.0,0.0,Big Three,South Coast,2:00 P.M.,,0,2024,1585.471738797012,1530.2851121787921,1604.4510797671617,1511.3057712086425,0.6469142706540019,0.35308572934599813,2.6296656654554966,5.0
2024-10-12,10523,FINAL,Weston,4423,1.0,0.0,Hopkinton,4180,3.0,1.0,Dual County,Tri-Valley,4:00 P.M.,,0,2024,1483.9654137248617,1473.4097596011989,1464.642754889747,1492.7324184363135,0.5862747344816371,0.41372526551836286,1.5138913530915716,-2.0
2024-10-12,9620,FINAL,Arlington Catholic,4014,0.0,0.0,Bishop Feehan,4042,7.0,1.0,Catholic Central,Catholic Central,1:00 P.M.,,0,2024,1304.3471727593783,1584.9238499139153,1291.2713121272561,1597.9997105460375,0.2096053254368667,0.7903946745631333,-5.764416928863426,-7.0
2024-10-12,10634,FINAL,Somerset Berkley,4350,7.0,1.0,Oliver Ames,4302,0.0,0.0,South Coast,Hockomock,11:00 A.M.,,0,2024,1682.9188032239156,1554.2630248786218,1699.3498953035335,1537.8319327990039,0.7366104993371718,0.2633895006628282,4.466394458632346,7.0
2024-10-12,10647,FINAL,Revere,4329,2.0,0.0,Ursuline,4448,8.0,1.0,Greater Boston,Independent,10:00 A.M.,,0,2024,1414.6756218068992,1409.5677658217726,1380.8957033564802,1443.3476842721916,0.5786481365685243,0.4213518634314757,1.3776963996281666,-6.0
2024-10-12,10741,FINAL,Oxford,4303,0.0,0.0,Bay Path/David Prouty,4027,1.0,1.0,SWCL,Colonial,10:00 A.M.,,0,2024,1337.751261142421,1407.5943938521193,1327.9472256602153,1417.398429334325,0.4714744456959293,0.5285255543040708,-0.496078317742456,-1.0
2024-10-12,11579,FINAL,Austin Prep,4020,0.0,0.0,Cushing,4101,6.0,1.0,Independent,Independent,1:00 P.M.,,0,2024,1475.67751566313,1559.6979084524767,1449.3378746025726,1586.037549513034,0.45119659598782136,0.5488034040121786,-0.8505098197336679,-6.0
2024-10-12,11581,FINAL,Sutton,4512,1.0,1.0,Frontier,4146,0.0,0.0,Dual Valley,Suburban,,,0,2024,1670.9778871630558,1652.8744017377899,1679.3627666757468,1644.4895222250989,0.5967725302863089,0.40322746971369106,1.7025871356316487,1.0
2024-10-12,11582,FINAL,Gardner,4147,0.0,0.0,Narragansett,4266,5.0,1.0,Mid-Wach,Mid-Wach,,,0,2024,1388.288433935872,1532.1441229849725,1368.5007870845786,1551.9317698362659,0.3681231994050051,0.6318768005949948,-2.3463922262275103,-5.0
2024-10-13,9758,FINAL,Hingham,4171,5.0,1.0,Marshfield,4234,0.0,0.0,Patriot,Patriot,10:00 A.M.,,0,2024,1710.35450728839,1477.1022865273296,1719.156937035021,1468.2998567806987,0.8362423472978157,0.16375765270218434,7.081305519026512,5.0
2024-10-13,1558,FINAL,Longmeadow,4214,0.0,2.0,Monomoy,4706,0.0,2.0,Suburban,Cape &#38; Islands,1:00 P.M.,,0,2024,1650.5519809321572,1743.703941555027,1650.5519809321572,1743.703941555027,0.4382166995817302,0.5617833004182697,-1.0787990155717466,0.0
2024-10-14,9823,FINAL,Nipmuc,4281,1.0,0.0,Wachusett,4400,4.0,1.0,Dual Valley,Mid-Wach,12:00 P.M.,,0,2024,1532.0614076043169,1532.8989190358695,1508.344043557858,1556.6162830823284,0.5702820582130763,0.4297179417869237,1.229062214211183,-3.0
2024-10-14,945,FINAL,Concord-Carlisle,4097,1.0,1.0,Wellesley,4413,0.0,0.0,Dual County,Bay State,3:00 P.M.,,0,2024,1568.4347099432835,1588.7425581778612,1577.945520008472,1579.2317481126727,0.5426267161371903,0.45737328386280973,0.7423037941355574,1.0
2024-10-14,9549,FINAL,Arlington,4013,0.0,0.0,Belmont,4034,2.0,1.0,Middlesex,Middlesex,10:00 A.M.,,0,2024,1553.0318623145126,1670.328253830605,1539.7052790129983,1683.6548371321194,0.4043459625982874,0.5956540374017125,-1.6824097879023099,-2.0
2024-10-14,9679,FINAL,Durfee,4122,2.0,1.0,Mansfield,4230,0.0,0.0,Big Three,Hockomock,11:00 A.M.,,0,2024,1604.4510797671617,1473.538906158485,1613.049167296458,1464.9408186291885,0.7391227818954441,0.2608772181045559,4.522804340216919,2.0
2024-10-14,9738,FINAL,Lexington,4209,1.0,1.0,Reading,4328,0.0,0.0,Middlesex,Middlesex,10:00 A.M.,,0,2024,1523.9271377832806,1652.8586823597464,1536.6466014311488,1640.1392187118781,0.38832309574843127,0.6116769042515687,-1.9732886144116435,1.0
2024-10-14,9765,FINAL,Methuen,4246,7.0,1.0,Revere,4329,1.0,0.0,Merrimack Valley,Greater Boston,10:00 A.M.,,0,2024,1506.7776827098417,1380.8957033564802,1522.335180655111,1365.338205411211,0.7335009198168452,0.2664990801831548,4.397049483834036,6.0
2024-10-14,9786,FINAL,Newton North,4279,1.0,1.0,Waltham,4405,0.0,0.0,Bay State,Dual County,11:00 A.M.,,0,2024,1516.008384987873,1560.6402327424103,1526.2449604661806,1550.4036572641025,0.5077247773919913,0.4922752226080087,0.13420380613656563,1.0
2024-10-14,9800,FINAL,Masconomet,4236,4.0,1.0,Peabody,4306,0.0,0.0,Northeastern,Northeastern,10:00 A.M.,,0,2024,1593.5001931358722,1482.2751925364162,1607.1794454294413,1468.595940242847,0.7166867557116935,0.2833132442883065,4.030625014986401,4.0
2024-10-14,12098,FINAL,Mahar,4226,1.0,2.0,Palmer,4304,1.0,2.0,Valley,County,,,0,2024,1316.0131804303987,1331.499113580694,1316.0131804303987,1331.499113580694,0.5495069914812597,0.4504930085187403,0.8628516712426176,0.0
2024-10-14,9843,FINAL,Woburn,4438,0.0,0.0,Winchester,4434,8.0,1.0,Middlesex,Middlesex,5:30 P.M.,,0,2024,1301.269810496446,1660.237178461965,1291.7460849850809,1669.7609039733302,0.14448114240118964,0.8555188575988104,-7.724184199137971,-8.0
2024-10-14,10543,FINAL,North Andover,4283,0.0,0.0,Malden Catholic,4228,3.0,1.0,Merrimack Valley,Independent,5:45 P.M.,,0,2024,1474.1917206621695,1638.3522417466763,1459.9942216675356,1652.5497407413102,0.3413776898764069,0.6586223101235931,-2.8540130271126714,-3.0
2024-10-14,12050,FINAL,Smith Academy,4538,0.0,0.0,Franklin County Tech,4145,2.0,1.0,Valley,County,,,0,2024,1481.4655188276713,1586.2688699000723,1467.564361243952,1600.1700274837917,0.421779297607416,0.578220702392584,-1.3700837768100258,-2.0
2024-10-14,11592,FINAL,Quaboag,4510,0.0,0.0,Quabbin,4325,4.0,1.0,SWCL,Mid-Wach,10:00 A.M.,,0,2024,1540.4192380201987,1542.1396570219872,1512.9443891244598,1569.614505917726,0.5690361146889714,0.4309638853110286,1.206989524955287,-4.0
2024-10-14,11591,FINAL,Leicester,4207,1.0,0.0,Tahanto,4513,3.0,1.0,SWCL,Mid-Wach,1:00 P.M.,,0,2024,1390.8329268614598,1361.917137694206,1370.6737639706498,1382.076300585016,0.6116553613058433,0.3883446386941567,1.9728947291813426,-2.0
2024-10-14,11136,FINAL,Rockport,4490,0.0,0.0,Lynnfield,4223,4.0,1.0,Cape Ann,Cape Ann,4:00 P.M.,,0,2024,1432.274476085289,1564.0093971031201,1413.7097568276295,1582.5741163607797,0.38449695416918117,0.6155030458308188,-2.043373025445777,-4.0
2024-10-14,11036,FINAL,Wilmington,4432,0.0,0.0,Watertown,4409,7.0,1.0,Middlesex,Middlesex,10:00 A.M.,,0,2024,1304.0745740109055,1724.6077973186032,1297.4660515561454,1731.2163197733632,0.10593425081206248,0.8940657491879376,-9.263330582692442,-7.0
2024-10-14,11024,FINAL,Triton,4395,2.0,0.0,North Reading,4288,4.0,1.0,Cape Ann,Cape Ann,11:00 A.M.,,0,2024,1419.842246689834,1636.33668181773,1410.7063567366592,1645.4725717709048,0.27719484685085255,0.7228051531491475,-4.162360878197404,-2.0
2024-10-14,10756,FINAL,Blackstone Valley,4046,1.0,0.0,Sutton,4512,2.0,1.0,Colonial,Dual Valley,3:30 P.M.,,0,2024,1653.330518201444,1679.3627666757468,1642.2171974909384,1690.4760873862524,0.5344377558951633,0.4655622441048367,0.5991937881424292,-1.0
2024-10-14,10749,FINAL,Belchertown,4032,1.0,0.0,Frontier,4146,2.0,1.0,County,Suburban,11:00 A.M.,,0,2024,1616.0318872274927,1644.4895222250989,1604.990836851058,1655.5305726015335,0.5309622874762501,0.46903771252374993,0.5385591250598452,-1.0
2024-10-14,10707,FINAL,Westborough,4418,2.0,0.0,Oakmont,4299,3.0,1.0,Mid-Wach,Mid-Wach,11:00 A.M.,,0,2024,1502.5916003495247,1457.739202127925,1489.424360585106,1470.9064418923438,0.6332103836774351,0.3667896163225649,2.3713099555399935,-1.0
2024-10-14,10703,FINAL,West Springfield,4417,0.0,0.0,Greenfield,4157,5.0,1.0,Suburban,Suburban,1:00 P.M.,,0,2024,1278.165190545334,1536.6180714204104,1265.7222869509794,1549.060975014765,0.23148389070540135,0.7685161092945987,-5.211322021876907,-5.0
2024-10-14,10629,FINAL,Falmouth,4134,1.0,0.0,Notre Dame (Hingham),4449,4.0,1.0,Cape &#38; Islands,Independent,10:00 A.M.,,0,2024,1491.3358103720668,1663.972561702609,1477.590972171288,1677.7173999033878,0.33049349850141346,0.6695065014985866,-3.0659187832635553,-3.0
2024-10-14,10594,FINAL,Milton,4252,0.0,0.0,Dedham,4108,1.0,1.0,Bay State,Tri-Valley,10:00 A.M.,,0,2024,1455.5416171963122,1626.4552318784079,1448.62348221356,1633.37336686116,0.3326919677272359,0.667308032272764,-3.0228403670523902,-1.0
2024-10-14,10579,FINAL,Burlington,4065,1.0,2.0,Melrose,4244,1.0,2.0,Middlesex,Middlesex,4:15 P.M.,,0,2024,1434.1689762891463,1389.4550626282828,1434.1689762891463,1389.4550626282828,0.633025214706062,0.366974785293938,2.3678478415215864,0.0
2024-10-14,10568,FINAL,Marblehead,4231,3.0,1.0,Swampscott,4383,1.0,0.0,Northeastern,Northeastern,6:00 P.M.,,0,2024,1364.0032403473015,1478.880274365031,1383.5243275049522,1459.3591872073803,0.4077046907568294,0.5922953092431706,-1.621925850443239,2.0
2024-10-14,10557,FINAL,St. Mary’s,4374,13.0,1.0,Arlington Catholic,4014,0.0,0.0,Catholic Central,Catholic Central,12:00 P.M.,,0,2024,1601.3334599489385,1291.2713121272561,1610.1832942208016,1282.421477855393,0.8882197546758959,0.11178024532410413,9.00155369554206,13.0
2024-10-14,9851,FINAL,Minnechaug,4254,0.0,0.0,Agawam,4004,1.0,1.0,Suburban,Suburban,11:00 A.M.,,0,2024,1520.4464934476923,1524.2936343031627,1508.6762021881812,1536.0639255626738,0.5660313609971842,0.4339686390028158,1.1538214786132415,-1.0
2024-10-15,12121,FINAL,Quaboag,4510,5.0,1.0,Oxford,4303,0.0,0.0,SWCL,SWCL,,,0,2024,1512.9443891244598,1327.9472256602153,1523.9863263508034,1316.9052884338716,0.7945792498755272,0.2054207501244728,5.874929086606113,5.0
2024-10-15,10733,FINAL,Tantasqua,4387,0.0,0.0,Auburn,4019,5.0,1.0,SWCL,SWCL,4:00 P.M.,,0,2024,1470.494884748447,1532.250192234795,1444.527495014093,1558.217581969149,0.4830892051513611,0.5169107948486389,-0.29388268715869686,-5.0
2024-10-15,12075,FINAL,Northbridge,4292,4.0,0.0,Hopedale,4507,6.0,1.0,SWCL,Dual Valley,,,0,2024,1566.7748200835113,1521.509477071299,1545.8870484815732,1542.397248673237,0.6337623022968722,0.36623769770312775,2.381633575305307,-2.0
2024-10-15,10517,FINAL,Holyoke,4176,4.0,1.0,Palmer,4304,0.0,0.0,County,County,6:00 P.M.,,0,2024,1417.287287820315,1331.499113580694,1432.4463737518743,1316.3400276491348,0.6860376778243676,0.31396232217563236,3.394704355990524,4.0
2024-10-15,12085,FINAL,Longmeadow,4214,1.0,2.0,Minnechaug,4254,1.0,2.0,Suburban,Suburban,,,0,2024,1650.5519809321572,1508.6762021881812,1650.5519809321572,1508.6762021881812,0.7511071376901827,0.24889286230981733,4.796894468599402,0.0
2024-10-15,10506,FINAL,Bay Path/David Prouty,4027,0.0,0.0,Grafton,4153,4.0,1.0,Colonial,SWCL,3:30 P.M.,,0,2024,1417.398429334325,1508.9380878211612,1396.129569445276,1530.2069477102102,0.4405028555773292,0.5594971444226708,-1.0384914621709016,-4.0
2024-10-15,10479,FINAL,Canton,4071,5.0,1.0,North Attleborough,4284,0.0,0.0,Hockomock,Hockomock,6:00 P.M.,,0,2024,1699.749097147925,1545.8003770242085,1712.4416636159679,1533.1078105561658,0.763871459199245,0.23612854080075496,5.098718003092915,5.0
2024-10-15,9870,FINAL,Bishop Fenwick,4043,0.0,0.0,Bishop Stang,4045,1.0,1.0,Catholic Central,Catholic Central,3:30 P.M.,,0,2024,1440.8781750220387,1459.1863813025923,1429.5351939650072,1470.5293623596237,0.5454820839958895,0.4545179160041105,0.7922948429861606,-1.0
2024-10-15,9839,FINAL,Weymouth,4425,3.0,1.0,Brockton,4058,0.0,0.0,Bay State,Big Three,3:45 P.M.,,0,2024,1272.3591587702342,1320.0456492791352,1293.0151100560936,1299.3896979932758,0.5033293585841103,0.4966706414158897,0.0578377372774753,3.0
2024-10-15,9751,FINAL,Lowell,4216,1.0,2.0,Everett,4132,1.0,2.0,Merrimack Valley,Greater Boston,5:30 P.M.,,0,2024,1548.5464522359214,1535.1962585897843,1548.5464522359214,1535.1962585897843,0.5901711700177351,0.4098288299822649,1.5837548411534272,0.0
2024-10-15,10551,FINAL,Malden,4227,3.0,1.0,Northeast,4293,0.0,0.0,Greater Boston,Independent,4:00 P.M.,,0,2024,1445.1001196714485,1249.7801373376335,1453.2470046313913,1241.6332523776907,0.804108824493293,0.19589117550670698,6.132999558345375,3.0
2024-10-15,9731,FINAL,Sharon,4345,1.0,0.0,King Philip,4197,5.0,1.0,Hockomock,Hockomock,3:45 P.M.,,0,2024,1289.0728075395457,1568.4608640582992,1278.89756413538,1578.636107462465,0.21074113982184853,0.7892588601781515,-5.734701412968837,-4.0
2024-10-15,9664,FINAL,Nashoba,4267,4.0,1.0,Chelmsford,4085,1.0,0.0,Mid-Wach,Merrimack Valley,6:30 P.M.,,0,2024,1611.311990676144,1531.0441056803168,1624.6556407813164,1517.7004555751444,0.6791530360985021,0.3208469639014979,3.2566971248956804,3.0
2024-10-15,9626,FINAL,Medfield,4241,4.0,1.0,Braintree,4051,0.0,0.0,Tri-Valley,Bay State,6:30 P.M.,,0,2024,1604.4781242193826,1368.4457622200414,1612.2796099474795,1360.6442764919445,0.8384221458555082,0.16157785414449177,7.150809049983531,4.0
2024-10-15,9595,FINAL,Danvers,4103,0.0,0.0,Beverly,4038,3.0,1.0,Northeastern,Northeastern,5:30 P.M.,,0,2024,1434.3810139228162,1692.905573661518,1424.756922005709,1702.5296655786253,0.23141049469783934,0.7685895053021606,-5.213113993467545,-3.0
2024-10-15,9575,FINAL,Belmont,4034,6.0,1.0,Dover-Sherborn,4118,2.0,0.0,Middlesex,Tri-Valley,6:30 P.M.,,0,2024,1683.6548371321194,1551.1922880541247,1696.1678967020994,1538.6792284841447,0.7408399650315325,0.2591600349684675,4.561563726949868,4.0
2024-10-15,9567,FINAL,Barnstable,4024,2.0,2.0,St. John Paul II,4689,2.0,2.0,Cape &#38; Islands,Cape &#38; Islands,4:00 P.M.,,0,2024,1361.0521421993444,1528.856780869621,1361.0521421993444,1528.856780869621,0.3366770055953879,0.6633229944046122,-2.945115966756913,0.0
2024-10-15,9557,FINAL,Attleboro,4018,6.0,1.0,Milford,4249,0.0,0.0,Hockomock,Hockomock,5:15 P.M.,,0,2024,1560.3648859546083,1322.134064924513,1569.6977101338985,1312.801240745223,0.8401292374878163,0.15987076251218368,7.205770525752382,6.0
2024-10-15,4903,FINAL,North Brookfield,4508,4.0,1.0,Worcester Tech/Worcester North,4445,0.0,0.0,Colonial,Colonial,3:30 P.M.,,0,2024,1535.4612407487152,1305.4571299606134,1543.492380163613,1297.4259905457156,0.8336657505735108,0.16633424942648922,7.000102769702545,4.0
2024-10-15,9720,FINAL,Taunton,4388,0.0,0.0,Franklin,4144,10.0,1.0,Hockomock,Hockomock,3:45 P.M.,,0,2024,1359.4927701016074,1710.5426503673887,1348.6873868866303,1721.3480335823658,0.1502064934132457,0.8497935065867543,-7.52624700664453,-10.0
2024-10-15,10562,FINAL,Mansfield,4230,0.0,2.0,Stoughton,4381,0.0,2.0,Hockomock,Hockomock,5:00 P.M.,,0,2024,1464.9408186291885,1380.9200738528127,1464.9408186291885,1380.9200738528127,0.6838421328619,0.3161578671381,3.3505186194093937,0.0
2024-10-15,10516,FINAL,Mohawk Trail,4258,1.0,2.0,Hampshire,4518,1.0,2.0,Valley,County,5:00 P.M.,,0,2024,1346.7286477145046,1400.8873448963818,1346.7286477145046,1400.8873448963818,0.4940154394712078,0.5059845605287923,-0.10396742954692968,0.0
2024-10-15,10613,FINAL,Greenfield,4157,3.0,1.0,Northampton,4291,1.0,0.0,Suburban,Valley,4:00 P.M.,,0,2024,1549.060975014765,1443.079074353934,1558.6018102693604,1433.5382390993386,0.7105185832161003,0.2894814167838997,3.899547516520778,2.0
2024-10-15,11633,FINAL,Mashpee,4237,0.0,0.0,Carver,4077,1.0,1.0,South Shore,South Shore,,,0,2024,1322.2804528864222,1365.0187760218882,1311.6659670013184,1375.633261906992,0.5104488716008319,0.48955112839916815,0.18154192161334776,-1.0
2024-10-15,11140,FINAL,Nantucket,4265,6.0,1.0,Sturgis East,4456,0.0,0.0,Cape &#38; Islands,Cape &#38; Islands,3:45 P.M.,,0,2024,1586.6096600596802,1487.1264073772259,1603.9614955812883,1469.7745718556178,0.7027640162791025,0.29723598372089755,3.737081317061359,6.0
2024-10-15,11131,FINAL,Leicester,4207,0.0,0.0,Uxbridge,4398,13.0,1.0,SWCL,SWCL,3:30 P.M.,,0,2024,1370.6737639706498,1761.2406944011261,1360.9026133728528,1771.0118449989232,0.12341718244296439,0.8765828175570356,-8.514173260761908,-13.0
2024-10-15,11031,FINAL,Stoneham,4380,7.0,1.0,Wakefield,4402,2.0,0.0,Middlesex,Middlesex,4:15 P.M.,,0,2024,1432.9944415181235,1333.075032235597,1448.9435265606144,1317.1259471931062,0.703288205133876,0.296711794866124,3.7479852320631606,5.0
2024-10-15,10586,FINAL,East Bridgewater,4126,1.0,2.0,Middleborough,4247,1.0,2.0,South Shore,South Shore,5:00 P.M.,,0,2024,1399.1596831349464,1433.7239598540802,1399.1596831349464,1433.7239598540802,0.5221991877148954,0.4778008122851046,0.38589308202165284,0.0
2024-10-15,10977,FINAL,Old Rochester,4301,3.0,2.0,West Bridgewater,4415,3.0,2.0,South Coast,South Coast,4:00 P.M.,,0,2024,1477.7325127037554,1572.5354643982846,1477.7325127037554,1572.5354643982846,0.4358784009821313,0.5641215990178687,-1.120073792363229,0.0
2024-10-15,10961,FINAL,Norwell,4296,0.0,0.0,Sandwich,4340,7.0,1.0,South Shore,South Shore,4:00 P.M.,,0,2024,1567.325009144801,1758.9323299314492,1548.1862905803937,1778.0710484958565,0.30679260402044517,0.6932073959795548,-3.5401830196662045,-7.0
2024-10-15,10832,FINAL,Monty Tech,4259,0.0,0.0,North Middlesex,4286,4.0,1.0,Colonial,Mid-Wach,4:00 P.M.,,0,2024,1542.421199052717,1681.0567061285433,1524.308247712543,1699.169657468717,0.37514031452094343,0.6248596854790566,-2.215887676895659,-4.0
2024-10-15,11003,FINAL,Seekonk,4344,0.0,2.0,Westport,4461,0.0,2.0,South Coast,Mayflower,3:45 P.M.,,0,2024,1503.0856798209477,1613.058932177884,1503.0856798209477,1613.058932177884,0.4145386892350235,0.5854613107649764,-1.499331308923405,0.0
2024-10-15,10778,FINAL,Weston,4423,6.0,1.0,Dighton-Rehoboth,4114,2.0,0.0,Dual County,South Coast,3:45 P.M.,,0,2024,1464.642754889747,1454.7946102284657,1484.666423033097,1434.7709420851156,0.585286515483606,0.414713484516394,1.4962036165320343,4.0
2024-10-15,10750,FINAL,Franklin County Tech,4145,1.0,0.0,Belchertown,4032,3.0,1.0,County,County,4:00 P.M.,,0,2024,1600.1700274837917,1604.990836851058,1581.5599504352347,1623.600913899615,0.5646540713381498,0.4353459286618502,1.1294797658183426,-2.0
2024-10-15,10728,FINAL,Ashland,4015,2.0,1.0,Bellingham,4033,1.0,0.0,Tri-Valley,Tri-Valley,6:00 P.M.,,0,2024,1445.0108733690488,1430.123881031703,1453.4885662234096,1421.646188177342,0.5923091520277944,0.40769084797220556,1.622174808433647,1.0
2024-10-15,10686,FINAL,Wareham/Bourne,4407,0.0,0.0,Southeastern,4358,3.0,1.0,Mayflower,Mayflower,3:45 P.M.,,0,2024,1263.137740191418,1417.2864531375094,1248.3965106849312,1432.0276826439963,0.3544516450935789,0.6455483549064212,-2.6037178236522833,-3.0
2024-10-15,10672,FINAL,Somerset Berkley,4350,9.0,1.0,Apponequet,4011,0.0,0.0,South Coast,South Coast,4:00 P.M.,,0,2024,1699.3498953035335,1511.3057712086425,1713.3431184135136,1497.3125480986623,0.7974273473098196,0.20257265269018043,5.951103102372275,9.0
2024-10-15,10660,FINAL,Hudson,4182,3.0,1.0,Shepherd Hill,4347,0.0,0.0,Mid-Wach,Mid-Wach,5:00 P.M.,,0,2024,1507.8526369228912,1450.478528549351,1522.4176620642706,1435.9135034079716,0.6497851743018134,0.3502148256981866,2.6843527093385036,3.0
2024-10-15,10635,FINAL,Foxborough,4142,1.0,0.0,Oliver Ames,4302,2.0,1.0,Hockomock,Hockomock,5:00 P.M.,,0,2024,1576.1243316018479,1537.8319327990039,1563.140369514866,1550.8158948859857,0.6243965904659672,0.3756034095340328,2.2073099700711,-1.0
2024-10-15,10800,FINAL,Gloucester,4150,1.0,1.0,Saugus,4341,0.0,0.0,Northeastern,Northeastern,4:30 P.M.,,0,2024,1519.8241947776883,1412.1572289899154,1525.8023891775244,1406.1790345900793,0.7125096195295424,0.2874903804704576,3.9416741446943204,1.0
2024-10-16,11684,FINAL,Hamilton-Wenham,4163,6.0,1.0,Amesbury,4007,0.0,0.0,Cape Ann,Cape Ann,,,0,2024,1453.5999534460536,1368.2283925450663,1471.9583959014624,1349.8699500896576,0.6855208951224986,0.3144791048775014,3.3842890225246833,6.0
2024-10-16,12016,FINAL,Ursuline,4448,1.0,0.0,Bellingham,4033,3.0,1.0,Independent,Tri-Valley,,,0,2024,1443.3476842721916,1421.646188177342,1423.515105494695,1441.4787669548386,0.6017463722814778,0.39825362771852224,1.792537402371238,-2.0
2024-10-16,12023,FINAL,Gardner,4147,2.0,2.0,Bromfield,4505,2.0,2.0,Mid-Wach,Mid-Wach,,,0,2024,1368.5007870845786,1491.7835470095054,1368.5007870845786,1491.7835470095054,0.3960742714788237,0.6039257285211763,-1.8320689981231681,0.0
2024-10-16,12032,FINAL,Clinton,4093,2.0,1.0,Maynard,4239,0.0,0.0,Mid-Wach,Mid-Wach,,,0,2024,1646.1545867089624,1707.7827984692622,1663.1851018061043,1690.7522833721202,0.48327190363069233,0.5167280963693077,-0.2907052940074948,2.0
2024-10-16,12496,FINAL,Westborough,4418,1.0,0.0,Sutton,4512,3.0,1.0,Mid-Wach,Dual Valley,,,0,2024,1489.424360585106,1690.4760873862524,1479.6899932517715,1700.2104547195868,0.29535343310652845,0.7046465668934716,-3.776293170028663,-2.0
2024-10-16,12115,FINAL,Northeast,4293,1.0,0.0,Southeastern,4358,11.0,1.0,Independent,Mayflower,,,0,2024,1241.6332523776907,1432.0276826439963,1219.4565963496345,1454.2043386720525,0.3082794632391064,0.6917205367608936,-3.509860756657639,-10.0
2024-10-16,12488,FINAL,St. Paul,4954,10.0,1.0,Worcester Tech/Worcester North,4445,0.0,0.0,Central Mass.,Colonial,,,0,2024,1585.1525647160342,1297.4259905457156,1594.1588418439785,1288.4197134177714,0.874803023716798,0.12519697628320203,8.443164354257965,10.0
2024-10-16,11658,FINAL,Holderness,4173,3.0,1.0,Berwick,4037,0.0,0.0,Independent,EIL,,,0,2024,1504.904531482335,1500.0,1522.439932054403,1482.464599427932,0.5783627425779309,0.42163725742206914,1.372613287058374,3.0
2024-10-16,12111,FINAL,Narragansett,4266,2.0,1.0,Tahanto,4513,0.0,0.0,Mid-Wach,Mid-Wach,,,0,2024,1551.9317698362659,1382.076300585016,1559.183043936776,1374.825026484506,0.779986862356416,0.220013137643584,5.4963867312812456,2.0
2024-10-16,11652,FINAL,Lawrence Academy,4204,7.0,1.0,Worcester Academy,4441,0.0,0.0,ISL,Independent,,,0,2024,1508.9111739580298,1525.8975996483186,1537.1478350983502,1497.6609385079983,0.5473678777955304,0.4526321222044696,0.8253393577427801,7.0
2024-10-16,10698,FINAL,Wayland,4411,0.0,0.0,Concord-Carlisle,4097,5.0,1.0,Dual County,Dual County,4:00 P.M.,,0,2024,1380.2163281087337,1577.945520008472,1364.1254611632478,1594.0363869539578,0.29934946108992916,0.7006505389100708,-3.693229797493456,-5.0
2024-10-16,11646,FINAL,Phillips Exeter,4311,3.0,1.0,Austin Prep,4020,0.0,0.0,Independent,Independent,,,0,2024,1500.0,1449.3378746025726,1514.932776201128,1434.4050984014445,0.6409426304654655,0.3590573695345345,2.5165531349356853,3.0
2024-10-16,9814,FINAL,Oakmont,4299,3.0,1.0,Shrewsbury,4348,0.0,0.0,Mid-Wach,Mid-Wach,7:00 P.M.,,0,2024,1470.9064418923438,1364.6481204447202,1482.932028836802,1352.622533500262,0.7108457558575179,0.28915424414248214,3.906458036190588,3.0
2024-10-16,9828,FINAL,Milton,4252,0.0,0.0,Walpole,4404,5.0,1.0,Bay State,Bay State,4:30 P.M.,,0,2024,1448.62348221356,1735.310577520454,1437.6666511867868,1746.2674085472272,0.20383746097895264,0.7961625390210474,-5.9171773826723495,-5.0
2024-10-16,9852,FINAL,Southwick,4519,2.0,0.0,Agawam,4004,3.0,1.0,Valley,Suburban,4:00 P.M.,,0,2024,1629.7756985404192,1536.0639255626738,1615.3074082871678,1550.5322158159252,0.6957776866169273,0.3042223133830727,3.5927943244436333,-1.0
2024-10-16,10484,FINAL,Doherty,4116,2.0,1.0,North Middlesex,4286,1.0,0.0,Inter-High,Mid-Wach,4:00 P.M.,,0,2024,1701.5478036536615,1699.169657468717,1710.389333255201,1690.3281278671775,0.5748123029995259,0.4251876970004741,1.30945365462361,1.0
2024-10-16,10489,FINAL,Scituate,4343,1.0,1.0,Duxbury,4123,0.0,0.0,Patriot,Patriot,6:00 P.M.,,0,2024,1567.9415532074568,1637.7707076298573,1578.9315161944082,1626.7807446429058,0.4714944966390628,0.5285055033609372,-0.49572886056001264,1.0
2024-10-16,10495,FINAL,Everett,4132,0.0,0.0,Arlington,4013,8.0,1.0,Greater Boston,Middlesex,6:30 P.M.,,0,2024,1535.1962585897843,1539.7052790129983,1497.9470255539002,1576.9545120488824,0.5650952178504324,0.4349047821495676,1.13727448941965,-8.0
2024-10-16,10502,FINAL,Lunenburg,4219,2.0,1.0,Fitchburg,4139,0.0,0.0,Mid-Wach,Mid-Wach,6:00 P.M.,,0,2024,1460.5420975076743,1302.9366581490594,1468.2000689339375,1295.2786867227962,0.7676471337142605,0.23235286628573948,5.190135983965371,2.0
2024-10-16,10510,FINAL,Whitman-Hanson,4427,0.0,0.0,Hingham,4171,7.0,1.0,Patriot,Patriot,4:00 P.M.,,0,2024,1356.0046990120563,1719.156937035021,1347.1756676094872,1727.9859684375901,0.14152888689265988,0.8584711131073401,-7.828805950574116,-7.0
2024-10-16,10524,FINAL,Dedham,4108,3.0,1.0,Hopkinton,4180,2.0,0.0,Tri-Valley,Tri-Valley,6:00 P.M.,,0,2024,1633.37336686116,1492.7324184363135,1638.5766304733077,1487.529154824166,0.7497759130105551,0.25022408698944487,4.766023710621164,1.0
2024-10-16,10544,FINAL,Malden Catholic,4228,3.0,1.0,Marblehead,4231,0.0,0.0,Independent,Northeastern,5:30 P.M.,,0,2024,1652.5497407413102,1383.5243275049522,1658.2669884689615,1377.807079777301,0.8625292509297323,0.13747074907026768,7.975635330908949,3.0
2024-10-16,10552,FINAL,Malden,4227,1.0,1.0,Revere,4329,0.0,0.0,Greater Boston,Greater Boston,4:00 P.M.,,0,2024,1453.2470046313913,1365.338205411211,1459.7211167701196,1358.8640932724827,0.6886610174432554,0.31133898255674464,3.4477199805045076,1.0
2024-10-16,10575,FINAL,Manchester Essex,4229,4.0,1.0,Masconomet,4236,0.0,0.0,Cape Ann,Northeastern,4:00 P.M.,,0,2024,1616.989907923335,1607.1794454294413,1637.0161182786715,1587.153235074105,0.5852338633130004,0.4147661366869996,1.4952615623473435,4.0
2024-10-16,10598,FINAL,West Springfield,4417,2.0,0.0,Minnechaug,4254,6.0,1.0,Suburban,Suburban,7:00 P.M.,,0,2024,1265.7222869509794,1508.6762021881812,1253.760890846536,1520.6375982926245,0.24773444219319768,0.7522655578068023,-4.823847880930043,-4.0
2024-10-16,10623,FINAL,Norwood,4297,7.0,1.0,Ashland,4015,1.0,0.0,Tri-Valley,Tri-Valley,4:30 P.M.,,0,2024,1674.481187058491,1453.4885662234096,1684.6185543421327,1443.351198939768,0.8263474585647724,0.17365254143522757,6.774815520877036,6.0
2024-10-16,10640,FINAL,Pembroke,4308,1.0,2.0,Plymouth South,4316,1.0,2.0,Patriot,Patriot,4:00 P.M.,,0,2024,1392.7839853072362,1353.6761292899193,1392.7839853072362,1353.6761292899193,0.6254968435696177,0.37450315643038234,2.2276964004329214,0.0
2024-10-16,10662,FINAL,Shepherd Hill,4347,1.0,0.0,Tyngsborough/Dracut,4397,3.0,1.0,Mid-Wach,Mid-Wach,4:00 P.M.,,0,2024,1435.9135034079716,1531.0751667974525,1421.5643943585233,1545.4242758469009,0.43537073079846333,0.5646292692015367,-1.129041584737024,-2.0
2024-10-16,10712,FINAL,Westfield,4419,0.0,0.0,Frontier,4146,2.0,1.0,Valley,Suburban,4:00 P.M.,,0,2024,1609.2437775478656,1655.5305726015335,1592.5884792512436,1672.1858708981556,0.5053435280252151,0.4946564719747849,0.09283012365830245,-2.0
2024-10-16,10715,FINAL,Holliston,4174,1.0,0.0,Westwood,4424,2.0,1.0,Tri-Valley,Tri-Valley,4:30 P.M.,,0,2024,1412.9717294755826,1513.6982575247725,1404.0818467498154,1522.5881402505397,0.4275129907516227,0.5724870092483774,-1.2681632012297483,-1.0
2024-10-16,10757,FINAL,Marlborough,4233,4.0,1.0,Blackstone Valley,4046,1.0,0.0,Mid-Wach,Colonial,4:00 P.M.,,0,2024,1514.0071295272037,1642.2171974909384,1539.4050108246015,1616.8193161935405,0.3893100433859575,0.6106899566140425,-1.9552516990933668,3.0
2024-10-16,11647,FINAL,Groton,4544,1.0,0.0,Nobles,4282,2.0,1.0,ISL,ISL,,,0,2024,1509.4670555849134,1500.0,1497.3074392090946,1512.1596163758188,0.5847539414835384,0.41524605851646157,1.486676389622835,-1.0
2024-10-16,10763,FINAL,North Brookfield,4508,10.0,1.0,Burncoat,4066,0.0,0.0,Colonial,Inter-High,3:30 P.M.,,0,2024,1543.492380163613,1227.8898309320525,1551.308514953723,1220.0736961419425,0.8913472872262046,0.1086527127737954,9.140063730789013,10.0
2024-10-16,9807,FINAL,Silver Lake,4349,1.0,1.0,Plymouth North,4315,0.0,0.0,Patriot,Patriot,6:00 P.M.,,0,2024,1528.6002832129197,1351.6749344897003,1533.0317555919262,1347.2434621106938,0.7868912258323655,0.21310877416763452,5.6731337180804875,1.0
2024-10-16,10773,FINAL,Monomoy,4706,3.0,1.0,Dennis-Yarmouth,4111,0.0,0.0,Cape &#38; Islands,Cape &#38; Islands,4:00 P.M.,,0,2024,1743.703941555027,1618.3612013703605,1754.812580403349,1607.2525625220385,0.7328936970416564,0.2671063029583436,4.383568504616664,3.0
2024-10-16,9776,FINAL,Needham,4272,10.0,1.0,Framingham,4143,0.0,0.0,Bay State,Bay State,4:00 P.M.,,0,2024,1470.5788431913186,1229.219442839025,1481.9064995122,1217.8917865181436,0.8425333465090268,0.15746665349097322,7.2839850088073375,10.0
2024-10-16,9759,FINAL,Marshfield,4234,0.0,0.0,Hanover,4164,1.0,1.0,Patriot,Patriot,4:00 P.M.,,0,2024,1468.2998567806987,1595.45786603746,1460.1744215390306,1603.5833012791281,0.3907508376072963,0.6092491623927037,-1.9289502314190314,-1.0
2024-10-16,11637,FINAL,Ipswich,4190,6.0,1.0,Rockport,4490,1.0,0.0,Cape Ann,Cape Ann,,,0,2024,1536.4618353915346,1413.7097568276295,1550.9770119381437,1399.1945802810203,0.7299641907689991,0.2700358092310009,4.318801964097628,5.0
2024-10-16,11636,FINAL,Thayer,4390,1.0,0.0,Rivers,4330,7.0,1.0,ISL,ISL,,,0,2024,1485.8761234391197,1492.2268696032393,1453.0395954238977,1525.0633976184613,0.5624879105400156,0.43751208945998443,1.0912313458970118,-6.0
2024-10-16,10991,FINAL,St. Bernard’s,4365,3.0,0.0,Notre Dame (Worcester),4451,6.0,1.0,Central Mass.,Central Mass.,4:30 P.M.,,0,2024,1488.2214304535385,1466.126928110022,1463.1729597232206,1491.1753988403398,0.6022884084080313,0.39771159159196867,1.802362558587913,-3.0
2024-10-16,10967,FINAL,North Reading,4288,1.0,1.0,Pentucket,4309,0.0,0.0,Cape Ann,Cape Ann,5:30 P.M.,,0,2024,1645.4725717709048,1589.850606660284,1652.8028844930948,1582.520293938094,0.647486472917712,0.352513527082288,2.6405491277655186,1.0
2024-10-16,10840,FINAL,Newburyport,4276,6.0,1.0,Triton,4395,0.0,0.0,Cape Ann,Cape Ann,5:30 P.M.,,0,2024,1623.7274817417901,1410.7063567366592,1634.2550235633541,1400.1788149150952,0.8196637902889994,0.18033620971100062,6.5755281251282724,6.0
2024-10-16,10816,FINAL,Groton-Dunstable,4160,3.0,1.0,Hudson,4182,1.0,0.0,Mid-Wach,Mid-Wach,4:00 P.M.,,0,2024,1618.3065997978838,1522.4176620642706,1628.2460533241563,1512.4782085379982,0.6984239836384107,0.30157601636158926,3.6472234433403288,2.0
2024-10-16,10795,FINAL,Nauset,4271,4.0,1.0,Falmouth,4134,0.0,0.0,Cape &#38; Islands,Cape &#38; Islands,4:00 P.M.,,0,2024,1485.759628326702,1477.590972171288,1505.8966929953992,1457.453907502591,0.5829379413950793,0.41706205860492074,1.4542164038853513,4.0
2024-10-16,10793,FINAL,Seekonk,4344,4.0,1.0,Fairhaven,4133,0.0,0.0,South Coast,South Coast,3:45 P.M.,,0,2024,1503.0856798209477,1447.0074229729917,1520.0772033202586,1430.0158994736807,0.6480857619495869,0.3519142380504131,2.651956421198901,4.0
2024-10-16,10782,FINAL,Medway,4243,2.0,0.0,Dover-Sherborn,4118,3.0,1.0,Tri-Valley,Tri-Valley,4:15 P.M.,,0,2024,1487.5122605563854,1538.6792284841447,1477.14997489631,1549.0415141442202,0.49832060446885906,0.5016793955311409,-0.029174198193982193,-1.0
2024-10-16,9527,FINAL,Acton-Boxborough,4003,2.0,2.0,Bedford,4031,2.0,2.0,Dual County,Dual County,4:00 P.M.,,0,2024,1500.610848738644,1610.9481219302288,1500.610848738644,1610.9481219302288,0.41403021695376413,0.5859697830462358,-1.5084318297896175,0.0
2024-10-16,9536,FINAL,Algonquin,4005,1.0,1.0,Wachusett,4400,0.0,0.0,Mid-Wach,Mid-Wach,6:45 P.M.,,0,2024,1648.930688577588,1556.6162830823284,1655.2922752111203,1550.254696448796,0.6940723503872444,0.30592764961275565,3.5578601373814878,1.0
2024-10-16,9541,FINAL,Methuen,4246,0.0,0.0,Andover,4009,6.0,1.0,Merrimack Valley,Merrimack Valley,6:00 P.M.,,0,2024,1522.335180655111,1661.7487420910534,1500.4967554144978,1683.5871673316665,0.3740910177038923,0.6259089822961077,-2.235339035898562,-6.0
2024-10-16,9568,FINAL,Notre Dame (Hingham),4449,4.0,1.0,Barnstable,4024,1.0,0.0,Independent,Cape &#38; Islands,4:00 P.M.,,0,2024,1677.7173999033878,1361.0521421993444,1682.2115584946778,1356.5579836080544,0.8919383281229557,0.1080616718770443,9.166631442601084,3.0
2024-10-16,9627,FINAL,Braintree,4051,4.0,1.0,Weymouth,4425,0.0,0.0,Bay State,Bay State,4:00 P.M.,,0,2024,1360.6442764919445,1293.0151100560936,1376.9109921604406,1276.7483943875975,0.6630973761538408,0.3369026238461592,2.940729160896274,4.0
2024-10-16,9645,FINAL,Wellesley,4413,2.0,1.0,Brookline,4059,0.0,0.0,Bay State,Bay State,4:00 P.M.,,0,2024,1579.2317481126727,1508.5697118125968,1590.207331724704,1497.5941282005654,0.666986442040212,0.33301355795978804,3.0165509075018972,2.0
2024-10-16,9657,FINAL,Tewksbury,4389,1.0,0.0,Central Catholic,4081,7.0,1.0,Merrimack Valley,Merrimack Valley,7:15 P.M.,,0,2024,1535.161974346204,1712.1303061618885,1516.1893627097124,1731.10291779838,0.32499978901393567,0.6750002109860643,-3.1742082953921114,-6.0
2024-10-16,9665,FINAL,Dracut,4119,0.0,0.0,Chelmsford,4085,8.0,1.0,Merrimack Valley,Merrimack Valley,5:00 P.M.,,0,2024,1305.7812953779273,1517.7004555751444,1287.1596462559762,1536.3221046970955,0.28250259158802016,0.7174974084119798,-4.047979004930426,-8.0
2024-10-16,9680,FINAL,Durfee,4122,4.0,1.0,Joseph Case,4078,1.0,0.0,Big Three,South Coast,5:15 P.M.,,0,2024,1613.049167296458,1485.8371430482275,1624.0704201860092,1474.8158901586764,0.7349948851976942,0.2650051148023058,4.430300606205765,3.0
2024-10-16,9710,FINAL,Essex Tech,4745,0.0,0.0,Lynnfield,4223,1.0,1.0,Cape Ann,Cape Ann,4:00 P.M.,,0,2024,1508.0337843482655,1582.5741163607797,1498.36974120344,1592.2381595056052,0.46474223733254943,0.5352577626674506,-0.6135083003128556,-1.0
2024-10-16,9727,FINAL,Haverhill,4167,1.0,0.0,North Andover,4283,5.0,1.0,Merrimack Valley,Merrimack Valley,6:30 P.M.,,0,2024,1328.132281123537,1459.9942216675356,1309.5759161277106,1478.550586663362,0.3843239276782024,0.6156760723217976,-2.0465485135999644,-4.0
2024-10-16,9745,FINAL,Waltham,4405,1.0,0.0,Lincoln-Sudbury,4211,3.0,1.0,Dual County,Dual County,4:30 P.M.,,0,2024,1550.4036572641025,1666.7948061292311,1537.0356883717936,1680.16277502154,0.40560165553689637,0.5943983444631036,-1.6597787216282143,-2.0
2024-10-16,9769,FINAL,Newton North,4279,2.0,1.0,Natick,4270,1.0,0.0,Bay State,Bay State,4:30 P.M.,,0,2024,1526.2449604661806,1635.5728828160543,1538.4005325599946,1623.4173107222402,0.41544054736953706,0.5845594526304629,-1.4831980587468423,1.0
2024-10-17,12084,FINAL,Narragansett,4266,0.0,2.0,Littleton,4212,0.0,2.0,Mid-Wach,Mid-Wach,,,0,2024,1559.183043936776,1414.4953107482218,1559.183043936776,1414.4953107482218,0.7541208874469353,0.24587911255306472,4.867193329713854,0.0
2024-10-17,11037,FINAL,Watertown,4409,7.0,1.0,Stoneham,4380,0.0,0.0,Middlesex,Middlesex,4:15 P.M.,,0,2024,1731.2163197733632,1448.9435265606144,1739.2435486461486,1440.916297687829,0.8713239634794634,0.1286760365205366,8.306819830318721,7.0
2024-10-17,11810,FINAL,Amesbury,4007,0.0,0.0,North Reading,4288,2.0,1.0,Cape Ann,Cape Ann,,,0,2024,1349.8699500896576,1652.8028844930948,1343.6381807884961,1659.0346537942562,0.1890800289735349,0.8109199710264651,-6.323323360085931,-2.0
2024-10-17,10518,FINAL,Franklin County Tech,4145,5.0,1.0,Holyoke,4176,0.0,0.0,County,County,4:30 P.M.,,0,2024,1581.5599504352347,1432.4463737518743,1594.5243535211623,1419.4819706659466,0.7588142956949988,0.2411857043050012,4.97783941708401,5.0
2024-10-17,10507,FINAL,Grafton,4153,7.0,1.0,Leicester,4207,1.0,0.0,SWCL,SWCL,3:30 P.M.,,0,2024,1530.2069477102102,1360.9026133728528,1543.0825327677408,1348.0270283153222,0.7794419393964777,0.22055806060352234,5.482608358433936,6.0
2024-10-17,10480,FINAL,Canton,4071,6.0,1.0,Oliver Ames,4302,1.0,0.0,Hockomock,Hockomock,3:45 P.M.,,0,2024,1712.4416636159679,1550.8158948859857,1724.7107677616289,1538.5467907403247,0.7717494199347557,0.22825058006524435,5.290644218249554,5.0
2024-10-17,9871,FINAL,Westport,4461,0.0,0.0,Bishop Stang,4045,1.0,1.0,Mayflower,Catholic Central,3:30 P.M.,,0,2024,1613.058932177884,1470.5293623596237,1597.4254817806068,1486.1628127569008,0.7518100453378384,0.24818995466216165,4.813239245456503,-1.0
2024-10-17,9860,FINAL,Belchertown,4032,3.0,1.0,Amherst-Pelham,4008,0.0,0.0,County,County,6:30 P.M.,,0,2024,1623.600913899615,1548.532706565298,1637.2172588480782,1534.9163616168348,0.6725961111303118,0.3274038888696882,3.1267051833579274,3.0
2024-10-17,9854,FINAL,Greenfield,4157,0.0,0.0,Agawam,4004,4.0,1.0,Suburban,Suburban,6:00 P.M.,,0,2024,1558.6018102693604,1550.5322158159252,1530.4624317930202,1578.6715942922654,0.5827992961381641,0.41720070386183594,1.4517398613358807,-4.0
2024-10-17,9819,FINAL,Sharon,4345,0.0,0.0,Taunton,4388,1.0,1.0,Hockomock,Hockomock,3:45 P.M.,,0,2024,1278.89756413538,1348.6873868866303,1269.0919385009374,1358.4930125210728,0.4715509158541373,0.5284490841458627,-0.4947455687812578,-1.0
2024-10-17,10532,FINAL,Leominster,4208,3.0,1.0,Notre Dame (Worcester),4451,0.0,0.0,Mid-Wach,Central Mass.,7:00 P.M.,,0,2024,1425.5982976577502,1491.1753988403398,1447.3243961327419,1469.449300365348,0.4775977578710702,0.5224022421289298,-0.389427529564739,3.0
2024-10-17,9815,FINAL,Shrewsbury,4348,0.0,0.0,Marlborough,4233,1.0,1.0,Mid-Wach,Mid-Wach,6:15 P.M.,,0,2024,1352.622533500262,1539.4050108246015,1346.119478999196,1545.9080653256676,0.31273081597729635,0.6872691840227036,-3.4195619331084854,-1.0
2024-10-17,9732,FINAL,Milford,4249,0.0,0.0,King Philip,4197,6.0,1.0,Hockomock,Hockomock,3:45 P.M.,,0,2024,1312.801240745223,1578.636107462465,1299.7241045111612,1591.7132436965267,0.22401062112092304,0.7759893788790769,-5.39587166793105,-6.0
2024-10-17,9646,FINAL,Brookline,4059,3.0,1.0,Westford,4421,0.0,0.0,Bay State,Dual County,4:00 P.M.,,0,2024,1497.5941282005654,1397.5901421742258,1509.9298000205326,1385.2544703542585,0.7033897906549894,0.2966102093450106,3.75009965065849,3.0
2024-10-17,9638,FINAL,St. John Paul II,4689,4.0,1.0,Bridgewater-Raynham,4053,1.0,0.0,Cape &#38; Islands,Southeast,6:00 P.M.,,0,2024,1528.856780869621,1349.974883210194,1537.641430713586,1341.190233366229,0.7887738205694282,0.21122617943057176,5.722047441485671,3.0
2024-10-17,9576,FINAL,Belmont,4034,6.0,1.0,Woburn,4438,0.0,0.0,Middlesex,Middlesex,6:00 P.M.,,0,2024,1696.1678967020994,1291.7460849850809,1700.144821694059,1287.7691599931213,0.9318754946301046,0.06812450536989545,11.360545292925462,6.0
2024-10-17,9558,FINAL,Attleboro,4018,2.0,0.0,Franklin,4144,3.0,1.0,Hockomock,Hockomock,3:45 P.M.,,0,2024,1569.6977101338985,1721.3480335823658,1562.2585227396055,1728.7872209766588,0.3577492920663394,0.6422507079336606,-2.541258086211684,-1.0
2024-10-17,9550,FINAL,Arlington,4013,2.0,1.0,Reading,4328,1.0,0.0,Middlesex,Middlesex,4:15 P.M.,,0,2024,1576.9545120488824,1640.1392187118781,1587.7460903181434,1629.3476404426171,0.4810347849190706,0.5189652150809294,-0.32961766657489305,1.0
2024-10-17,9542,FINAL,Andover,4009,6.0,1.0,Lowell,4216,0.0,0.0,Merrimack Valley,Merrimack Valley,6:30 P.M.,,0,2024,1683.5871673316665,1548.5464522359214,1698.550484644874,1533.583134922714,0.7436792012130021,0.25632079878699787,4.626017877393627,6.0
2024-10-17,9739,FINAL,Winchester,4434,4.0,1.0,Lexington,4209,0.0,0.0,Middlesex,Middlesex,4:15 P.M.,,0,2024,1669.7609039733302,1536.6466014311488,1682.2392151916717,1524.1682902128073,0.7415596438579112,0.2584403561420888,4.5778575635545335,4.0
2024-10-17,12069,FINAL,Palmer,4304,0.0,0.0,Hampshire,4518,2.0,1.0,County,County,,,0,2024,1316.3400276491348,1400.8873448963818,1301.4940746157652,1415.7332979297514,0.4504456269210881,0.5495543730789119,-0.8636829311811767,-2.0
2024-10-17,10563,FINAL,Mansfield,4230,1.0,0.0,North Attleborough,4284,2.0,1.0,Hockomock,Hockomock,7:00 P.M.,,0,2024,1464.9408186291885,1533.1078105561658,1455.0867735639354,1542.9618556214189,0.47387939827789605,0.526120601722104,-0.45417479817443224,-1.0
2024-10-17,10580,FINAL,Melrose,4244,0.0,2.0,Wilmington,4432,0.0,2.0,Middlesex,Middlesex,4:15 P.M.,,0,2024,1389.4550626282828,1297.4660515561454,1389.4550626282828,1297.4660515561454,0.6936744750190473,0.30632552498095267,3.5497252768034344,0.0
2024-10-17,11032,FINAL,Burlington,4065,0.0,2.0,Wakefield,4402,0.0,2.0,Middlesex,Middlesex,4:15 P.M.,,0,2024,1434.1689762891463,1317.1259471931062,1434.1689762891463,1317.1259471931062,0.7234374300135956,0.2765625699864044,4.176075727401002,0.0
2024-10-17,11006,FINAL,Tantasqua,4387,0.0,2.0,Quaboag,4510,0.0,2.0,SWCL,SWCL,7:30 P.M.,,0,2024,1444.527495014093,1523.9863263508034,1444.527495014093,1523.9863263508034,0.45770663752305946,0.5422933624769406,-0.7364707834177636,0.0
2024-10-17,10998,FINAL,Sandwich,4340,8.0,1.0,Carver,4077,0.0,0.0,South Shore,South Shore,4:30 P.M.,,0,2024,1778.0710484958565,1375.633261906992,1782.6096225067524,1371.094687896096,0.93114686503889,0.06885313496111001,11.310944664721614,8.0
2024-10-17,10978,FINAL,Old Rochester,4301,8.0,1.0,Wareham/Bourne,4407,0.0,0.0,South Coast,Mayflower,3:45 P.M.,,0,2024,1477.7325127037554,1248.3965106849312,1488.7319226514378,1237.3971007372488,0.8331317599311667,0.16686824006883327,6.983400050470607,8.0
2024-10-17,10962,FINAL,Cohasset,4094,3.0,1.0,Norwell,4296,0.0,0.0,South Shore,South Shore,4:00 P.M.,,0,2024,1645.3966825243167,1548.1862905803937,1657.8723424949583,1535.7106306097521,0.7000237871423068,0.29997621285769316,3.680259798598075,3.0
2024-10-17,10844,FINAL,Hopedale,4507,0.0,0.0,Nipmuc,4281,2.0,1.0,Dual Valley,Dual Valley,4:00 P.M.,,0,2024,1542.397248673237,1508.344043557858,1522.007343597449,1528.733948633646,0.6186563809059948,0.38134361909400516,2.101330127884478,-2.0
2024-10-17,10569,FINAL,Marblehead,4231,1.0,0.0,Masconomet,4236,7.0,1.0,Northeastern,Northeastern,4:00 P.M.,,0,2024,1377.807079777301,1587.153235074105,1361.1395166568934,1603.8207981945125,0.2855144352973524,0.7144855647026476,-3.9836538824201,-6.0
2024-10-17,11711,FINAL,Oxford,4303,0.0,0.0,Auburn,4019,6.0,1.0,SWCL,SWCL,,,0,2024,1316.9052884338716,1558.217581969149,1302.3401657483962,1572.7827046546245,0.24949974681592874,0.7505002531840712,-4.782807338381934,-6.0
2024-10-17,10798,FINAL,Stoughton,4381,0.0,0.0,Foxborough,4142,5.0,1.0,Hockomock,Hockomock,5:15 P.M.,,0,2024,1380.9200738528127,1563.140369514866,1363.8050320517914,1580.2554113158874,0.31840289010062645,0.6815971098993736,-3.305507391551333,-5.0
2024-10-17,10764,FINAL,Worcester Tech/Worcester North,4445,3.0,1.0,Burncoat,4066,0.0,0.0,Colonial,Inter-High,5:00 P.M.,,0,2024,1288.4197134177714,1220.0736961419425,1302.3927863005738,1206.10062325914,0.6640186174333461,0.3359813825666539,2.9586504318957223,3.0
2024-10-17,10752,FINAL,Bishop Fenwick,4043,0.0,0.0,St. Mary’s,4374,3.0,1.0,Catholic Central,Catholic Central,5:00 P.M.,,0,2024,1429.5351939650072,1610.1832942208016,1416.2113708641418,1623.507117321667,0.32037022522167313,0.6796297747783269,-3.266202506394859,-3.0
2024-10-17,10688,FINAL,Southeastern,4358,0.0,2.0,Brockton,4058,0.0,2.0,Mayflower,Big Three,3:30 P.M.,,0,2024,1454.2043386720525,1299.3896979932758,1454.2043386720525,1299.3896979932758,0.7647693649669968,0.23523063503300323,5.120366016969416,0.0
2024-10-17,10682,FINAL,South High,4962,0.0,0.0,St. Paul,4954,7.0,1.0,Independent,Central Mass.,3:30 P.M.,,0,2024,1357.6901306898967,1594.1588418439785,1341.7975619832537,1610.0514105506215,0.25475700066734563,0.7452429993326544,-4.661717778852045,-7.0
2024-10-17,10673,FINAL,Somerset Berkley,4350,3.0,1.0,Uxbridge,4398,2.0,0.0,South Coast,SWCL,4:00 P.M.,,0,2024,1713.3431184135136,1771.0118449989232,1723.969779869878,1760.3851835425587,0.4889656071899077,0.5110343928100922,-0.19171816463523897,1.0
2024-10-17,10638,FINAL,Silver Lake,4349,3.0,1.0,Plymouth South,4316,0.0,0.0,Patriot,Patriot,4:00 P.M.,,0,2024,1533.0317555919262,1353.6761292899193,1541.7975246464537,1344.9103602353919,0.7892278075909194,0.21077219240908063,5.733890657550171,3.0
2024-10-17,10587,FINAL,Middleborough,4247,0.0,0.0,Dartmouth,4105,4.0,1.0,South Shore,Southeast,5:00 P.M.,,0,2024,1433.7239598540802,1549.8597890750057,1414.1231284991975,1569.4606204298884,0.4059560422400044,0.5940439577599956,-1.6533957305231355,-4.0
2024-10-17,10765,FINAL,Saugus,4341,0.0,0.0,Danvers,4103,3.0,1.0,Northeastern,Northeastern,4:00 P.M.,,0,2024,1406.1790345900793,1424.756922005709,1383.5090807700276,1447.4268758257606,0.5450971658895073,0.4549028341104927,0.7855528146092581,-3.0
2024-10-17,11717,FINAL,East Bridgewater,4126,2.0,2.0,Mashpee,4237,2.0,2.0,South Shore,South Shore,,,0,2024,1399.1596831349464,1311.6659670013184,1399.1596831349464,1311.6659670013184,0.6881484802940507,0.31185151970594926,3.437342903340698,0.0
2024-10-18,11752,FINAL,Sutton,4512,8.0,1.0,Blackstone-Millville,4486,0.0,0.0,Dual Valley,Dual Valley,,,0,2024,1700.2104547195868,1358.4901040672557,1706.4676412580247,1352.2329175288178,0.9050743894065391,0.09492561059346094,9.793008766308276,8.0
2024-10-18,12104,FINAL,Sturgis East,4456,5.0,1.0,Mashpee,4237,1.0,0.0,Cape &#38; Islands,South Shore,,,0,2024,1469.7745718556178,1311.6659670013184,1480.9683722357865,1300.4721666211497,0.76816335911048,0.23183664088952005,5.202715121357483,4.0
2024-10-18,11747,FINAL,Middlesex,4248,2.0,1.0,Nobles,4282,1.0,0.0,ISL,ISL,,,0,2024,1500.0,1512.1596163758188,1509.2692690771744,1502.8903472986444,0.5542423823231729,0.4457576176768271,0.9460095906045296,1.0
2024-10-18,9853,FINAL,Agawam,4004,7.0,1.0,Tantasqua,4387,0.0,0.0,Suburban,SWCL,6:00 P.M.,,0,2024,1578.6715942922654,1444.527495014093,1594.7231710926494,1428.4759182137088,0.7426941083515283,0.25730589164847173,4.6036024819543115,7.0
2024-10-18,11026,FINAL,Triton,4395,4.0,1.0,Wakefield,4402,1.0,0.0,Cape Ann,Middlesex,4:00 P.M.,,0,2024,1400.1788149150952,1317.1259471931062,1413.377599289063,1303.9271628191384,0.6826363206318979,0.31736367936810206,3.3263216930497266,3.0
2024-10-18,10511,FINAL,Hingham,4171,7.0,1.0,Plymouth South,4316,0.0,0.0,Patriot,Patriot,6:30 P.M.,,0,2024,1727.9859684375901,1344.9103602353919,1732.7490242328117,1340.1473044401703,0.9236484780528474,0.07635152194715256,10.826890205054957,7.0
2024-10-18,10525,FINAL,Hopkinton,4180,3.0,1.0,Holliston,4174,2.0,0.0,Tri-Valley,Tri-Valley,4:30 P.M.,,0,2024,1487.529154824166,1404.0818467498154,1494.1183223218814,1397.4926792521,0.6831280242486385,0.3168719757513615,3.336182701858763,1.0
2024-10-18,10558,FINAL,Northeast,4293,3.0,2.0,Arlington Catholic,4014,3.0,2.0,Independent,Catholic Central,4:00 P.M.,,0,2024,1219.4565963496345,1282.421477855393,1219.4565963496345,1282.421477855393,0.481350691145831,0.518649308854169,-0.3241220376439628,0.0
2024-10-18,10599,FINAL,East Longmeadow,4127,3.0,1.0,Minnechaug,4254,1.0,0.0,Valley,Suburban,7:00 P.M.,,0,2024,1734.8187494808778,1520.6375982926245,1740.729874393864,1514.7264733796383,0.820648741023629,0.17935125897637105,6.6045287797063335,2.0
2024-10-18,10624,FINAL,Westwood,4424,1.0,0.0,Norwood,4297,4.0,1.0,Tri-Valley,Tri-Valley,4:30 P.M.,,0,2024,1522.5881402505397,1684.6185543421327,1508.2757609782077,1698.9309336144647,0.34413997665859103,0.6558600233414089,-2.8007603522898252,-3.0
2024-10-18,10653,FINAL,Scituate,4343,1.0,1.0,Pembroke,4308,0.0,0.0,Patriot,Patriot,4:00 P.M.,,0,2024,1578.9315161944082,1392.7839853072362,1583.1806883713202,1388.5348131303242,0.7956580124161864,0.2043419875838136,5.9036882721793,1.0
2024-10-18,10729,FINAL,Ashland,4015,0.0,0.0,Dedham,4108,2.0,1.0,Tri-Valley,Tri-Valley,6:00 P.M.,,0,2024,1443.351198939768,1638.5766304733077,1433.3852109036256,1648.54261850945,0.30238110808635155,0.6976188919136485,-3.630635788338492,-2.0
2024-10-18,10742,FINAL,Bay Path/David Prouty,4027,0.0,2.0,Oxford,4303,0.0,2.0,Colonial,SWCL,3:30 P.M.,,0,2024,1396.129569445276,1302.3401657483962,1396.129569445276,1302.3401657483962,0.6958722695693832,0.3041277304306168,3.5947350924219963,0.0
2024-10-18,10758,FINAL,Notre Dame (Worcester),4451,2.0,0.0,Blackstone Valley,4046,4.0,1.0,Central Mass.,Colonial,3:30 P.M.,,0,2024,1469.449300365348,1616.8193161935405,1457.4712342305338,1628.7973823283548,0.36343018850128295,0.636569811498717,-2.4342503957048107,-2.0
2024-10-18,10774,FINAL,Falmouth,4134,0.0,0.0,Dennis-Yarmouth,4111,7.0,1.0,Cape &#38; Islands,Cape &#38; Islands,3:30 P.M.,,0,2024,1457.453907502591,1607.2525625220385,1434.9833334405103,1629.7231365841192,0.3602020640587994,0.6397979359412006,-2.4949663754861886,-7.0
2024-10-18,10779,FINAL,Seekonk,4344,0.0,2.0,Dighton-Rehoboth,4114,0.0,2.0,South Coast,South Coast,6:00 P.M.,,0,2024,1520.0772033202586,1434.7709420851156,1520.0772033202586,1434.7709420851156,0.6854398532569226,0.3145601467430774,3.3826565308785748,0.0
2024-10-18,10783,FINAL,Dover-Sherborn,4118,0.0,0.0,Medfield,4241,2.0,1.0,Tri-Valley,Tri-Valley,6:00 P.M.,,0,2024,1549.0415141442202,1612.2796099474795,1533.189921001789,1628.1312030899107,0.48095806275899644,0.5190419372410036,-0.3309523950814821,-2.0
2024-10-18,10822,FINAL,Monomoy,4706,9.0,1.0,Martha’s Vineyard,4235,1.0,0.0,Cape &#38; Islands,Cape &#38; Islands,4:00 P.M.,,0,2024,1754.812580403349,1342.8319449101284,1759.1244297960502,1338.5200955174273,0.9345864257242741,0.06541357427572592,11.549515887330518,8.0
2024-10-18,10827,FINAL,Bellingham,4033,0.0,0.0,Medway,4243,5.0,1.0,Tri-Valley,Tri-Valley,5:30 P.M.,,0,2024,1441.4787669548386,1477.14997489631,1413.4945780786218,1505.1341637725268,0.5206091062411295,0.47939089375887045,0.35821980146321836,-5.0
2024-10-18,10833,FINAL,North Brookfield,4508,1.0,1.0,Monty Tech,4259,0.0,0.0,Colonial,Colonial,4:00 P.M.,,0,2024,1551.308514953723,1524.308247712543,1559.4384457959095,1516.1783168703566,0.6090329697069142,0.39096703029308577,1.9250066810294981,1.0
2024-10-18,10496,FINAL,Everett,4132,0.0,0.0,Hamilton-Wenham,4163,3.0,1.0,Greater Boston,Cape Ann,4:00 P.M.,,0,2024,1497.9470255539002,1471.9583959014624,1472.6757613348361,1497.2296601205264,0.6076454594306424,0.3923545405693576,1.899715741310945,-3.0
2024-10-18,10490,FINAL,Duxbury,4123,4.0,1.0,Hanover,4164,1.0,0.0,Patriot,Patriot,4:00 P.M.,,0,2024,1626.7807446429058,1603.5833012791281,1643.257896456344,1587.10614946569,0.6038082465129659,0.39619175348703406,1.8299360840944416,3.0
2024-10-18,9831,FINAL,Waltham,4405,6.0,1.0,Wayland,4411,2.0,0.0,Dual County,Dual County,6:00 P.M.,,0,2024,1537.0356883717936,1364.1254611632478,1547.513629024126,1353.6475205109155,0.7829896476821185,0.21701035231788146,5.572755680213646,4.0
2024-10-18,9808,FINAL,Plymouth North,4315,2.0,0.0,Whitman-Hanson,4427,4.0,1.0,Patriot,Patriot,4:00 P.M.,,0,2024,1347.2434621106938,1347.1756676094872,1328.4058202319077,1366.0133094882733,0.571558685840653,0.42844131415934705,1.2516948625301665,-2.0
2024-10-18,1567,FINAL,Bedford,4031,6.0,1.0,Malden,4227,0.0,0.0,Dual County,Greater Boston,4:30 P.M.,,0,2024,1610.9481219302288,1459.7211167701196,1624.8983234505233,1445.770915249825,0.7610338187665546,0.23896618123344537,5.030675129002731,6.0
2024-10-18,2666,FINAL,Quabbin,4325,0.0,0.0,Westborough,4418,1.0,1.0,Mid-Wach,Mid-Wach,4:00 P.M.,,0,2024,1569.614505917726,1479.6899932517715,1555.242582916827,1494.0619162526707,0.6911434013811772,0.30885659861882275,3.4981128166488644,-1.0
2024-10-18,9528,FINAL,Concord-Carlisle,4097,1.0,0.0,Acton-Boxborough,4003,2.0,1.0,Dual County,Dual County,4:30 P.M.,,0,2024,1594.0363869539578,1500.610848738644,1579.575351516192,1515.0718841764099,0.6954288037394725,0.30457119626052753,3.5856384553828433,-1.0
2024-10-18,9537,FINAL,Algonquin,4005,4.0,1.0,Natick,4270,1.0,0.0,Mid-Wach,Bay State,4:00 P.M.,,0,2024,1655.2922752111203,1623.4173107222402,1671.2751202548027,1607.434465678558,0.6156938119363795,0.3843061880636205,2.046874112222002,3.0
2024-10-18,9569,FINAL,Nauset,4271,1.0,2.0,Barnstable,4024,1.0,2.0,Cape &#38; Islands,Cape &#38; Islands,4:00 P.M.,,0,2024,1505.8966929953992,1356.5579836080544,1505.8966929953992,1356.5579836080544,0.7590513979292008,0.24094860207079916,4.98346773468362,0.0
2024-10-18,9621,FINAL,Bishop Feehan,4042,6.0,1.0,Nashoba,4267,0.0,0.0,Catholic Central,Mid-Wach,4:00 P.M.,,0,2024,1597.9997105460375,1624.6556407813164,1625.2301338137297,1597.4252175136241,0.5335443540235421,0.46645564597645794,0.5836017441180275,6.0
2024-10-18,9639,FINAL,Bridgewater-Raynham,4053,0.0,0.0,West Bridgewater,4415,2.0,1.0,Southeast,South Coast,4:45 P.M.,,0,2024,1341.190233366229,1572.5354643982846,1332.6079787418337,1581.11771902268,0.26039682706747375,0.7396031729325263,-4.53363077580139,-2.0
2024-10-18,10973,FINAL,North Middlesex,4286,5.0,1.0,Bromfield,4505,2.0,0.0,Mid-Wach,Mid-Wach,6:00 P.M.,,0,2024,1690.3281278671775,1491.7835470095054,1698.354097687447,1483.757577189236,0.8070162190328787,0.19298378096712132,6.213614521441803,3.0
2024-10-18,9658,FINAL,Central Catholic,4081,5.0,1.0,Methuen,4246,0.0,0.0,Merrimack Valley,Merrimack Valley,6:30 P.M.,,0,2024,1731.10291779838,1500.4967554144978,1740.0180442998646,1491.5816289130132,0.8341457720824262,0.16585422791757376,7.015154059597057,5.0
2024-10-18,9691,FINAL,New Bedford,4273,0.0,0.0,Durfee,4122,3.0,1.0,Big Three,Big Three,4:00 P.M.,,0,2024,1511.9800700628057,1624.0704201860092,1494.8627700569787,1641.1877201918362,0.41158406386358914,0.5884159361364109,-1.5522587530800878,-3.0
2024-10-18,9711,FINAL,Haverhill,4167,0.0,0.0,Essex Tech,4745,6.0,1.0,Merrimack Valley,Cape Ann,5:00 P.M.,,0,2024,1309.5759161277106,1498.36974120344,1291.4644909910385,1516.4811663401124,0.3102477118563228,0.6897522881436772,-3.4698456268932376,-6.0
2024-10-18,9746,FINAL,Lincoln-Sudbury,4211,3.0,1.0,Weston,4423,1.0,0.0,Dual County,Dual County,4:00 P.M.,,0,2024,1680.16277502154,1484.666423033097,1686.613759447474,1478.2154386071632,0.8042686975052027,0.1957313024947973,6.137408799711073,2.0
2024-10-18,9760,FINAL,Marshfield,4234,0.0,0.0,Silver Lake,4349,3.0,1.0,Patriot,Patriot,4:00 P.M.,,0,2024,1460.1744215390306,1541.7975246464537,1441.2674755530113,1560.704470632473,0.45461595353975914,0.5453840464602409,-0.7905775776855762,-3.0
2024-10-18,9789,FINAL,Newton South,4280,0.0,0.0,Westford,4421,1.0,1.0,Dual County,Dual County,6:00 P.M.,,0,2024,1364.7928663165537,1385.2544703542585,1353.5138289245178,1396.5335077462944,0.542407043716376,0.45759295628362395,0.7384598990573806,-1.0
2024-10-18,9794,FINAL,North Andover,4283,6.0,1.0,Dracut,4119,1.0,0.0,Merrimack Valley,Merrimack Valley,4:00 P.M.,,0,2024,1478.550586663362,1287.1596462559762,1489.2731026188817,1276.4371303004566,0.8005216633953062,0.19947833660469383,6.034773510184647,5.0
2024-10-18,9801,FINAL,Peabody,4306,2.0,0.0,Gloucester,4150,3.0,1.0,Northeastern,Northeastern,4:00 P.M.,,0,2024,1468.595940242847,1525.8023891775244,1458.4143587002056,1535.9839707201659,0.48963057333251764,0.5103694266674823,-0.18016122336693458,-1.0
2024-10-18,9666,FINAL,Chelmsford,4085,1.0,1.0,Tewksbury,4389,0.0,0.0,Merrimack Valley,Merrimack Valley,6:00 P.M.,,0,2024,1536.3221046970955,1516.1893627097124,1544.6485990180647,1507.8628683887432,0.5995802645049206,0.40041973549507937,1.753318549684576,1.0
2024-10-18,11137,FINAL,Manchester Essex,4229,6.0,1.0,Rockport,4490,0.0,0.0,Cape Ann,Cape Ann,4:00 P.M.,,0,2024,1637.0161182786715,1399.1945802810203,1646.3674303153489,1389.8432682443429,0.8398125415123043,0.16018745848769567,7.195538449941279,6.0
2024-10-18,9596,FINAL,Beverly,4038,4.0,1.0,Swampscott,4383,1.0,0.0,Northeastern,Northeastern,4:00 P.M.,,0,2024,1702.5296655786253,1459.3591872073803,1709.0212013031144,1452.8676514828912,0.8439115600420996,0.15608843995790045,7.329261959281126,3.0
2024-10-18,10992,FINAL,Tahanto,4513,1.0,2.0,St. Bernard’s,4365,1.0,2.0,Mid-Wach,Central Mass.,3:30 P.M.,,0,2024,1374.825026484506,1463.1729597232206,1374.825026484506,1463.1729597232206,0.44503590625932543,0.5549640937406746,-0.9586983309678658,0.0
2024-10-19,12013,FINAL,Amesbury,4007,0.0,0.0,Ipswich,4190,2.0,1.0,Cape Ann,Cape Ann,,,0,2024,1343.6381807884961,1550.9770119381437,1334.1502094546584,1560.4649832719815,0.2878774563056703,0.7121225436943297,-3.93347077874119,-2.0
2024-10-19,11784,FINAL,Greens Farms,4158,7.0,1.0,Austin Prep,4020,0.0,0.0,Independent,Independent,,,0,2024,1500.0,1434.4050984014445,1521.1805870203286,1413.224511381116,0.6604763571406073,0.33952364285939274,2.8898725399638865,7.0
2024-10-19,11803,FINAL,Norwood,4297,4.0,1.0,Westwood,4424,1.0,0.0,Tri-Valley,Tri-Valley,,,0,2024,1698.9309336144647,1508.2757609782077,1707.2551684201014,1499.951526172571,0.7998444621118768,0.20015553788812324,6.016379315906425,3.0
2024-10-19,11153,FINAL,Tyngsborough/Dracut,4397,1.0,0.0,Maynard,4239,2.0,1.0,Mid-Wach,Mid-Wach,11:00 A.M.,,0,2024,1545.4242758469009,1690.7522833721202,1537.8103179947132,1698.366241224308,0.36615397449629417,0.6338460255037058,-2.383200188130485,-1.0
2024-10-19,12024,FINAL,Bromfield,4505,1.0,2.0,Clinton,4093,1.0,2.0,Mid-Wach,Mid-Wach,,,0,2024,1483.757577189236,1663.1851018061043,1483.757577189236,1663.1851018061043,0.3219019884001127,0.6780980115998874,-3.235688115421709,0.0
2024-10-19,12089,FINAL,Northbridge,4292,7.0,1.0,Lunenburg,4219,0.0,0.0,SWCL,Mid-Wach,,,0,2024,1545.8870484815732,1468.2000689339375,1566.1050170133942,1447.9821004021164,0.6759070784699198,0.3240929215300802,3.1921744886908927,7.0
2024-10-19,10823,FINAL,Martha’s Vineyard,4235,2.0,1.0,Seekonk,4344,0.0,0.0,Cape &#38; Islands,South Coast,12:45 P.M.,,0,2024,1338.5200955174273,1520.0772033202586,1360.9570991416695,1497.6401996960165,0.31923197244154344,0.6807680275584566,-3.2889276950707824,2.0
2024-10-19,12112,FINAL,Old Rochester,4301,2.0,1.0,New Bedford,4273,1.0,0.0,South Coast,Big Three,,,0,2024,1488.7319226514378,1494.8627700569787,1497.8232534892393,1485.7714392191772,0.5627994028407656,0.4372005971592344,1.0967288148614784,1.0
2024-10-19,10746,FINAL,Tewksbury,4389,0.0,0.0,Bedford,4031,8.0,1.0,Merrimack Valley,Dual County,11:30 A.M.,,0,2024,1507.8628683887432,1624.8983234505233,1481.1858513850152,1651.5753404542513,0.40470778876973995,0.5952922112302601,-1.675886376544503,-8.0
2024-10-19,11780,FINAL,Lawrence Academy,4204,4.0,1.0,Thayer,4390,1.0,0.0,ISL,ISL,,,0,2024,1537.1478350983502,1453.0395954238977,1550.2919428559,1439.895487666348,0.683951015354547,0.31604898464545295,3.3527059918613134,3.0
2024-10-19,10722,FINAL,Dartmouth,4105,7.0,1.0,Apponequet,4011,0.0,0.0,Southeast,South Coast,10:00 A.M.,,0,2024,1569.4606204298884,1497.3125480986623,1590.1167260214497,1476.656442507101,0.6688837655441736,0.3311162344558264,3.0537018082806524,7.0
2024-10-19,10663,FINAL,Shepherd Hill,4347,0.0,0.0,Auburn,4019,7.0,1.0,Mid-Wach,SWCL,11:00 A.M.,,0,2024,1421.5643943585233,1572.7827046546245,1399.2111741371002,1595.1359248760475,0.35832088845939897,0.6416791115406011,-2.53045775740253,-7.0
2024-10-19,10537,FINAL,Glastonbury (Conn.),4697,3.0,1.0,Longmeadow,4214,1.0,0.0,Independent,Suburban,2:00 P.M.,,0,2024,1500.0,1650.5519809321572,1521.1196139388703,1629.432366993287,0.3592032980541792,0.6407967019458207,-2.5137995233039305,2.0
2024-10-19,9861,FINAL,Smith Academy,4538,1.0,2.0,Amherst-Pelham,4008,1.0,2.0,Valley,County,10:30 A.M.,,0,2024,1467.564361243952,1534.9163616168348,1467.564361243952,1534.9163616168348,0.47504920568974673,0.5249507943102533,-0.4338000093220728,0.0
2024-10-19,9829,FINAL,Winchester,4434,1.0,0.0,Walpole,4404,3.0,1.0,Middlesex,Bay State,10:00 A.M.,,0,2024,1682.2392151916717,1746.2674085472272,1666.4250394331898,1762.0815843057092,0.47982277040471494,0.5201772295952851,-0.35070483388888646,-2.0
2024-10-19,9790,FINAL,Newton South,4280,2.0,1.0,Ursuline,4448,1.0,0.0,Dual County,Independent,11:30 A.M.,,0,2024,1353.5138289245178,1423.515105494695,1364.5089258777307,1412.5200085414822,0.4712476050502121,0.5287523949497879,-0.5000319142544299,1.0
2024-10-19,9740,FINAL,Lexington,4209,3.0,1.0,Burlington,4065,0.0,0.0,Middlesex,Middlesex,10:00 A.M.,,0,2024,1524.1682902128073,1434.1689762891463,1537.0094526932137,1421.3278138087398,0.6912353095044731,0.3087646904955269,3.4999828480915256,3.0
2024-10-19,9733,FINAL,Uxbridge,4398,9.0,1.0,King Philip,4197,0.0,0.0,SWCL,Hockomock,11:30 A.M.,,0,2024,1760.3851835425587,1591.7132436965267,1775.6640688085658,1576.4343584305195,0.7788154813113409,0.22118451868865907,5.466798496150801,9.0
2024-10-19,10674,FINAL,Sandwich,4340,8.0,1.0,Somerset Berkley,4350,2.0,0.0,South Shore,South Coast,11:00 A.M.,,0,2024,1782.6096225067524,1723.969779869878,1802.9575323757028,1703.6218700009276,0.6514414282552433,0.3485585717447567,2.7159960659218596,6.0
2024-10-19,11777,FINAL,Triton,4395,1.0,0.0,Lynnfield,4223,3.0,1.0,Cape Ann,Cape Ann,,,0,2024,1413.377599289063,1592.2381595056052,1402.7447415058002,1602.871017288868,0.322614808182344,0.677385191817656,-3.221514005413553,-2.0
2024-10-20,12079,FINAL,Leominster,4208,1.0,1.0,Shrewsbury,4348,0.0,0.0,Mid-Wach,Mid-Wach,,,0,2024,1447.3243961327419,1346.119478999196,1453.462282463705,1339.981592668233,0.7048300609593119,0.2951699390406881,3.7801229283386477,1.0
2024-10-20,9761,FINAL,Nantucket,4265,2.0,1.0,Marshfield,4234,0.0,0.0,Cape &#38; Islands,Patriot,11:30 A.M.,,0,2024,1603.9614955812883,1441.2674755530113,1611.4486207999894,1433.7803503343102,0.772830831042375,0.22716916895762496,5.317350500706925,2.0
2024-10-21,12492,FINAL,Shrewsbury,4348,0.0,0.0,Westborough,4418,3.0,1.0,Mid-Wach,Mid-Wach,,,0,2024,1339.981592668233,1494.0619162526707,1325.236616611047,1508.8068923098565,0.35454173059547683,0.6454582694045232,-2.602008089610945,-3.0
2024-10-21,12070,FINAL,Hampshire,4518,1.0,0.0,Smith Academy,4538,3.0,1.0,County,Valley,,,0,2024,1415.7332979297514,1467.564361243952,1399.340961786178,1483.9566973875253,0.4973649124644476,0.5026350875355524,-0.04577658285501229,-2.0
2024-10-21,9770,FINAL,Natick,4270,3.0,1.0,Dover-Sherborn,4118,1.0,0.0,Bay State,Tri-Valley,6:30 P.M.,,0,2024,1607.434465678558,1533.189921001789,1618.2596037928981,1522.3647828874487,0.6715511551558113,0.3284488448441887,3.106113616919225,2.0
2024-10-21,9752,FINAL,Tewksbury,4389,3.0,1.0,Lowell,4216,1.0,0.0,Merrimack Valley,Merrimack Valley,7:15 P.M.,,0,2024,1481.1858513850152,1533.583134922714,1497.7787392388839,1516.9902470688453,0.49655008641295917,0.5034499135870408,-0.059932088442468515,2.0
2024-10-21,1496,FINAL,Duxbury,4123,8.0,1.0,Pembroke,4308,1.0,0.0,Patriot,Patriot,4:00 P.M.,,0,2024,1643.257896456344,1388.5348131303242,1652.4611351577878,1379.3315744288805,0.852472590725664,0.14752740927433605,7.618077083150496,7.0
2024-10-21,9529,FINAL,Minnechaug,4254,1.0,2.0,Acton-Boxborough,4003,1.0,2.0,Suburban,Dual County,6:30 P.M.,,0,2024,1514.7264733796383,1515.0718841764099,1514.7264733796383,1515.0718841764099,0.5709761167038532,0.4290238832961468,1.24136473008071,0.0
2024-10-21,9543,FINAL,Central Catholic,4081,1.0,0.0,Andover,4009,5.0,1.0,Merrimack Valley,Merrimack Valley,7:00 P.M.,,0,2024,1740.0180442998646,1698.550484644874,1709.6637234085836,1728.904805536155,0.6286733328195175,0.37132666718048246,2.2866889913747683,-4.0
2024-10-21,9559,FINAL,Attleboro,4018,8.0,1.0,Sharon,4345,0.0,0.0,Hockomock,Hockomock,5:15 P.M.,,0,2024,1562.2585227396055,1269.0919385009374,1570.2876632751577,1261.0627979653852,0.8781926888073458,0.1218073111926542,8.579164605966701,8.0
2024-10-21,9570,FINAL,Barnstable,4024,2.0,1.0,Dartmouth,4105,1.0,0.0,Cape &#38; Islands,Southeast,4:00 P.M.,,0,2024,1356.5579836080544,1590.1167260214497,1371.9884724086214,1574.6862372208827,0.2579503442976462,0.7420496557023538,-4.588968560334882,1.0
2024-10-21,9597,FINAL,St. Mary’s,4374,1.0,1.0,Beverly,4038,0.0,0.0,Catholic Central,Northeastern,7:15 P.M.,,0,2024,1623.507117321667,1709.0212013031144,1634.9634181461981,1697.5649004785832,0.44906838711722363,0.5509316128827764,-0.8878520995361839,1.0
2024-10-21,9622,FINAL,Bishop Fenwick,4043,0.0,0.0,Bishop Feehan,4042,6.0,1.0,Catholic Central,Catholic Central,4:00 P.M.,,0,2024,1416.2113708641418,1625.2301338137297,1399.5213552156915,1641.92014946218,0.28589904586212855,0.7141009541378714,-3.975469073739697,-6.0
2024-10-21,9640,FINAL,Durfee,4122,6.0,1.0,Bridgewater-Raynham,4053,0.0,0.0,Big Three,Southeast,5:15 P.M.,,0,2024,1641.1877201918362,1332.6079787418337,1647.7627735178437,1326.0329254158262,0.8873696998257344,0.11263030017426556,8.964493536250064,6.0
2024-10-21,9667,FINAL,Chelmsford,4085,2.0,1.0,North Andover,4283,1.0,0.0,Merrimack Valley,Merrimack Valley,6:00 P.M.,,0,2024,1544.6485990180647,1489.2731026188817,1551.9856471110265,1481.9360545259199,0.6471625700506689,0.3528374299493311,2.6343874099795754,1.0
2024-10-21,9674,FINAL,Weston,4423,2.0,0.0,Concord-Carlisle,4097,4.0,1.0,Dual County,Dual County,4:00 P.M.,,0,2024,1478.2154386071632,1579.575351516192,1464.1547106577052,1593.63607946565,0.4266208711508304,0.5733791288491696,-1.2839978227257234,-2.0
2024-10-21,9721,FINAL,Franklin,4144,8.0,1.0,Milford,4249,0.0,0.0,Hockomock,Hockomock,3:45 P.M.,,0,2024,1728.7872209766588,1299.7241045111612,1732.7193356131318,1295.7919898746882,0.9403472502381471,0.059652749761852863,11.97657791163744,8.0
2024-10-21,9734,FINAL,King Philip,4197,8.0,1.0,Taunton,4388,0.0,0.0,Hockomock,Hockomock,6:00 P.M.,,0,2024,1576.4343584305195,1358.4930125210728,1588.0480618111678,1346.8793091404245,0.8238125269420852,0.17618747305791482,6.698533647736167,8.0
2024-10-21,9747,FINAL,Westford,4421,0.0,0.0,Lincoln-Sudbury,4211,3.0,1.0,Dual County,Dual County,4:30 P.M.,,0,2024,1396.5335077462944,1686.613759447474,1388.18721604091,1694.9600511528583,0.20068589421951236,0.7993141057804877,-6.002006292529489,-3.0
2024-10-21,12066,FINAL,Groton-Dunstable,4160,0.0,0.0,Oakmont,4299,2.0,1.0,Mid-Wach,Mid-Wach,,,0,2024,1628.2460533241563,1482.932028836802,1603.3694469639163,1507.808635197042,0.7547887644815012,0.24521123551849877,4.882850612183859,-2.0
2024-10-21,12057,FINAL,Grafton,4153,2.0,1.0,Tyngsborough/Dracut,4397,0.0,0.0,SWCL,Mid-Wach,,,0,2024,1543.0825327677408,1537.8103179947132,1556.9620005802578,1523.930850182196,0.5788787984114117,0.42112120158858835,1.38180536932569,2.0
2024-10-21,9766,FINAL,Dracut,4119,0.0,0.0,Methuen,4246,6.0,1.0,Merrimack Valley,Merrimack Valley,5:00 P.M.,,0,2024,1276.4371303004566,1491.5816289130132,1260.1641944417233,1507.8545647717465,0.2787544921097421,0.7212455078902579,-4.128612465313916,-6.0
2024-10-21,12047,FINAL,Fitchburg,4139,1.0,2.0,South High,4962,1.0,2.0,Mid-Wach,Independent,,,0,2024,1295.2786867227962,1341.7975619832537,1295.2786867227962,1341.7975619832537,0.5050095735716223,0.49499042642837765,0.08702811848856414,0.0
2024-10-21,10669,FINAL,Whitman-Hanson,4427,1.0,0.0,Silver Lake,4349,4.0,1.0,Patriot,Patriot,4:00 P.M.,,0,2024,1366.0133094882733,1560.704470632473,1353.4106348300022,1573.307145290744,0.30303027052374726,0.6969697294762527,-3.6172790286049916,-3.0
2024-10-21,10664,FINAL,Northbridge,4292,10.0,1.0,Shepherd Hill,4347,0.0,0.0,SWCL,Mid-Wach,6:30 P.M.,,0,2024,1566.1050170133942,1399.2111741371002,1582.1435370017878,1383.1726541487067,0.7770472551444875,0.22295274485551253,5.42234607190735,10.0
2024-10-21,10641,FINAL,Plymouth South,4316,2.0,0.0,Hanover,4164,6.0,1.0,Patriot,Patriot,4:00 P.M.,,0,2024,1340.1473044401703,1587.10614946569,1328.3921450983225,1598.8613088075376,0.24346303868016084,0.7565369613198392,-4.9239711256379906,-4.0
2024-10-21,10630,FINAL,Notre Dame (Hingham),4449,2.0,1.0,Dennis-Yarmouth,4111,0.0,0.0,Independent,Cape &#38; Islands,4:00 P.M.,,0,2024,1682.2115584946778,1629.7231365841192,1693.9658824583612,1617.9688126204358,0.6433584415258505,0.35664155847414947,2.562210547763965,2.0
2024-10-21,10625,FINAL,Dedham,4108,1.0,0.0,Norwood,4297,3.0,1.0,Tri-Valley,Tri-Valley,6:00 P.M.,,0,2024,1648.54261850945,1707.2551684201014,1632.4765917084856,1723.3211952210659,0.48746426034253265,0.5125357396574673,-0.21781374776628581,-2.0
2024-10-21,10606,FINAL,Oliver Ames,4302,3.0,1.0,North Attleborough,4284,2.0,0.0,Hockomock,Hockomock,5:30 P.M.,,0,2024,1538.5467907403247,1542.9618556214189,1547.5876175279723,1533.9210288337713,0.5652281342641553,0.4347718657358447,1.139623377972646,1.0
2024-10-21,10689,FINAL,East Bridgewater,4126,9.0,1.0,Southeastern,4358,1.0,0.0,South Shore,Mayflower,3:30 P.M.,,0,2024,1399.1596831349464,1454.2043386720525,1432.596563326043,1420.7674584809558,0.4927406672340345,0.5072593327659656,-0.12611638842765274,8.0
2024-10-21,10595,FINAL,Ursuline,4448,0.0,0.0,Milton,4252,4.0,1.0,Independent,Bay State,3:45 P.M.,,0,2024,1412.5200085414822,1437.6666511867868,1386.6544434185469,1463.5322163097221,0.5357059737668779,0.4642940262331221,0.6213339338673848,-4.0
2024-10-21,10526,FINAL,Hopkinton,4180,0.0,2.0,Westwood,4424,0.0,2.0,Tri-Valley,Tri-Valley,6:30 P.M.,,0,2024,1494.1183223218814,1499.951526172571,1494.1183223218814,1499.951526172571,0.5632209437435534,0.43677905625644664,1.104169903732759,0.0
2024-10-21,10519,FINAL,Northampton,4291,5.0,1.0,Holyoke,4176,0.0,0.0,Valley,County,7:30 P.M.,,0,2024,1433.5382390993386,1419.4819706659466,1455.5148560903122,1397.505353674973,0.5911538840563649,0.40884611594363507,1.6014067108348002,5.0
2024-10-21,10513,FINAL,Sandwich,4340,3.0,1.0,Hingham,4171,0.0,0.0,South Shore,Patriot,3:30 P.M.,,0,2024,1802.9575323757028,1732.7490242328117,1816.8313039801137,1718.8752526284009,0.6664063084648378,0.33359369153516216,3.0052127035722775,3.0
2024-10-21,10497,FINAL,Everett,4132,1.0,2.0,Malden,4227,1.0,2.0,Greater Boston,Greater Boston,4:00 P.M.,,0,2024,1472.6757613348361,1445.770915249825,1472.6757613348361,1445.770915249825,0.6089021698373756,0.39109783016262445,1.9226211521252765,0.0
2024-10-21,10481,FINAL,Stoughton,4381,0.0,0.0,Canton,4071,9.0,1.0,Hockomock,Hockomock,5:15 P.M.,,0,2024,1363.8050320517914,1724.7107677616289,1353.9195238223854,1734.5962759910349,0.14310738916134164,0.8568926108386583,-7.772643392745937,-9.0
2024-10-21,9862,FINAL,Greenfield,4157,3.0,1.0,Amherst-Pelham,4008,0.0,0.0,Suburban,County,4:00 P.M.,,0,2024,1530.4624317930202,1534.9163616168348,1548.5463719250436,1516.8324214848114,0.5651731541966172,0.4348268458033828,1.1386517544046342,3.0
2024-10-21,10564,FINAL,Mansfield,4230,0.0,2.0,Foxborough,4142,0.0,2.0,Hockomock,Hockomock,6:30 P.M.,,0,2024,1455.0867735639354,1580.2554113158874,1455.0867735639354,1580.2554113158874,0.3934804776453475,0.6065195223546525,-1.8792159437988005,0.0
2024-10-21,9855,FINAL,East Longmeadow,4127,4.0,1.0,Agawam,4004,2.0,0.0,Valley,Suburban,5:00 P.M.,,0,2024,1740.729874393864,1594.7231710926494,1748.7873383016865,1586.665707184827,0.755526009465668,0.24447399053433205,4.900167582530367,2.0
2024-10-21,10730,FINAL,Holliston,4174,1.0,1.0,Ashland,4015,0.0,0.0,Tri-Valley,Tri-Valley,6:15 P.M.,,0,2024,1397.4926792521,1433.3852109036256,1407.467944802215,1423.4099453535107,0.5202911286432896,0.47970887135671036,0.3526867087118603,1.0
2024-10-21,10743,FINAL,Quaboag,4510,6.0,1.0,Bay Path/David Prouty,4027,0.0,0.0,SWCL,Colonial,3:30 P.M.,,0,2024,1523.9863263508034,1396.129569445276,1539.4144469088828,1380.7014488871966,0.7357171473107454,0.26428285268925455,4.446418922638185,6.0
2024-10-21,12056,FINAL,Gardner,4147,1.0,1.0,Oxford,4303,0.0,0.0,Mid-Wach,SWCL,,,0,2024,1368.5007870845786,1302.3401657483962,1375.5458051351875,1295.2951476977873,0.6612062465137784,0.33879375348622165,2.9040155334045608,1.0
2024-10-21,11818,FINAL,Blackstone-Millville,4486,3.0,1.0,Monty Tech,4259,2.0,0.0,Dual Valley,Colonial,,,0,2024,1352.2329175288178,1516.1783168703566,1365.9227925817752,1502.4884418173992,0.34165617169029394,0.6583438283097061,-2.8486349835384717,1.0
2024-10-21,11812,FINAL,Amesbury,4007,0.0,0.0,Lynnfield,4223,3.0,1.0,Cape Ann,Cape Ann,6:00 P.M.,,0,2024,1334.1502094546584,1602.871017288868,1324.9534190958423,1612.067807647684,0.2211360640459909,0.778863935954009,-5.468020195855241,-3.0
2024-10-21,11151,FINAL,Mashpee,4237,0.0,2.0,Wareham/Bourne,4407,0.0,2.0,South Shore,Mayflower,4:00 P.M.,,0,2024,1300.4721666211497,1237.3971007372488,1300.4721666211497,1237.3971007372488,0.6572160410796435,0.3427839589203565,2.826876647097521,0.0
2024-10-21,11033,FINAL,Wakefield,4402,0.0,2.0,Wilmington,4432,0.0,2.0,Middlesex,Middlesex,6:00 P.M.,,0,2024,1303.9271628191384,1297.4660515561454,1303.9271628191384,1297.4660515561454,0.5805462698928104,0.41945373010718956,1.4115277815748244,0.0
2024-10-21,11027,FINAL,Rockport,4490,0.0,0.0,Triton,4395,2.0,1.0,Cape Ann,Cape Ann,4:00 P.M.,,0,2024,1389.8432682443429,1402.7447415058002,1371.6111243149699,1420.9768854351732,0.553187086334056,0.446812913665944,0.9274631684635665,-2.0
2024-10-21,10734,FINAL,Littleton,4212,0.0,0.0,Auburn,4019,7.0,1.0,Mid-Wach,SWCL,6:00 P.M.,,0,2024,1414.4953107482218,1595.1359248760475,1394.5089907560923,1615.122244868177,0.3203796082029471,0.6796203917970529,-3.2660153531956437,-7.0
2024-10-21,10985,FINAL,Manchester Essex,4229,1.0,1.0,Pentucket,4309,0.0,0.0,Cape Ann,Cape Ann,4:00 P.M.,,0,2024,1646.3674303153489,1582.520293938094,1653.474616577822,1575.413107675621,0.6582165874818674,0.3417834125181326,2.8461784094313716,1.0
2024-10-21,10959,FINAL,Notre Dame (Worcester),4451,2.0,1.0,St. Bernard’s,4365,0.0,0.0,Central Mass.,Central Mass.,3:45 P.M.,,0,2024,1457.4712342305338,1463.1729597232206,1471.860623246548,1448.7835707072065,0.5634071223476906,0.43659287765230936,1.1074568626828296,2.0
2024-10-21,10845,FINAL,Sutton,4512,6.0,1.0,Nipmuc,4281,0.0,0.0,Dual Valley,Dual Valley,3:30 P.M.,,0,2024,1706.4676412580247,1528.733948633646,1718.8628653945013,1516.3387244971693,0.7876704954321047,0.21232950456789534,5.6933423156094705,6.0
2024-10-21,10841,FINAL,Hamilton-Wenham,4163,0.0,0.0,Newburyport,4276,3.0,1.0,Cape Ann,Cape Ann,4:00 P.M.,,0,2024,1497.2296601205264,1634.2550235633541,1481.5375496100305,1649.94713407385,0.3773155002428998,0.6226844997571002,-2.175634086070693,-3.0
2024-10-21,10826,FINAL,Medfield,4241,4.0,1.0,Bellingham,4033,0.0,0.0,Tri-Valley,Tri-Valley,6:00 P.M.,,0,2024,1628.1312030899107,1413.4945780786218,1636.772227503906,1404.8535536646266,0.8210343220400763,0.17896567795992369,6.615915625282224,4.0
2024-10-21,10780,FINAL,Dighton-Rehoboth,4114,0.0,0.0,Westport,4461,1.0,1.0,South Coast,Mayflower,3:45 P.M.,,0,2024,1434.7709420851156,1597.4254817806068,1427.6316054445756,1604.5648184211468,0.34332951888479635,0.6566704811152037,-2.8163634923872793,-1.0
2024-10-21,10759,FINAL,Leicester,4207,0.0,0.0,Blackstone Valley,4046,7.0,1.0,SWCL,Colonial,3:30 P.M.,,0,2024,1348.0270283153222,1628.7973823283548,1334.962686479253,1641.861724164424,0.2094206797708344,0.7905793202291655,-5.769258850325815,-7.0
2024-10-21,10968,FINAL,Ipswich,4190,0.0,0.0,North Reading,4288,1.0,1.0,Cape Ann,Cape Ann,6:00 P.M.,,0,2024,1560.4649832719815,1659.0346537942562,1551.5118558259267,1667.987781240311,0.4305544188956705,0.5694455811043295,-1.2142417630568674,-1.0
2024-10-21,9840,FINAL,Brockton,4058,1.0,0.0,Weymouth,4425,2.0,1.0,Big Three,Bay State,6:00 P.M.,,0,2024,1299.3896979932758,1276.7483943875975,1286.8497891814359,1289.2883031994375,0.6030421418680482,0.39695785813195184,1.8160325901419583,-1.0
2024-10-21,9872,FINAL,St. John Paul II,4689,3.0,1.0,Bishop Stang,4045,1.0,0.0,Cape &#38; Islands,Catholic Central,7:00 P.M.,,0,2024,1537.641430713586,1486.1628127569008,1549.4397497723824,1474.3644936981045,0.6420235728141521,0.3579764271858479,2.5369654489171296,2.0
2024-10-21,9809,FINAL,Plymouth North,4315,0.0,0.0,Scituate,4343,4.0,1.0,Patriot,Patriot,4:00 P.M.,,0,2024,1328.4058202319077,1583.1806883713202,1317.0461583933863,1594.5403502098416,0.23527182483523107,0.764728175164769,-5.119371703485314,-4.0
2024-10-21,9791,FINAL,Wayland,4411,1.0,0.0,Newton South,4280,2.0,1.0,Dual County,Dual County,4:30 P.M.,,0,2024,1353.6475205109155,1364.5089258777307,1342.0839974226662,1376.07244896598,0.5560879138207436,0.44391208617925637,0.9784648658296191,-1.0
2024-10-21,12033,FINAL,Clinton,4093,3.0,1.0,Lunenburg,4219,0.0,0.0,Mid-Wach,Mid-Wach,,,0,2024,1663.1851018061043,1447.9821004021164,1670.608172324482,1440.5590298837387,0.8215128829161251,0.17848711708387488,6.630075035099696,3.0
2024-10-21,11821,FINAL,Apponequet,4011,0.0,0.0,Somerset Berkley,4350,4.0,1.0,South Coast,South Coast,3:45 P.M.,,0,2024,1476.656442507101,1703.6218700009276,1463.8478098198143,1716.4305026882143,0.26528169841844557,0.7347183015815544,-4.424135687345665,-4.0
2024-10-21,9832,FINAL,Waltham,4405,1.0,2.0,Malden Catholic,4228,1.0,2.0,Dual County,Independent,4:00 P.M.,,0,2024,1547.513629024126,1658.2669884689615,1547.513629024126,1658.2669884689615,0.41344924295133034,0.5865507570486697,-1.5188339861208875,0.0
2024-10-22,9844,FINAL,Winchester,4434,0.0,0.0,Reading,4328,2.0,1.0,Middlesex,Middlesex,4:15 P.M.,,0,2024,1666.4250394331898,1629.3476404426171,1645.9000547173023,1649.8726251585047,0.6227548738105712,0.37724512618942885,2.176934974764316,-2.0
2024-10-22,9841,FINAL,Weymouth,4425,1.0,0.0,Milton,4252,6.0,1.0,Bay State,Bay State,5:30 P.M.,,0,2024,1289.2883031994375,1463.5322163097221,1271.6332202577164,1481.1872992514432,0.3284496467472704,0.6715503532527296,-3.1060978277571167,-5.0
2024-10-22,9835,FINAL,Framingham,4143,0.0,0.0,Wellesley,4413,8.0,1.0,Bay State,Bay State,4:00 P.M.,,0,2024,1217.8917865181436,1590.207331724704,1208.9771791345956,1599.121939108252,0.13524042217471055,0.8647595778252894,-8.057888630164012,-8.0
2024-10-22,9802,FINAL,Swampscott,4383,3.0,1.0,Peabody,4306,0.0,0.0,Northeastern,Northeastern,4:30 P.M.,,0,2024,1452.8676514828912,1458.4143587002056,1471.0159105192831,1440.2660996638137,0.5636266114571523,0.4363733885428477,1.1113323195671398,3.0
2024-10-22,9782,FINAL,New Bedford,4273,3.0,2.0,Bishop Stang,4045,3.0,2.0,Big Three,Catholic Central,4:00 P.M.,,0,2024,1485.7714392191772,1474.3644936981045,1485.7714392191772,1474.3644936981045,0.5874628610892149,0.41253713891078514,1.5351736380268164,0.0
2024-10-22,9647,FINAL,Brookline,4059,1.0,1.0,Newton North,4279,0.0,0.0,Bay State,Bay State,4:00 P.M.,,0,2024,1509.9298000205326,1538.4005325599946,1519.683555510207,1528.6467770703202,0.5309435108334372,0.46905648916656284,0.5382316865134499,1.0
2024-10-22,10581,FINAL,Melrose,4244,0.0,0.0,Stoneham,4380,2.0,1.0,Middlesex,Middlesex,4:15 P.M.,,0,2024,1389.4550626282828,1440.916297687829,1373.04518559124,1457.3261747248719,0.4978971261079769,0.5021028738920231,-0.03653087648865494,-2.0
2024-10-22,9628,FINAL,Braintree,4051,0.0,0.0,Needham,4272,3.0,1.0,Bay State,Bay State,4:00 P.M.,,0,2024,1376.9109921604406,1481.9064995122,1359.3809026345732,1499.4365890380675,0.4215095537551427,0.5784904462448572,-1.374887683793986,-3.0
2024-10-22,9577,FINAL,Belmont,4034,4.0,1.0,Lexington,4209,0.0,0.0,Middlesex,Middlesex,4:15 P.M.,,0,2024,1700.144821694059,1537.0094526932137,1711.0917407114514,1526.0625336758212,0.773276559623302,0.226723440376698,5.32838422502113,4.0
2024-10-22,9551,FINAL,Arlington,4013,7.0,1.0,Woburn,4438,1.0,0.0,Middlesex,Middlesex,6:30 P.M.,,0,2024,1587.7460903181434,1287.7691599931213,1594.6156682605094,1280.8995820507553,0.8823245094212755,0.1176754905787245,8.749423258125551,6.0
2024-10-22,4917,FINAL,Blackstone-Millville,4486,0.0,0.0,Hopedale,4507,9.0,1.0,Dual Valley,Dual Valley,4:00 P.M.,,0,2024,1365.9227925817752,1522.007343597449,1341.613989043727,1546.3161471354972,0.3519059746081512,0.6480940253918488,-2.652113775391848,-9.0
2024-10-22,9771,FINAL,Walpole,4404,0.0,2.0,Natick,4270,0.0,2.0,Bay State,Bay State,6:15 P.M.,,0,2024,1762.0815843057092,1618.2596037928981,1762.0815843057092,1618.2596037928981,0.7531956320863878,0.24680436791361215,4.845549512820275,0.0
2024-10-22,10620,FINAL,Bishop Fenwick,4043,7.0,1.0,Northeast,4293,0.0,0.0,Catholic Central,Independent,6:00 P.M.,,0,2024,1399.5213552156915,1219.4565963496345,1412.6276977539526,1206.3502538113735,0.7899060512873175,0.2100939487126825,5.751618971651425,7.0
2024-10-22,10570,FINAL,Marblehead,4231,1.0,0.0,Saugus,4341,4.0,1.0,Northeastern,Northeastern,4:30 P.M.,,0,2024,1361.1395166568934,1383.5090807700276,1338.694865700642,1405.953731726279,0.5396797771511317,0.4603202228488683,0.6907608971716457,-3.0
2024-10-22,10692,FINAL,Southeastern,4358,1.0,1.0,Greater Lowell,4155,0.0,0.0,Mayflower,Independent,5:00 P.M.,,0,2024,1420.7674584809558,1347.4168629971266,1427.6209837284073,1340.5633377496752,0.6704151037631506,0.3295848962368494,3.083764887095731,1.0
2024-10-22,12090,FINAL,North Brookfield,4508,1.0,2.0,Lunenburg,4219,1.0,2.0,Colonial,Mid-Wach,,,0,2024,1559.4384457959095,1440.5590298837387,1559.4384457959095,1440.5590298837387,0.7255474453979678,0.2744525546020322,4.22198539780427,0.0
2024-10-22,12080,FINAL,Leominster,4208,3.0,1.0,Marlborough,4233,0.0,0.0,Mid-Wach,Mid-Wach,,,0,2024,1453.462282463705,1545.9080653256676,1476.78456250855,1522.5857852808226,0.43921770395131,0.56078229604869,-1.0611445715490675,3.0
2024-10-22,11886,FINAL,Palmer,4304,0.0,0.0,Mahar,4226,4.0,1.0,County,Valley,,,0,2024,1301.4940746157652,1316.0131804303987,1274.8956501543237,1342.6116048918402,0.5508843440712833,0.4491156559287167,0.8870223546341606,-4.0
2024-10-22,10675,FINAL,Fairhaven,4133,0.0,0.0,Somerset Berkley,4350,9.0,1.0,South Coast,South Coast,3:30 P.M.,,0,2024,1430.0158994736807,1716.4305026882143,1415.9177137415757,1730.5286884203194,0.20409214227667985,0.7959078577233202,-5.91036508036334,-9.0
2024-10-22,11132,FINAL,Uxbridge,4398,9.0,1.0,Quaboag,4510,0.0,0.0,SWCL,SWCL,3:30 P.M.,,0,2024,1775.6640688085658,1539.4144469088828,1786.8137729829316,1528.264742734517,0.8385915000739762,0.1614084999260238,7.156240547492075,9.0
2024-10-22,11039,FINAL,Burlington,4065,1.0,1.0,Wilmington,4432,0.0,0.0,Middlesex,Middlesex,6:00 P.M.,,0,2024,1421.3278138087398,1297.4660515561454,1426.916905789362,1291.8769595755232,0.7312214905494663,0.2687785094505337,4.34654405631486,1.0
2024-10-22,11862,FINAL,Hudson,4182,1.0,1.0,Bromfield,4505,0.0,0.0,Mid-Wach,Mid-Wach,,,0,2024,1512.4782085379982,1483.757577189236,1520.5591579466063,1475.6766277806278,0.6113884787508765,0.38861152124912346,1.9680157837190564,1.0
2024-10-22,10979,FINAL,Wareham/Bourne,4407,0.0,0.0,Old Rochester,4301,4.0,1.0,Mayflower,South Coast,3:30 P.M.,,0,2024,1237.3971007372488,1497.8232534892393,1226.3176035106126,1508.9027507158755,0.2294692894755149,0.7705307105244851,-5.260653818799762,-4.0
2024-10-22,10836,FINAL,Nauset,4271,3.0,1.0,Sturgis East,4456,0.0,0.0,Cape &#38; Islands,Cape &#38; Islands,4:00 P.M.,,0,2024,1505.8966929953992,1480.9683722357865,1522.274818490803,1464.5902467403828,0.6061893261453984,0.39381067385460156,1.8732080189903173,3.0
2024-10-22,10796,FINAL,Nantucket,4265,5.0,1.0,Falmouth,4134,1.0,0.0,Cape &#38; Islands,Cape &#38; Islands,3:45 P.M.,,0,2024,1611.4486207999894,1434.9833334405103,1621.759640183374,1424.6723140571257,0.7864467815393942,0.21355321846060582,5.6616321839869785,4.0
2024-10-22,10781,FINAL,West Bridgewater,4415,9.0,1.0,Dighton-Rehoboth,4114,2.0,0.0,South Coast,South Coast,3:45 P.M.,,0,2024,1581.11771902268,1427.6316054445756,1595.8781692876535,1412.871155179602,0.7633907955714929,0.23660920442850708,5.087152839452608,7.0
2024-10-22,10766,FINAL,Gloucester,4150,0.0,2.0,Danvers,4103,0.0,2.0,Northeastern,Northeastern,4:30 P.M.,,0,2024,1535.9839707201659,1447.4268758257606,1535.9839707201659,1447.4268758257606,0.689460596953389,0.310539403046611,3.463927372360132,0.0
2024-10-22,10725,FINAL,Joseph Case,4078,0.0,2.0,Apponequet,4011,0.0,2.0,South Coast,South Coast,4:00 P.M.,,0,2024,1474.8158901586764,1463.8478098198143,1474.8158901586764,1463.8478098198143,0.5868504739896565,0.4131495260103435,1.5242020084715535,0.0
2024-10-22,11034,FINAL,Watertown,4409,7.0,1.0,Wakefield,4402,0.0,0.0,Middlesex,Middlesex,4:15 P.M.,,0,2024,1739.2435486461486,1303.9271628191384,1742.840894628028,1300.329816837259,0.942334742128674,0.05766525787132604,12.132909645675255,7.0
2024-10-23,12122,FINAL,Quaboag,4510,4.0,1.0,Palmer,4304,0.0,0.0,SWCL,County,,,0,2024,1528.264742734517,1274.8956501543237,1535.4352872451007,1267.72510564374,0.8514896731919921,0.1485103268080079,7.584227314504835,4.0
2024-10-23,12078,FINAL,Leicester,4207,2.0,0.0,Northbridge,4292,7.0,1.0,SWCL,SWCL,,,0,2024,1334.962686479253,1582.1435370017878,1321.888518892567,1595.217704588474,0.243227728781382,0.756772271218618,-4.929521263063367,-5.0
2024-10-23,12064,FINAL,Narragansett,4266,0.0,2.0,Groton-Dunstable,4160,0.0,2.0,Mid-Wach,Mid-Wach,,,0,2024,1559.183043936776,1603.3694469639163,1559.183043936776,1603.3694469639163,0.508365657829009,0.491634342170991,0.14533992432149034,0.0
2024-10-23,12049,FINAL,Southwick,4519,4.0,1.0,Franklin County Tech,4145,0.0,0.0,Valley,County,,,0,2024,1615.3074082871678,1594.5243535211623,1634.5975509460313,1575.2342108622988,0.6004786824469824,0.39952131755301756,1.7695763691501383,4.0
2024-10-23,11920,FINAL,Maynard,4239,0.0,0.0,Hopedale,4507,2.0,1.0,Mid-Wach,Dual Valley,,,0,2024,1698.366241224308,1546.3161471354972,1673.2554438358065,1571.4269445239986,0.7618944264964257,0.2381055735035743,5.051252352220269,-2.0
2024-10-23,12019,FINAL,South High,4962,1.0,0.0,Blackstone-Millville,4486,2.0,1.0,Independent,Dual Valley,3:30 P.M.,,0,2024,1341.7975619832537,1341.613989043727,1329.9089396278255,1353.5026113991553,0.571721883839262,0.42827811616073796,1.2545893234881647,-1.0
2024-10-23,11919,FINAL,Sutton,4512,3.0,1.0,Notre Dame (Worcester),4451,0.0,0.0,Dual Valley,Central Mass.,,,0,2024,1718.8628653945013,1471.860623246548,1725.2344789981616,1465.4890096428876,0.8467950775256449,0.15320492247435513,7.425056053698836,3.0
2024-10-23,12038,FINAL,Greater Lowell,4155,1.0,2.0,Dracut,4119,1.0,2.0,Independent,Merrimack Valley,,,0,2024,1340.5633377496752,1260.1641944417233,1340.5633377496752,1260.1641944417233,0.679317658634695,0.32068234136530505,3.2599785826987953,0.0
2024-10-23,11917,FINAL,Clinton,4093,2.0,0.0,Nipmuc,4281,3.0,1.0,Mid-Wach,Dual Valley,,,0,2024,1670.608172324482,1516.3387244971693,1654.716990444071,1532.2299063775804,0.7642043097577896,0.23579569024221037,5.106736195682816,-1.0
2024-10-23,10527,FINAL,Ashland,4015,0.0,0.0,Hopkinton,4180,2.0,1.0,Tri-Valley,Tri-Valley,6:00 P.M.,,0,2024,1423.4099453535107,1494.1183223218814,1407.9118166054,1509.616451069992,0.47023349086144617,0.5297665091385538,-0.5177094242092665,-2.0
2024-10-23,10588,FINAL,Middleborough,4247,2.0,1.0,Carver,4077,0.0,0.0,South Shore,South Shore,6:30 P.M.,,0,2024,1414.1231284991975,1371.094687896096,1426.2923990626741,1358.9254173326194,0.6307684191229462,0.36923158087705377,2.325711015077536,2.0
2024-10-23,10607,FINAL,Foxborough,4142,2.0,1.0,North Attleborough,4284,1.0,0.0,Hockomock,Hockomock,5:00 P.M.,,0,2024,1580.2554113158874,1533.9210288337713,1587.8414326724553,1526.3350074772034,0.6351894869600586,0.3648105130399414,2.4083595620529024,1.0
2024-10-23,10626,FINAL,Norwood,4297,5.0,1.0,Holliston,4174,0.0,0.0,Tri-Valley,Tri-Valley,6:00 P.M.,,0,2024,1723.3211952210659,1407.467944802215,1729.1540724938009,1401.63506752948,0.8914869736905763,0.10851302630942372,9.146331260471271,5.0
2024-10-23,10636,FINAL,Oliver Ames,4302,2.0,1.0,Stoughton,4381,0.0,0.0,Hockomock,Hockomock,3:45 P.M.,,0,2024,1547.5876175279723,1353.9195238223854,1554.0933803511305,1347.4137609992272,0.8026066493076939,0.19739335069230612,6.091702342639673,2.0
2024-10-23,10642,FINAL,East Bridgewater,4126,4.0,1.0,Plymouth South,4316,0.0,0.0,South Shore,Patriot,4:00 P.M.,,0,2024,1432.596563326043,1328.3921450983225,1446.6754665854169,1314.3132418389487,0.7084095188221947,0.2915904811778053,3.855110455693011,4.0
2024-10-23,10654,FINAL,Notre Dame (Hingham),4449,5.0,1.0,Scituate,4343,0.0,0.0,Independent,Patriot,4:00 P.M.,,0,2024,1693.9658824583612,1594.5403502098416,1709.9468751211048,1578.559357547098,0.7026946057361786,0.2973053942638214,3.7356383062129908,5.0
2024-10-23,10699,FINAL,Wayland,4411,0.0,0.0,Medfield,4241,2.0,1.0,Dual County,Tri-Valley,4:00 P.M.,,0,2024,1342.0839974226662,1636.772227503906,1335.6088431384671,1643.247381788105,0.19646464759795929,0.8035353524020408,-6.117205752030992,-2.0
2024-10-23,10716,FINAL,Dedham,4108,0.0,0.0,Westwood,4424,2.0,1.0,Tri-Valley,Tri-Valley,4:15 P.M.,,0,2024,1632.4765917084856,1499.951526172571,1608.057437983424,1524.3706798976325,0.740909053386058,0.25909094661394205,4.563126638397864,-2.0
2024-10-23,10719,FINAL,Whitman-Hanson,4427,3.0,1.0,Brockton,4058,0.0,0.0,Patriot,Big Three,4:00 P.M.,,0,2024,1353.4106348300022,1286.8497891814359,1367.479215030083,1272.7812089813551,0.6617221518832475,0.33827784811675254,2.914021141214158,3.0
2024-10-23,10735,FINAL,Medway,4243,1.0,2.0,Auburn,4019,1.0,2.0,Tri-Valley,SWCL,4:00 P.M.,,0,2024,1505.1341637725268,1615.122244868177,1505.1341637725268,1615.122244868177,0.41451797256196043,0.5854820274380396,-1.499702027391254,0.0
2024-10-23,10784,FINAL,Bellingham,4033,0.0,0.0,Dover-Sherborn,4118,3.0,1.0,Tri-Valley,Tri-Valley,6:00 P.M.,,0,2024,1404.8535536646266,1522.3647828874487,1388.0496640450394,1539.1686725070358,0.4040481370303991,0.5959518629696009,-1.6877807305705517,-3.0
2024-10-23,10963,FINAL,Mashpee,4237,1.0,0.0,Norwell,4296,7.0,1.0,South Shore,South Shore,4:00 P.M.,,0,2024,1300.4721666211497,1535.7106306097521,1285.5215130711383,1550.6612841597635,0.25610386922317435,0.7438961307768257,-4.630961599715062,-6.0
2024-10-23,10969,FINAL,Lynnfield,4223,2.0,1.0,North Reading,4288,1.0,0.0,Cape Ann,Cape Ann,6:00 P.M.,,0,2024,1612.067807647684,1667.987781240311,1622.642156793578,1657.4134320944172,0.4914812975530129,0.508518702446987,-0.14799933981567506,1.0
2024-10-23,10976,FINAL,Littleton,4212,0.0,0.0,Oakmont,4299,7.0,1.0,Mid-Wach,Mid-Wach,4:00 P.M.,,0,2024,1394.5089907560923,1507.808635197042,1368.9381472739879,1533.3794786791464,0.40989921203311175,0.5901007879668883,-1.5824911110237394,-7.0
2024-10-23,10482,FINAL,Mansfield,4230,2.0,0.0,Canton,4071,6.0,1.0,Hockomock,Hockomock,3:45 P.M.,,0,2024,1455.0867735639354,1734.5962759910349,1444.9171434180494,1744.7659061369209,0.2106248827063171,0.7893751172936829,-5.737737560677488,-4.0
2024-10-23,9833,FINAL,Westford,4421,0.0,2.0,Waltham,4405,0.0,2.0,Dual County,Dual County,7:00 P.M.,,0,2024,1388.18721604091,1547.513629024126,1388.18721604091,1547.513629024126,0.3476616977009803,0.6523383022990197,-2.733160324580399,0.0
2024-10-23,9820,FINAL,Taunton,4388,1.0,2.0,Milford,4249,1.0,2.0,Hockomock,Hockomock,6:00 P.M.,,0,2024,1346.8793091404245,1295.7919898746882,1346.8793091404245,1295.7919898746882,0.6415057177014286,0.3584942822985714,2.527182981643409,0.0
2024-10-23,9810,FINAL,Plymouth North,4315,0.0,0.0,St. John Paul II,4689,4.0,1.0,Patriot,Cape &#38; Islands,4:00 P.M.,,0,2024,1317.0461583933863,1549.4397497723824,1304.5294186533354,1561.9564895124333,0.25923625557614405,0.740763744423856,-4.5598397844749,-4.0
2024-10-23,4883,FINAL,Tantasqua,4387,0.0,0.0,Blackstone Valley,4046,5.0,1.0,SWCL,Colonial,3:30 P.M.,,0,2024,1428.4759182137088,1641.861724164424,1413.3824348807427,1656.9552074973901,0.2807944479934178,0.7192055520065822,-4.084645148767879,-5.0
2024-10-23,5991,FINAL,Rockport,4490,0.0,0.0,Hamilton-Wenham,4163,3.0,1.0,Cape Ann,Cape Ann,6:00 P.M.,,0,2024,1371.6111243149699,1481.5375496100305,1354.3682240569801,1498.7804498680202,0.4146041115457448,0.5853958884542552,-1.4981606323765164,-3.0
2024-10-23,9530,FINAL,Acton-Boxborough,4003,1.0,0.0,Lincoln-Sudbury,4211,2.0,1.0,Dual County,Dual County,4:30 P.M.,,0,2024,1515.0718841764099,1694.9600511528583,1508.3901508242236,1701.6417845050446,0.3213234523913842,0.6786765476086158,-3.2472041744112117,-1.0
2024-10-23,9544,FINAL,Andover,4009,4.0,1.0,Chelmsford,4085,1.0,0.0,Merrimack Valley,Merrimack Valley,6:30 P.M.,,0,2024,1728.904805536155,1551.9856471110265,1737.767998815942,1543.1224538312395,0.786885250146849,0.21311474985315104,5.672978960628211,3.0
2024-10-23,9560,FINAL,King Philip,4197,7.0,1.0,Attleboro,4018,0.0,0.0,Hockomock,Hockomock,3:45 P.M.,,0,2024,1588.0480618111678,1570.2876632751577,1613.232353414613,1545.1033716717125,0.5962971932823113,0.40370280671768866,1.6940099634002537,7.0
2024-10-23,9571,FINAL,Barnstable,4024,2.0,1.0,Bridgewater-Raynham,4053,0.0,0.0,Cape &#38; Islands,Southeast,6:00 P.M.,,0,2024,1371.9884724086214,1326.0329254158262,1384.028691619449,1313.9927062049985,0.6346840059039566,0.36531599409604343,2.3988886748198808,2.0
2024-10-23,9598,FINAL,Masconomet,4236,1.0,0.0,Beverly,4038,2.0,1.0,Northeastern,Northeastern,4:00 P.M.,,0,2024,1603.8207981945125,1697.5649004785832,1594.7257840220827,1706.659914651013,0.4373777281126424,0.5626222718873576,-1.0936025571017693,-1.0
2024-10-23,10986,FINAL,Triton,4395,3.0,1.0,Pentucket,4309,2.0,0.0,Cape Ann,Cape Ann,4:00 P.M.,,0,2024,1420.9768854351732,1575.413107675621,1434.4085590103127,1561.9814341004815,0.35407303807689927,0.6459269619231007,-2.6109055560111925,1.0
2024-10-23,9675,FINAL,Bedford,4031,3.0,1.0,Concord-Carlisle,4097,2.0,0.0,Dual County,Dual County,4:00 P.M.,,0,2024,1651.5753404542513,1593.63607946565,1658.8424657923013,1586.3689541276,0.650525143775889,0.349474856224111,2.6984815247150324,1.0
2024-10-23,9712,FINAL,Newburyport,4276,2.0,1.0,Essex Tech,4745,0.0,0.0,Cape Ann,Cape Ann,5:45 P.M.,,0,2024,1649.94713407385,1516.4811663401124,1658.4521261995992,1507.9761742143633,0.7419474181663555,0.25805258183364455,4.586649193343442,2.0
2024-10-23,9722,FINAL,Franklin,4144,16.0,1.0,Sharon,4345,0.0,0.0,Hockomock,Hockomock,4:00 P.M.,,0,2024,1732.7193356131318,1261.0627979653852,1736.7392568618263,1257.0428767166907,0.952704805927305,0.047295194072695,13.041413441193663,16.0
2024-10-23,9728,FINAL,Everett,4132,1.0,2.0,Haverhill,4167,1.0,2.0,Greater Boston,Merrimack Valley,4:00 P.M.,,0,2024,1472.6757613348361,1291.4644909910385,1472.6757613348361,1291.4644909910385,0.7909992304822882,0.20900076951771185,5.780281758594941,0.0
2024-10-23,9767,FINAL,Malden Catholic,4228,6.0,1.0,Methuen,4246,0.0,0.0,Independent,Merrimack Valley,4:00 P.M.,,0,2024,1658.2669884689615,1507.8545647717465,1672.2670331724032,1493.8545200683047,0.7601800077932955,0.23981999220670447,5.010310592430375,6.0
2024-10-23,9792,FINAL,Weston,4423,3.0,1.0,Newton South,4280,0.0,0.0,Dual County,Dual County,3:45 P.M.,,0,2024,1464.1547106577052,1376.07244896598,1477.0940327812598,1363.1331268424253,0.688875068998047,0.31112493100195304,3.452056542293133,3.0
2024-10-23,9795,FINAL,North Andover,4283,6.0,1.0,Amesbury,4007,1.0,0.0,Merrimack Valley,Cape Ann,4:30 P.M.,,0,2024,1481.9360545259199,1324.9534190958423,1494.4600739730022,1312.42939964876,0.7670070553149645,0.2329929446850355,5.1745658857519405,5.0
2024-10-23,9803,FINAL,Peabody,4306,4.0,1.0,Malden,4227,1.0,0.0,Northeastern,Greater Boston,5:30 P.M.,,0,2024,1440.2660996638137,1445.770915249825,1458.4118920772792,1427.6251228363597,0.5636859212015469,0.4363140787984531,1.112379610349717,3.0
2024-10-23,9692,FINAL,Durfee,4122,6.0,1.0,Dartmouth,4105,1.0,0.0,Big Three,Southeast,5:15 P.M.,,0,2024,1647.7627735178437,1574.6862372208827,1665.4976218355816,1556.9513889031448,0.6700664231198664,0.3299335768801336,3.076913407424024,5.0
2024-10-23,11918,FINAL,Quabbin,4325,3.0,1.0,St. Paul,4954,0.0,0.0,Mid-Wach,Central Mass.,,,0,2024,1555.242582916827,1610.0514105506215,1576.3247937657766,1588.9691997016719,0.49307998262074487,0.5069200173792552,-0.12022069084486589,3.0
2024-10-23,10665,FINAL,Shepherd Hill,4347,3.0,1.0,Bay Path/David Prouty,4027,0.0,0.0,Mid-Wach,Colonial,6:30 P.M.,,0,2024,1383.1726541487067,1380.7014488871966,1400.850268570024,1363.0238344658794,0.5749432223269746,0.4250567776730254,1.3117801315377506,3.0
2024-10-23,11916,FINAL,Algonquin,4005,1.0,2.0,Nashoba,4267,1.0,2.0,Mid-Wach,Mid-Wach,,1.0,0,2024,1671.2751202548027,1597.4252175136241,1671.2751202548027,1597.4252175136241,0.6710498815145002,0.3289501184854998,3.0962475685294635,0.0
2024-10-23,11914,FINAL,Uxbridge,4398,5.0,1.0,Doherty,4116,0.0,0.0,SWCL,Inter-High,,,0,2024,1786.8137729829316,1710.389333255201,1804.3203562253748,1692.882750012758,0.6743129952596159,0.32568700474038415,3.160610993193262,5.0
2024-10-23,11896,FINAL,Williston Northampton,4431,8.0,1.0,Wilbraham & Monson,4545,1.0,0.0,Independent,Independent,,,0,2024,1500.0,1500.0,1526.7335218740895,1473.2664781259105,0.5714631174083814,0.4285368825916186,1.25,7.0
2024-10-23,11894,FINAL,Nobles,4282,3.0,1.0,Governor’s Academy,4152,2.0,0.0,ISL,ISL,,1.0,0,2024,1502.8903472986444,1500.0,1511.7168954596516,1491.1734518389928,0.5755327579982505,0.42446724200174946,1.3222586824661107,1.0
2024-10-23,11142,FINAL,Manchester Essex,4229,1.0,1.0,Ipswich,4190,0.0,0.0,Cape Ann,Cape Ann,7:00 P.M.,,0,2024,1653.474616577822,1551.5118558259267,1659.5936468915158,1545.3928255122328,0.7057368437128216,0.29426315628717836,3.7990690187973826,1.0
2024-10-23,10999,FINAL,Sandwich,4340,2.0,1.0,Cohasset,4094,0.0,0.0,South Shore,South Shore,4:30 P.M.,,0,2024,1816.8313039801137,1657.8723424949583,1824.4435676908204,1650.2600787842516,0.7690339655695577,0.23096603443044228,5.223974037128886,2.0
2024-10-23,10993,FINAL,St. Bernard’s,4365,5.0,1.0,Gardner,4147,0.0,0.0,Central Mass.,Mid-Wach,4:00 P.M.,,0,2024,1448.7835707072065,1375.5458051351875,1466.50739154293,1357.821984299464,0.6702715749497453,0.3297284250502547,3.080944139300476,5.0
2024-10-24,12042,FINAL,East Longmeadow,4127,1.0,0.0,Minnechaug,4254,2.0,1.0,Valley,Suburban,,,0,2024,1748.7873383016865,1514.7264733796383,1731.3849328573267,1532.128878823998,0.8368788011372299,0.1631211988627701,7.101521623051207,-1.0
2024-10-24,9783,FINAL,Westport,4461,1.0,2.0,New Bedford,4273,1.0,2.0,Mayflower,Big Three,3:30 P.M.,,0,2024,1604.5648184211468,1485.7714392191772,1604.5648184211468,1485.7714392191772,0.7254488126585562,0.2745511873414438,4.219834480049241,0.0
2024-10-24,9777,FINAL,Needham,4272,0.0,0.0,Walpole,4404,4.0,1.0,Bay State,Bay State,6:00 P.M.,,0,2024,1499.4365890380675,1762.0815843057092,1488.465756445636,1773.0524168981406,0.22721871836276214,0.7727812816372379,-5.316124881691041,-4.0
2024-10-24,9772,FINAL,Natick,4270,3.0,0.0,Wellesley,4413,5.0,1.0,Bay State,Bay State,6:30 P.M.,,0,2024,1618.2596037928981,1599.121939108252,1598.5437674743223,1618.8377754268279,0.5982042534307282,0.40179574656927175,1.7284416171161525,-2.0
2024-10-24,9729,FINAL,Haverhill,4167,0.0,0.0,Hamilton-Wenham,4163,3.0,1.0,Merrimack Valley,Cape Ann,4:00 P.M.,,0,2024,1291.4644909910385,1498.7804498680202,1279.4908815826552,1510.7540592764035,0.28790444858359704,0.7120955514164029,-3.932898971924544,-3.0
2024-10-24,9668,FINAL,St. Mary’s,4374,0.0,0.0,Chelmsford,4085,2.0,1.0,Catholic Central,Merrimack Valley,5:45 P.M.,,0,2024,1634.9634181461981,1543.1224538312395,1612.1070084709997,1565.9788635064378,0.6934933555406227,0.30650664445937725,3.546024107873967,-2.0
2024-10-24,9650,FINAL,Brookline,4059,5.0,1.0,Framingham,4143,0.0,0.0,Bay State,Bay State,4:00 P.M.,,0,2024,1519.683555510207,1208.9771791345956,1525.6722917217294,1202.9884429230733,0.8885874226912386,0.11141257730876142,9.017659409390285,5.0
2024-10-24,2763,FINAL,Belchertown,4032,2.0,1.0,Smith Academy,4538,0.0,0.0,County,Valley,4:00 P.M.,,0,2024,1637.2172588480782,1483.9566973875253,1645.0232442984443,1476.1507119371593,0.7631561946866164,0.23684380531338356,5.081514036513823,2.0
2024-10-24,9578,FINAL,Winchester,4434,2.0,0.0,Belmont,4034,3.0,1.0,Middlesex,Middlesex,6:30 P.M.,,0,2024,1645.9000547173023,1711.0917407114514,1635.9571773550106,1721.034618073743,0.47815132875817695,0.5218486712418231,-0.3797921498537278,-1.0
2024-10-24,9552,FINAL,Lexington,4209,1.0,0.0,Arlington,4013,2.0,1.0,Middlesex,Middlesex,7:00 P.M.,,0,2024,1526.0625336758212,1594.6156682605094,1516.2200119389238,1604.4581899974069,0.47332524332212633,0.5266747566778737,-0.46382836461720556,-1.0
2024-10-24,9787,FINAL,Newton North,4279,8.0,1.0,Weymouth,4425,0.0,0.0,Bay State,Bay State,6:00 P.M.,,0,2024,1528.6467770703202,1271.6332202577164,1538.2625073137467,1262.01749001429,0.854123085662852,0.145876914337148,7.675338920315096,8.0
2024-10-24,747,FINAL,Swampscott,4383,1.0,1.0,Bishop Fenwick,4043,0.0,0.0,Northeastern,Catholic Central,4:30 P.M.,,0,2024,1471.0159105192831,1412.6276977539526,1478.2708231211716,1405.3727851520641,0.6511124522390914,0.3488875477609086,2.7097053191332634,1.0
2024-10-24,12072,FORFEIT (Away),Holyoke,4176,,1.0,Northampton,4291,,0.0,County,Valley,,,0,2024,1440.3839693752811,1413.093226244251,,,0.6094310470450872,0.3905689529549128,1.932268578275756,
2024-10-24,9615,FINAL,Bishop Feehan,4042,2.0,1.0,Foxborough,4142,0.0,0.0,Catholic Central,Hockomock,5:00 P.M.,,0,2024,1641.92014946218,1587.8414326724553,1653.6053362863531,1576.1562458482822,0.6454561527391497,0.3545438472608503,2.6019679197431174,2.0
2024-10-24,10582,FINAL,Melrose,4244,0.0,0.0,Watertown,4409,7.0,1.0,Middlesex,Middlesex,4:15 P.M.,,0,2024,1373.04518559124,1742.840894628028,1364.5020606621651,1751.3840195571029,0.1369458218763468,0.8630541781236531,-7.994892725919703,-7.0
2024-10-24,10596,FINAL,Braintree,4051,0.0,0.0,Milton,4252,5.0,1.0,Bay State,Bay State,6:00 P.M.,,0,2024,1359.3809026345732,1481.1872992514432,1337.981439606979,1502.5867622790374,0.3981089239396972,0.6018910760603028,-1.795159915421749,-5.0
2024-10-24,10619,FINAL,Saugus,4341,7.0,1.0,Northeast,4293,0.0,0.0,Northeastern,Independent,6:00 P.M.,,0,2024,1405.953731726279,1206.3502538113735,1417.933575613531,1194.3704099241215,0.8079637625915285,0.19203623740847153,6.240086947872641,7.0
2024-10-24,12061,FINAL,Greenfield,4157,8.0,1.0,Turners Falls,4396,1.0,0.0,Suburban,Valley,,,0,2024,1548.5463719250436,1405.6375409822529,1564.0038680513915,1390.180044855905,0.7522171888217485,0.24778281117825152,4.822720773569768,7.0
2024-10-24,12071,FINAL,West Springfield,4417,2.0,0.0,Hampshire,4518,3.0,1.0,Suburban,County,,,0,2024,1253.760890846536,1399.340961786178,1246.153934240386,1406.9479183923281,0.36581728573167577,0.6341827142683243,-2.389501773491048,-1.0
2024-10-24,12027,FINAL,Stoneham,4380,4.0,1.0,Burlington,4065,0.0,0.0,Middlesex,Middlesex,,,0,2024,1457.3261747248719,1426.916905789362,1475.9781679460398,1408.2649125681942,0.6136955004173086,0.3863044995826914,2.0102317233877445,4.0
2024-10-24,12119,FINAL,Seekonk,4344,1.0,2.0,Old Rochester,4301,1.0,2.0,South Coast,South Coast,,,0,2024,1497.6401996960165,1508.9027507158755,1497.6401996960165,1508.9027507158755,0.5555178095786449,0.44448219042135506,0.9684362245035232,0.0
2024-10-24,12493,FINAL,Tyngsborough/Dracut,4397,1.0,2.0,Shrewsbury,4348,1.0,2.0,Mid-Wach,Mid-Wach,,,0,2024,1523.930850182196,1325.236616611047,1523.930850182196,1325.236616611047,0.8071503498254909,0.19284965017450906,6.217355839278724,0.0
2024-10-24,12025,FINAL,Bromfield,4505,0.0,2.0,North Brookfield,4508,0.0,2.0,Mid-Wach,Colonial,,,0,2024,1475.6766277806278,1559.4384457959095,1475.6766277806278,1559.4384457959095,0.451565196497577,0.548434803502423,-0.8440454503820434,0.0
2024-10-24,12014,FINAL,Westfield,4419,2.0,1.0,Amherst-Pelham,4008,0.0,0.0,Valley,County,,,0,2024,1592.5884792512436,1516.8324214848114,1603.3504591793665,1506.0704415566886,0.6734674571083995,0.3265325428916005,3.1439014441608037,2.0
2024-10-24,11932,FINAL,Joseph Case,4078,2.0,2.0,Apponequet,4011,2.0,2.0,South Coast,South Coast,,,0,2024,1474.8158901586764,1463.8478098198143,1474.8158901586764,1463.8478098198143,0.5868504739896565,0.4131495260103435,1.5242020084715535,0.0
2024-10-24,11930,FINAL,Mashpee,4237,1.0,2.0,Sturgis East,4456,1.0,2.0,South Shore,Cape &#38; Islands,,,0,2024,1285.5215130711383,1464.5902467403828,1285.5215130711383,1464.5902467403828,0.3223529846489058,0.6776470153510942,-3.226718341731112,0.0
2024-10-24,12034,FINAL,Fairhaven,4133,1.0,1.0,Dighton-Rehoboth,4114,0.0,0.0,South Coast,South Coast,,,0,2024,1415.9177137415757,1412.871155179602,1424.739694182739,1404.0491747384388,0.5757524188904765,0.42424758110952354,1.32616396404934,1.0
2024-10-24,11929,FINAL,West Bridgewater,4415,2.0,0.0,Somerset Berkley,4350,10.0,1.0,South Coast,South Coast,,,0,2024,1595.8781692876535,1730.5286884203194,1570.794691478979,1755.6121662289938,0.3805327573613192,0.6194672426386808,-2.1162629783166493,-8.0
2024-10-24,11925,FINAL,Brewster Academy,4052,1.0,0.0,Holderness,4173,2.0,1.0,Independent,Independent,,,0,2024,1478.8288880655332,1522.439932054403,1468.240508758793,1533.028311361143,0.5091934105628425,0.4908065894371575,0.1597239002782544,-1.0
2024-10-24,10837,FINAL,Nauset,4271,0.0,0.0,St. John Paul II,4689,2.0,1.0,Cape &#38; Islands,Cape &#38; Islands,4:00 P.M.,,0,2024,1522.274818490803,1561.9564895124333,1505.3063703125194,1578.924937690717,0.514844904895278,0.485155095104722,0.2579582244592416,-2.0
2024-10-24,10807,FINAL,Hanover,4164,3.0,1.0,Norwell,4296,2.0,0.0,Patriot,South Shore,6:30 P.M.,,0,2024,1598.8613088075376,1550.6612841597635,1606.395656749635,1543.126936217666,0.6376744529201356,0.3623255470798644,2.4550006161943543,1.0
2024-10-24,10797,FINAL,Falmouth,4134,0.0,2.0,Martha’s Vineyard,4235,0.0,2.0,Cape &#38; Islands,Cape &#38; Islands,3:30 P.M.,,0,2024,1424.6723140571257,1360.9570991416695,1424.6723140571257,1360.9570991416695,0.6580457264128367,0.34195427358716335,2.8428803728864067,0.0
2024-10-24,10785,FINAL,Dover-Sherborn,4118,5.0,1.0,Medway,4243,1.0,0.0,Tri-Valley,Tri-Valley,6:15 P.M.,,0,2024,1539.1686725070358,1505.1341637725268,1557.5823648252335,1486.720471454329,0.6186309896157278,0.3813690103842722,2.1008627183627255,4.0
2024-10-24,10775,FINAL,Dennis-Yarmouth,4111,3.0,1.0,Nantucket,4265,0.0,0.0,Cape &#38; Islands,Cape &#38; Islands,3:30 P.M.,,0,2024,1617.9688126204358,1621.759640183374,1636.0137493731697,1603.71470343064,0.566110987227931,0.43388901277206904,1.1552293109265463,3.0
2024-10-24,10770,FINAL,Dedham,4108,5.0,1.0,Ursuline,4448,0.0,0.0,Tri-Valley,Independent,3:45 P.M.,,0,2024,1608.057437983424,1386.6544434185469,1617.3735382635439,1377.338343138427,0.8266861811882702,0.1733138188117298,6.785074864121929,5.0
2024-10-24,10646,FINAL,Reading,4328,7.0,1.0,Woburn,4438,0.0,0.0,Middlesex,Middlesex,5:45 P.M.,,0,2024,1649.8726251585047,1280.8995820507553,1655.0053375883067,1275.7668696209532,0.9177229025690622,0.0822770974309378,10.474326077693735,7.0
2024-10-24,11928,FINAL,Grafton,4153,2.0,1.0,Hudson,4182,0.0,0.0,SWCL,Mid-Wach,,,0,2024,1556.9620005802578,1520.5591579466063,1569.4254651547672,1508.095693372097,0.6218421881535895,0.3781578118464105,2.160071065841288,2.0
2024-10-24,12086,FINAL,Longmeadow,4214,0.0,2.0,Agawam,4004,0.0,2.0,Suburban,Suburban,,,0,2024,1629.432366993287,1586.665707184827,1629.432366993287,1586.665707184827,0.6304173862666022,0.36958261373339785,2.319166495211499,0.0
2024-10-25,10621,POSTPONED,Northeast,4293,,,Southeastern,4358,,,Independent,Mayflower,4:00 P.M.,,0,2024,1316.9406771554384,1437.2030310745904,,,0.4002406208079669,0.599759379192033,-1.7565588479788006,
2024-10-25,10842,FINAL,North Reading,4288,1.0,0.0,Newburyport,4276,3.0,1.0,Cape Ann,Cape Ann,4:30 P.M.,,0,2024,1657.4134320944172,1658.4521261995992,1638.6272202774205,1677.238338016596,0.5699982305183657,0.43000176948163427,1.22403264737045,-2.0
2024-10-25,10810,FINAL,Holliston,4174,4.0,1.0,Tewksbury,4389,1.0,0.0,Tri-Valley,Merrimack Valley,3:30 P.M.,,0,2024,1401.63506752948,1497.7787392388839,1425.1751097583513,1474.2386970100126,0.4339816302348426,0.5660183697651574,-1.1535917927350965,3.0
2024-10-25,10982,FINAL,East Bridgewater,4126,2.0,2.0,Pembroke,4308,2.0,2.0,South Shore,Patriot,6:30 P.M.,,0,2024,1446.6754665854169,1379.3315744288805,1446.6754665854169,1379.3315744288805,0.662730418243765,0.337269581756235,2.9335973039134102,0.0
2024-10-25,10987,FINAL,Pentucket,4309,0.0,2.0,Lynnfield,4223,0.0,2.0,Cape Ann,Cape Ann,4:00 P.M.,,0,2024,1561.9814341004815,1622.642156793578,1561.9814341004815,1622.642156793578,0.4846627998499687,0.5153372001500314,-0.2665180673274108,0.0
2024-10-25,11138,FINAL,Rockport,4490,2.0,1.0,Amesbury,4007,0.0,0.0,Cape Ann,Cape Ann,5:30 P.M.,,0,2024,1354.3682240569801,1312.42939964876,1366.585680376194,1300.211943329546,0.6293064002883858,0.3706935997116142,2.2984706102055044,2.0
2024-10-25,11143,FINAL,Hamilton-Wenham,4163,0.0,0.0,Manchester Essex,4229,4.0,1.0,Cape Ann,Cape Ann,4:00 P.M.,,0,2024,1510.7540592764035,1659.5936468915158,1493.30089499376,1677.0468111741593,0.36147535624714794,0.638524643752852,-2.4709896903778086,-4.0
2024-10-25,11943,FINAL,West Bridgewater,4415,2.0,1.0,Westport,4461,0.0,0.0,South Coast,Mayflower,,,0,2024,1570.794691478979,1604.5648184211468,1586.5046376839286,1588.8548722161972,0.523339690535249,0.476660309464751,0.4057468264458066,2.0
2024-10-25,11945,FINAL,Brookline,4059,1.0,2.0,Silver Lake,4349,1.0,2.0,Bay State,Patriot,,,0,2024,1525.6722917217294,1573.307145290744,1525.6722917217294,1573.307145290744,0.5034036667451809,0.4965963332548191,0.059128660774632635,0.0
2024-10-25,10666,FINAL,Shepherd Hill,4347,0.0,0.0,Quaboag,4510,4.0,1.0,Mid-Wach,SWCL,3:30 P.M.,,0,2024,1400.850268570024,1535.4352872451007,1382.4726615098573,1553.8128943052673,0.38062164266969517,0.6193783573303049,-2.1146254668769187,-4.0
2024-10-25,11955,FINAL,Nashoba,4267,4.0,2.0,Doherty,4116,4.0,2.0,Mid-Wach,Inter-High,,,0,2024,1597.4252175136241,1692.882750012758,1597.4252175136241,1692.882750012758,0.43495210110323934,0.5650478988967607,-1.1364383124783444,0.0
2024-10-25,12026,FINAL,Littleton,4212,1.0,2.0,Bromfield,4505,1.0,2.0,Mid-Wach,Mid-Wach,,,0,2024,1368.9381472739879,1475.6766277806278,1368.9381472739879,1475.6766277806278,0.41906497244829033,0.5809350275517097,-1.418462012665998,0.0
2024-10-25,12048,FINAL,Oxford,4303,2.0,2.0,Fitchburg,4139,2.0,2.0,SWCL,Mid-Wach,,,0,2024,1295.2951476977873,1295.2786867227962,1295.2951476977873,1295.2786867227962,0.5714863225767184,0.4285136774232816,1.2504115243747775,0.0
2024-10-25,12065,FINAL,Marlborough,4233,8.0,1.0,Groton-Dunstable,4160,0.0,0.0,Mid-Wach,Mid-Wach,,,0,2024,1522.5857852808226,1603.3694469639163,1558.4567301740024,1567.4985020707365,0.4558143143676361,0.5441856856323639,-0.7695915420773417,8.0
2024-10-25,12081,FINAL,Westborough,4418,1.0,0.0,Leominster,4208,3.0,1.0,Mid-Wach,Mid-Wach,,,0,2024,1508.8068923098565,1476.78456250855,1488.5080138823428,1497.0834409360637,0.6158945133750744,0.3841054866249256,2.050558245032664,-2.0
2024-10-25,12091,FINAL,Lunenburg,4219,1.0,1.0,Tahanto,4513,0.0,0.0,Mid-Wach,Mid-Wach,,,0,2024,1440.5590298837387,1374.825026484506,1447.61549213901,1367.7685642292347,0.6606558966033365,0.33934410339666354,2.8933500849808182,1.0
2024-10-25,12100,FINAL,Malden,4227,2.0,1.0,Arlington,4013,1.0,0.0,Greater Boston,Middlesex,,,0,2024,1427.6251228363597,1604.4581899974069,1441.657805139825,1590.4255076939414,0.3251706276806717,0.6748293723193284,-3.17082667902618,1.0
2024-10-25,12017,FINAL,Bellingham,4033,2.0,1.0,Northbridge,4292,1.0,0.0,Tri-Valley,SWCL,,,0,2024,1388.0496640450394,1595.217704588474,1402.85364406505,1580.4137245684633,0.2880790479903743,0.7119209520096257,-3.9292010135858617,1.0
2024-10-25,12107,FINAL,Maynard,4239,2.0,1.0,Notre Dame (Worcester),4451,1.0,0.0,Mid-Wach,Central Mass.,,,0,2024,1673.2554438358065,1465.4890096428876,1677.0993059009024,1461.6451475777917,0.8151493086941611,0.18485069130583887,6.444160854822973,1.0
2024-10-25,10655,FINAL,Sharon,4345,0.0,2.0,Brockton,4058,0.0,2.0,Hockomock,Big Three,5:00 P.M.,,0,2024,1257.0428767166907,1272.7812089813551,1257.0428767166907,1272.7812089813551,0.5491472951855763,0.45085270481442374,0.8565416933833887,0.0
2024-10-25,10589,FINAL,Dartmouth,4105,7.0,1.0,Middleborough,4247,1.0,0.0,Southeast,South Shore,5:00 P.M.,,0,2024,1556.9513889031448,1426.2923990626741,1572.197108867863,1411.0466790979558,0.7388416593965945,0.2611583406034055,4.516474746011767,6.0
2024-10-25,677,FINAL,Wayland,4411,0.0,0.0,Weston,4423,3.0,1.0,Dual County,Dual County,4:00 P.M.,,0,2024,1335.6088431384671,1477.0940327812598,1320.166786473685,1492.5360894460418,0.37130297619012576,0.6286970238098742,-2.2871297410698164,-3.0
2024-10-25,1505,FINAL,Everett,4132,4.0,1.0,Revere,4329,2.0,0.0,Greater Boston,Greater Boston,4:00 P.M.,,0,2024,1472.6757613348361,1358.8640932724827,1481.9139803551175,1349.6258742522014,0.7197003554523237,0.2802996445476763,4.0952917015588355,2.0
2024-10-25,4918,FINAL,Blackstone-Millville,4486,3.0,1.0,Leicester,4207,1.0,0.0,Dual Valley,SWCL,3:30 P.M.,,0,2024,1353.5026113991553,1321.888518892567,1366.1804293763316,1309.2107009153906,0.6153384256379699,0.3846615743620301,2.0403523126647087,2.0
2024-10-25,9531,FINAL,Acton-Boxborough,4003,2.0,1.0,Central Catholic,4081,1.0,0.0,Dual County,Merrimack Valley,4:15 P.M.,,0,2024,1508.3901508242236,1709.6637234085836,1523.0483895270263,1695.0054847057809,0.2950877238433342,0.7049122761566657,-3.781839314608999,1.0
2024-10-25,9713,FINAL,Essex Tech,4745,1.0,1.0,Triton,4395,0.0,0.0,Cape Ann,Cape Ann,4:00 P.M.,,0,2024,1507.9761742143633,1434.4085590103127,1514.8239606735922,1427.5607725510838,0.6706910811401234,0.32930891885987656,3.0891903801012632,1.0
2024-10-25,9735,FINAL,Hingham,4171,6.0,1.0,King Philip,4197,2.0,0.0,Patriot,Hockomock,4:00 P.M.,,0,2024,1718.8752526284009,1613.232353414613,1732.8717113814375,1599.2358946615764,0.7101170405538559,0.28988295944614406,3.8910724803446954,4.0
2024-10-25,9784,FINAL,New Bedford,4273,4.0,1.0,Joseph Case,4078,0.0,0.0,Big Three,South Coast,4:00 P.M.,,0,2024,1485.7714392191772,1474.8158901586764,1505.7204390086872,1454.8668903691664,0.5868329840418357,0.4131670159581643,1.5238887265125185,4.0
2024-10-25,10643,FINAL,Plymouth South,4316,2.0,1.0,Carver,4077,1.0,0.0,Patriot,South Shore,4:30 P.M.,,0,2024,1314.3132418389487,1358.9254173326194,1324.5492287546822,1348.689430416886,0.5077530812689015,0.4922469187310985,0.13469561265823132,1.0
2024-10-25,9804,FINAL,Saugus,4341,0.0,0.0,Peabody,4306,2.0,1.0,Northeastern,Northeastern,4:00 P.M.,,0,2024,1417.933575613531,1458.4118920772792,1401.0028822463241,1475.342585444486,0.5136993745607533,0.4863006254392467,0.23804208840629712,-2.0
2024-10-25,10483,FINAL,Norwood,4297,3.0,1.0,Canton,4071,2.0,0.0,Tri-Valley,Hockomock,5:30 P.M.,,0,2024,1729.1540724938009,1744.7659061369209,1738.5255420958201,1735.3944365349016,0.549327575977507,0.45067242402249297,0.8597041589219998,1.0
2024-10-25,10491,FINAL,Sandwich,4340,5.0,1.0,Duxbury,4123,0.0,0.0,South Shore,Patriot,4:00 P.M.,,0,2024,1824.4435676908204,1652.4611351577878,1836.1573323839323,1640.747370464676,0.7820807815951148,0.21791921840488515,5.549560813325814,5.0
2024-10-25,10528,FINAL,North Attleborough,4284,0.0,0.0,Hopkinton,4180,2.0,1.0,Hockomock,Tri-Valley,5:15 P.M.,,0,2024,1526.3350074772034,1509.616451069992,1506.729634668745,1529.2218238784506,0.5948526460967372,0.40514735390326284,1.6679639101802821,-2.0
2024-10-25,10545,FINAL,Notre Dame (Hingham),4449,2.0,1.0,Malden Catholic,4228,1.0,0.0,Independent,Independent,4:00 P.M.,,0,2024,1709.9468751211048,1672.2670331724032,1717.7745324320404,1664.4393758614676,0.6235692538578373,0.37643074614216265,2.191996048717539,1.0
2024-10-25,10571,FINAL,Beverly,4038,3.0,1.0,Marblehead,4231,0.0,0.0,Northeastern,Northeastern,4:00 P.M.,,0,2024,1706.659914651013,1338.694865700642,1710.0999885259855,1335.2547918256694,0.9172837080047562,0.08271629199524377,10.449126223759276,3.0
2024-10-25,10576,FINAL,Danvers,4103,0.0,0.0,Masconomet,4236,2.0,1.0,Northeastern,Northeastern,5:30 P.M.,,0,2024,1447.4268758257606,1594.7257840220827,1435.445688438248,1606.7069714095953,0.3635248913893569,0.636475108610643,-2.4324727049080535,-2.0
2024-10-25,9824,FINAL,Monomoy,4706,5.0,1.0,Wachusett,4400,2.0,0.0,Cape &#38; Islands,Mid-Wach,6:15 P.M.,,0,2024,1759.1244297960502,1550.254696448796,1766.7724334826753,1542.606692762171,0.8161043834767563,0.1838956165232437,6.471743333681355,3.0
2024-10-25,12110,FINAL,Monty Tech,4259,1.0,2.0,Narragansett,4266,1.0,2.0,Colonial,Mid-Wach,,,0,2024,1502.4884418173992,1559.183043936776,1502.4884418173992,1559.183043936776,0.49036688526084377,0.5096331147391562,-0.1673650529844167,0.0
2024-10-26,9572,FINAL,Barnstable,4024,1.0,0.0,Wachusett,4400,4.0,1.0,Cape &#38; Islands,Mid-Wach,10:00 A.M.,,0,2024,1384.028691619449,1542.606692762171,1369.5291862269717,1557.1061981546484,0.3486394087511684,0.6513605912488316,-2.7144500285680464,-3.0
2024-10-26,10676,FINAL,Dennis-Yarmouth,4111,0.0,0.0,Somerset Berkley,4350,4.0,1.0,Cape &#38; Islands,South Coast,11:00 A.M.,,0,2024,1636.0137493731697,1755.6121662289938,1616.6445624516598,1774.9813531505038,0.40115841627830795,0.598841583721692,-1.7399604213956024,-4.0
2024-10-26,9651,SUSPENDED,Silver Lake,4349,,,Brookline,4059,,,Patriot,Bay State,11:00 A.M.,,0,2024,1499.1756931944212,1506.615361962656,,,0.56094470176837,0.43905529823163003,1.0640082807941327,
2024-10-26,9561,FINAL,Attleboro,4018,1.0,0.0,Bishop Feehan,4042,3.0,1.0,Hockomock,Catholic Central,10:00 A.M.,,0,2024,1545.1033716717125,1653.6053362863531,1531.3730582762435,1667.3356496818221,0.4165956615478578,0.5834043384521421,-1.4625491153660164,-2.0
2024-10-26,10559,FINAL,Arlington Catholic,4014,0.0,0.0,Revere,4329,4.0,1.0,Catholic Central,Greater Boston,10:00 A.M.,,0,2024,1282.421477855393,1349.6258742522014,1259.4743808564144,1372.57297125118,0.4752611004064474,0.5247388995935526,-0.43010990992020764,-4.0
2024-10-26,9641,FINAL,Ursuline,4448,0.0,2.0,Bridgewater-Raynham,4053,0.0,2.0,Independent,Southeast,10:00 A.M.,,0,2024,1377.338343138427,1313.9927062049985,1377.338343138427,1313.9927062049985,0.657566840808371,0.342433159191629,2.833640923335713,0.0
2024-10-26,10801,FINAL,Gloucester,4150,0.0,0.0,Swampscott,4383,3.0,1.0,Northeastern,Northeastern,1:00 P.M.,,0,2024,1535.9839707201659,1478.2708231211716,1508.9416995903366,1505.3130942510008,0.6502291742229904,0.3497708257770096,2.6928286899748572,-3.0
2024-10-26,10824,FINAL,Martha’s Vineyard,4235,0.0,0.0,Nantucket,4265,5.0,1.0,Cape &#38; Islands,Cape &#38; Islands,10:30 A.M.,,0,2024,1360.9570991416695,1603.71470343064,1347.629359614011,1617.0424429582984,0.2479451019431096,0.7520548980568904,-4.818940107224262,-5.0
2024-10-26,11147,FINAL,Falmouth,4134,0.0,0.0,Cohasset,4094,3.0,1.0,Cape &#38; Islands,South Shore,2:00 P.M.,,0,2024,1424.6723140571257,1650.2600787842516,1413.5751547467632,1661.357238094614,0.26683027841691126,0.7331697215830888,-4.389694118178147,-3.0
2024-10-26,11944,FINAL,Uxbridge,4398,5.0,1.0,Algonquin,4005,0.0,0.0,SWCL,Mid-Wach,2:00 P.M.,,0,2024,1804.3203562253748,1671.2751202548027,1818.2163410059297,1657.3791354742477,0.7414834409192608,0.2585165590807392,4.576130899264302,5.0
2024-10-26,11994,FINAL,Holderness,4173,0.0,0.0,Milton Academy,4253,1.0,1.0,Independent,ISL,,,0,2024,1533.028311361143,1500.0,1520.1926770143027,1512.8356343468404,0.617263533961694,0.382736466038306,2.0757077840285776,-1.0
2024-10-26,12030,FINAL,Clinton,4093,1.0,2.0,St. Paul,4954,1.0,2.0,Mid-Wach,Central Mass.,,,0,2024,1654.716990444071,1588.9691997016719,1654.716990444071,1588.9691997016719,0.6606736894881641,0.3393263105118359,2.893694768559976,0.0
2024-10-26,12076,FINAL,Sutton,4512,2.0,1.0,Hopedale,4507,0.0,0.0,Dual Valley,Dual Valley,,,0,2024,1725.2344789981616,1571.4269445239986,1733.0217230191563,1563.639700503004,0.7637248341591801,0.23627516584081987,5.095188361854076,2.0
2024-10-26,12113,FINAL,Nipmuc,4281,3.0,1.0,Quabbin,4325,2.0,0.0,Dual Valley,Mid-Wach,,,0,2024,1532.2299063775804,1576.3247937657766,1542.4504172430295,1566.1042829003275,0.5084973219688266,0.4915026780311734,0.1476278152950954,1.0
2024-10-27,11997,FINAL,Ipswich,4190,1.0,2.0,Pentucket,4309,1.0,2.0,Cape Ann,Cape Ann,,,0,2024,1545.3928255122328,1561.9814341004815,1545.3928255122328,1561.9814341004815,0.5479351826880609,0.45206481731193915,0.8352847852937828,0.0
2024-10-27,11996,FINAL,Ursuline,4448,6.0,1.0,Revere,4329,1.0,0.0,Independent,Greater Boston,,,0,2024,1377.338343138427,1372.57297125118,1400.0130207328855,1349.8982936567215,0.5781673826969745,0.42183261730302546,1.3691342971811764,5.0
2024-10-27,9662,FINAL,Chelmsford,4085,1.0,1.0,Waltham,4405,0.0,0.0,Merrimack Valley,Dual County,9:00 A.M.,,0,2024,1565.9788635064378,1547.513629024126,1574.3533250974265,1539.1391674331373,0.5972735264188508,0.4027264735811492,1.7116308620577967,1.0
2024-10-28,12018,FINAL,Blackstone Valley,4046,8.0,1.0,Southeastern,4358,0.0,0.0,Colonial,Mayflower,,,0,2024,1656.9552074973901,1427.6209837284073,1667.954711251595,1416.6214799742024,0.8331303368248932,0.16686966317510676,6.983355594224571,8.0
2024-10-28,12043,FINAL,East Longmeadow,4127,3.0,1.0,Longmeadow,4214,1.0,0.0,Valley,Suburban,,,0,2024,1731.3849328573267,1629.432366993287,1741.0837681323114,1619.7335317183022,0.7057246560038968,0.2942753439961032,3.798814146600995,2.0
2024-10-28,12045,FINAL,Monty Tech,4259,0.0,0.0,Franklin County Tech,4145,2.0,1.0,Colonial,County,,,0,2024,1502.4884418173992,1575.2342108622988,1487.0865712189582,1590.63608146074,0.4673128927377237,0.5326871072622763,-0.5686442261224898,-2.0
2024-10-29,12015,FINAL,Auburn,4019,7.0,1.0,Bay Path/David Prouty,4027,0.0,0.0,SWCL,Colonial,,,0,2024,1615.122244868177,1363.0238344658794,1624.4446524027023,1353.701426931354,0.8505623208977149,0.14943767910228511,7.552460260057439,7.0
2024-10-29,12044,FINAL,Blackstone Valley,4046,1.0,1.0,Franklin County Tech,4145,0.0,0.0,Colonial,County,,1.0,0,2024,1667.954711251595,1590.63608146074,1674.7036964106458,1583.887096301689,0.6754424193334697,0.3245575806665303,3.1829657447713773,1.0
2024-10-29,12055,FINAL,Frontier,4146,3.0,1.0,Mohawk Trail,4258,0.0,0.0,Suburban,Valley,,,0,2024,1672.1858708981556,1346.7286477145046,1676.4811437860735,1342.4333748265867,0.8967205184222676,0.10327948157773237,9.386430579591273,3.0
2024-10-29,11813,UPCOMING,Lynnfield,4223,,,Masconomet,4236,,,Cape Ann,Northeastern,4:00 P.M.,,0,2024,1618.2819321712454,1593.4071393514826,,,0.6061157653864501,0.39388423461354993,1.8718698204940722,
2024-10-30,12473,FINAL,Austin Prep,4020,0.0,0.0,Tabor,4384,5.0,1.0,Independent,ISL,,,0,2024,1413.224511381116,1500.0,1389.1823645464742,1524.0421468346417,0.4472725877839637,0.5527274122160363,-0.9193872154721021,-5.0
2024-10-30,12476,FINAL,Wilbraham & Monson,4545,2.0,0.0,Pomfret,4317,3.0,1.0,Independent,Independent,,,0,2024,1473.2664781259105,1500.0,1462.17404674266,1511.0924313832504,0.5334331916005453,0.46656680839945475,0.5816619531477614,-1.0
2024-10-30,12482,FINAL,Phillips Andover,4310,3.0,1.0,Nobles,4282,1.0,0.0,Independent,ISL,,,0,2024,1500.0,1511.7168954596516,1514.6706952540435,1497.046200205608,0.5548719232627128,0.44512807673728716,0.9570776135087101,2.0
2024-10-31,12207,FINAL,Melrose,4244,1.0,1.0,Amherst-Pelham,4008,0.0,0.0,Middlesex,County,5:30 P.M.,,0,2024,1364.5020606621651,1506.0704415566886,1377.577772212225,1492.9947300066287,0.37119119302113956,0.6288088069788604,-2.289209522363086,1.0
2024-10-31,12243,FINAL,Triton,4395,4.0,1.0,Seekonk,4344,0.0,0.0,Cape Ann,South Coast,4:00 P.M.,,0,2024,1427.5607725510838,1497.6401996960165,1453.0960093400267,1472.1049629070735,0.4711355106925985,0.5288644893074015,-0.5019856786233163,4.0
2024-10-31,12244,FINAL,Holliston,4174,6.0,1.0,Hudson,4182,0.0,0.0,Tri-Valley,Mid-Wach,3:00 P.M.,,0,2024,1425.1751097583513,1508.095693372097,1457.1212286307432,1476.149574499705,0.4527647488776912,0.5472352511223089,-0.8230145903436437,6.0
2024-10-31,12160,FINAL,Acton-Boxborough,4003,1.0,1.0,Newton North,4279,0.0,0.0,Dual County,Bay State,3:00 P.M.,1.0,0,2024,1523.0483895270263,1538.2625073137467,1532.4080744306434,1528.9028224101296,0.5498943001756078,0.4501056998243922,0.8696470553319898,1.0
2024-11-01,12203,FINAL,Nashoba,4267,6.0,1.0,Burlington,4065,0.0,0.0,Mid-Wach,Middlesex,3:00 P.M.,,0,2024,1597.4252175136241,1408.2649125681942,1609.190387977691,1396.4997421041273,0.7984632800272825,0.2015367199727175,5.9790076236357494,6.0
2024-11-01,12201,FINAL,Hingham,4171,3.0,1.0,Mansfield,4230,1.0,0.0,Patriot,Hockomock,6:00 P.M.,,0,2024,1732.8717113814375,1444.9171434180494,1736.9932643182406,1440.7955904812463,0.8749466947434265,0.12505330525657354,8.448864199084705,2.0
2024-11-01,12198,FINAL,Duxbury,4123,3.0,1.0,North Attleborough,4284,0.0,0.0,Patriot,Hockomock,4:00 P.M.,,0,2024,1640.747370464676,1506.729634668745,1651.4542038283312,1496.0228013050896,0.742555076710502,0.257444923289498,4.600443394898275,3.0
2024-11-01,12197,FINAL,Westwood,4424,2.0,1.0,Silver Lake,4349,0.0,0.0,Tri-Valley,Patriot,5:00 P.M.,,0,2024,1524.3706798976325,1573.307145290744,1540.799419976067,1556.8784052123096,0.5015305445517517,0.4984694554482483,0.026588365172210617,2.0
2024-11-01,12196,FINAL,Malden Catholic,4228,1.0,1.0,Milton,4252,0.0,0.0,Independent,Bay State,7:00 P.M.,,0,2024,1664.4393758614676,1502.5867622790374,1669.1809317288544,1497.8452064116507,0.7719793621341058,0.22802063786589422,5.2963153395607545,1.0
2024-11-01,12192,FINAL,Masconomet,4236,2.0,1.0,Leominster,4208,0.0,0.0,Northeastern,Mid-Wach,2:30 P.M.,,0,2024,1606.7069714095953,1497.0834409360637,1616.1063298938423,1487.6840824518167,0.7148111734170219,0.28518882658297806,3.9905882618382917,2.0
2024-11-01,12208,FINAL,Wayland,4411,2.0,1.0,Everett,4132,0.0,0.0,Dual County,Greater Boston,4:00 P.M.,,0,2024,1320.166786473685,1481.9139803551175,1341.7707317558684,1460.3100350729342,0.3445080518085639,0.6554919481914361,-2.79367984703581,2.0
2024-11-01,12173,FINAL,Walpole,4404,6.0,1.0,Marshfield,4234,0.0,0.0,Bay State,Patriot,4:00 P.M.,,0,2024,1773.0524168981406,1433.7803503343102,1778.6650081574612,1428.1677590749896,0.9038566218478725,0.09614337815212748,9.731801664095759,6.0
2024-11-01,12171,FINAL,Andover,4009,4.0,1.0,Shrewsbury,4348,1.0,0.0,Merrimack Valley,Mid-Wach,5:00 P.M.,,0,2024,1737.767998815942,1325.236616611047,1740.4804233082943,1322.5241921186948,0.9347799772682923,0.06522002273170768,11.563284555122374,3.0
2024-11-01,12170,FINAL,Belmont,4034,5.0,1.0,Barnstable,4024,0.0,0.0,Middlesex,Cape &#38; Islands,4:30 P.M.,,0,2024,1721.034618073743,1369.5291862269717,1725.8828735573627,1364.680930743352,0.9098045698118836,0.09019543018811638,10.037635796169287,5.0
2024-11-01,12169,FINAL,Central Catholic,4081,5.0,1.0,North Andover,4283,1.0,0.0,Merrimack Valley,Merrimack Valley,6:00 P.M.,,0,2024,1695.0054847057809,1494.4600739730022,1704.2370439677068,1485.2285147110763,0.8088036576702685,0.19119634232973148,6.263635268319467,4.0
2024-11-01,12209,FINAL,Middleborough,4247,3.0,1.0,Malden,4227,1.0,0.0,South Shore,Greater Boston,3:00 P.M.,,0,2024,1411.0466790979558,1441.657805139825,1426.607185058359,1426.097299179422,0.5278739029560128,0.4721260970439872,0.4847218489532679,2.0
2024-11-01,12164,FINAL,Winchester,4434,3.0,1.0,Brookline,4059,1.0,0.0,Middlesex,Bay State,3:30 P.M.,,0,2024,1635.9571773550106,1525.6722917217294,1645.3309779817546,1516.2984910949854,0.7155866322319454,0.2844133677680546,4.0071221408320294,2.0
2024-11-01,12161,FINAL,Concord-Carlisle,4097,2.0,1.0,Chelmsford,4085,1.0,0.0,Dual County,Merrimack Valley,5:00 P.M.,,0,2024,1586.3689541276,1574.3533250974265,1594.9297703632592,1565.7925088617674,0.5883117623617649,0.41168823763823514,1.5503907257543403,1.0
2024-11-01,12159,FINAL,Durfee,4122,2.0,0.0,King Philip,4197,5.0,1.0,Big Three,Hockomock,3:30 P.M.,,0,2024,1665.4976218355816,1599.2358946615764,1637.993405343994,1626.740111153164,0.6613366122658298,0.33866338773417015,2.9065431793501317,-3.0
2024-11-01,12175,FINAL,New Bedford,4273,2.0,1.0,Lowell,4216,0.0,0.0,Big Three,Merrimack Valley,3:30 P.M.,,0,2024,1505.7204390086872,1516.9902470688453,1520.370186868488,1502.3404992090445,0.555507494593893,0.44449250540610696,0.9682547984960479,2.0
2024-11-01,12206,FINAL,Norwood,4297,6.0,1.0,Melrose,4244,0.0,0.0,Tri-Valley,Middlesex,5:00 P.M.,,0,2024,1738.5255420958201,1377.577772212225,1743.5362604992904,1372.5670538087547,0.9141666706124998,0.08583332938750021,10.273694247089878,6.0
2024-11-01,12227,FINAL,Marlborough,4233,2.0,0.0,Auburn,4019,3.0,1.0,Mid-Wach,SWCL,4:00 P.M.,,0,2024,1558.4567301740024,1624.4446524027023,1548.5376327131107,1634.363749863594,0.47700775723075234,0.5229922427692477,-0.3996980557174993,-1.0
2024-11-01,12267,FINAL,Maynard,4239,1.0,0.0,St. Paul,4954,3.0,1.0,Mid-Wach,Central Mass.,2:30 P.M.,,0,2024,1677.0993059009024,1588.9691997016719,1654.3931620283868,1611.6753435741875,0.6889340946065436,0.31106590539345635,3.4532526549807643,-2.0
2024-11-01,12269,FINAL,Quabbin,4325,3.0,1.0,Narragansett,4266,1.0,0.0,Mid-Wach,Mid-Wach,3:00 P.M.,,0,2024,1566.1042829003275,1559.183043936776,1579.907540203859,1545.3797866332443,0.5811911249034053,0.4188088750965947,1.423030974088789,2.0
2024-11-01,12927,FINAL,Newton Country Day,4278,5.0,1.0,Austin Prep,4020,2.0,0.0,EIL,Independent,,,0,2024,1500.0,1389.1823645464742,1511.802478806192,1377.3798857402821,0.7162103726018237,0.28378962739817626,4.020440886338145,3.0
2024-11-01,12276,FINAL,Uxbridge,4398,12.0,1.0,Bromfield,4505,0.0,0.0,SWCL,Mid-Wach,3:30 P.M.,,0,2024,1818.2163410059297,1475.6766277806278,1825.4896003596948,1468.4033684268627,0.9054788439570711,0.09452115604292888,9.81349283063255,12.0
2024-11-01,12274,FINAL,Cohasset,4094,7.0,1.0,Tyngsborough/Dracut,4397,0.0,0.0,South Shore,Mid-Wach,4:30 P.M.,,0,2024,1661.357238094614,1523.930850182196,1677.1846021183667,1508.1034861584435,0.7462882268065316,0.2537117731934684,4.6856596978104506,7.0
2024-11-01,12272,FINAL,Frontier,4146,6.0,1.0,Franklin County Tech,4145,1.0,0.0,Suburban,County,2:30 P.M.,,0,2024,1676.4811437860735,1583.887096301689,1692.9072393176048,1567.4610007701579,0.6944140510368836,0.3055859489631164,3.5648511871096105,5.0
2024-11-01,12265,FINAL,West Bridgewater,4415,3.0,1.0,Stoneham,4380,0.0,0.0,South Coast,Middlesex,4:00 P.M.,,0,2024,1586.5046376839286,1475.9781679460398,1598.3212896628054,1464.161515967163,0.7158695798360606,0.2841304201639394,4.013161743447222,3.0
2024-11-01,12264,FINAL,Manchester Essex,4229,6.0,1.0,Sturgis East,4456,0.0,0.0,Cape Ann,Cape &#38; Islands,4:30 P.M.,,0,2024,1677.0468111741593,1464.5902467403828,1687.6024254247482,1454.034632489794,0.8191829111309287,0.18081708886907133,6.561414110844413,6.0
2024-11-01,12273,FINAL,Ipswich,4190,2.0,1.0,Bellingham,4033,1.0,0.0,Cape Ann,Tri-Valley,5:00 P.M.,,0,2024,1545.3928255122328,1402.85364406505,1550.553575854673,1397.6928937226098,0.7518203691231858,0.24817963087681416,4.813479536179568,1.0
2024-11-01,12261,FINAL,Clinton,4093,2.0,1.0,Greenfield,4157,1.0,0.0,Mid-Wach,Suburban,4:30 P.M.,,0,2024,1654.716990444071,1564.0038680513915,1661.1193496896665,1557.601508805796,0.692111602212987,0.30788839778701305,3.517828059816986,1.0
2024-11-01,12245,FINAL,Norwell,4296,8.0,1.0,Monty Tech,4259,1.0,0.0,South Shore,Colonial,3:30 P.M.,,0,2024,1543.126936217666,1487.0865712189582,1565.0835922965898,1465.1299151400344,0.6480360128936908,0.35196398710630916,2.6510091249676977,7.0
2024-11-01,12271,FINAL,Monomoy,4706,9.0,1.0,Smith Academy,4538,0.0,0.0,Cape &#38; Islands,Valley,4:00 P.M.,,0,2024,1766.7724334826753,1476.1507119371593,1775.2954336340754,1467.6277117857592,0.8766169354995461,0.12338306450045389,8.515543038637901,9.0
2024-11-01,12242,FINAL,Falmouth,4134,4.0,1.0,Tewksbury,4389,0.0,0.0,Cape &#38; Islands,Merrimack Valley,4:00 P.M.,,0,2024,1413.5751547467632,1474.2386970100126,1438.4574473085338,1449.356404448242,0.4846587459813058,0.5153412540186941,-0.2665885565812346,4.0
2024-11-01,12241,FINAL,Groton-Dunstable,4160,2.0,1.0,Old Rochester,4301,0.0,0.0,Mid-Wach,South Coast,4:30 P.M.,,0,2024,1567.4985020707365,1508.9027507158755,1578.9883234895785,1497.4129292970335,0.6513837945877627,0.34861620541223726,2.7148937838715255,2.0
2024-11-01,12230,FINAL,East Longmeadow,4127,5.0,1.0,Weston,4423,1.0,0.0,Valley,Dual County,6:00 P.M.,,0,2024,1741.0837681323114,1492.5360894460418,1748.4254287832161,1485.1944287951371,0.8479456586637077,0.15205434133629225,7.463691967156739,4.0
2024-11-01,12263,FINAL,Hopedale,4507,4.0,1.0,Quaboag,4510,1.0,0.0,Dual Valley,SWCL,3:30 P.M.,,0,2024,1563.639700503004,1553.8128943052673,1580.8883894409582,1536.564205367313,0.5852567001229514,0.4147432998770486,1.4956701549434173,3.0
2024-11-01,12266,FINAL,Northbridge,4292,4.0,1.0,Southwick,4519,1.0,0.0,SWCL,Valley,6:00 P.M.,,0,2024,1580.4137245684633,1634.5975509460313,1601.4585346549147,1613.55274085958,0.4939792808637741,0.5060207191362259,-0.10459565943920097,3.0
2024-11-02,12202,FINAL,Canton,4071,6.0,1.0,Bishop Stang,4045,0.0,0.0,Hockomock,Catholic Central,3:45 P.M.,,0,2024,1735.3944365349016,1474.3644936981045,1743.7435430643789,1466.0153871686273,0.8569802664744408,0.1430197335255592,7.775748570919927,6.0
2024-11-02,12165,FINAL,Wachusett,4400,4.0,1.0,Essex Tech,4745,2.0,0.0,Mid-Wach,Cape Ann,3:00 P.M.,,0,2024,1557.1061981546484,1514.8239606735922,1569.308459347232,1502.6216994810086,0.6297674402988042,0.37023255970119584,2.307055937026405,2.0
2024-11-02,12166,FINAL,Wellesley,4413,6.0,1.0,Needham,4272,0.0,0.0,Bay State,Bay State,1:00 P.M.,,0,2024,1618.8377754268279,1488.465756445636,1634.1021104367592,1473.201421435705,0.7385227847006604,0.26147721529933965,4.509300474529795,6.0
2024-11-02,12167,FINAL,Bishop Feehan,4042,6.0,1.0,Lexington,4209,1.0,0.0,Catholic Central,Middlesex,4:00 P.M.,,0,2024,1667.3356496818221,1516.2200119389238,1680.1870152072831,1503.3686464134628,0.7609172111515301,0.2390827888484699,5.027890943572459,5.0
2024-11-02,12172,FINAL,Algonquin,4005,4.0,1.0,Westford,4421,1.0,0.0,Mid-Wach,Dual County,1:00 P.M.,,0,2024,1657.3791354742477,1388.18721604091,1663.0916582648547,1382.474693250303,0.8626428616504365,0.13735713834956353,7.979797985833443,3.0
2024-11-02,12194,FINAL,Hopkinton,4180,2.0,1.0,Oliver Ames,4302,0.0,0.0,Tri-Valley,Hockomock,3:00 P.M.,,0,2024,1529.2218238784506,1554.0933803511305,1544.5112172504844,1538.8039869790966,0.53609981338155,0.46390018661845,0.6282110881830022,2.0
2024-11-02,12200,FINAL,Longmeadow,4214,3.0,1.0,Grafton,4153,0.0,0.0,Suburban,SWCL,11:00 A.M.,,0,2024,1619.7335317183022,1569.4254651547672,1634.6858205341434,1554.473176338926,0.6404734512574383,0.35952654874256174,2.5077016640883754,3.0
2024-11-02,12225,FINAL,Oakmont,4299,1.0,0.0,Foxborough,4142,3.0,1.0,Mid-Wach,Hockomock,5:30 P.M.,,0,2024,1533.3794786791464,1576.1562458482822,1516.557739230025,1592.9779852974036,0.510393570222879,0.489606429777121,0.18058082077160406,-2.0
2024-11-02,12228,FINAL,Pentucket,4309,2.0,1.0,Hanover,4164,1.0,0.0,Cape Ann,Patriot,10:00 A.M.,,0,2024,1561.9814341004815,1606.395656749635,1572.2114986419392,1596.1655922081773,0.5080378872688285,0.4919621127311715,0.1396444337711614,1.0
2024-11-02,12231,FINAL,Bedford,4031,4.0,1.0,Gloucester,4150,2.0,0.0,Dual County,Northeastern,4:00 P.M.,,0,2024,1658.8424657923013,1508.9416995903366,1666.7642521857956,1501.0199131968423,0.7596426426560922,0.24035735734390784,4.997519155049116,2.0
2024-11-02,12232,FINAL,Dover-Sherborn,4118,3.0,1.0,Belchertown,4032,1.0,0.0,Tri-Valley,County,12:00 P.M.,,0,2024,1557.5823648252335,1645.0232442984443,1575.8305614252686,1626.7750476984093,0.44632585464832053,0.5536741453516795,-0.9360219868302693,2.0
2024-11-02,12234,FINAL,North Reading,4288,2.0,1.0,Nauset,4271,1.0,0.0,Cape Ann,Cape &#38; Islands,12:00 P.M.,,0,2024,1638.6272202774205,1505.3063703125194,1643.9965993984906,1499.9369911914494,0.7417874456459791,0.2582125543540209,4.583021249122527,1.0
2024-11-02,12235,FINAL,Dennis-Yarmouth,4111,2.0,1.0,Notre Dame (Worcester),4451,0.0,0.0,Cape &#38; Islands,Central Mass.,1:00 P.M.,,0,2024,1616.6445624516598,1461.6451475777917,1624.3910757364047,1453.8986342930468,0.7649606579546412,0.2350393420453588,5.124985371846702,2.0
2024-11-02,12237,FINAL,Medfield,4241,4.0,1.0,Holliston,4174,0.0,0.0,Tri-Valley,Tri-Valley,4:30 P.M.,,0,2024,1643.247381788105,1457.1212286307432,1653.1146201246386,1447.2539902942096,0.7956380037961964,0.20436199620380358,5.903153828934046,4.0
2024-11-02,12238,FINAL,Newburyport,4276,8.0,1.0,Triton,4395,2.0,0.0,Cape Ann,Cape Ann,10:30 A.M.,,0,2024,1677.238338016596,1453.0960093400267,1687.2247182001347,1443.109629156488,0.828933859246844,0.17106614075315596,6.853558216914228,6.0
2024-11-02,12240,FINAL,Sandwich,4340,7.0,1.0,Groton-Dunstable,4160,0.0,0.0,South Shore,Mid-Wach,12:00 P.M.,,0,2024,1836.1573323839323,1578.9883234895785,1845.2506545750275,1569.8950012984833,0.8542345463300149,0.14576545366998506,7.679225222358843,7.0
2024-11-02,12268,FINAL,Nantucket,4265,1.0,1.0,Westport,4461,0.0,0.0,Cape &#38; Islands,Mayflower,1:00 P.M.,,0,2024,1617.0424429582984,1588.8548722161972,1625.1385579827713,1580.7587571917243,0.6106591667908795,0.3893408332091205,1.954689268552528,1.0
2024-11-02,12275,FINAL,Sutton,4512,7.0,1.0,North Brookfield,4508,0.0,0.0,Dual Valley,Colonial,3:45 P.M.,,0,2024,1733.0217230191563,1559.4384457959095,1746.518509925338,1545.9416588897277,0.7836472495835174,0.2163527504164826,5.58958193058117,7.0
2024-11-02,12226,FINAL,St. Mary’s,4374,4.0,1.0,Blackstone Valley,4046,1.0,0.0,Catholic Central,Colonial,3:30 P.M.,,0,2024,1612.1070084709997,1674.7036964106458,1633.6550198303842,1653.1556850512613,0.4818798478466148,0.5181201521533851,-0.3149171984911504,3.0
2024-11-02,12233,FINAL,North Middlesex,4286,2.0,1.0,Ashland,4015,1.0,0.0,Mid-Wach,Tri-Valley,6:00 P.M.,,0,2024,1698.354097687447,1407.9118166054,1700.9221004985848,1405.3438137942621,0.8765051693127544,0.12349483068724565,8.511057027051175,1.0
2024-11-03,12174,FINAL,Lincoln-Sudbury,4211,10.0,1.0,New Bedford,4273,1.0,0.0,Dual County,Big Three,11:00 A.M.,,0,2024,1701.6417845050446,1520.370186868488,1716.0750807988004,1505.9368905747322,0.7910566354649055,0.20894336453509454,5.7817899409139155,9.0
2024-11-03,12236,FINAL,Dedham,4108,5.0,1.0,Norwell,4296,0.0,0.0,Tri-Valley,South Shore,1:30 P.M.,,0,2024,1617.3735382635439,1565.0835922965898,1636.5581085048573,1545.8990220552764,0.6430962494168052,0.3569037505831948,2.5572486491738515,5.0
2024-11-03,12239,FINAL,Watertown,4409,8.0,1.0,Falmouth,4134,0.0,0.0,Middlesex,Cape &#38; Islands,11:30 A.M.,,0,2024,1751.3840195571029,1438.4574473085338,1758.6449843125172,1431.1964825531195,0.8898464176077824,0.11015358239221762,9.073164306214228,8.0
2024-11-03,12262,FINAL,St. John Paul II,4689,3.0,1.0,Hamilton-Wenham,4163,1.0,0.0,Cape &#38; Islands,Cape Ann,4:00 P.M.,,0,2024,1578.924937690717,1493.30089499376,1589.2793319934653,1482.9465006910116,0.6858341379225642,0.3141658620774358,3.3906010674239213,2.0
2024-11-04,12163,FINAL,Natick,4270,3.0,1.0,Waltham,4405,0.0,0.0,Bay State,Dual County,6:00 P.M.,,0,2024,1598.5437674743223,1539.1391674331373,1612.9983661096855,1524.684568797774,0.6524403705120155,0.34755962948798447,2.735115001029624,3.0
2024-11-04,12270,FINAL,Lynnfield,4223,4.0,1.0,Joseph Case,4078,0.0,0.0,Cape Ann,South Coast,2:00 P.M.,,0,2024,1622.642156793578,1454.8668903691664,1633.364632445529,1444.1444147172153,0.7779250430825994,0.22207495691740065,5.444381660610287,4.0
2024-11-04,12229,FINAL,Medway,4243,5.0,1.0,Nipmuc,4281,0.0,0.0,Tri-Valley,Dual Valley,3:30 P.M.,,0,2024,1486.720471454329,1542.4504172430295,1514.0400717165185,1515.13081698084,0.49175469268466393,0.5082453073153361,-0.14324864471751084,5.0
2024-11-04,12205,FINAL,Somerset Berkley,4350,10.0,1.0,Wayland,4411,0.0,0.0,South Coast,Dual County,3:30 P.M.,,0,2024,1774.9813531505038,1341.7707317558684,1779.1772499907036,1337.5748349156686,0.9416725035520671,0.05832749644793289,12.080265534865884,10.0
2024-11-04,12204,FINAL,Notre Dame (Hingham),4449,6.0,1.0,Middleborough,4247,0.0,0.0,Independent,South Shore,4:00 P.M.,,0,2024,1717.7745324320404,1426.607185058359,1724.9574948971203,1419.424222593279,0.8769562498630417,0.12304375013695834,8.529183684342035,6.0
2024-11-04,12199,FINAL,Reading,4328,7.0,1.0,Westfield,4419,1.0,0.0,Middlesex,Valley,4:00 P.M.,,0,2024,1655.0053375883067,1603.3504591793665,1675.889425240858,1582.4663715268152,0.6422567324483099,0.35774326755169006,2.5413719602235063,6.0
2024-11-04,12193,FINAL,Westborough,4418,3.0,0.0,Minnechaug,4254,4.0,1.0,Mid-Wach,Suburban,6:00 P.M.,,0,2024,1488.5080138823428,1532.128878823998,1477.9199283739995,1542.7169643323414,0.5091792818465075,0.4908207181534925,0.15947837645861682,-1.0
2024-11-04,12191,FINAL,Agawam,4004,0.0,0.0,Scituate,4343,3.0,1.0,Suburban,Patriot,5:00 P.M.,,0,2024,1586.665707184827,1578.559357547098,1562.425626371622,1602.799438360303,0.5828507396659758,0.4171492603340242,1.452658740943224,-3.0
2024-11-04,12168,FINAL,Franklin,4144,2.0,1.0,Attleboro,4018,0.0,0.0,Hockomock,Hockomock,4:00 P.M.,,0,2024,1736.7392568618263,1531.3730582762435,1742.9005503677342,1525.2117647703355,0.8130582988053836,0.1869417011946164,6.384154964639572,2.0
2024-11-04,12162,FINAL,Beverly,4038,2.0,1.0,Arlington,4013,1.0,0.0,Northeastern,Middlesex,6:00 P.M.,2.0,0,2024,1710.0999885259855,1590.4255076939414,1715.7881372739373,1584.7373589459896,0.7264578669830394,0.2735421330169606,4.241862020801102,1.0
2024-11-04,12195,FINAL,Doherty,4116,6.0,1.0,Dartmouth,4105,0.0,0.0,Inter-High,Southeast,6:00 P.M.,,0,2024,1692.882750012758,1572.197108867863,1708.7839680593809,1556.2958908212402,0.7276130134726851,0.27238698652731486,4.267141028622371,6.0
2024-11-05,12259,FINAL,Sutton,4512,1.0,1.0,St. John Paul II,4689,0.0,0.0,Dual Valley,Cape &#38; Islands,6:30 P.M.,,0,2024,1746.518509925338,1589.2793319934653,1751.3579762996994,1584.439865619104,0.7672708620386637,0.23272913796133632,5.180979448296819,1.0
2024-11-05,12260,FINAL,Uxbridge,4398,11.0,1.0,Clinton,4093,0.0,0.0,SWCL,Mid-Wach,4:00 P.M.,,0,2024,1825.4896003596948,1661.1193496896665,1842.2984724438065,1644.3104776055548,0.7745204085695293,0.2254795914304707,5.359256266750708,11.0
2024-11-05,12151,FINAL,Bishop Feehan,4042,2.0,0.0,Wellesley,4413,3.0,1.0,Catholic Central,Bay State,4:00 P.M.,2.0,0,2024,1680.1870152072831,1634.1021104367592,1666.9855424691743,1647.303583174868,0.6348566417233448,0.3651433582766552,2.402122619263099,-1.0
2024-11-05,12153,FINAL,Central Catholic,4081,2.0,0.0,Winchester,4434,3.0,1.0,Merrimack Valley,Middlesex,6:00 P.M.,,0,2024,1704.2370439677068,1645.3309779817546,1690.6834659502758,1658.8845559991855,0.6517893264016461,0.3482106735983539,2.7226516496488045,-1.0
2024-11-05,12157,FINAL,Walpole,4404,3.0,1.0,Acton-Boxborough,4003,1.0,0.0,Bay State,Dual County,6:15 P.M.,,0,2024,1778.6650081574612,1532.4080744306434,1783.7327643894673,1527.3403181986373,0.8462376495548466,0.1537623504451534,7.406423343170445,2.0
2024-11-05,12187,FINAL,Nashoba,4267,1.0,0.0,Hopkinton,4180,3.0,1.0,Mid-Wach,Tri-Valley,5:00 P.M.,,0,2024,1609.190387977691,1544.5112172504844,1587.4611573881868,1566.2404478399885,0.6592932682328839,0.3407067317671161,2.8669792681801654,-2.0
2024-11-05,12223,FINAL,Watertown,4409,2.0,1.0,St. Mary’s,4374,0.0,0.0,Middlesex,Catholic Central,3:30 P.M.,,0,2024,1758.6449843125172,1633.6550198303842,1767.4614807411406,1624.8385234017608,0.7324959703083849,0.26750402969161513,4.374749112053325,2.0
2024-11-05,12224,FINAL,Sandwich,4340,6.0,1.0,Foxborough,4142,0.0,0.0,South Shore,Hockomock,4:00 P.M.,,0,2024,1845.2506545750275,1592.9779852974036,1853.9669828639728,1584.2616570084583,0.8506897780253471,0.14931022197465293,7.556816731940597,6.0
2024-11-05,12255,FINAL,Monomoy,4706,5.0,1.0,Northbridge,4292,0.0,0.0,Cape &#38; Islands,SWCL,4:00 P.M.,,0,2024,1775.2954336340754,1601.4585346549147,1786.9116964748378,1589.8422718141524,0.7838946755919372,0.21610532440806285,5.595922474479016,5.0
2024-11-06,12220,FINAL,Dedham,4108,1.0,0.0,Medway,4243,2.0,1.0,Tri-Valley,Tri-Valley,6:00 P.M.,,0,2024,1636.5581085048573,1514.0400717165185,1621.3844538769076,1529.2137263444681,0.7296985427968256,0.27030145720317444,4.31295091970847,-1.0
2024-11-06,12221,FINAL,Medfield,4241,3.0,1.0,Pentucket,4309,1.0,0.0,Tri-Valley,Cape Ann,5:00 P.M.,,0,2024,1653.1146201246386,1572.2114986419392,1663.6629681917707,1561.663150574807,0.6799493271061002,0.32005067289389977,3.272578037067484,2.0
2024-11-06,12222,FINAL,Newburyport,4276,7.0,1.0,Marlborough,4233,2.0,0.0,Cape Ann,Mid-Wach,4:30 P.M.,,0,2024,1687.2247182001347,1548.5376327131107,1700.7887035324586,1534.9736473807868,0.7476598549214906,0.25234014507850944,4.717177137175599,5.0
2024-11-06,12253,FINAL,Quabbin,4325,2.0,1.0,Nantucket,4265,1.0,0.0,Mid-Wach,Cape &#38; Islands,1:30 P.M.,,0,2024,1579.907540203859,1625.1385579827713,1590.1620423663312,1614.8840558202992,0.5068626861138746,0.49313731388612536,0.11922455552719384,1.0
2024-11-06,12258,FINAL,Cohasset,4094,2.0,1.0,Hopedale,4507,0.0,0.0,South Shore,Dual Valley,6:00 P.M.,,0,2024,1677.1846021183667,1580.8883894409582,1687.1077880681646,1570.9652034911603,0.69891756317939,0.30108243682061,3.657405316935211,2.0
2024-11-06,12256,FINAL,Frontier,4146,5.0,1.0,West Bridgewater,4415,0.0,0.0,Suburban,South Coast,2:30 P.M.,,0,2024,1692.9072393176048,1598.3212896628054,1709.2028365828944,1582.0256923975157,0.6968418000080822,0.30315819999191784,3.6146487413699844,5.0
2024-11-06,12257,FINAL,Manchester Essex,4229,0.0,0.0,Ipswich,4190,1.0,1.0,Cape Ann,Cape Ann,7:00 P.M.,,1,2024,1687.6024254247482,1550.553575854673,1672.0923593813643,1566.0636418980569,0.7458765121550115,0.2541234878449885,4.676221239251879,-1.0
2024-11-06,12219,FINAL,Dennis-Yarmouth,4111,3.0,1.0,East Longmeadow,4127,1.0,0.0,Cape &#38; Islands,Valley,2:00 P.M.,,0,2024,1624.3910757364047,1748.4254287832161,1644.3295757945791,1728.4869287250417,0.3950398375649404,0.6049601624350596,-1.850858826170287,2.0
2024-11-06,12254,FINAL,Lynnfield,4223,5.0,1.0,St. Paul,4954,1.0,0.0,Cape Ann,Central Mass.,2:00 P.M.,,0,2024,1633.364632445529,1611.6753435741875,1652.594380162793,1592.4455958569235,0.6017295320165319,0.3982704679834681,1.7922322217835358,4.0
2024-11-06,12217,FINAL,North Middlesex,4286,2.0,0.0,Dover-Sherborn,4118,4.0,1.0,Mid-Wach,Tri-Valley,6:00 P.M.,,0,2024,1700.9221004985848,1575.8305614252686,1676.7764526929743,1599.976209230879,0.7326105261660923,0.26738947383390765,4.377288476832905,-2.0
2024-11-06,12185,FINAL,Hingham,4171,3.0,1.0,Malden Catholic,4228,1.0,0.0,Patriot,Independent,4:00 P.M.,,0,2024,1736.9932643182406,1669.1809317288544,1748.0892631979304,1658.0849328491645,0.6633328853699597,0.3366671146300403,2.9453083147346546,2.0
2024-11-06,12188,FINAL,Minnechaug,4254,0.0,0.0,Notre Dame (Hingham),4449,3.0,1.0,Suburban,Independent,6:00 P.M.,,0,2024,1542.7169643323414,1724.9574948971203,1529.4760117048759,1738.1984475245858,0.3183776115381689,0.6816223884618311,-3.306013264119474,-3.0
2024-11-06,12186,FINAL,Canton,4071,3.0,1.0,Doherty,4116,0.0,0.0,Hockomock,Inter-High,4:30 P.M.,,0,2024,1743.7435430643789,1708.7839680593809,1759.552017909551,1692.9754932142087,0.6198865289475347,0.3801134710524653,2.1239893751249497,3.0
2024-11-06,12184,FINAL,Longmeadow,4214,1.0,1.0,Westwood,4424,0.0,0.0,Suburban,Tri-Valley,6:15 P.M.,,0,2024,1634.6858205341434,1540.799419976067,1641.0075219401863,1534.477718570024,0.6959904243840361,0.30400957561596387,3.5971600139519126,1.0
2024-11-06,12158,FINAL,Lincoln-Sudbury,4211,1.0,0.0,King Philip,4197,2.0,1.0,Dual County,Hockomock,2:30 P.M.,,0,2024,1716.0750807988004,1626.740111153164,1701.7182316537567,1641.0969602982077,0.6904185021448507,0.3095814978551493,3.4833742411409103,-1.0
2024-11-06,12156,FINAL,Algonquin,4005,2.0,1.0,Concord-Carlisle,4097,1.0,0.0,Mid-Wach,Dual County,5:00 P.M.,,0,2024,1663.0916582648547,1594.9297703632592,1670.0831127957447,1587.9383158323692,0.663782107322815,0.33621789267718505,2.954047197539887,1.0
2024-11-06,12155,FINAL,Andover,4009,1.0,1.0,Beverly,4038,0.0,0.0,Merrimack Valley,Northeastern,6:00 P.M.,,0,2024,1740.4804233082943,1715.7881372739373,1748.676231906005,1707.5923286762268,0.6058649193335972,0.3941350806664028,1.867307150858926,1.0
2024-11-06,12154,FINAL,Belmont,4034,2.0,1.0,Natick,4270,0.0,0.0,Middlesex,Bay State,5:00 P.M.,,0,2024,1725.8828735573627,1612.9983661096855,1735.156619628205,1603.7246200388433,0.7186224182847625,0.2813775817152375,4.072112686191929,2.0
2024-11-06,12152,FINAL,Franklin,4144,6.0,1.0,Wachusett,4400,1.0,0.0,Hockomock,Mid-Wach,4:00 P.M.,,0,2024,1742.9005503677342,1569.308459347232,1754.5296506680063,1557.67935904696,0.7836558515062616,0.2163441484937384,5.5898022755125565,5.0
2024-11-06,12190,FINAL,Norwood,4297,6.0,1.0,Scituate,4343,0.0,0.0,Tri-Valley,Patriot,4:00 P.M.,,0,2024,1743.5362604992904,1602.799438360303,1758.1376245518006,1588.1980743077927,0.7498794405692586,0.2501205594307414,4.768420553474686,6.0
2024-11-07,12218,FINAL,North Reading,4288,2.0,0.0,Bedford,4031,3.0,1.0,Cape Ann,Dual County,5:00 P.M.,,0,2024,1643.9965993984906,1666.7642521857956,1632.7861129943942,1677.974738589892,0.5391104380380988,0.46088956196190123,0.6808086803173751,-1.0
2024-11-07,12183,FINAL,Reading,4328,2.0,1.0,Duxbury,4123,1.0,0.0,Middlesex,Patriot,6:30 P.M.,,0,2024,1675.889425240858,1651.4542038283312,1684.0925829288835,1643.2510461403056,0.6055115027951729,0.39448849720482715,1.8608805353131685,1.0
2024-11-07,12189,FINAL,Somerset Berkley,4350,5.0,1.0,Masconomet,4236,0.0,0.0,South Coast,Northeastern,3:30 P.M.,,0,2024,1779.1772499907036,1616.1063298938423,1791.3677627388315,1603.9158171457143,0.7732115097387127,0.22678849026128733,5.3267730024215325,5.0
2024-11-08,12216,FINAL,Sandwich,4340,8.0,1.0,Dover-Sherborn,4118,1.0,0.0,South Shore,Tri-Valley,3:30 A.M.,,0,2024,1853.9669828639728,1599.976209230879,1863.2033435784654,1590.7398485163865,0.8519416466815563,0.14805835331844375,7.599769340827345,7.0
2024-11-08,12251,FINAL,Monomoy,4706,2.0,1.0,Cohasset,4094,1.0,0.0,Cape &#38; Islands,South Shore,4:00 P.M.,,0,2024,1786.9116964748378,1687.1077880681646,1793.0845302527928,1680.9349542902096,0.7031494440104128,0.2968505559895872,3.745097710166829,1.0
2024-11-09,12215,FINAL,Newburyport,4276,0.0,0.0,Dennis-Yarmouth,4111,1.0,1.0,Cape Ann,Cape &#38; Islands,12:00 P.M.,,0,2024,1700.7887035324586,1644.3295757945791,1687.3017443589843,1657.8165349680535,0.6485856372081135,0.35141436279188654,2.6614781934469876,-1.0
2024-11-09,12252,FINAL,Uxbridge,4398,6.0,1.0,Quabbin,4325,0.0,0.0,SWCL,Mid-Wach,11:00 A.M.,,0,2024,1842.2984724438065,1590.1620423663312,1851.0206175043936,1581.4398973057441,0.8505901370485276,0.1494098629514724,7.553410751936883,6.0
2024-11-09,12147,FINAL,Andover,4009,3.0,1.0,Belmont,4034,0.0,0.0,Merrimack Valley,Middlesex,2:30 P.M.,,0,2024,1748.676231906005,1735.156619628205,1765.7107245357959,1718.122126998414,0.5904070326490137,0.40959296735098627,1.5879903069449994,3.0
2024-11-09,12214,FINAL,Watertown,4409,8.0,1.0,Bedford,4031,0.0,0.0,Middlesex,Dual County,11:00 A.M.,,0,2024,1767.4614807411406,1677.974738589892,1787.8557758033041,1657.5804435277284,0.6906052105836112,0.30939478941638876,3.4871685537812143,8.0
2024-11-09,12213,FINAL,Medfield,4241,1.0,0.0,Medway,4243,2.0,1.0,Tri-Valley,Tri-Valley,4:00 P.M.,,0,2024,1663.6629681917707,1529.2137263444681,1648.212101198623,1544.6645933376158,0.7430296396149707,0.2569703603850293,4.6112310461825645,-1.0
2024-11-09,12249,FINAL,Frontier,4146,2.0,1.0,Ipswich,4190,0.0,0.0,Suburban,Cape Ann,12:30 P.M.,,0,2024,1709.2028365828944,1566.0636418980569,1717.361210442009,1557.9052680389423,0.7524642695982282,0.2475357304017718,4.828479867120938,2.0
2024-11-09,12181,FINAL,Notre Dame (Hingham),4449,0.0,0.0,Hingham,4171,3.0,1.0,Independent,Patriot,1:00 P.M.,,0,2024,1738.1984475245858,1748.0892631979304,1715.014059550185,1771.2736511723313,0.557466692611895,0.44253330738810503,1.0027296081663848,-3.0
2024-11-09,12150,FINAL,Wellesley,4413,3.0,1.0,King Philip,4197,2.0,0.0,Bay State,Hockomock,11:00 A.M.,,0,2024,1647.303583174868,1641.0969602982077,1656.0332972369674,1632.3672462361083,0.5801894938076866,0.4198105061923134,1.4051655719165068,1.0
2024-11-09,12148,FINAL,Walpole,4404,3.0,1.0,Franklin,4144,0.0,0.0,Bay State,Hockomock,2:30 P.M.,,0,2024,1783.7327643894673,1754.5296506680063,1799.8672277517048,1738.3951873057688,0.6120481619982563,0.3879518380017437,1.9800778430365256,3.0
2024-11-09,12149,FINAL,Algonquin,4005,1.0,0.0,Winchester,4434,2.0,1.0,Mid-Wach,Middlesex,1:00 P.M.,,0,2024,1670.0831127957447,1658.8845559991855,1657.873211985109,1671.0944568098212,0.5871721116416703,0.41282788835832973,1.529963919913979,-1.0
2024-11-09,12182,FINAL,Norwood,4297,1.0,1.0,Reading,4328,0.0,0.0,Tri-Valley,Middlesex,11:00 A.M.,,0,2024,1758.1376245518006,1684.0925829288835,1764.9727947423785,1677.2574127383057,0.671297795414037,0.328702204585963,3.1011260405729275,1.0
2024-11-10,12179,FINAL,Canton,4071,6.0,1.0,Hopkinton,4180,1.0,0.0,Hockomock,Tri-Valley,5:30 P.M.,,0,2024,1759.552017909551,1566.2404478399885,1770.1799484606438,1555.6125172888958,0.8022813007062181,0.19771869929378194,6.082789251739063,5.0
2024-11-10,12180,FINAL,Somerset Berkley,4350,2.0,1.0,Longmeadow,4214,0.0,0.0,South Coast,Suburban,12:00 P.M.,,0,2024,1791.3677627388315,1641.0075219401863,1799.2736434879687,1633.101641191049,0.7601252407033816,0.2398747592966184,5.009006019966131,2.0
2024-11-10,12250,FINAL,Sutton,4512,2.0,1.0,Lynnfield,4223,0.0,0.0,Dual Valley,Cape Ann,3:00 P.M.,,0,2024,1751.3579762996994,1652.594380162793,1761.182933895881,1642.7694225666114,0.7018979398670087,0.29810206013299134,3.719089903422662,2.0
2024-11-12,12178,FINAL,Norwood,4297,3.0,1.0,Canton,4071,2.0,0.0,Tri-Valley,Hockomock,7:30 P.M.,,0,2024,1764.9727947423785,1770.1799484606438,1774.0369287214166,1761.1158144816056,0.5641072952829478,0.4358927047170522,1.1198211570433672,1.0
2024-11-12,12211,FINAL,Watertown,4409,5.0,1.0,Dennis-Yarmouth,4111,0.0,0.0,Middlesex,Cape &#38; Islands,5:30 P.M.,,0,2024,1787.8557758033041,1657.8165349680535,1801.9307974315714,1643.7415133397863,0.7381526953441789,0.26184730465582107,4.500981020881267,5.0
2024-11-12,12212,FINAL,Sandwich,4340,4.0,1.0,Medway,4243,0.0,0.0,South Shore,Tri-Valley,7:30 P.M.,,0,2024,1863.2033435784654,1544.6645933376158,1868.370922733291,1539.49701418279,0.8929734181334906,0.10702658186650937,9.21346875602124,4.0
2024-11-12,12247,FINAL,Monomoy,4706,3.0,1.0,Sutton,4512,0.0,0.0,Cape &#38; Islands,Dual Valley,5:30 P.M.,,0,2024,1793.0845302527928,1761.182933895881,1809.0658667159341,1745.2015974327396,0.6157300856307982,0.38426991436920177,2.047539908922795,3.0
2024-11-12,12248,FINAL,Uxbridge,4398,5.0,1.0,Frontier,4146,0.0,0.0,SWCL,Suburban,6:00 P.M.,,0,2024,1851.0206175043936,1717.361210442009,1864.8802053526726,1703.50162259373,0.7421605580751665,0.25783944192483355,4.591485176559615,5.0
2024-11-13,12145,FINAL,Walpole,4404,3.0,1.0,Winchester,4434,0.0,0.0,Bay State,Middlesex,7:30 P.M.,,0,2024,1799.8672277517048,1671.0944568098212,1810.8158559100248,1660.1458286515012,0.7367411408575747,0.2632588591424253,4.469319273547091,3.0
2024-11-13,12146,FINAL,Andover,4009,2.0,1.0,Wellesley,4413,1.0,0.0,Merrimack Valley,Bay State,5:30 P.M.,,0,2024,1765.7107245357959,1656.0332972369674,1771.6397443628073,1650.104277409956,0.7148744166079432,0.28512558339205685,3.991935682470711,1.0
2024-11-13,13172,FINAL,Phillips Andover,4310,2.0,1.0,Milton Academy,4253,0.0,0.0,Independent,ISL,3:30 P.M.,,0,2024,1514.6706952540435,1512.8356343468404,1528.7093763376072,1498.7969532632767,0.5740480595878708,0.42595194041212925,1.295876522680078,2.0
2024-11-13,13173,FINAL,Greenwich Academy (Conn.),4159,1.0,1.0,Sacred Heart (Conn.),4586,0.0,0.0,Independent,Independent,2:00 P.M.,1.0,0,2024,1500.0,1500.0,1508.9111739580298,1491.0888260419702,0.5714631174083814,0.4285368825916186,1.25,1.0
2024-11-13,13174,FINAL,Taft,4386,5.0,1.0,Deerfield,4110,0.0,0.0,Independent,Independent,2:15 P.M.,,0,2024,1500.0,1500.0,1523.03505051891,1476.96494948109,0.5714631174083814,0.4285368825916186,1.25,5.0
2024-11-13,13176,FINAL,Middlesex,4248,2.0,1.0,Groton,4544,0.0,0.0,ISL,ISL,2:00 P.M.,,0,2024,1509.2692690771744,1497.3074392090946,1522.8403139929712,1483.7363942932977,0.5882367523775701,0.4117632476224299,1.5490457467019951,2.0
2024-11-13,13177,FINAL,Rivers,4330,4.0,1.0,Cushing,4101,1.0,0.0,ISL,Independent,2:00 P.M.,,0,2024,1525.0633976184613,1586.037549513034,1546.5144101779001,1564.5865369535952,0.48421217597417904,0.5157878240258209,-0.27435379736431853,3.0
2024-11-13,13178,FINAL,Dexter Southfield,4113,3.0,1.0,BB&N,4028,2.0,0.0,Independent,ISL,2:00 P.M.,3.0,0,2024,1571.718771528187,1500.0,1578.615526193358,1493.1032453348291,0.6683362082110065,0.3316637917889935,3.0429692882046764,1.0
2024-11-13,13179,FINAL,Williston Northampton,4431,5.0,1.0,Suffield Academy,4382,2.0,0.0,Independent,Independent,2:00 P.M.,,0,2024,1526.7335218740895,1500.0,1543.0085919352603,1483.7249299388293,0.6086672855438081,0.3913327144561919,1.9183380468522386,3.0
2024-11-13,13180,FINAL,New Hampton,4275,3.0,1.0,Canterbury,4070,0.0,0.0,Independent,Independent,2:15 P.M.,,0,2024,1482.6087149232474,1500.0,1501.4571721465804,1481.151542776667,0.546790403924829,0.453209596075171,0.8152178730811841,3.0
2024-11-13,13181,FINAL,King (Conn.),4199,1.0,0.0,Newton Country Day,4278,2.0,1.0,Independent,EIL,2:15 P.M.,2.0,0,2024,1500.0,1511.802478806192,1488.464293077765,1523.338185728427,0.5547502389952316,0.44524976100476843,0.9549380298451979,-1.0
2024-11-13,13182,FINAL,Frederick Gunn (Conn.),4161,1.0,0.0,Pingree,4312,3.0,1.0,Independent,EIL,2:00 P.M.,,0,2024,1500.0,1545.138610960189,1483.2902506337616,1561.8483603264274,0.5069956446751025,0.4930043553248975,0.12153472599527504,-2.0
2024-11-13,13183,FINAL,Greens Farms,4158,5.0,1.0,Winsor,4436,0.0,0.0,Independent,EIL,2:15 P.M.,,0,2024,1521.1805870203286,1500.0,1542.6264671119022,1478.5541199084264,0.601027547504963,0.398972452495037,1.7795146755082158,5.0
2024-11-13,12177,FINAL,Somerset Berkley,4350,4.0,1.0,Hingham,4171,2.0,0.0,South Coast,Patriot,6:00 P.M.,,0,2024,1799.2736434879687,1771.2736511723313,1812.1141444363382,1758.4331502239618,0.6104024115751661,0.38959758842483394,1.9499998078909357,2.0
2024-11-13,13175,FINAL,Hotchkiss,4181,1.0,1.0,Loomis Chaffee (Conn.),4215,0.0,0.0,Independent,Founders,2:00 P.M.,,0,2024,1500.0,1500.0,1508.9111739580298,1491.0888260419702,0.5714631174083814,0.4285368825916186,1.25,1.0
2024-11-16,13213,FINAL,Phillips Andover,4310,1.0,1.0,Greenwich Academy (Conn.),4159,0.0,0.0,Independent,Independent,1:00 P.M.,,0,2024,1528.7093763376072,1508.9111739580298,1537.0454866909765,1500.5750636046605,0.599117831096368,0.40088216890363204,1.7449550594894334,1.0
2024-11-16,13206,FINAL,Middlesex,4248,2.0,1.0,Rivers,4330,1.0,0.0,ISL,ISL,12:00 P.M.,,0,2024,1522.8403139929712,1546.5144101779001,1532.4512083126153,1536.903515858256,0.5378136808847199,0.4621863191152801,0.6581475953767779,1.0
2024-11-16,13215,FINAL,Williston Northampton,4431,4.0,1.0,Dexter Southfield,4113,0.0,0.0,Independent,Independent,12:00 P.M.,,0,2024,1543.0085919352603,1578.615526193358,1566.1506298774236,1555.4734882511946,0.5207014456543289,0.47929855434567115,0.359826643547558,4.0
2024-11-16,13216,FINAL,New Hampton,4275,2.0,1.0,Newton Country Day,4278,1.0,0.0,Independent,EIL,2:00 P.M.,,0,2024,1501.4571721465804,1523.338185728427,1511.014735639892,1513.7806222351155,0.5403783515072644,0.45962164849273557,0.7029746604538332,1.0
2024-11-16,13214,FINAL,Hotchkiss,4181,0.0,0.0,Taft,4386,1.0,1.0,Independent,Independent,2:00 P.M.,1.0,0,2024,1508.9111739580298,1523.03505051891,1497.444152455734,1534.502072021206,0.5514471685043169,0.44855283149568315,0.8969030859779934,-1.0
2024-11-16,12144,FINAL,Walpole,4404,2.0,1.0,Andover,4009,0.0,0.0,Bay State,Merrimack Valley,5:00 P.M.,,0,2024,1810.8158559100248,1771.6397443628073,1823.155835682583,1759.299764590249,0.6255888785078554,0.3744111214921446,2.2294027886804373,2.0
2024-11-16,12176,FINAL,Norwood,4297,1.0,0.0,Somerset Berkley,4350,2.0,1.0,Tri-Valley,South Coast,9:30 A.M.,,0,2024,1774.0369287214166,1812.1141444363382,1763.2830648963961,1822.8680082613587,0.5171515336917468,0.4828484663082532,0.29806960712696196,-1.0
2024-11-16,12210,FINAL,Sandwich,4340,0.0,0.0,Watertown,4409,2.0,1.0,South Shore,Middlesex,12:00 P.M.,,0,2024,1868.370922733291,1801.9307974315714,1846.5667675329532,1823.7349526319092,0.6615665788935717,0.33843342110642827,2.911003132542993,-2.0
2024-11-16,12246,FINAL,Uxbridge,4398,3.0,1.0,Monomoy,4706,1.0,0.0,SWCL,Cape &#38; Islands,2:30 P.M.,,0,2024,1864.8802053526726,1809.0658667159341,1876.4901469562992,1797.4559251123076,0.6477391911177395,0.3522608088822605,2.645358465918463,2.0
2024-11-16,13202,FINAL,Greens Farms,4158,3.0,1.0,Pingree,4312,2.0,0.0,Independent,EIL,1:30 P.M.,,0,2024,1542.6264671119022,1561.8483603264274,1552.1050242532926,1552.369803185037,0.544177753911109,0.455822246088891,0.7694526696368712,1.0
2024-11-17,13348,FINAL,New Hampton,4275,0.0,0.0,Greens Farms,4158,1.0,1.0,Independent,Independent,2:00 P.M.,,0,2024,1511.014735639892,1552.1050242532926,1500.350958177324,1562.7688017158607,0.5128192954130144,0.4871807045869856,0.2227427846649846,-1.0
2024-11-17,13347,FINAL,Phillips Andover,4310,2.0,1.0,Taft,4386,0.0,0.0,Independent,Independent,11:00 A.M.,,0,2024,1537.0454866909765,1534.502072021206,1551.051316762629,1520.4962419495535,0.575044802243736,0.424955197756264,1.3135853667442632,2.0
2024-11-17,13333,FINAL,Middlesex,4248,3.0,0.0,Williston Northampton,4431,4.0,1.0,ISL,Independent,12:30 P.M.,1.0,0,2024,1532.4512083126153,1566.1506298774236,1521.566554115407,1577.035284074632,0.523441221070131,0.476558778929869,0.40751446087979276,-1.0
2025-09-01,50666,FINAL,Moses Brown (R.I.),4261,2.0,1.0,Bishop Feehan,4042,1.0,0.0,Independent,Catholic Central,10:30 A.M.,,0,2025,1517.8619354756515,1613.5303134543467,1529.617978605623,1601.7742703243753,0.4346538291971168,0.5653461708028832,-1.141709449467379,1.0
2025-09-01,52091,FINAL,Masconomet,4236,8.0,1.0,Peabody,4306,0.0,0.0,Northeastern,Northeastern,10:00 A.M.,,0,2025,1571.2735974876286,1485.1295322478056,1591.9398938351262,1464.463235900308,0.6864787732568787,0.31352122674312133,3.4036016309955754,8.0
2025-09-01,48731,UPCOMING,New Bedford,4273,,,Taunton,4388,,,Big Three,Hockomock,4:00 P.M.,,0,2025,1428.2397697963631,1408.9329036679833,,,0.5984383381262024,0.4015616618737976,1.7326716532094963,
2025-09-02,48601,FINAL,Weymouth,4425,0.0,0.0,Brookline,4059,6.0,1.0,Bay State,Bay State,4:00 P.M.,,0,2025,1342.2017183095743,1512.5699890336402,1322.7393512377223,1532.0323561054922,0.3333892725605442,0.6666107274394558,-3.0092067681016488,-6.0
2025-09-02,48627,FINAL,Newton North,4279,1.0,2.0,Needham,4272,1.0,2.0,Bay State,Bay State,4:30 P.M.,,0,2025,1521.0148910147868,1483.6949523619223,1521.0148910147868,1483.6949523619223,0.6230828216259181,0.3769171783740819,2.1829984663216124,0.0
2025-09-02,48645,FINAL,Framingham,4143,1.0,0.0,Braintree,4051,10.0,1.0,Bay State,Bay State,4:00 P.M.,,0,2025,1302.652256758459,1393.097564536676,1272.1161080190288,1423.6337132761062,0.4420560298703845,0.5579439701296155,-1.0111326944554206,-9.0
2025-09-02,48661,FINAL,Milton,4252,1.0,0.0,Natick,4270,3.0,1.0,Bay State,Bay State,4:30 P.M.,,0,2025,1500.206288295806,1571.145495426025,1484.7190687947314,1586.6327149270996,0.46990249004194246,0.5300975099580576,-0.5234801782554769,-2.0
2025-09-02,50680,FINAL,Bishop Stang,4045,0.0,0.0,Westport,4461,2.0,1.0,Catholic Central,Mayflower,3:30 P.M.,,0,2025,1478.8803094029802,1555.7583673184552,1463.6734385366742,1570.9652381847611,0.4613963458920156,0.5386036541079844,-0.6719514478868746,-2.0
2025-09-02,48933,FINAL,Greater Lowell,4155,0.0,0.0,Rockport,4490,7.0,1.0,Independent,Cape Ann,4:00 P.M.,,0,2025,1394.8274362922823,1412.26240585205,1360.720763426612,1446.3690787177204,0.5467280867169431,0.45327191328305694,0.8141257610058062,-7.0
2025-09-02,51672,FINAL,Old Rochester,4301,0.0,0.0,Somerset Berkley,4350,5.0,1.0,South Coast,South Coast,3:30 P.M.,,0,2025,1499.9166626290125,1717.9715655351104,1485.113216619353,1732.77501154477,0.27539868425229025,0.7246013157477098,-4.201372572652446,-5.0
2025-09-02,51697,FINAL,Seekonk,4344,3.0,1.0,West Bridgewater,4415,2.0,0.0,South Coast,South Coast,3:45 P.M.,,0,2025,1482.9603251477392,1556.6072139063356,1494.0640888023904,1545.5034502516844,0.4660218413410565,0.5339781586589435,-0.5911722189649083,1.0
2025-09-02,51744,FINAL,Apponequet,4011,0.0,2.0,Middleborough,4247,0.0,2.0,South Coast,South Shore,5:30 P.M.,,0,2025,1477.4280325792756,1447.664229137497,1477.4280325792756,1447.664229137497,0.6128142599371429,0.3871857400628571,1.9940950860444673,0.0
2025-09-02,52070,FINAL,Marblehead,4231,0.0,0.0,Malden Catholic,4228,3.0,1.0,Northeastern,Independent,4:00 P.M.,,0,2025,1391.2707105231984,1607.5669050089402,1379.7329895856312,1619.1046259465074,0.2774235463298134,0.7225764536701866,-4.1574048621435455,-3.0
2025-09-02,55690,FINAL,Leicester,4207,0.0,0.0,Shepherd Hill,4347,5.0,1.0,CMAC,Mid-Wach,,,0,2025,1373.8211696133117,1422.9066832116043,1346.874036294171,1449.853816530745,0.5013160486835183,0.4986839513164817,0.022862160042683398,-5.0
2025-09-02,55693,FINAL,Walpole,4404,6.0,1.0,Wellesley,4413,1.0,0.0,Bay State,Bay State,,,0,2025,1718.1644099073305,1602.2198658646705,1733.0985196885736,1587.2857560834275,0.7221704877668467,0.27782951223315333,4.148613601066501,5.0
2025-09-02,55725,FINAL,Clinton,4093,5.0,1.0,Maynard,4239,0.0,0.0,Mid-Wach,Mid-Wach,6:00 P.M.,,0,2025,1598.3380199957217,1605.093418559019,1621.8863309142553,1581.5451076404854,0.5619145813011202,0.43808541869887985,1.0811150359175656,5.0
2025-09-02,55743,FINAL,Notre Dame (Worcester),4451,1.0,1.0,Leominster,4208,0.0,0.0,CMAC,Mid-Wach,,,0,2025,1470.7620849763414,1493.3983352427172,1480.3421058693636,1483.818314349695,0.5392983788674691,0.4607016211325309,0.6840937433406055,1.0
2025-09-02,55823,FINAL,Frontier,4146,2.0,0.0,Longmeadow,4214,3.0,1.0,Suburban,Suburban,,,0,2025,1637.9960871377991,1590.8280995980028,1624.764585686058,1604.059601049744,0.6363007175980715,0.3636992824019285,2.429199688494907,-1.0
2025-09-02,55833,FINAL,East Longmeadow,4127,3.0,1.0,Minnechaug,4254,0.0,0.0,Valley,Suburban,7:00 P.M.,,0,2025,1654.736242245778,1521.3989278422669,1665.4742455239648,1510.66092456408,0.7418055986918397,0.2581944013081603,4.583432860087777,3.0
2025-09-02,55977,FINAL,Hampshire,4518,2.0,1.0,Northampton,4291,0.0,0.0,County,Valley,5:00 P.M.,,0,2025,1439.3051053228598,1471.8449535805091,1454.956835311797,1456.193223591572,0.5251060466499237,0.47489395335007634,0.43650379355876795,2.0
2025-09-02,50689,FINAL,Danvers,4103,0.0,0.0,St. Mary’s,4374,5.0,1.0,Northeastern,Catholic Central,4:00 P.M.,,0,2025,1458.398611253626,1585.2918106791797,1437.3751558248555,1606.3152661079503,0.3911137960541148,0.6088862039458852,-1.9223299856388394,-5.0
2025-09-02,51737,FINAL,Dighton-Rehoboth,4114,0.0,0.0,Joseph Case,4078,9.0,1.0,South Coast,South Coast,3:45 P.M.,,0,2025,1437.362947074754,1464.2267578605342,1400.5275821320813,1501.0621228032069,0.5332465244498397,0.46675347555016033,0.5784047303554928,-9.0
2025-09-03,51269,UPCOMING,Bedford,4031,,,Lincoln-Sudbury,4211,,,Dual County,Dual County,4:00 P.M.,,0,2025,1571.093970119569,1664.606524205833,,,0.437705753059924,0.562294246940076,-1.087813852156603,
2025-09-03,51402,POSTPONED,Milford,4249,,,North Attleborough,4284,,,Hockomock,Hockomock,3:45 P.M.,,0,2025,1276.3209851653098,1459.4887057759472,,,0.3172204632886202,0.6827795367113798,-3.329193015265935,
2025-09-03,48925,FINAL,Manchester Essex,4229,6.0,1.0,Rockport,4490,0.0,0.0,Cape Ann,Cape Ann,4:00 P.M.,,0,2025,1616.951880785514,1446.3690787177204,1629.7537599814145,1433.56719952182,0.7807045167336314,0.2192954832663686,5.514570051694841,6.0
2025-09-03,48698,FINAL,Brockton,4058,2.0,0.0,Southeastern,4358,6.0,1.0,Big Three,Mayflower,6:00 P.M.,,0,2025,1349.4134100175079,1445.7863915827156,1328.4750697993848,1466.7247318008388,0.4336574083071454,0.5663425916928546,-1.1593245391301934,-4.0
2025-09-03,48732,FINAL,Bridgewater-Raynham,4053,1.0,2.0,New Bedford,4273,1.0,2.0,Southeast,Big Three,4:00 P.M.,,0,2025,1377.025113157349,1505.6277166850705,1377.025113157349,1505.6277166850705,0.3887729592835797,0.6112270407164203,-1.9650650881930347,0.0
2025-09-03,48744,FINAL,Dartmouth,4105,0.0,0.0,Dennis-Yarmouth,4111,6.0,1.0,Southeast,Cape & Islands,4:00 P.M.,,0,2025,1539.368246850231,1597.9568139376568,1510.9009877527003,1626.4240730351873,0.4876425754010377,0.5123574245989623,-0.2147141771856468,-6.0
2025-09-03,48778,FINAL,Nauset,4271,2.0,0.0,Barnstable,4024,6.0,1.0,Cape & Islands,Southeast,4:00 P.M.,,0,2025,1501.6077840982712,1410.9862235980459,1468.1958880276127,1444.3981196687043,0.6919992752858363,0.30800072471416373,3.515539012505633,-4.0
2025-09-03,48838,FINAL,Essex Tech,4745,1.0,0.0,Triton,4395,2.0,1.0,Cape Ann,Cape Ann,4:00 P.M.,,0,2025,1503.4065386522757,1463.533451534847,1490.3782520077518,1476.5617381793709,0.6265281511111468,0.3734718488888532,2.2468271779357165,-1.0
2025-09-03,48855,FINAL,Lynnfield,4223,2.0,1.0,Newburyport,4276,1.0,0.0,Cape Ann,Cape Ann,4:00 P.M.,,0,2025,1597.3055131196297,1627.1421687205195,1607.0999977790666,1617.3476840610826,0.5289848517922452,0.4710151482077548,0.504083609977755,1.0
2025-09-03,48884,FINAL,Pentucket,4309,1.0,0.0,North Reading,4288,6.0,1.0,Cape Ann,Cape Ann,4:00 P.M.,,0,2025,1542.9643108851208,1590.6166957062442,1515.9063183765554,1617.6746882148095,0.5033784384058119,0.49662156159418813,0.05869037947191487,-5.0
2025-09-03,53263,UPCOMING,Austin Prep,4020,,,Nobles,4282,,,Independent,ISL,3:30 P.M.,,0,2025,1394.0791901654575,1500.391078328687,,,0.4196629209536048,0.5803370790463952,-1.4077972040807367,
2025-09-03,48907,FINAL,Hamilton-Wenham,4163,7.0,1.0,Amesbury,4007,1.0,0.0,Cape Ann,Cape Ann,4:30 P.M.,,0,2025,1490.2241554629777,1367.7920020307959,1506.0093190437926,1352.006838449981,0.7296010200594601,0.27039897994053985,4.310803835804546,6.0
2025-09-03,48921,FINAL,Ipswich,4190,4.0,1.0,Tewksbury,4389,0.0,0.0,Cape Ann,Merrimack Valley,4:00 P.M.,,0,2025,1540.4465295860914,1467.7187909803222,1556.3981974346761,1451.7671231317374,0.6696223833727651,0.33037761662723486,3.0681934651442306,4.0
2025-09-03,51237,FINAL,Acton-Boxborough,4003,8.0,1.0,Newton South,4280,0.0,0.0,Dual County,Dual County,4:30 P.M.,,0,2025,1519.968013193087,1409.949194984425,1538.7361685562862,1391.1810396212259,0.7152748129498209,0.28472518705017913,4.000470455216549,8.0
2025-09-03,52822,FINAL,Norwood,4297,3.0,1.0,Ashland,4015,0.0,0.0,Tri-Valley,Tri-Valley,4:30 P.M.,,0,2025,1678.0496534805854,1438.2303552421556,1684.6475729253798,1431.6324357973613,0.8413535722801713,0.15864642771982873,7.245482455960746,3.0
2025-09-03,52888,FINAL,Holliston,4174,0.0,2.0,Westwood,4424,0.0,2.0,Tri-Valley,Tri-Valley,4:30 P.M.,,0,2025,1466.3101734971206,1524.7500714419161,1466.3101734971206,1524.7500714419161,0.4878563990570281,0.5121436009429718,-0.2109974486198894,0.0
2025-09-03,53019,FINAL,Northeast,4293,0.0,0.0,Greater Lowell,4155,5.0,1.0,Independent,Independent,4:00 P.M.,,0,2025,1296.8781746491613,1360.720763426612,1271.0720302342438,1386.5269078415295,0.4800894476093882,0.5199105523906118,-0.34606471943626504,-5.0
2025-09-03,53078,FINAL,St. Bernard’s,4365,5.0,1.0,Fitchburg,4139,4.0,0.0,CMAC,Mid-Wach,4:00 P.M.,,0,2025,1479.209952333763,1364.4867201042734,1485.0166327577444,1358.680039680292,0.7207576982764999,0.27924230172350006,4.118080805737241,1.0
2025-09-03,55824,FINAL,St. Paul,4954,0.0,0.0,Doherty,4116,6.0,1.0,CMAC,CMAC,3:30 P.M.,,0,2025,1563.5885492241387,1630.9435804535199,1535.8567110977826,1658.675418579876,0.4750448548000213,0.5249551451999788,-0.43387578073453026,-6.0
2025-09-03,55826,FINAL,Shrewsbury,4348,1.0,0.0,Quabbin,4325,3.0,1.0,Mid-Wach,Mid-Wach,4:00 P.M.,,0,2025,1382.7412087195255,1556.2147311948486,1371.8837808156388,1567.0721590987353,0.32942855927968184,0.6705714407203182,-3.086838061883077,-2.0
2025-09-03,55828,FINAL,Nipmuc,4281,0.0,0.0,Westborough,4418,3.0,1.0,CMAC,Mid-Wach,4:00 P.M.,,0,2025,1511.7876473771628,1486.8563520105797,1486.576772035816,1512.0672273519265,0.6061934138571828,0.39380658614281716,1.8732823841645767,-3.0
2025-09-03,55829,FINAL,Littleton,4212,0.0,0.0,Narragansett,4266,1.0,1.0,Mid-Wach,Mid-Wach,6:00 P.M.,,0,2025,1413.838558673572,1532.0544570442737,1405.4569169642057,1540.43609875364,0.4030717642870293,0.5969282357129707,-1.7053974592675445,-1.0
2025-09-03,55831,FINAL,Tyngsborough,4397,2.0,1.0,Oakmont,4299,1.0,0.0,Mid-Wach,Mid-Wach,4:00 P.M.,,0,2025,1501.65,1512.7436852841167,1510.8877564823865,1503.5059288017303,0.5557578177973703,0.4442421822026297,0.9726578678970839,1.0
2025-09-03,55836,FINAL,Bishop Feehan,4042,3.0,1.0,Notre Dame (Hingham),4449,1.0,0.0,Catholic Central,Independent,,,0,2025,1601.7742703243753,1645.709419898624,1617.9658225231572,1629.517867699842,0.5087271349564211,0.4912728650435789,0.15162126064378184,2.0
2025-09-03,55841,FINAL,Norwell,4296,0.0,0.0,Braintree,4051,5.0,1.0,South Shore,Bay State,,,0,2025,1532.4023447770353,1423.6337132761062,1494.0332367124668,1462.0028213406747,0.7138068980709624,0.2861931019290376,3.969215787523228,-5.0
2025-09-03,55956,FINAL,Monty Tech,4259,2.0,2.0,Quaboag,4510,2.0,2.0,CMAC,CMAC,4:00 P.M.,,0,2025,1478.287043143823,1526.1480175960996,1478.287043143823,1526.1480175960996,0.5030782663197071,0.4969217336802929,0.053475638693083735,0.0
2025-09-03,55962,FINAL,Amherst-Pelham,4008,4.0,1.0,Northampton,4291,0.0,0.0,County,Valley,,,0,2025,1496.9564691044413,1456.193223591572,1514.9310075417,1438.2186851543133,0.6277263778782243,0.3722736221217757,2.269081137821735,4.0
2025-09-03,55966,FINAL,Holyoke,4176,11.0,1.0,Southwick,4519,0.0,0.0,County,Valley,5:00 P.M.,,0,2025,1432.978586962232,1577.7303363759186,1480.1726156006646,1530.536307737486,0.36692419086167144,0.6330758091383286,-2.368793735342166,11.0
2025-09-03,56010,FINAL,Northbridge,4292,2.0,0.0,Sutton,4512,11.0,1.0,CMAC,CMAC,,,0,2025,1561.844322115482,1665.9350702799356,1532.6397117987294,1695.1396805966883,0.4227800368900139,0.5772199631099861,-1.3522687041113386,-9.0
2025-09-03,52772,FINAL,Dedham,4108,0.0,0.0,Hopkinton,4180,3.0,1.0,Tri-Valley,Tri-Valley,4:30 P.M.,,0,2025,1582.977584097528,1538.9103865835602,1556.6867902368717,1565.2011804442166,0.6321599653967155,0.3678400346032845,2.3516799378491955,-3.0
2025-09-03,52686,FINAL,Sandwich,4340,3.0,1.0,Cohasset,4094,0.0,0.0,Cape & Islands,South Shore,4:00 P.M.,,0,2025,1733.8497342470787,1622.8764193744405,1745.6446392056052,1611.081514415914,0.7163924851429533,0.2836075148570467,4.024332871815955,3.0
2025-09-03,52912,FINAL,Medway,4243,1.0,0.0,Dover-Sherborn,4118,5.0,1.0,Tri-Valley,Tri-Valley,4:00 P.M.,,0,2025,1528.1129995024694,1562.445698505979,1502.8835254005005,1587.6751726079478,0.5225317880040067,0.4774682119959933,0.39168252491226097,-4.0
2025-09-03,52574,FINAL,Scituate,4343,7.0,1.0,Plymouth South,4316,0.0,0.0,Patriot,Patriot,4:00 P.M.,,0,2025,1560.7427097862212,1384.0979832656371,1574.0540337831076,1370.7866592687508,0.7866202098002865,0.21337979019971354,5.666118163014602,7.0
2025-09-03,51288,FINAL,Nashoba,4267,7.0,1.0,Westford,4421,0.0,0.0,Mid-Wach,Dual County,6:00 P.M.,,0,2025,1560.2489754500853,1422.908044477703,1576.0821507408266,1407.0748691869617,0.7461950725169096,0.25380492748309036,4.683523274309556,7.0
2025-09-03,51301,FINAL,Bedford,4031,2.0,2.0,Weston,4423,2.0,2.0,Dual County,Dual County,4:00 P.M.,,0,2025,1607.228897163578,1491.730267292742,1607.228897163578,1491.730267292742,0.7216551729973849,0.2783448270026151,4.137465746770903,0.0
2025-09-03,51359,FINAL,Attleboro,4018,0.0,0.0,Canton,4071,5.0,1.0,Hockomock,Hockomock,4:00 P.M.,,0,2025,1518.5418823961247,1676.5975957026758,1499.7648269857543,1695.3746511130462,0.34932247199564304,0.650677528004357,-2.701392832663777,-5.0
2025-09-03,51374,FINAL,Franklin,4144,5.0,1.0,Oliver Ames,4302,1.0,0.0,Hockomock,Hockomock,3:45 P.M.,,0,2025,1661.3747754948652,1527.6486712759947,1673.8205256556053,1515.2029211152546,0.7422340212777071,0.2577659787222929,4.593152605471761,4.0
2025-09-03,52674,FINAL,Silver Lake,4349,4.0,1.0,Whitman-Hanson,4427,0.0,0.0,Patriot,Patriot,4:00 P.M.,,0,2025,1539.7585314922474,1412.8610740701556,1552.5708466301905,1400.0487589322124,0.7346420337402976,0.2653579662597024,4.422436435552294,4.0
2025-09-03,51387,FINAL,King Philip,4197,4.0,1.0,Mansfield,4230,0.0,0.0,Hockomock,Hockomock,3:45 P.M.,,0,2025,1590.3360549781926,1461.9830456224352,1603.0696598724412,1449.2494407281865,0.736272214544136,0.26372778545586395,4.458825233893935,4.0
2025-09-03,51415,FINAL,Sharon,4345,0.0,0.0,Stoughton,4381,1.0,1.0,Hockomock,Hockomock,3:45 P.M.,,0,2025,1338.8687274001827,1399.4172198694823,1328.787092376684,1409.498854892981,0.48482416174846876,0.5151758382515312,-0.26371231173249043,-1.0
2025-09-03,51427,FINAL,Taunton,4388,1.0,0.0,Foxborough,4142,10.0,1.0,Hockomock,Hockomock,3:45 P.M.,,0,2025,1399.0591371240844,1558.105310195667,1375.0182388998935,1582.1462084198579,0.3480276479587913,0.6519723520412086,-2.7261543267895663,-9.0
2025-09-03,51531,FINAL,North Andover,4283,0.0,0.0,Masconomet,4236,4.0,1.0,Merrimack Valley,Northeastern,4:00 P.M.,,0,2025,1491.753104856421,1591.9398938351262,1471.074712608156,1612.6182860833912,0.42827358314578917,0.5717264168542109,-1.2546697244676295,-4.0
2025-09-03,51255,FINAL,Concord-Carlisle,4097,4.0,1.0,Algonquin,4005,0.0,0.0,Dual County,Mid-Wach,4:30 P.M.,,0,2025,1560.5686716076873,1607.4250520300232,1584.491811784966,1583.5019118527443,0.5045239087830008,0.4954760912169992,0.07859048944160349,4.0
2025-09-03,51830,FINAL,Reading,4328,4.0,1.0,Burlington,4065,0.0,0.0,Middlesex,Middlesex,4:00 P.M.,,0,2025,1620.4124665346649,1432.3048272097653,1630.19045838128,1422.5268353631502,0.7974864025286331,0.20251359747136688,5.952690983122489,4.0
2025-09-03,51951,FINAL,Winchester,4434,6.0,1.0,Wilmington,4432,0.0,0.0,Middlesex,Middlesex,4:15 P.M.,,0,2025,1608.947705196506,1362.2075629156006,1617.9028281967064,1353.2524399154001,0.8465992378159898,0.15340076218401022,7.418503557022632,6.0
2025-09-03,51964,FINAL,Arlington,4013,3.0,1.0,Wakefield,4402,0.0,0.0,Middlesex,Middlesex,4:15 P.M.,,0,2025,1558.424030493813,1367.8709772809634,1566.7521799271037,1359.5428278476727,0.7997503352134865,0.20024966478651351,6.01382633032124,3.0
2025-09-03,51975,FINAL,Lexington,4209,1.0,0.0,Watertown,4409,6.0,1.0,Middlesex,Middlesex,4:15 P.M.,,0,2025,1503.9069930970202,1718.5524182633792,1488.8920958836584,1733.567315476741,0.2793324563783965,0.7206675436216035,-4.1161356291589755,-5.0
2025-09-03,51984,FINAL,Woburn,4438,2.0,2.0,Stoneham,4380,2.0,2.0,Middlesex,Middlesex,4:00 P.M.,,0,2025,1351.4138026460387,1477.6382156979992,1351.4138026460387,1477.6382156979992,0.39203099582630907,0.6079690041736909,-1.905610326299012,0.0
2025-09-03,52037,FINAL,Gloucester,4150,2.0,0.0,Beverly,4038,3.0,1.0,Northeastern,Northeastern,4:30 P.M.,,0,2025,1502.3333418418842,1640.7368602130719,1494.5260077495218,1648.5441943054343,0.375453405920492,0.6245465940795081,-2.21008795927969,-1.0
2025-09-03,52510,FINAL,Marshfield,4234,2.0,1.0,Duxbury,4123,1.0,0.0,Patriot,Patriot,4:00 P.M.,,0,2025,1453.5223985802431,1597.6282009140048,1466.6688700371674,1584.4817294570805,0.3677883607969024,0.6322116392030976,-2.3526450583440406,1.0
2025-09-03,51799,FINAL,Belmont,4034,7.0,1.0,Melrose,4244,0.0,0.0,Middlesex,Middlesex,4:15 P.M.,,0,2025,1647.7918250889372,1416.2699260518657,1658.0929354250911,1405.9688157157118,0.8348737689153432,0.16512623108465685,7.038047475926788,7.0
2025-09-04,52913,UPCOMING,Thayer,4390,,,Dover-Sherborn,4118,,,ISL,Tri-Valley,4:30 P.M.,,0,2025,1510.3041124362094,1676.4070611304564,,,0.33886812748386785,0.6611318725161321,-2.9025737173561765,
2025-09-04,48830,SUSPENDED,Mashpee,4237,,,Sturgis East,4456,,,South Shore,Cape & Islands,4:00 P.M.,,0,2025,1420.7010479248893,1393.2860183054322,,,0.6096013287103189,0.3903986712896811,1.935375740486427,
2025-09-04,48762,FINAL,Nantucket,4265,5.0,1.0,Falmouth,4134,3.0,0.0,Cape & Islands,Cape & Islands,3:45 P.M.,,0,2025,1578.6223173996004,1455.55164331059,1587.510347453773,1446.6636132564174,0.7303255465751295,0.2696744534248705,4.326766852225262,2.0
2025-09-04,48715,FINAL,Somerset Berkley,4350,10.0,1.0,Durfee,4122,1.0,0.0,South Coast,Big Three,3:30 P.M.,,0,2025,1732.77501154477,1594.105581580476,1750.207375806349,1576.6732173188968,0.7476406798222901,0.2523593201777099,4.716735749107352,9.0
2025-09-04,48602,FINAL,Needham,4272,1.0,2.0,Brookline,4059,1.0,2.0,Bay State,Bay State,4:00 P.M.,,0,2025,1483.6949523619223,1532.0323561054922,1483.6949523619223,1532.0323561054922,0.5023926500839003,0.4976073499160997,0.04156490641075265,0.0
2025-09-04,48646,FINAL,Braintree,4051,8.0,1.0,Weymouth,4425,1.0,0.0,Bay State,Bay State,4:00 P.M.,,0,2025,1462.0028213406747,1322.7393512377223,1477.7056003605144,1307.0365722178826,0.7482853175544674,0.25171468244553263,4.73158675257381,7.0
2025-09-04,48628,FINAL,Wellesley,4413,8.0,1.0,Newton North,4279,0.0,0.0,Bay State,Bay State,4:30 P.M.,,0,2025,1587.2857560834275,1521.0148910147868,1609.6085650753603,1498.692082022854,0.6613483934507405,0.3386516065492595,2.9067716267160164,8.0
2025-09-04,48821,FINAL,St. John Paul II,4689,3.0,1.0,Bishop Stang,4045,0.0,0.0,Cape & Islands,Catholic Central,3:30 P.M.,,0,2025,1558.2247099647998,1463.6734385366742,1570.834458980434,1451.06368952104,0.6967996271381673,0.30320037286183266,3.6137817857031393,3.0
2025-09-04,48662,FINAL,Milton,4252,0.0,0.0,Walpole,4404,2.0,1.0,Bay State,Bay State,4:30 P.M.,,0,2025,1484.7190687947314,1733.0985196885736,1476.744463029071,1741.0731254542338,0.24195996615961712,0.7580400338403829,-4.959486272346055,-2.0
2025-09-04,48803,FINAL,Monomoy,4706,2.0,0.0,Scituate,4343,3.0,1.0,Cape & Islands,Patriot,6:00 P.M.,,0,2025,1700.9454698252462,1574.0540337831076,1685.6691587038654,1589.3303449044884,0.7346352765964329,0.2653647234035671,4.422285901053465,-1.0
2025-09-04,50690,FINAL,St. Mary’s,4374,6.0,1.0,Peabody,4306,0.0,0.0,Catholic Central,Northeastern,5:45 P.M.,,0,2025,1606.3152661079503,1464.463235900308,1620.8464525015268,1449.9320495067316,0.7510815799891729,0.2489184200108271,4.796300755191055,6.0
2025-09-04,52569,FINAL,Hanover,4164,0.0,0.0,Hingham,4171,10.0,1.0,Patriot,Patriot,4:00 P.M.,,0,2025,1566.0809467794788,1674.8002106500544,1536.1342315215984,1704.7469259079348,0.4162916759764949,0.583708324023505,-1.467981596764389,-10.0
2025-09-04,56051,FINAL,Franklin County Tech,4145,0.0,0.0,Turners Falls,4396,1.0,1.0,County,Valley,4:00 P.M.,,0,2025,1546.8488705160057,1428.0706300534564,1531.7639474784248,1443.1555530910373,0.725431455283658,0.27456854471634196,4.219456011563733,-1.0
2025-09-04,56016,FINAL,Tantasqua,4387,2.0,0.0,Clinton,4093,5.0,1.0,CMAC,Mid-Wach,4:00 P.M.,,0,2025,1443.6162313700977,1621.8863309142553,1430.1681482693505,1635.3344140150025,0.32335804664851275,0.6766419533514872,-3.2067524886039394,-3.0
2025-09-04,56011,FINAL,Natick,4270,10.0,1.0,Framingham,4143,0.0,0.0,Bay State,Bay State,,,0,2025,1586.6327149270996,1272.1161080190288,1594.492507711502,1264.2563152346265,0.8907403939673879,0.10925960603261209,9.11291517270177,10.0
2025-09-04,56002,FINAL,Oxford,4303,0.0,0.0,Gardner,4147,5.0,1.0,CMAC,Mid-Wach,4:15 P.M.,,0,2025,1364.4977489575176,1406.3907294806409,1336.994340266134,1433.8941381720244,0.5116648219014376,0.4883351780985624,0.20267548692191895,-5.0
2025-09-04,55999,FINAL,Groton-Dunstable,4160,0.0,0.0,Lunenburg,4219,1.0,1.0,Mid-Wach,Mid-Wach,4:00 P.M.,,0,2025,1548.4796508699837,1466.5523797331368,1534.3138519668853,1480.7181786362353,0.681230927591018,0.318769072408982,3.298181778421173,-1.0
2025-09-04,55974,FINAL,Hampshire,4518,0.0,0.0,West Springfield,4417,1.0,1.0,County,Suburban,,,0,2025,1454.956835311797,1331.5731359410586,1439.7627658801603,1346.7672053726953,0.7306802873314964,0.26931971266850363,4.334592484268461,-1.0
2025-09-04,55968,FINAL,Mahar,4226,8.0,1.0,Palmer,4304,1.0,0.0,Valley,County,7:00 P.M.,,0,2025,1396.199775277533,1346.0258207813058,1418.639299501208,1323.586296557631,0.6402956631399607,0.35970433686003933,2.5043488624056804,7.0
2025-09-04,55963,FINAL,Belchertown,4032,3.0,1.0,Amherst-Pelham,4008,1.0,0.0,County,County,5:30 P.M.,,0,2025,1586.5892819579342,1514.9310075417,1597.5229238154443,1503.9973656841898,0.6682590097135043,0.33174099028649573,3.041456860405856,2.0
2025-09-04,55960,FINAL,Marlborough,4233,9.0,1.0,Worcester South,4444,0.0,0.0,Mid-Wach,CMAC,4:00 P.M.,,0,2025,1525.0823437451272,1481.193593097156,1550.5083355294798,1455.7676013128034,0.6319210690379415,0.36807893096205846,2.347218766199279,9.0
2025-09-04,52618,FINAL,Plymouth North,4315,1.0,0.0,Pembroke,4308,5.0,1.0,Patriot,Patriot,4:00 P.M.,,0,2025,1370.6847104977346,1420.8021548673498,1346.5513024353102,1444.9355629297743,0.49983098397223,0.50016901602777,-0.002936109240380347,-4.0
2025-09-04,56017,FINAL,Leicester,4207,0.0,0.0,Blackstone-Millville,4486,5.0,1.0,CMAC,CMAC,,,0,2025,1346.874036294171,1411.990887682142,1321.1662932215136,1437.6986307547995,0.47825881978331136,0.5217411802166887,-0.37792128469927777,-5.0
2025-09-04,51289,FINAL,Westford,4421,1.0,1.0,Leominster,4208,0.0,0.0,Dual County,Mid-Wach,4:00 P.M.,,0,2025,1407.0748691869617,1483.818314349695,1418.2708128455795,1472.622370691077,0.46158892018799197,0.5384110798120081,-0.6685861290683306,1.0
2025-09-04,52575,FINAL,Carver,4077,0.0,0.0,Plymouth South,4316,3.0,1.0,South Shore,Patriot,4:00 P.M.,,0,2025,1400.2719183793135,1370.7866592687508,1374.8015151439936,1396.2570625040707,0.6124337406173045,0.3875662593826955,1.9871314777640692,-3.0
2025-09-04,52051,FINAL,Malden Catholic,4228,7.0,1.0,Danvers,4103,0.0,0.0,Independent,Northeastern,4:00 P.M.,,0,2025,1619.1046259465074,1437.3751558248555,1632.1120349782143,1424.3677467931486,0.791491949946025,0.208508050053975,5.793236753041299,7.0
2025-09-04,51745,FINAL,Apponequet,4011,0.0,2.0,Seekonk,4344,0.0,2.0,South Coast,South Coast,4:00 P.M.,,0,2025,1477.4280325792756,1494.0640888023904,1477.4280325792756,1494.0640888023904,0.5478675267616007,0.45213247323839934,0.8340985944221302,0.0
2025-09-04,51738,FINAL,Fairhaven,4133,2.0,0.0,Joseph Case,4078,8.0,1.0,South Coast,South Coast,3:30 P.M.,,0,2025,1451.2255951024351,1501.0621228032069,1422.0232092827728,1530.2645086228692,0.5002352555322149,0.49976474446778507,0.0040868074807065115,-6.0
2025-09-04,52071,FINAL,Marblehead,4231,5.0,2.0,Bishop Fenwick,4043,5.0,2.0,Northeastern,Catholic Central,4:00 P.M.,,0,2025,1379.7329895856312,1438.249766051883,1379.7329895856312,1438.249766051883,0.48774582782843023,0.5122541721715698,-0.21291941165629283,0.0
2025-09-04,51463,FINAL,North Attleborough,4284,5.0,1.0,Stoughton,4381,2.0,0.0,Hockomock,Hockomock,5:00 P.M.,,0,2025,1498.9852768744101,1409.498854892981,1511.8526608100535,1396.6314709573376,0.6906048167805506,0.30939518321944937,3.48716054953573,3.0
2025-09-04,51341,FINAL,Saugus,4341,8.0,1.0,Malden,4227,0.0,0.0,Northeastern,Greater Boston,7:00 P.M.,,0,2025,1435.3219311050373,1452.1351904502128,1465.1416851329425,1422.3154364223076,0.5476148359239508,0.45238516407604923,0.8296685163706116,8.0
2025-09-04,51328,FINAL,Lowell,4216,4.0,1.0,Everett,4132,0.0,0.0,Merrimack Valley,Greater Boston,5:00 P.M.,,0,2025,1503.2181344700598,1475.057723498866,1522.0185261947752,1456.2573317741505,0.6106219946009611,0.3893780053990389,1.9540102742798466,4.0
2025-09-04,51324,FINAL,Northbridge,4292,3.0,2.0,Weston,4423,3.0,2.0,CMAC,Dual County,4:30 P.M.,,0,2025,1532.6397117987294,1491.730267292742,1532.6397117987294,1491.730267292742,0.6279230242852515,0.3720769757147485,2.2727361126496874,0.0
2025-09-04,51727,FINAL,Old Rochester,4301,6.0,1.0,Dighton-Rehoboth,4114,1.0,0.0,South Coast,South Coast,3:45 P.M.,,0,2025,1485.113216619353,1400.5275821320813,1502.0698145115598,1383.5709842398744,0.6845447508734268,0.3154552491265732,3.3646408621817896,5.0
2025-09-05,51549,FINAL,Joseph Case,4078,3.0,1.0,Westport,4461,0.0,0.0,South Coast,Mayflower,3:30 P.M.,,0,2025,1530.2645086228692,1570.9652381847611,1550.5024849842484,1550.727261823382,0.513379531096837,0.486620468903163,0.2324817609527031,3.0
2025-09-05,51455,FINAL,Oliver Ames,4302,2.0,1.0,Mansfield,4230,0.0,0.0,Hockomock,Hockomock,3:45 P.M.,,0,2025,1515.2029211152546,1449.2494407281865,1526.3778158218784,1438.0745460215628,0.6609390828202168,0.33906091717978315,2.898837009676703,2.0
2025-09-05,51436,FINAL,Foxborough,4142,0.0,0.0,Canton,4071,2.0,1.0,Hockomock,Hockomock,3:45 P.M.,,0,2025,1582.1462084198579,1695.3746511130462,1568.6333314575345,1708.8875280753696,0.4099983558562958,0.5900016441437042,-1.5807110673297076,-2.0
2025-09-05,51375,FINAL,Franklin,4144,2.0,1.0,King Philip,4197,1.0,0.0,Hockomock,Hockomock,3:45 P.M.,,0,2025,1673.8205256556053,1603.0696598724412,1680.7429863462294,1596.147199181817,0.667100009696264,0.33289999030373596,3.0187716445791013,1.0
2025-09-05,51360,FINAL,Taunton,4388,0.0,0.0,Attleboro,4018,9.0,1.0,Hockomock,Hockomock,3:45 P.M.,,0,2025,1375.0182388998935,1499.7648269857543,1347.797508088436,1526.9855577972119,0.3940604394929935,0.6059395605070065,-1.8686647021465206,-9.0
2025-09-05,51256,FINAL,Lincoln-Sudbury,4211,2.0,2.0,Concord-Carlisle,4097,2.0,2.0,Dual County,Dual County,4:00 P.M.,,0,2025,1636.8012152080169,1584.491811784966,1636.8012152080169,1584.491811784966,0.6431219570375343,0.3568780429624657,2.557735085576269,0.0
2025-09-05,51238,FINAL,Central Catholic,4081,0.0,0.0,Acton-Boxborough,4003,6.0,1.0,Merrimack Valley,Dual County,7:00 P.M.,,0,2025,1629.4079221866848,1538.7361685562862,1589.00727497792,1579.136815765051,0.6920608543749783,0.30793914562502167,3.516793840759965,-6.0
2025-09-05,50641,FINAL,Wayland,4411,5.0,1.0,Arlington Catholic,4014,0.0,0.0,Dual County,Catholic Central,4:00 P.M.,,0,2025,1392.825139393498,1340.4978351737977,1412.0070565145334,1321.3159180527623,0.6431456072374943,0.35685439276250575,2.5581826054925045,5.0
2025-09-05,48912,FINAL,Danvers,4103,0.0,2.0,Hamilton-Wenham,4163,0.0,2.0,Northeastern,Cape Ann,4:00 P.M.,,0,2025,1424.3677467931486,1506.0093190437926,1424.3677467931486,1506.0093190437926,0.45458959341554234,0.5454104065844576,-0.7910393062661001,0.0
2025-09-05,48908,FINAL,Amesbury,4007,0.0,0.0,Manchester Essex,4229,6.0,1.0,Cape Ann,Cape Ann,4:00 P.M.,,0,2025,1352.006838449981,1629.7537599814145,1339.6123577931971,1642.1482406381983,0.21231676880183967,0.7876832311981603,-5.69367303828584,-6.0
2025-09-05,48871,FINAL,North Reading,4288,1.0,0.0,Newburyport,4276,4.0,1.0,Cape Ann,Cape Ann,4:00 P.M.,,0,2025,1617.6746882148095,1617.3476840610826,1593.8890361168992,1641.133336158993,0.571924038766091,0.428075961233909,1.2581751038431719,-3.0
2025-09-05,48839,FINAL,Essex Tech,4745,1.0,2.0,Pentucket,4309,1.0,2.0,Cape Ann,Cape Ann,4:00 P.M.,,0,2025,1490.3782520077518,1515.9063183765554,1490.3782520077518,1515.9063183765554,0.5351598175788044,0.4648401824211956,0.6117983407799101,0.0
2025-09-05,48779,FINAL,Nauset,4271,5.0,1.0,Martha’s Vineyard,4235,0.0,0.0,Cape & Islands,Cape & Islands,4:00 P.M.,,0,2025,1468.1958880276127,1399.5616709413873,1486.2359330693014,1381.5216258996986,0.6643886386256783,0.3356113613743217,2.965855427155634,5.0
2025-09-05,48745,FINAL,Barnstable,4024,0.0,0.0,Dennis-Yarmouth,4111,6.0,1.0,Southeast,Cape & Islands,3:30 P.M.,,0,2025,1444.3981196687043,1626.4240730351873,1425.7964410031946,1645.0257517006971,0.3186457277166745,0.6813542722833255,-3.300648834162075,-6.0
2025-09-05,52093,FINAL,Masconomet,4236,4.0,1.0,Swampscott,4383,0.0,0.0,Northeastern,Northeastern,4:30 P.M.,,0,2025,1612.6182860833912,1505.2097731481706,1626.5139428036348,1491.314116427927,0.712204768035488,0.28779523196451195,3.935212823380516,4.0
2025-09-05,51699,FINAL,Bridgewater-Raynham,4053,2.0,0.0,West Bridgewater,4415,7.0,1.0,Southeast,South Coast,4:00 P.M.,,0,2025,1377.025113157349,1545.5034502516844,1358.9743116418422,1563.554251767191,0.3358114714523902,0.6641885285476098,-2.9619584273583826,-5.0
2025-09-05,48934,FINAL,Rockport,4490,7.0,1.0,Northeast,4293,0.0,0.0,Cape Ann,Independent,4:30 P.M.,,0,2025,1433.56719952182,1271.0720302342438,1447.7512903871282,1256.8879393689356,0.7726298049900141,0.2273701950099859,5.312379232189403,7.0
2025-09-05,48856,FINAL,Lynnfield,4223,7.0,1.0,Triton,4395,0.0,0.0,Cape Ann,Cape Ann,4:00 P.M.,,0,2025,1607.0999977790666,1476.5617381793709,1623.4002697996054,1460.261466158832,0.7387075376758604,0.2612924623241396,4.513456489992393,7.0
2025-09-05,52676,FINAL,Whitman-Hanson,4427,1.0,2.0,Norwell,4296,1.0,2.0,Patriot,South Shore,4:00 P.M.,,0,2025,1400.0487589322124,1494.0332367124668,1400.0487589322124,1494.0332367124668,0.4370372558195304,0.5629627441804697,-1.0996119445063584,0.0
2025-09-05,51952,FINAL,Winchester,4434,6.0,1.0,Arlington,4013,0.0,0.0,Middlesex,Middlesex,4:15 P.M.,,0,2025,1617.9028281967064,1566.7521799271037,1638.8258640794988,1545.8291440443113,0.6415895514163406,0.35841044858365945,2.5287662067400674,6.0
2025-09-05,52774,FINAL,Ashland,4015,3.0,1.0,Dedham,4108,2.0,0.0,Tri-Valley,Tri-Valley,4:00 P.M.,,0,2025,1431.6324357973613,1556.6867902368717,1444.2413897002916,1544.0778363339414,0.39363749111482277,0.6063625088851772,-1.8763588609877615,1.0
2025-09-05,52798,FINAL,Hopkinton,4180,7.0,1.0,Holliston,4174,1.0,0.0,Tri-Valley,Tri-Valley,4:00 P.M.,,0,2025,1565.2011804442166,1466.3101734971206,1582.5946177997712,1448.916736141566,0.7020513791622774,0.29794862083772256,3.7222751736774002,6.0
2025-09-05,52824,FINAL,Westwood,4424,1.0,2.0,Norwood,4297,1.0,2.0,Tri-Valley,Tri-Valley,5:30 P.M.,,0,2025,1524.7500714419161,1684.6475729253798,1524.7500714419161,1684.6475729253798,0.3469165008604166,0.6530834991395834,-2.7474375370865913,0.0
2025-09-05,52914,FINAL,Medfield,4241,0.0,0.0,Dover-Sherborn,4118,3.0,1.0,Tri-Valley,Tri-Valley,4:15 P.M.,,0,2025,1600.9521078030775,1587.6751726079478,1576.4118210113274,1612.215459399698,0.5900691676075127,0.4099308323924873,1.581923379878242,-3.0
2025-09-05,52920,FINAL,Bellingham,4033,0.0,0.0,Medway,4243,5.0,1.0,Tri-Valley,Tri-Valley,4:30 P.M.,,0,2025,1433.1042387941486,1502.8835254005005,1407.7562518311863,1528.2315123634628,0.4715660295237236,0.5284339704762764,-0.4944821651587972,-5.0
2025-09-05,53348,FINAL,Tahanto,4513,8.0,1.0,North Brookfield,4508,0.0,0.0,Mid-Wach,Independent,4:00 P.M.,,0,2025,1413.0549380335872,1532.4309114561177,1452.508342066803,1492.977507422902,0.4014660670834913,0.5985339329165087,-1.7343993355632619,8.0
2025-09-05,55797,FINAL,St. Paul,4954,1.0,0.0,Notre Dame (Worcester),4451,2.0,1.0,CMAC,CMAC,3:30 P.M.,,0,2025,1535.8567110977826,1480.3421058693636,1522.395541932941,1493.8032750342054,0.6473453999561564,0.35265460004384364,2.6378651307104746,-1.0
2025-09-05,55915,FINAL,Doherty,4116,7.0,1.0,Nipmuc,4281,2.0,0.0,CMAC,CMAC,3:30 P.M.,,0,2025,1658.675418579876,1486.576772035816,1670.383055815104,1474.869134800588,0.78219477490707,0.21780522509293,5.552466163601497,5.0
2025-09-05,55959,FINAL,Bay Path/David Prouty,4027,2.0,0.0,Shepherd Hill,4347,10.0,1.0,CMAC,Mid-Wach,3:30 P.M.,,0,2025,1403.6299560440073,1449.853816530745,1370.3133900572877,1483.1703825174645,0.5054340876268933,0.49456591237310665,0.09440348783155628,-8.0
2025-09-05,55967,FINAL,Holyoke,4176,0.0,0.0,Smith Academy,4538,8.0,1.0,County,Valley,4:30 P.M.,,0,2025,1480.1726156006646,1479.9605668964587,1442.4839287134935,1517.6492537836298,0.5717620200793282,0.4282379799206718,1.2553012176051481,-8.0
2025-09-05,55995,FINAL,North Middlesex,4286,0.0,0.0,Shrewsbury,4348,5.0,1.0,Mid-Wach,Mid-Wach,7:00 P.M.,,0,2025,1620.0902233042927,1371.8837808156388,1574.5244064878702,1417.4495976320613,0.8476922190910995,0.15230778090890051,7.455161062216348,-5.0
2025-09-05,56001,FINAL,Bromfield,4505,5.0,1.0,Tyngsborough,4397,2.0,0.0,Mid-Wach,Mid-Wach,4:00 P.M.,,0,2025,1480.480256845998,1510.8877564823865,1500.1032802300065,1491.264733098378,0.5281660246107126,0.4718339753892874,0.4898125090902852,3.0
2025-09-05,56122,FINAL,Quaboag,4510,4.0,1.0,Blackstone-Millville,4486,1.0,0.0,CMAC,CMAC,,,0,2025,1526.1480175960996,1437.6986307547995,1539.068509805193,1424.7781385457063,0.6893278327349446,0.3106721672650554,3.4612346710325026,3.0
2025-09-05,56123,FINAL,Westborough,4418,3.0,1.0,Sutton,4512,2.0,0.0,Mid-Wach,CMAC,6:00 P.M.,,0,2025,1512.0672273519265,1695.1396805966883,1526.262758478279,1680.9441494703358,0.3173392547075402,0.6826607452924598,-3.326811331119046,1.0
2025-09-05,51800,FINAL,Belmont,4034,2.0,1.0,Reading,4328,1.0,0.0,Middlesex,Middlesex,4:15 P.M.,,0,2025,1658.0929354250911,1630.19045838128,1666.1971656200103,1622.0862281863608,0.6102689095855869,0.3897310904144131,1.9475619260952783,1.0
2025-09-05,51778,FINAL,Middleborough,4247,1.0,0.0,Dartmouth,4105,4.0,1.0,South Shore,Southeast,5:00 P.M.,,0,2025,1447.664229137497,1510.9009877527003,1427.6616657111963,1530.903551179001,0.4809599843365125,0.5190400156634876,-0.33091896538008425,-3.0
2025-09-05,56003,UPCOMING,Littleton,4212,,,Maynard,4239,,,Mid-Wach,Mid-Wach,4:00 P.M.,,0,2025,1460.8434531076148,1496.7421642819243,,,0.520282250234865,0.47971774976513504,0.3525322206422629,
2025-09-05,52000,FINAL,Burlington,4065,0.0,0.0,Watertown,4409,6.0,1.0,Middlesex,Middlesex,4:15 P.M.,,0,2025,1422.5268353631502,1733.567315476741,1411.9005505998111,1744.19360024008,0.18202767084763016,0.8179723291523698,-6.526012002839769,-6.0
2025-09-05,52008,FINAL,Melrose,4244,6.0,1.0,Wakefield,4402,1.0,0.0,Middlesex,Middlesex,4:15 P.M.,,0,2025,1405.9688157157118,1359.5428278476727,1425.5718286910162,1339.9398148723683,0.6353116715353558,0.36468832846464416,2.4106496967009776,5.0
2025-09-05,51403,UPCOMING,Milford,4249,,,Sharon,4345,,,Hockomock,Hockomock,3:45 P.M.,,0,2025,1276.3209851653098,1313.3494660729727,,,0.5186588478133421,0.48134115218665785,0.3242879773084269,
2025-09-05,52511,FINAL,Duxbury,4123,0.0,0.0,Sandwich,4340,6.0,1.0,Patriot,Cape & Islands,4:00 P.M.,,0,2025,1584.4817294570805,1745.6446392056052,1564.3259153876559,1765.80045327503,0.34526798131300646,0.6547320186869936,-2.779072743713118,-6.0
2025-09-05,51498,UPCOMING,Southeastern,4358,,,Wareham/Bourne,4407,,,Mayflower,Mayflower,3:30 P.M.,,0,2025,1437.2030310745904,1333.415097764611,,,0.7079140349173714,0.29208596508262863,3.8446983327494877,
2025-09-05,51976,UPCOMING,Woburn,4438,,,Lexington,4209,,,Middlesex,Middlesex,4:00 P.M.,,0,2025,1362.306069843918,1546.8805985311749,,,0.31546905456720864,0.6845309454327914,-3.3643632171814204,
2025-09-05,52015,FINAL,Wilmington,4432,1.0,2.0,Stoneham,4380,1.0,2.0,Middlesex,Middlesex,5:30 P.M.,,0,2025,1353.2524399154001,1477.6382156979992,1353.2524399154001,1477.6382156979992,0.3945564885124111,0.6054435114875889,-1.8596443945649752,0.0
2025-09-05,53039,SUSPENDED,Marshfield,4234,,,Notre Dame (Hingham),4449,,,Patriot,Independent,4:00 P.M.,,0,2025,1502.807675357152,1516.5356256721636,,,0.5520108533961416,0.44798914660385836,0.906801242124709,
2025-09-05,53079,POSTPONED,Worcester Tech/Worcester North,4445,,,St. Bernard’s,4365,,,CMAC,CMAC,4:00 P.M.,,0,2025,1311.8691024895445,1513.5559062263835,,,0.29459315913212863,0.7054068408678713,-3.7921700934209754,
2025-09-05,55941,UPCOMING,Blackstone Valley,4046,,,Marlborough,4233,,,CMAC,Mid-Wach,4:00 P.M.,,0,2025,1514.6728823400167,1611.3186951893726,,,0.4332717252858023,0.5667282747141977,-1.1661453212338984,
2025-09-06,56190,FINAL,Monomoy,4706,0.0,0.0,St. Mary’s,4374,1.0,1.0,Cape & Islands,Catholic Central,,,0,2025,1685.6691587038654,1620.8464525015268,1671.9556816999384,1634.5599295054537,0.6594788422303406,0.3405211577696594,2.8705676550584656,-1.0
2025-09-06,50642,UPCOMING,Revere,4329,,,Arlington Catholic,4014,,,Greater Boston,Catholic Central,10:00 A.M.,,0,2025,1392.3096334801403,1366.6289752539808,,,0.6072227150581025,0.39277728494189745,1.8920164556539874,
2025-09-06,51586,UPCOMING,Lowell,4216,,,Greater Lowell,4155,,,Merrimack Valley,Independent,9:00 A.M.,,0,2025,1543.8278835868687,1422.7697242415747,,,0.7280378070256864,0.27196219297431357,4.276453983632348,
2025-09-06,48629,FINAL,Newton South,4280,0.0,2.0,Newton North,4279,0.0,2.0,Dual County,Bay State,11:45 A.M.,,0,2025,1391.1810396212259,1498.692082022854,1391.1810396212259,1498.692082022854,0.417982689290085,0.582017310709915,-1.4377760600407044,0.0
2025-09-06,48763,FINAL,Cohasset,4094,5.0,1.0,Falmouth,4134,0.0,0.0,South Shore,Cape & Islands,3:00 P.M.,,0,2025,1611.081514415914,1446.6636132564174,1623.1990954793862,1434.5460321929452,0.7745683080126662,0.22543169198733382,5.360447528987413,5.0
2025-09-06,51481,FINAL,Andover,4009,5.0,1.0,Beverly,4038,0.0,0.0,Merrimack Valley,Northeastern,11:00 A.M.,,0,2025,1675.3808422754669,1648.5441943054343,1696.4084650075165,1627.5165715733847,0.6088086767377531,0.3911913232622469,1.9209161992508144,5.0
2025-09-06,55964,FINAL,Amherst-Pelham,4008,0.0,2.0,West Springfield,4417,0.0,2.0,County,Suburban,9:00 A.M.,,0,2025,1503.9973656841898,1346.7672053726953,1503.9973656841898,1346.7672053726953,0.7672615926063447,0.23273840739365526,5.180754007787362,0.0
2025-09-06,56204,FINAL,Mohawk Trail,4258,0.0,0.0,South Hadley,4353,4.0,1.0,Valley,Suburban,12:30 P.M.,,0,2025,1396.080361133813,1501.65,1375.7674577627015,1521.9629033711117,0.42070388289351096,0.579296117106489,-1.3892409716546752,-4.0
2025-09-08,48663,UPCOMING,Weymouth,4425,,,Milton,4252,,,Bay State,Bay State,4:00 P.M.,,0,2025,1337.026771373496,1580.1776831372706,,,0.24752316745742367,0.7524768325425764,-4.8287727940943626,
2025-09-08,48885,UPCOMING,North Reading,4288,,,Triton,4395,,,Cape Ann,Cape Ann,4:15 P.M.,,0,2025,1548.277294384014,1444.0370911256218,,,0.7084520684902011,0.29154793150979885,3.856005081459807,
2025-09-08,51312,UPCOMING,Waltham,4405,,,Everett,4132,,,Dual County,Greater Boston,4:30 P.M.,,0,2025,1540.2011468490039,1372.568818624069,,,0.7777828623833399,0.22221713761666007,5.4408082056233695,
2025-09-08,51565,UPCOMING,Dracut,4119,,,Haverhill,4167,,,Merrimack Valley,Merrimack Valley,5:30 P.M.,,0,2025,1296.6502479334597,1315.6471679305273,,,0.5444989704589476,0.4555010295410524,0.7750770000733098,
2025-09-08,56260,FINAL,Leominster,4208,0.0,0.0,Shrewsbury,4348,2.0,1.0,Mid-Wach,Mid-Wach,,,0,2025,1472.622370691077,1417.4495976320613,1451.3017320315741,1438.7702362915643,0.6468960548205409,0.3531039451794591,2.629319326475394,-2.0
2025-09-08,56368,FINAL,Minnechaug,4254,2.0,0.0,Greenfield,4157,3.0,1.0,Suburban,Suburban,,,0,2025,1510.66092456408,1540.2430108998833,1499.6534016009834,1551.2505338629799,0.5293499597110249,0.47065004028897506,0.5104478416049176,-1.0
2025-09-08,52567,FINAL,Pembroke,4308,0.0,0.0,Hanover,4164,5.0,1.0,Patriot,Patriot,4:00 P.M.,,0,2025,1444.9355629297743,1536.1342315215984,1421.2313007434277,1559.838493707945,0.44098668735856195,0.559013312641438,-1.0299667147956029,-5.0
2025-09-08,52512,FINAL,Hingham,4171,10.0,1.0,Duxbury,4123,1.0,0.0,Patriot,Patriot,4:00 P.M.,,0,2025,1704.7469259079348,1564.3259153876559,1722.0482065865206,1547.0246347090701,0.749538309047696,0.250461690952304,4.760525263006974,9.0
2025-09-08,51587,FINAL,Methuen,4246,2.0,2.0,Lowell,4216,2.0,2.0,Merrimack Valley,Merrimack Valley,4:30 P.M.,,0,2025,1497.5325284457642,1522.0185261947752,1497.5325284457642,1522.0185261947752,0.5366517401542694,0.4633482598457306,0.6378500562747262,0.0
2025-09-08,51550,FINAL,Westport,4461,3.0,1.0,Dighton-Rehoboth,4114,1.0,0.0,Mayflower,South Coast,3:30 P.M.,,0,2025,1550.727261823382,1383.5709842398744,1558.0667983220408,1376.2314477412156,0.777308865788712,0.22269113421128806,5.428906939587688,2.0
2025-09-08,51500,FINAL,Bridgewater-Raynham,4053,8.0,1.0,Southeastern,4358,1.0,0.0,Southeast,Mayflower,3:30 P.M.,,0,2025,1358.9743116418422,1466.7247318008388,1395.3033507845723,1430.3956926581086,0.4176475043169113,0.5823524956830888,-1.4437605039749144,7.0
2025-09-08,51495,FINAL,North Andover,4283,1.0,0.0,Central Catholic,4081,2.0,1.0,Merrimack Valley,Merrimack Valley,4:00 P.M.,,0,2025,1471.074712608156,1589.00727497792,1462.6849092624693,1597.3970783236066,0.4034642560285293,0.5965357439714707,-1.6983140592440975,-1.0
2025-09-08,51325,FINAL,Burlington,4065,3.0,0.0,Weston,4423,4.0,1.0,Middlesex,Dual County,4:15 P.M.,,0,2025,1411.9005505998111,1491.730267292742,1402.3938271843924,1501.2369907081606,0.4571767575509202,0.5428232424490798,-0.7457429173232697,-1.0
2025-09-08,51319,FINAL,Milford,4249,1.0,0.0,Wayland,4411,7.0,1.0,Hockomock,Dual County,3:45 P.M.,,0,2025,1364.8306332160412,1412.0070565145334,1335.4047727394839,1441.4329169910907,0.5040633640568787,0.4959366359431213,0.07058941753769546,-6.0
2025-09-08,51300,FINAL,Bedford,4031,3.0,1.0,Blackstone Valley,4046,1.0,0.0,Dual County,CMAC,3:30 P.M.,,0,2025,1607.228897163578,1604.264308984345,1621.215204167661,1590.278001980262,0.5756371576412627,0.42436284235873734,1.324114704480826,2.0
2025-09-08,51290,FINAL,Chelmsford,4085,3.0,1.0,Westford,4421,1.0,0.0,Merrimack Valley,Dual County,5:30 P.M.,,0,2025,1545.7309809373842,1418.2708128455795,1554.4559504100341,1409.5458433729295,0.7352730178290775,0.2647269821709225,4.436504202295117,2.0
2025-09-08,52577,FINAL,Silver Lake,4349,1.0,0.0,Plymouth South,4316,3.0,1.0,Patriot,Patriot,4:00 P.M.,,0,2025,1552.5708466301905,1396.2570625040707,1527.3142460375793,1421.513663096682,0.7663182863547139,0.23368171364528612,5.157844603152995,-2.0
2025-09-08,51257,FINAL,Concord-Carlisle,4097,0.0,2.0,Franklin,4144,0.0,2.0,Dual County,Hockomock,4:30 P.M.,,0,2025,1584.491811784966,1680.7429863462294,1584.491811784966,1680.7429863462294,0.43382962456080937,0.5661703754391907,-1.1562793640315818,0.0
2025-09-08,50691,FINAL,Andover,4009,0.0,2.0,St. Mary’s,4374,0.0,2.0,Merrimack Valley,Catholic Central,7:00 P.M.,,0,2025,1696.4084650075165,1634.5599295054537,1696.4084650075165,1634.5599295054537,0.6556236740007336,0.3443763259992664,2.796213387551569,0.0
2025-09-08,50655,FINAL,Malden Catholic,4228,5.0,1.0,Bishop Fenwick,4043,0.0,0.0,Independent,Catholic Central,4:00 P.M.,,0,2025,1632.1120349782143,1438.249766051883,1642.7129614782134,1427.6488395518838,0.8027836756353918,0.19721632436460823,6.096556723158284,5.0
2025-09-08,48926,FINAL,Ipswich,4190,0.0,0.0,Manchester Essex,4229,1.0,1.0,Cape Ann,Cape Ann,4:00 P.M.,,0,2025,1556.3981974346761,1642.1482406381983,1547.0670703040244,1651.4793677688501,0.44873236124319005,0.55126763875681,-0.8937510800880546,-1.0
2025-09-08,48913,FINAL,Rockport,4490,0.0,0.0,Hamilton-Wenham,4163,1.0,1.0,Cape Ann,Cape Ann,4:00 P.M.,,0,2025,1447.7512903871282,1506.0093190437926,1437.6011623611246,1516.1594470697962,0.4881179789167846,0.5118820210832153,-0.2064507164166116,-1.0
2025-09-08,48872,FINAL,Pentucket,4309,1.0,0.0,Newburyport,4276,7.0,1.0,Cape Ann,Cape Ann,4:00 P.M.,,0,2025,1515.9063183765554,1641.133336158993,1492.9406705684155,1664.0989839671329,0.3934002780016852,0.6065997219983148,-1.8806754445609386,-6.0
2025-09-08,48840,FINAL,Lynnfield,4223,4.0,1.0,Essex Tech,4745,0.0,0.0,Cape Ann,Cape Ann,4:00 P.M.,,0,2025,1623.4002697996054,1490.3782520077518,1635.8834973732683,1477.895024434089,0.7414578204141811,0.25854217958581893,4.57555044479634,4.0
2025-09-08,48716,FINAL,Durfee,4122,1.0,0.0,Dartmouth,4105,5.0,1.0,Big Three,Southeast,5:15 P.M.,,0,2025,1576.6732173188968,1530.903551179001,1546.0406627646732,1561.5361057332245,0.634435875978074,0.36556412402192595,2.394241653497397,-4.0
2025-09-08,48647,FINAL,Braintree,4051,1.0,1.0,Needham,4272,0.0,0.0,Bay State,Bay State,4:00 P.M.,,0,2025,1477.7056003605144,1483.6949523619223,1486.792763877998,1474.6077888444388,0.562999808585982,0.437000191414018,1.1002661999648011,1.0
2025-09-08,48630,FINAL,Newton North,4279,1.0,0.0,Natick,4270,5.0,1.0,Bay State,Bay State,4:30 P.M.,,0,2025,1498.692082022854,1594.492507711502,1477.7146496481876,1615.4699400861684,0.43446705239140365,0.5655329476085964,-1.145010642216198,-4.0
2025-09-08,48603,FINAL,Brookline,4059,0.0,0.0,Wellesley,4413,6.0,1.0,Bay State,Bay State,4:00 P.M.,,0,2025,1532.0323561054922,1609.6085650753603,1505.1555752420556,1636.4853459387969,0.4603977711318366,0.5396022288681634,-0.6894052242467013,-6.0
2025-09-08,51239,FINAL,Acton-Boxborough,4003,0.0,0.0,Uxbridge,4398,4.0,1.0,Dual County,CMAC,4:00 P.M.,,0,2025,1579.136815765051,1753.8983984607205,1563.3099560407022,1769.7252581850694,0.32779269503708247,0.6722073049629176,-3.1190395673917353,-4.0
2025-09-08,56369,FINAL,Holyoke,4176,0.0,0.0,Turners Falls,4396,2.0,1.0,County,Valley,,,0,2025,1442.4839287134935,1443.1555530910373,1423.6806502052386,1461.9588315992921,0.5705160562467627,0.4294839437532373,1.2332093905614046,-2.0
2025-09-08,52595,FINAL,Plymouth North,4315,0.0,0.0,Scituate,4343,6.0,1.0,Patriot,Patriot,4:00 P.M.,,0,2025,1346.5513024353102,1589.3303449044884,1332.0782790461162,1603.8033682936823,0.24792209095951484,0.7520779090404852,-4.819476061729455,-6.0
2025-09-08,52775,FINAL,Dedham,4108,1.0,1.0,Norwood,4297,0.0,0.0,Tri-Valley,Tri-Valley,4:00 P.M.,,0,2025,1544.0778363339414,1684.6475729253798,1557.1256256585823,1671.5997836007389,0.37253396822588397,0.6274660317741161,-2.2642434147859603,1.0
2025-09-08,56366,FINAL,Longmeadow,4214,1.0,1.0,Agawam,4004,0.0,0.0,Suburban,Suburban,,,0,2025,1604.059601049744,1543.4751696689868,1611.2549083651093,1536.2798623536216,0.6539788606150222,0.3460211393849778,2.7646107845189305,1.0
2025-09-08,56261,FINAL,Gardner,4147,1.0,0.0,Bromfield,4505,3.0,1.0,Mid-Wach,Mid-Wach,,,0,2025,1433.8941381720244,1500.1032802300065,1418.1832108168082,1515.8142075852227,0.476690078846744,0.5233099211532559,-0.4052285514495509,-2.0
2025-09-08,53068,UPCOMING,Greater Lowell,4155,,,Bay Path/David Prouty,4027,,,Independent,CMAC,4:30 P.M.,,0,2025,1422.7697242415747,1433.5453540282529,,,0.5562097981161113,0.44379020188388874,0.9806092553330472,
2025-09-08,56257,FINAL,Fitchburg,4139,0.0,0.0,Tahanto,4513,5.0,1.0,Mid-Wach,Mid-Wach,,,0,2025,1358.680039680292,1452.508342066803,1335.1761801585697,1476.0122015885254,0.4372584588013678,0.5627415411986322,-1.0957075596627703,-5.0
2025-09-08,56255,FINAL,Tyngsborough,4397,5.0,1.0,Shepherd Hill,4347,2.0,0.0,Mid-Wach,Mid-Wach,,,0,2025,1491.264733098378,1483.1703825174645,1508.6141815615517,1465.8209340542908,0.582833945667012,0.41716605433298803,1.452358764522836,3.0
2025-09-08,56252,FINAL,Clinton,4093,7.0,1.0,Littleton,4212,3.0,0.0,Mid-Wach,Mid-Wach,,,0,2025,1635.3344140150025,1405.4569169642057,1643.3704344574694,1397.4208965217388,0.8335646588086685,0.16643534119133152,6.996937426269921,4.0
2025-09-08,56249,FINAL,Quabbin,4325,5.0,1.0,Groton-Dunstable,4160,0.0,0.0,Mid-Wach,Mid-Wach,,,0,2025,1567.0721590987353,1534.3138519668853,1587.665051062226,1513.7209600033946,0.6168962721251369,0.38310372787486313,2.068957678296249,5.0
2025-09-08,56246,FINAL,Oakmont,4299,2.0,0.0,Marlborough,4233,8.0,1.0,Mid-Wach,Mid-Wach,,,0,2025,1503.5059288017303,1550.5083355294798,1474.0654499244563,1579.9488144067539,0.5043137764534263,0.49568622354657366,0.07493983180626174,-6.0
2025-09-08,56244,FINAL,Grafton,4153,1.0,0.0,Wachusett,4400,6.0,1.0,Mid-Wach,Mid-Wach,,,0,2025,1538.1470281470804,1540.2951705614632,1507.5922146470693,1570.8499840614743,0.568432203554922,0.43156779644507803,1.1962964396404288,-5.0
2025-09-08,56241,FINAL,Monty Tech,4259,11.0,1.0,Worcester Tech/Worcester North,4445,0.0,0.0,CMAC,CMAC,,,0,2025,1478.287043143823,1369.2531668213844,1499.598692275532,1347.9415176896755,0.7141187157067223,0.28588128429327775,3.9758469080609644,11.0
2025-09-08,52652,FINAL,Whitman-Hanson,4427,0.0,0.0,Marshfield,4234,3.0,1.0,Patriot,Patriot,4:00 P.M.,,0,2025,1400.0487589322124,1466.6688700371674,1380.248318024327,1486.4693109450527,0.4760999650870198,0.5239000349129802,-0.41550277762387394,-3.0
2025-09-08,56239,FINAL,Maynard,4239,0.0,2.0,Narragansett,4266,0.0,2.0,Mid-Wach,Mid-Wach,,,0,2025,1581.5451076404854,1540.43609875364,1581.5451076404854,1540.43609875364,0.6281913819879896,0.3718086180120104,2.2777252221711364,0.0
2025-09-08,56235,FINAL,South High,4962,0.0,0.0,St. Paul,4954,5.0,1.0,Independent,CMAC,,,0,2025,1387.688989550643,1522.395541932941,1367.2383813299305,1542.8461501536535,0.3804567255805332,0.6195432744194669,-2.1176638095574445,-5.0
2025-09-08,56230,FINAL,Westborough,4418,9.0,1.0,North Middlesex,4286,0.0,0.0,Mid-Wach,Mid-Wach,,,0,2025,1526.262758478279,1574.5244064878702,1560.6287257189615,1540.1584392471877,0.5025016687367893,0.49749833126321075,0.04345879976021934,9.0
2025-09-08,56222,FINAL,Nashoba,4267,2.0,1.0,Algonquin,4005,0.0,0.0,Mid-Wach,Mid-Wach,,,0,2025,1576.0821507408266,1583.5019118527443,1590.551766918999,1569.032295674572,0.5609729253464382,0.43902707465356183,1.0645059722020562,2.0
2025-09-08,56207,FINAL,Walpole,4404,16.0,1.0,Framingham,4143,0.0,0.0,Bay State,Bay State,,,0,2025,1741.0731254542338,1264.2563152346265,1744.9808005536765,1260.3486401351838,0.9540254047859273,0.045974595214072655,13.170420255490182,16.0
2025-09-08,55918,FINAL,Auburn,4019,1.0,1.0,Doherty,4116,0.0,0.0,CMAC,CMAC,3:30 P.M.,,0,2025,1591.673712408608,1670.383055815104,1602.9281134597027,1659.1286547640093,0.4587777138470056,0.5412222861529944,-0.7177335851623979,1.0
2025-09-08,55798,FINAL,Northbridge,4292,2.0,0.0,Notre Dame (Worcester),4451,4.0,1.0,CMAC,CMAC,3:25 P.M.,,0,2025,1532.6397117987294,1493.8032750342054,1512.0364212440447,1514.40656558889,0.6251307753488079,0.3748692246511921,2.2209109191131007,-2.0
2025-09-08,53351,FINAL,Lunenburg,4219,8.0,1.0,North Brookfield,4508,0.0,0.0,Mid-Wach,Independent,5:30 P.M.,,0,2025,1480.7181786362353,1492.977507422902,1510.1104142984063,1463.5852717607308,0.5541005690338605,0.4458994309661395,0.9435167803333343,8.0
2025-09-08,52921,FINAL,Medfield,4241,8.0,1.0,Bellingham,4033,0.0,0.0,Tri-Valley,Tri-Valley,4:00 P.M.,,0,2025,1576.4118210113274,1407.7562518311863,1590.992652914446,1393.1754199280679,0.7787992474154924,0.22120075258450755,5.466389229503529,8.0
2025-09-08,52896,FINAL,Holliston,4174,1.0,1.0,Ashland,4015,0.0,0.0,Tri-Valley,Tri-Valley,4:00 P.M.,,0,2025,1448.916736141566,1444.2413897002916,1457.691127146859,1435.4669986949987,0.5780409869947667,0.4219590130052333,1.3668836610318578,1.0
2025-09-08,52800,FINAL,Hopkinton,4180,4.0,1.0,Westwood,4424,0.0,0.0,Tri-Valley,Tri-Valley,5:00 P.M.,,0,2025,1582.5946177997712,1524.7500714419161,1599.474345563446,1507.8703436782414,0.6504011818191043,0.34959881818089567,2.696113658946376,4.0
2025-09-08,56238,FINAL,Nipmuc,4281,1.0,0.0,Hopedale,4507,2.0,1.0,CMAC,CMAC,,,0,2025,1474.869134800588,1549.1966863390774,1465.1987554684788,1558.8670656711865,0.4650469435316332,0.5349530564683669,-0.6081887884622347,-1.0
2025-09-09,52688,SUSPENDED,Cohasset,4094,,,Mashpee,4237,,,South Shore,South Shore,4:30 P.M.,,0,2025,1648.3521163963273,1420.7010479248893,,,0.8317789774538142,0.16822102254618576,6.941276711785951,
2025-09-09,52153,FINAL,Swampscott,4383,2.0,1.0,Saugus,4341,0.0,0.0,Northeastern,Northeastern,4:30 P.M.,,0,2025,1491.314116427927,1465.1416851329425,1504.2371691659507,1452.2186323949188,0.607897682336116,0.39210231766388404,1.9043107823746142,2.0
2025-09-09,52757,FINAL,Norwell,4296,2.0,1.0,Carver,4077,1.0,0.0,South Shore,South Shore,4:30 P.M.,,0,2025,1494.0332367124668,1374.8015151439936,1499.731923388561,1369.1028284678994,0.725951099760624,0.274048900239376,4.23079303921183,1.0
2025-09-09,56397,FINAL,Northampton,4291,0.0,0.0,Belchertown,4032,5.0,1.0,Valley,County,,,0,2025,1438.2186851543133,1597.5229238154443,1419.529344858489,1616.2122641112687,0.3476906474110679,0.6523093525889321,-2.7326059665282743,-5.0
2025-09-09,55971,FINAL,Franklin County Tech,4145,1.0,1.0,Palmer,4304,0.0,0.0,County,County,4:00 P.M.,,0,2025,1531.7639474784248,1323.586296557631,1535.6003980222172,1319.7498460138386,0.8155057275284963,0.18449427247150374,6.454441273019848,1.0
2025-09-09,52713,FINAL,East Bridgewater,4126,7.0,1.0,Middleborough,4247,0.0,0.0,South Shore,South Shore,5:00 P.M.,,0,2025,1465.9225626122293,1427.6616657111963,1489.3565757424037,1404.2276525810219,0.6243540607663396,0.3756459392336604,2.2065224225258246,7.0
2025-09-09,52072,FINAL,Peabody,4306,1.0,0.0,Marblehead,4231,4.0,1.0,Northeastern,Northeastern,4:00 P.M.,,0,2025,1449.9320495067316,1379.7329895856312,1422.2174931332115,1407.4475459591513,0.6663942173419181,0.33360578265808194,3.0049764980275087,-3.0
2025-09-09,52052,FINAL,Danvers,4103,0.0,0.0,Gloucester,4150,5.0,1.0,Northeastern,Northeastern,5:00 P.M.,,0,2025,1424.3677467931486,1494.5260077495218,1399.0489793185427,1519.8447752241277,0.4710224392919212,0.5289775607080788,-0.5039565239093292,-5.0
2025-09-09,52038,FINAL,Beverly,4038,1.0,0.0,Masconomet,4236,4.0,1.0,Northeastern,Northeastern,4:00 P.M.,,0,2025,1627.5165715733847,1626.5139428036348,1603.6913304282061,1650.3391839488133,0.5728759541355478,0.4271240458644522,1.2750657192437473,-3.0
2025-09-09,51985,FINAL,Wakefield,4402,1.0,0.0,Woburn,4438,2.0,1.0,Middlesex,Middlesex,4:15 P.M.,,0,2025,1339.9398148723683,1351.4138026460387,1328.3943965458304,1362.9592209725765,0.5552172588228207,0.4447827411771793,0.9631503056582403,-1.0
2025-09-09,51977,FINAL,Burlington,4065,1.0,0.0,Lexington,4209,5.0,1.0,Middlesex,Middlesex,4:15 P.M.,,0,2025,1402.3938271843924,1488.8920958836584,1380.7790533689667,1510.506869699084,0.4476671358042754,0.5523328641957246,-0.9124567174816491,-4.0
2025-09-09,51953,FINAL,Stoneham,4380,0.0,0.0,Winchester,4434,3.0,1.0,Middlesex,Middlesex,6:00 P.M.,,0,2025,1477.6382156979992,1638.8258640794988,1463.2802628392933,1653.1838169382047,0.3452357897762084,0.6547642102237916,-2.779691209537492,-3.0
2025-09-09,51831,FINAL,Melrose,4244,0.0,0.0,Reading,4328,4.0,1.0,Middlesex,Middlesex,4:15 P.M.,,0,2025,1425.5718286910162,1622.0862281863608,1411.0473820310579,1636.6106748463192,0.30081820383265867,0.6991817961673413,-3.662859987383615,-4.0
2025-09-09,51801,FINAL,Watertown,4409,2.0,1.0,Belmont,4034,1.0,0.0,Middlesex,Middlesex,4:15 P.M.,,0,2025,1744.19360024008,1666.1971656200103,1750.9248112253124,1659.465954634778,0.6762971764142683,0.32370282358573166,3.1999108655017436,1.0
2025-09-09,51746,FINAL,Dighton-Rehoboth,4114,0.0,0.0,Apponequet,4011,2.0,1.0,South Coast,South Coast,3:45 P.M.,,0,2025,1376.2314477412156,1477.4280325792756,1362.1631393215146,1491.4963409989766,0.4268508725298837,0.5731491274701164,-1.2799146209515015,-2.0
2025-09-09,51965,FINAL,Wilmington,4432,3.0,1.0,Arlington,4013,0.0,0.0,Middlesex,Middlesex,4:15 P.M.,,0,2025,1353.2524399154001,1545.8291440443113,1382.1314273111402,1516.9501566485712,0.3056071349711836,0.6943928650288165,-3.564417603222779,3.0
2025-09-09,51701,FINAL,West Bridgewater,4415,6.0,1.0,Fairhaven,4133,2.0,0.0,South Coast,South Coast,3:45 P.M.,,0,2025,1563.554251767191,1422.0232092827728,1575.5895013000345,1409.9879597499294,0.7507359673034049,0.24926403269659514,4.788276062110458,4.0
2025-09-09,48733,FINAL,New Bedford,4273,0.0,0.0,Old Rochester,4301,2.0,1.0,Big Three,South Coast,4:00 P.M.,,0,2025,1505.6277166850705,1502.0698145115598,1486.6281647235376,1521.0693664730927,0.5764712494574049,0.4235287505425951,1.3389475543377671,-2.0
2025-09-09,48764,FINAL,Barnstable,4024,3.0,1.0,Falmouth,4134,1.0,0.0,Southeast,Cape & Islands,3:30 P.M.,,0,2025,1425.7964410031946,1434.5460321929452,1440.3282229625904,1420.0142502335493,0.5590867342589866,0.4409132657410134,1.0312602202562346,2.0
2025-09-09,51739,FINAL,Joseph Case,4078,3.0,1.0,Seekonk,4344,1.0,0.0,South Coast,South Coast,3:45 P.M.,,0,2025,1550.5024849842484,1494.0640888023904,1562.0854256005114,1482.4811481861275,0.6485584363796061,0.3514415636203939,2.6609599045464507,2.0
2025-09-09,48780,FINAL,Nauset,4271,1.0,0.0,St. John Paul II,4689,6.0,1.0,Cape & Islands,Cape & Islands,4:00 P.M.,,0,2025,1486.2359330693014,1570.834458980434,1462.0271489011807,1595.0432431485547,0.45037265667046006,0.54962734332954,-0.8649631477783146,-5.0
2025-09-09,50643,FINAL,Bishop Fenwick,4043,4.0,1.0,Arlington Catholic,4014,0.0,0.0,Catholic Central,Catholic Central,4:00 P.M.,,0,2025,1427.6488395518838,1321.3159180527623,1441.6058522082521,1307.358905396394,0.7109340151502596,0.28906598484974044,3.9083230374780387,4.0
2025-09-09,51361,FINAL,Mansfield,4230,0.0,0.0,Attleboro,4018,3.0,1.0,Hockomock,Hockomock,3:45 P.M.,,0,2025,1438.0745460215628,1526.9855577972119,1419.599310684758,1545.4607931340167,0.44423550666108236,0.5557644933389176,-0.9727752943912265,-3.0
2025-09-09,50667,FINAL,Bishop Stang,4045,0.0,0.0,Bishop Feehan,4042,4.0,1.0,Catholic Central,Catholic Central,3:30 P.M.,,0,2025,1451.06368952104,1617.9658225231572,1434.7518004113367,1634.2777116328605,0.33783821841737266,0.6621617815826273,-2.9225533250529283,-4.0
2025-09-09,51388,FINAL,Oliver Ames,4302,1.0,0.0,King Philip,4197,4.0,1.0,Hockomock,Hockomock,3:45 P.M.,,0,2025,1526.3778158218784,1596.147199181817,1506.7653451884494,1615.759669815246,0.471580235373805,0.528419764626195,-0.4942345839984682,-3.0
2025-09-09,51404,FINAL,Stoughton,4381,8.0,1.0,Milford,4249,1.0,0.0,Hockomock,Hockomock,4:00 P.M.,,0,2025,1396.6314709573376,1335.4047727394839,1418.165230469782,1313.8710132270394,0.6548150215522319,0.3451849784477681,2.7806674554463426,7.0
2025-09-09,51416,FINAL,Canton,4071,9.0,1.0,Sharon,4345,0.0,0.0,Hockomock,Hockomock,3:45 P.M.,,0,2025,1708.8875280753696,1328.787092376684,1714.2457434012401,1323.4288770508135,0.9224318883708338,0.07756811162916621,10.752510892467138,9.0
2025-09-09,51428,FINAL,North Attleborough,4284,4.0,1.0,Taunton,4388,1.0,0.0,Hockomock,Hockomock,5:15 P.M.,,0,2025,1511.8526608100535,1347.797508088436,1521.2432739670403,1338.4068949314492,0.7742034827918074,0.2257965172081926,5.351378818040439,3.0
2025-09-09,51376,FINAL,Foxborough,4142,0.0,0.0,Franklin,4144,3.0,1.0,Hockomock,Hockomock,,,0,2025,1568.6333314575345,1680.7429863462294,1551.5171507237314,1697.8591670800324,0.4115571510602823,0.5884428489397178,-1.552741372217372,-3.0
2025-09-10,51446,FINAL,Foxborough,4142,0.0,2.0,Oliver Ames,4302,0.0,2.0,Hockomock,Hockomock,5:45 P.M.,,0,2025,1551.5171507237314,1506.7653451884494,1551.5171507237314,1506.7653451884494,0.6330758841826356,0.3669241158173644,2.368795138382052,0.0
2025-09-10,51329,FINAL,Northeast,4293,1.0,0.0,Everett,4132,4.0,1.0,Independent,Greater Boston,4:00 P.M.,,0,2025,1256.8879393689356,1456.2573317741505,1244.5205475928208,1468.6247235502653,0.29737291306886177,0.7026270869311382,-3.734234810130374,-3.0
2025-09-10,51342,FINAL,Malden,4227,1.0,0.0,Revere,4329,10.0,1.0,Greater Boston,Greater Boston,4:00 P.M.,,0,2025,1422.3154364223076,1401.0818567500035,1380.792871480381,1442.60442169193,0.6011006942916012,0.3988993057083988,1.7808394918076034,-9.0
2025-09-10,51496,FINAL,Lowell,4216,3.0,1.0,Central Catholic,4081,2.0,0.0,Merrimack Valley,Merrimack Valley,4:00 P.M.,,0,2025,1522.0185261947752,1597.3970783236066,1533.1738536573112,1586.2417508610706,0.46354214634356455,0.5364578536564355,-0.6344638032207854,1.0
2025-09-10,52579,FINAL,Plymouth South,4316,3.0,1.0,Pembroke,4308,2.0,0.0,Patriot,Patriot,4:00 P.M.,,0,2025,1421.513663096682,1421.2313007434277,1430.4165607765449,1412.3284030635648,0.5718611222573259,0.4281388777426741,1.2570590588313564,1.0
2025-09-10,51534,FINAL,Tewksbury,4389,0.0,0.0,North Andover,4283,4.0,1.0,Merrimack Valley,Merrimack Valley,4:00 P.M.,,0,2025,1451.7671231317374,1462.6849092624693,1424.9213223891334,1489.5307100050734,0.5560077949202091,0.44399220507979087,0.9770553467317029,-4.0
2025-09-10,51791,FINAL,Bridgewater-Raynham,4053,0.0,0.0,Ursuline,4448,7.0,1.0,Southeast,Independent,4:00 P.M.,,0,2025,1395.3033507845723,1434.6587238910333,1363.156386995918,1466.8056876796877,0.5153140581947643,0.4846859418052357,0.26611567233847494,-7.0
2025-09-10,52565,FINAL,Hanover,4164,8.0,1.0,Plymouth North,4315,0.0,0.0,Patriot,Patriot,4:00 P.M.,,0,2025,1559.838493707945,1332.0782790461162,1570.921280940813,1320.9954918132482,0.8318668720047411,0.16813312799525892,6.944005366545719,8.0
2025-09-10,51291,FINAL,Waltham,4405,3.0,1.0,Westford,4421,0.0,0.0,Dual County,Dual County,4:00 P.M.,,0,2025,1518.1886610945087,1409.5458433729295,1530.097251741815,1397.6372527256233,0.7136589221525751,0.2863410778474249,3.9660704430394786,3.0
2025-09-10,51517,FINAL,Methuen,4246,0.0,0.0,Chelmsford,4085,1.0,1.0,Merrimack Valley,Merrimack Valley,6:00 P.M.,,0,2025,1497.5325284457642,1554.4559504100341,1487.3424806615715,1564.6459981942269,0.49003771348921155,0.5099622865107885,-0.17308554910674728,-1.0
2025-09-10,51278,FINAL,Newton South,4280,0.0,0.0,Weston,4423,1.0,1.0,Dual County,Dual County,5:45 P.M.,,0,2025,1391.1810396212259,1501.2369907081606,1382.56335231939,1509.8546780099964,0.4144231578096767,0.5855768421903234,-1.5013987771733697,-1.0
2025-09-10,56494,FINAL,Triton,4395,5.0,1.0,Rockport,4490,0.0,0.0,Cape Ann,Cape Ann,,,0,2025,1460.261466158832,1437.6011623611246,1481.597648845562,1416.2649796743947,0.60306832374991,0.39693167625008996,1.8165075949426863,5.0
2025-09-10,51240,FINAL,Lincoln-Sudbury,4211,3.0,1.0,Acton-Boxborough,4003,1.0,0.0,Dual County,Dual County,4:00 P.M.,,0,2025,1636.8012152080169,1563.3099560407022,1647.6578997628972,1552.453271485822,0.6705939949011415,0.32940600509885853,3.0872814791828658,2.0
2025-09-10,48895,FINAL,Pentucket,4309,1.0,0.0,Manchester Essex,4229,5.0,1.0,Cape Ann,Cape Ann,4:00 P.M.,,0,2025,1492.9406705684155,1651.4793677688501,1476.1047852542413,1668.3152530830243,0.348690789997851,0.6513092100021489,-2.7134674300108657,-4.0
2025-09-10,48886,FINAL,North Reading,4288,2.0,1.0,Ipswich,4190,0.0,0.0,Cape Ann,Cape Ann,4:15 P.M.,,0,2025,1593.8890361168992,1547.0670703040244,1605.8911677819435,1535.06493863898,0.6358396318445497,0.3641603681554503,2.4205491453218713,2.0
2025-09-10,48873,FINAL,Newburyport,4276,8.0,1.0,Hamilton-Wenham,4163,2.0,0.0,Cape Ann,Cape Ann,4:00 P.M.,,0,2025,1664.0989839671329,1516.1594470697962,1678.2510868947857,1502.0073441421434,0.7575752588144383,0.24242474118556168,4.9484884224334165,6.0
2025-09-10,48841,FINAL,Essex Tech,4745,5.0,1.0,Amesbury,4007,0.0,0.0,Cape Ann,Cape Ann,4:00 P.M.,,0,2025,1477.895024434089,1339.6123577931971,1491.4826324225642,1326.024749804722,0.7472203864073153,0.25277961359268475,4.707066666022297,5.0
2025-09-10,48699,FINAL,Durfee,4122,12.0,1.0,Brockton,4058,0.0,0.0,Big Three,Big Three,5:15 P.M.,,0,2025,1546.0406627646732,1328.4750697993848,1559.6221960942735,1314.8935364697845,0.823498356278901,0.176501643721099,6.689139824132212,12.0
2025-09-10,48684,FINAL,Natick,4270,11.0,1.0,Weymouth,4425,0.0,0.0,Bay State,Bay State,6:30 P.M.,,0,2025,1615.4699400861684,1307.0365722178826,1623.8724934218726,1298.6340188821785,0.8872854595105083,0.1127145404894917,8.960834196707145,11.0
2025-09-10,48648,FINAL,Braintree,4051,0.0,0.0,Milton,4252,1.0,1.0,Bay State,Bay State,4:00 P.M.,,0,2025,1486.792763877998,1476.744463029071,1474.6162579951945,1488.9209689118745,0.5855661550825318,0.41443384491746815,1.5012075212231708,-1.0
2025-09-10,48604,FINAL,Brookline,4059,3.0,1.0,Newton North,4279,0.0,0.0,Bay State,Bay State,4:00 P.M.,,0,2025,1505.1555752420556,1477.7146496481876,1521.3903241330988,1461.4799007571444,0.6096368047469056,0.3903631952530944,1.9360231398467023,3.0
2025-09-10,52596,FINAL,Whitman-Hanson,4427,1.0,0.0,Scituate,4343,6.0,1.0,Patriot,Patriot,4:00 P.M.,,0,2025,1380.248318024327,1603.8033682936823,1365.7820649928988,1618.2696213251106,0.26912565144064554,0.7308743485593545,-4.33887625673388,-5.0
2025-09-10,51258,FINAL,Concord-Carlisle,4097,4.0,1.0,Bedford,4031,2.0,0.0,Dual County,Dual County,4:00 P.M.,,0,2025,1584.491811784966,1621.215204167661,1600.341580934242,1605.3654350183851,0.5190972795783019,0.4809027204216981,0.33191519043262474,2.0
2025-09-10,56492,FINAL,Cushing,4101,7.0,1.0,Thayer,4390,0.0,0.0,Independent,ISL,,,0,2025,1544.9229797589087,1461.379976736453,1564.6830442757077,1441.619912219654,0.683247254599646,0.31675274540035403,3.3385750755613914,7.0
2025-09-10,52633,FINAL,Marshfield,4234,0.0,0.0,Hingham,4171,9.0,1.0,Patriot,Patriot,4:00 P.M.,,0,2025,1486.4693109450527,1722.0482065865206,1468.8040600507093,1739.713457480864,0.25573069949499466,0.7442693005050054,-4.639472391036696,-9.0
2025-09-10,52802,FINAL,Hopkinton,4180,4.0,1.0,Ashland,4015,1.0,0.0,Tri-Valley,Tri-Valley,4:00 P.M.,,0,2025,1599.474345563446,1435.4669986949987,1608.8669595892293,1426.0743846692153,0.7741553720669727,0.2258446279330273,5.350183671711181,3.0
2025-09-10,52777,FINAL,Dedham,4108,0.0,0.0,Westwood,4424,3.0,1.0,Tri-Valley,Tri-Valley,4:00 P.M.,,0,2025,1557.1256256585823,1507.8703436782414,1530.54716978804,1534.4487995487837,0.6390767746486221,0.3609232253513779,2.4813820495085226,-3.0
2025-09-10,53410,UPCOMING,Loomis Chaffee (Conn.),4215,,,Westminster,4422,,,Founders,Independent,3:00 P.M.,,0,2025,1479.8952542162624,1492.956054594251,,,0.5529603796634024,0.4470396203365976,0.9234799905502825,
2025-09-10,53268,UPCOMING,Austin Prep,4020,,,St. Paul’s,4375,,,Independent,Independent,3:30 P.M.,,0,2025,1394.0791901654575,1512.6768859333586,,,0.40254307504048914,0.5974569249595109,-1.7149423941975273,
2025-09-10,53185,UPCOMING,Worcester Academy,4441,,,Hamden Hall Country Day,4162,,,Independent,Independent,5:00 P.M.,,0,2025,1403.2577959883347,1502.7555,,,0.42924512391824543,0.5707548760817546,-1.2374426002916323,
2025-09-10,52109,UPCOMING,Swampscott,4383,,,Peabody,4306,,,Northeastern,Northeastern,4:30 P.M.,,0,2025,1431.8654037813865,1391.3518619325118,,,0.62739041373944,0.37260958626055996,2.262838546221866,
2025-09-10,51503,SUSPENDED,Southeastern,4358,,,Mashpee,4237,,,Mayflower,South Shore,4:00 P.M.,,0,2025,1437.2030310745904,1420.7010479248893,,,0.5945521531836128,0.40544784681638724,1.662549578742528,
2025-09-10,56489,FINAL,Dexter Southfield,4113,6.0,1.0,Brooks,4060,1.0,0.0,Independent,ISL,,,0,2025,1538.8172371283003,1511.1129972957897,1559.7809592016085,1490.1492752224815,0.6099974646273248,0.39000253537267515,1.9426059958127666,5.0
2025-09-10,52513,FINAL,Duxbury,4123,3.0,1.0,Silver Lake,4349,0.0,0.0,Patriot,Patriot,4:00 P.M.,,0,2025,1547.0246347090701,1527.3142460375793,1563.7019048819104,1510.636975864739,0.5989964171013008,0.4010035828986992,1.7427597167872704,3.0
2025-09-10,56420,FINAL,Needham,4272,0.0,0.0,Walpole,4404,8.0,1.0,Bay State,Bay State,4:00 P.M.,,0,2025,1474.6077888444388,1744.9808005536765,1460.1389127939399,1759.4496766041755,0.21950230910609356,0.7804976908939064,-5.509325292730944,-8.0
2025-09-10,56419,FINAL,Wellesley,4413,10.0,1.0,Framingham,4143,0.0,0.0,Bay State,Bay State,,,0,2025,1636.4853459387969,1260.3486401351838,1642.1839334382491,1254.6500526357315,0.920783480912104,0.07921651908789595,10.653417645090325,10.0
2025-09-10,53080,FINAL,Monty Tech,4259,3.0,2.0,St. Bernard’s,4365,3.0,2.0,CMAC,CMAC,4:00 P.M.,,0,2025,1499.598692275532,1485.0166327577444,1499.598692275532,1485.0166327577444,0.5918852070090806,0.40811479299091935,1.6145514879446865,0.0
2025-09-10,53023,FINAL,Malden Catholic,4228,2.0,2.0,Notre Dame (Hingham),4449,2.0,2.0,Independent,Independent,4:00 P.M.,,0,2025,1642.7129614782134,1629.517867699842,1642.7129614782134,1629.517867699842,0.5899552054234355,0.4100447945765645,1.5798773444592826,0.0
2025-09-10,52928,FINAL,Medfield,4241,7.0,1.0,Nipmuc,4281,2.0,0.0,Tri-Valley,CMAC,4:00 P.M.,,0,2025,1590.992652914446,1465.1987554684788,1605.3230487587698,1450.868359624155,0.7334017932198994,0.2665982067801006,4.394847436149178,5.0
2025-09-10,52915,FINAL,Bellingham,4033,0.0,0.0,Dover-Sherborn,4118,4.0,1.0,Tri-Valley,Tri-Valley,4:30 P.M.,,0,2025,1393.1754199280679,1612.215459399698,1379.9328775089648,1625.458001818801,0.2742684742458787,0.7257315257541213,-4.226000986790751,-4.0
2025-09-10,56460,FINAL,Tilton,4391,0.0,0.0,Holderness,4173,4.0,1.0,Independent,Independent,,,0,2025,1474.203669374685,1515.1790935995828,1449.4351688467034,1539.9475941275643,0.5129844884897716,0.48701551151022837,0.22561439437755554,-4.0
2025-09-10,52826,FINAL,Norwood,4297,2.0,1.0,Holliston,4174,1.0,0.0,Tri-Valley,Tri-Valley,4:30 P.M.,,0,2025,1671.5997836007389,1457.691127146859,1675.3340914959942,1453.9568192516035,0.8204177506120831,0.1795822493879169,6.597716411346999,1.0
2025-09-11,51673,FINAL,Seekonk,4344,1.0,0.0,Somerset Berkley,4350,10.0,1.0,South Coast,South Coast,3:30 P.M.,,0,2025,1482.4811481861275,1750.207375806349,1467.1373846037823,1765.5511393886943,0.22212372851468504,0.7778762714853149,-5.44315569050554,-9.0
2025-09-11,51530,FINAL,Carver,4077,8.0,1.0,Wareham/Bourne,4407,0.0,0.0,South Shore,Mayflower,4:00 P.M.,,0,2025,1369.1028284678994,1318.2827943521104,1392.7569312999253,1294.6286915200844,0.6411517955270828,0.3588482044729172,2.520500852894725,8.0
2025-09-11,51456,FINAL,Mansfield,4230,1.0,1.0,Stoughton,4381,0.0,0.0,Hockomock,Hockomock,7:00 P.M.,,0,2025,1419.599310684758,1418.165230469782,1428.46847067769,1409.29607047685,0.5734835620448693,0.4265164379551307,1.2858520053743974,1.0
2025-09-11,51437,FINAL,Canton,4071,10.0,1.0,North Attleborough,4284,1.0,0.0,Hockomock,Hockomock,6:30 P.M.,,0,2025,1714.2457434012401,1521.2432739670403,1727.9231747386739,1507.5658426296065,0.8019989014513986,0.19800109854860137,6.075061735854996,9.0
2025-09-11,51389,FINAL,Sharon,4345,0.0,0.0,King Philip,4197,5.0,1.0,Hockomock,Hockomock,3:45 P.M.,,0,2025,1323.4288770508135,1615.759669815246,1312.7527248418774,1626.4358220241822,0.1986157999495288,0.8013842000504712,-6.058269819110814,-5.0
2025-09-11,51377,FINAL,Taunton,4388,0.0,0.0,Franklin,4144,7.0,1.0,Hockomock,Hockomock,3:45 P.M.,,0,2025,1338.4068949314492,1697.8591670800324,1329.415194763649,1706.8508672478326,0.14413645823606466,0.8558635417639353,-7.736306803714581,-7.0
2025-09-11,50668,FINAL,Bishop Feehan,4042,6.0,1.0,Bishop Fenwick,4043,0.0,0.0,Catholic Central,Catholic Central,4:00 P.M.,,0,2025,1634.2777116328605,1441.6058522082521,1645.854134566308,1430.0294292748047,0.801696514797673,0.198303485202327,6.066796485615209,6.0
2025-09-11,51279,FINAL,Wayland,4411,1.0,2.0,Newton South,4280,1.0,2.0,Dual County,Dual County,4:00 P.M.,,0,2025,1441.4329169910907,1382.56335231939,1441.4329169910907,1382.56335231939,0.6517416363961401,0.34825836360385987,2.7217391167925142,0.0
2025-09-11,51703,FINAL,West Bridgewater,4415,7.0,1.0,Apponequet,4011,0.0,0.0,South Coast,South Coast,3:45 P.M.,,0,2025,1575.5895013000345,1491.4963409989766,1595.3068334953248,1471.7790088036863,0.6839322513588283,0.3160677486411717,3.352329007526447,7.0
2025-09-11,48781,FINAL,Nantucket,4265,3.0,1.0,Nauset,4271,0.0,0.0,Cape & Islands,Cape & Islands,4:00 P.M.,,0,2025,1587.510347453773,1462.0271489011807,1598.6124048253068,1450.9250915296468,0.7330519481070563,0.2669480518929437,4.3870799638148075,3.0
2025-09-11,48765,FINAL,Falmouth,4134,8.0,1.0,Martha’s Vineyard,4235,0.0,0.0,Cape & Islands,Cape & Islands,3:00 P.M.,,0,2025,1420.0142502335493,1381.5216258996986,1444.7549859927171,1356.7808901405308,0.6246668636066022,0.3753331363933978,2.2123156083462674,8.0
2025-09-11,48746,FINAL,St. John Paul II,4689,0.0,0.0,Dennis-Yarmouth,4111,3.0,1.0,Cape & Islands,Cape & Islands,4:00 P.M.,,0,2025,1595.0432431485547,1645.0257517006971,1574.2477808486856,1665.8212140005662,0.500025172216911,0.499974827783089,0.00043728619643843556,-3.0
2025-09-11,48734,FINAL,Westport,4461,1.0,1.0,New Bedford,4273,0.0,0.0,Mayflower,Big Three,3:30 P.M.,,0,2025,1558.0667983220408,1486.6281647235376,1564.970988059495,1479.7239749860832,0.6679786568139433,0.3320213431860567,3.03596583996258,1.0
2025-09-11,48619,FINAL,Arlington Catholic,4014,1.0,2.0,Framingham,4143,1.0,2.0,Catholic Central,Bay State,4:00 A.M.,,0,2025,1307.358905396394,1254.6500526357315,1307.358905396394,1254.6500526357315,0.6436495360078043,0.3563504639921957,2.5677213190165618,0.0
2025-09-11,51362,FINAL,Attleboro,4018,12.0,1.0,Milford,4249,0.0,0.0,Hockomock,Hockomock,3:45 P.M.,,0,2025,1545.4607931340167,1313.8710132270394,1558.1628611381254,1301.1689452229307,0.8349276309990564,0.16507236900094358,7.039744497674434,12.0
2025-09-11,51728,FINAL,Joseph Case,4078,0.0,0.0,Old Rochester,4301,4.0,1.0,South Coast,South Coast,3:45 P.M.,,0,2025,1562.0854256005114,1521.0693664730927,1531.7604092985864,1551.3943827750177,0.6280664006491918,0.37193359935080816,2.2754014781854663,-4.0
2025-09-11,51990,FINAL,Stoneham,4380,1.0,0.0,Wakefield,4402,2.0,1.0,Middlesex,Middlesex,6:00 P.M.,,0,2025,1463.2802628392933,1328.3943965458304,1447.819422653606,1343.8552367315178,0.7435092487955999,0.2564907512044001,4.622146657336572,-1.0
2025-09-11,51832,FINAL,Lexington,4209,1.0,2.0,Reading,4328,1.0,2.0,Middlesex,Middlesex,4:15 P.M.,,0,2025,1510.506869699084,1636.6106748463192,1510.506869699084,1636.6106748463192,0.3921964835768861,0.6078035164231139,-1.9025951286808778,0.0
2025-09-11,48831,UPCOMING,Sturgis East,4456,,,Middleborough,4247,,,Cape & Islands,South Shore,5:30 P.M.,,0,2025,1393.2860183054322,1408.5905133620483,,,0.5497655286296057,0.4502344713703943,0.8673876235845966,
2025-09-11,51761,UPCOMING,Fairhaven,4133,,,Dighton-Rehoboth,4114,,,South Coast,South Coast,3:30 P.M.,,0,2025,1337.418358152738,1374.9496257227213,,,0.5179362487722313,0.4820637512277687,0.3117183107504161,
2025-09-11,51802,FINAL,Arlington,4013,0.0,0.0,Belmont,4034,6.0,1.0,Middlesex,Middlesex,4:15 P.M.,,0,2025,1516.9501566485712,1659.465954634778,1495.355274711251,1681.0608365720982,0.3699191343753118,0.6300808656246881,-2.3128949496551683,-6.0
2025-09-11,55944,FINAL,Blackstone Valley,4046,1.0,0.0,Northbridge,4292,2.0,1.0,CMAC,CMAC,3:30 P.M.,,0,2025,1590.278001980262,1512.0364212440447,1576.20837505943,1526.1060481648767,0.676606032861409,0.32339396713859103,3.20603951840543,-1.0
2025-09-11,55920,FINAL,Hopedale,4507,2.0,0.0,Doherty,4116,3.0,1.0,CMAC,CMAC,4:00 P.M.,,0,2025,1558.8670656711865,1659.1286547640093,1549.9635591753354,1668.0321612598605,0.42816815560290816,0.5718318443970918,-1.256539727320569,-1.0
2025-09-11,56560,FINAL,Swampscott,4383,5.0,1.0,Peabody,4306,2.0,0.0,Northeastern,Northeastern,,,0,2025,1504.2371691659507,1422.2174931332115,1517.489598712637,1408.9650635865253,0.6813464268877539,0.31865357311224607,3.30049190081848,3.0
2025-09-11,52653,FINAL,Norwell,4296,1.0,0.0,Marshfield,4234,2.0,1.0,South Shore,Patriot,4:00 P.M.,,0,2025,1499.731923388561,1468.8040600507093,1486.955772432793,1481.5802110064772,0.6144029875178407,0.3855970124821593,2.0231965834462926,-1.0
2025-09-11,52164,FINAL,Saugus,4341,0.0,0.0,Marblehead,4231,1.0,1.0,Northeastern,Northeastern,4:00 P.M.,,0,2025,1452.2186323949188,1407.4475459591513,1439.0536533571033,1420.6125249969668,0.6331016657087899,0.3668983342912101,2.369277160894188,-1.0
2025-09-11,52001,FINAL,Burlington,4065,1.0,2.0,Melrose,4244,1.0,2.0,Middlesex,Middlesex,4:15 P.M.,,0,2025,1380.7790533689667,1411.0473820310579,1380.7790533689667,1411.0473820310579,0.5283656676684765,0.4716343323315235,0.4932917834477223,0.0
2025-09-11,51954,FINAL,Woburn,4438,0.0,0.0,Winchester,4434,6.0,1.0,Middlesex,Middlesex,4:00 P.M.,,0,2025,1362.9592209725765,1653.1838169382047,1351.25149845477,1664.8915394560113,0.2005526398275256,0.7994473601724744,-6.005614899140705,-6.0
2025-09-11,55803,FINAL,Sutton,4512,2.0,1.0,Notre Dame (Worcester),4451,1.0,0.0,CMAC,CMAC,3:30 P.M.,,0,2025,1680.9441494703358,1514.40656558889,1685.587713690136,1509.7630013690898,0.7766917642681592,0.22330823573184078,5.413439597036143,1.0
2025-09-11,52762,FINAL,Sandwich,4340,6.0,1.0,Barnstable,4024,0.0,0.0,Cape & Islands,Southeast,4:00 P.M.,,0,2025,1765.80045327503,1440.3282229625904,1771.8291639772633,1434.299512260357,0.8967285187831808,0.10327148121681917,9.386805757810986,6.0
2025-09-12,53748,UPCOMING,Greenwich Academy (Conn.),4159,,,King (Conn.),4199,,,Independent,Independent,4:00 P.M.,,0,2025,1553.1670664572282,1511.8149268979334,,,0.6285182172398553,0.37148178276014465,2.283803488982369,
2025-09-12,51302,UPCOMING,Tyngsborough,4397,,,Bedford,4031,,,Mid-Wach,Dual County,4:00 P.M.,,0,2025,1512.0329346471694,1571.093970119569,,,0.48696307731606925,0.5130369226839308,-0.22652588680998634,
2025-09-12,48664,UPCOMING,Notre Dame (Hingham),4449,,,Milton,4252,,,Independent,Bay State,4:00 P.M.,,0,2025,1516.5356256721636,1580.1776831372706,,,0.4803775843369215,0.5196224156630784,-0.34105143662767434,
2025-09-12,48605,POSTPONED,Brookline,4059,,,Canton,4071,,,Bay State,Hockomock,4:00 P.M.,,0,2025,1506.615361962656,1746.6841648306488,,,0.25084250175327966,0.7491574982467204,-4.751720071699822,
2025-09-12,48649,FINAL,Braintree,4051,2.0,0.0,Attleboro,4018,3.0,1.0,Bay State,Hockomock,4:00 P.M.,,0,2025,1474.6162579951945,1558.1628611381254,1465.2198433370058,1567.559275796314,0.4518720276501653,0.5481279723498347,-0.8386650785732741,-1.0
2025-09-12,56629,FINAL,North Andover,4283,3.0,2.0,Ipswich,4190,3.0,2.0,Merrimack Valley,Cape Ann,5:00 P.M.,,0,2025,1489.5307100050734,1535.06493863898,1489.5307100050734,1535.06493863898,0.5064264077052513,0.49357359229474873,0.11164428415233374,0.0
2025-09-12,56636,FINAL,Northampton,4291,0.0,0.0,Southwick,4519,3.0,1.0,Valley,Valley,,,0,2025,1419.529344858489,1530.536307737486,1402.3491960174379,1547.716456578537,0.4130952589119755,0.5869047410880245,-1.525174071974925,-3.0
2025-09-12,52988,FINAL,Auburn,4019,0.0,0.0,Medway,4243,3.0,1.0,CMAC,Tri-Valley,4:00 P.M.,,0,2025,1602.9281134597027,1528.2315123634628,1574.975225666863,1556.1844001563024,0.6721248766209251,0.3278751233790749,3.117415027405997,-3.0
2025-09-12,52961,FINAL,Uxbridge,4398,7.0,1.0,Medfield,4241,1.0,0.0,CMAC,Tri-Valley,7:15 P.M.,,0,2025,1769.7252581850694,1605.3230487587698,1782.8862734862803,1592.162033457559,0.7745525350934913,0.2254474649065087,5.360055235657489,6.0
2025-09-12,52922,FINAL,Bellingham,4033,2.0,0.0,Ursuline,4448,3.0,1.0,Tri-Valley,Independent,4:00 P.M.,,0,2025,1379.9328775089648,1466.8056876796877,1370.634985443724,1476.1035797449285,0.4471340924414579,0.552865907558542,-0.9218202542680729,-1.0
2025-09-12,52803,FINAL,Hopkinton,4180,0.0,2.0,Natick,4270,0.0,2.0,Tri-Valley,Bay State,4:00 P.M.,,0,2025,1608.8669595892293,1623.8724934218726,1608.8669595892293,1623.8724934218726,0.5501914696901514,0.4498085303098486,0.8748616541839169,0.0
2025-09-12,52668,FINAL,Plymouth North,4315,1.0,0.0,Whitman-Hanson,4427,2.0,1.0,Patriot,Patriot,4:00 P.M.,,0,2025,1320.9954918132482,1365.7820649928988,1310.4422810475528,1376.3352757585942,0.5075021612374923,0.49249783876250774,0.1303356705087367,-1.0
2025-09-12,52619,FINAL,Pembroke,4308,1.0,1.0,Silver Lake,4349,0.0,0.0,Patriot,Patriot,4:00 P.M.,,0,2025,1412.3284030635648,1510.636975864739,1424.1620274661684,1498.8033514621354,0.4309229586207034,0.5690770413792966,-1.2077143200293563,1.0
2025-09-12,52597,FINAL,Scituate,4343,3.0,0.0,Hingham,4171,6.0,1.0,Patriot,Patriot,4:00 P.M.,,0,2025,1618.2696213251106,1739.713457480864,1601.6919336865526,1756.291145119422,0.3986091290925638,0.6013908709074363,-1.7860959038938347,-3.0
2025-09-12,52580,FINAL,Marshfield,4234,1.0,1.0,Plymouth South,4316,0.0,0.0,Patriot,Patriot,4:00 P.M.,,0,2025,1481.5802110064772,1430.4165607765449,1489.032788878144,1422.963982904878,0.6416067620902491,0.35839323790975086,2.5290912557483067,1.0
2025-09-12,52515,FINAL,Duxbury,4123,0.0,0.0,Hanover,4164,1.0,1.0,Patriot,Patriot,4:00 P.M.,,0,2025,1563.7019048819104,1570.921280940813,1552.0308937887235,1582.592292034,0.5612569942100281,0.43874300578997194,1.069515598527437,-1.0
2025-09-12,52039,FINAL,Danvers,4103,0.0,0.0,Beverly,4038,5.0,1.0,Northeastern,Northeastern,5:00 P.M.,,0,2025,1399.0489793185427,1603.6913304282061,1383.403155659213,1619.3371540875357,0.29107001484729295,0.7089299851527071,-3.8660587777415856,-5.0
2025-09-12,52016,FINAL,Wilmington,4432,0.0,0.0,Watertown,4409,7.0,1.0,Middlesex,Middlesex,4:15 P.M.,,0,2025,1382.1314273111402,1750.9248112253124,1373.5456710775343,1759.5105674589183,0.13762919933894055,0.8623708006610594,-7.969834597854304,-7.0
2025-09-12,52095,FINAL,Gloucester,4150,2.0,2.0,Masconomet,4236,2.0,2.0,Northeastern,Northeastern,4:30 P.M.,,0,2025,1519.8447752241277,1650.3391839488133,1519.8447752241277,1650.3391839488133,0.38618831546465604,0.613811684535344,-2.0123602181171405,0.0
2025-09-12,51548,FINAL,Dracut,4119,0.0,0.0,Tewksbury,4389,6.0,1.0,Merrimack Valley,Merrimack Valley,5:30 P.M.,,0,2025,1340.9600102759546,1424.9213223891334,1314.6154529535324,1451.2658797115555,0.4512808112819198,0.5487191887180802,-0.8490328028294698,-6.0
2025-09-12,48642,FINAL,Lincoln-Sudbury,4211,1.0,0.0,Wellesley,4413,2.0,1.0,Dual County,Bay State,4:00 P.M.,,0,2025,1647.6578997628972,1642.1839334382491,1635.6145668214206,1654.2272663797257,0.5791618903480992,0.4208381096519008,1.3868491581162004,-1.0
2025-09-12,48685,FINAL,Weymouth,4425,3.0,1.0,Brockton,4058,1.0,0.0,Bay State,Big Three,4:00 P.M.,,0,2025,1298.6340188821785,1314.8935364697845,1313.5178735792958,1300.0096817726671,0.5484043870423224,0.4515956129576776,0.8435120603098483,2.0
2025-09-12,48804,FINAL,Wachusett,4400,0.0,0.0,Monomoy,4706,7.0,1.0,Mid-Wach,Cape & Islands,4:00 P.M.,,0,2025,1570.8499840614743,1671.9556816999384,1544.2136557496342,1698.5920100117785,0.4269788751442451,0.5730211248557548,-1.2776424409616027,-7.0
2025-09-12,51580,FINAL,Methuen,4246,5.0,1.0,Haverhill,4167,1.0,0.0,Merrimack Valley,Merrimack Valley,4:30 P.M.,,0,2025,1487.3424806615715,1353.908890660379,1499.8037919722901,1341.4475793496604,0.7419117317409227,0.25808826825907727,4.585839750029811,4.0
2025-09-12,48887,FINAL,North Reading,4288,6.0,1.0,Malden,4227,0.0,0.0,Cape Ann,Greater Boston,4:15 P.M.,,0,2025,1605.8911677819435,1380.792871480381,1615.832076353688,1370.8519629086366,0.8297127854443753,0.17028721455562468,6.87745740753906,6.0
2025-09-12,48935,FINAL,Greater Lowell,4155,0.0,0.0,Rockport,4490,5.0,1.0,Independent,Cape Ann,4:00 P.M.,,0,2025,1386.5269078415295,1416.2649796743947,1358.084898983078,1444.7069885328463,0.5291262461455524,0.47087375385444763,0.5065482041783695,-5.0
2025-09-12,48874,FINAL,Newburyport,4276,5.0,1.0,Central Catholic,4081,0.0,0.0,Cape Ann,Merrimack Valley,4:00 P.M.,,0,2025,1678.2510868947857,1586.2417508610706,1694.7156003609743,1569.777237394882,0.6936993357841323,0.30630066421586766,3.550233400842876,5.0
2025-09-12,51292,FINAL,Maynard,4239,1.0,2.0,Westford,4421,1.0,2.0,Mid-Wach,Dual County,4:00 P.M.,,0,2025,1581.5451076404854,1397.6372527256233,1581.5451076404854,1397.6372527256233,0.7935538584648972,0.20644614153510277,5.847696372871553,0.0
2025-09-12,51390,FINAL,Westwood,4424,0.0,0.0,King Philip,4197,5.0,1.0,Tri-Valley,Hockomock,3:45 P.M.,,0,2025,1534.4487995487837,1626.4358220241822,1510.8046559077438,1650.079965665222,0.43986826072561586,0.5601317392743841,-1.0496755618849647,-5.0
2025-09-12,51457,FINAL,Mansfield,4230,0.0,2.0,Holliston,4174,0.0,2.0,Hockomock,Tri-Valley,6:30 P.M.,,0,2025,1428.46847067769,1453.9568192516035,1428.46847067769,1453.9568192516035,0.5352166929825974,0.46478330701740256,0.6127912856521618,0.0
2025-09-12,51532,FINAL,Westport,4461,8.0,1.0,Wareham/Bourne,4407,0.0,0.0,Mayflower,Mayflower,3:30 P.M.,,0,2025,1564.970988059495,1294.6286915200844,1573.9735247336828,1285.6261548458967,0.8634256330001281,0.1365743669998719,8.008557413485267,8.0
2025-09-12,51259,FINAL,Concord-Carlisle,4097,6.0,1.0,Chelmsford,4085,1.0,0.0,Dual County,Merrimack Valley,4:30 P.M.,,0,2025,1600.341580934242,1564.6459981942269,1620.720103882601,1544.267475245868,0.6208843263034138,0.37911567369658616,2.1423895685003798,5.0
2025-09-13,53187,FINAL,Thayer,4390,6.0,1.0,Worcester Academy,4441,1.0,0.0,ISL,Independent,2:30 P.M.,,0,2025,1441.619912219654,1500.0828288003588,1469.1508362047919,1472.551904815221,0.4878232921706641,0.5121767078293359,-0.21157291451762034,5.0
2025-09-13,56732,FINAL,Brewster Academy,4052,1.0,0.0,Holderness,4173,4.0,1.0,Independent,Independent,4:00 P.M.,,0,2025,1480.3711408683914,1539.9475941275643,1460.149741978045,1560.1689930179107,0.48622186498233616,0.5137781350176638,-0.23941133147932306,-3.0
2025-09-13,56715,FINAL,Lawrence Academy,4204,2.0,1.0,Proctor,4321,0.0,0.0,ISL,Independent,3:00 P.M.,,0,2025,1535.345601713453,1501.65,1547.9300754316846,1489.0655262817686,0.6181706125070421,0.3818293874929579,2.0923900428363256,2.0
2025-09-13,53583,FINAL,Phillips Andover,4310,8.0,1.0,Dexter Southfield,4113,1.0,0.0,Independent,Independent,2:30 P.M.,,0,2025,1535.8543822309614,1559.7809592016085,1564.7096036751377,1530.9257377574322,0.5374523902081543,0.4625476097918457,0.6518355757338213,7.0
2025-09-13,53413,FINAL,Ethel Walker,4131,0.0,0.0,Westminster,4422,1.0,1.0,Independent,Independent,2:30 P.M.,,0,2025,1501.65,1501.65,1489.7667585412316,1513.5332414587685,0.5714631174083814,0.4285368825916186,1.25,-1.0
2025-09-13,53272,FINAL,Austin Prep,4020,1.0,0.0,Brooks,4060,8.0,1.0,Independent,ISL,2:00 P.M.,,0,2025,1419.494523445989,1490.1492752224815,1390.1550345158819,1519.4887641525886,0.47031039090757815,0.5296896090924219,-0.5163687944123125,-7.0
2025-09-13,51351,FINAL,Revere,4329,0.0,0.0,Lowell,4216,4.0,1.0,Greater Boston,Merrimack Valley,10:00 A.M.,,0,2025,1442.60442169193,1533.1738536573112,1421.2690782633365,1554.5091970859046,0.4418798071003982,0.5581201928996018,-1.0142357991345308,-4.0
2025-09-13,51313,FINAL,Lexington,4209,2.0,2.0,Waltham,4405,2.0,2.0,Middlesex,Dual County,2:00 P.M.,,0,2025,1510.506869699084,1530.097251741815,1510.506869699084,1530.097251741815,0.5436515466216144,0.4563484533783856,0.760240448931728,0.0
2025-09-13,51280,FINAL,Newton South,4280,3.0,2.0,Beverly,4038,3.0,2.0,Dual County,Northeastern,11:30 A.M.,,0,2025,1382.56335231939,1619.3371540875357,1382.56335231939,1619.3371540875357,0.25442371130536307,0.7455762886946369,-4.669345044203641,0.0
2025-09-13,50692,FINAL,St. Mary’s,4374,1.0,1.0,Bishop Stang,4045,0.0,0.0,Catholic Central,Catholic Central,4:00 P.M.,,0,2025,1634.5599295054537,1434.7518004113367,1638.5494112338183,1430.7623186829721,0.8081464831590457,0.1918535168409543,6.245203227352926,1.0
2025-09-13,48927,FINAL,Sandwich,4340,7.0,1.0,Manchester Essex,4229,0.0,0.0,Cape & Islands,Cape Ann,11:30 A.M.,,0,2025,1771.8291639772633,1668.3152530830243,1790.0707883617758,1650.0736286985118,0.7075877662522727,0.2924122337477273,3.837847772355974,7.0
2025-09-13,48676,FINAL,Walpole,4404,6.0,1.0,Winchester,4434,1.0,0.0,Bay State,Middlesex,11:00 A.M.,,0,2025,1759.4496766041755,1664.8915394560113,1775.7470919536624,1648.5941241065243,0.696807976937731,0.303192023062269,3.6139534287041046,5.0
2025-09-13,48631,FINAL,Newton North,4279,0.0,0.0,Andover,4009,4.0,1.0,Bay State,Merrimack Valley,2:00 P.M.,,0,2025,1461.4799007571444,1696.4084650075165,1449.0979856121082,1708.7903801525526,0.256443881212124,0.743556118787876,-4.623214106259303,-4.0
2025-09-14,48792,FINAL,Martha’s Vineyard,4235,0.0,0.0,Nantucket,4265,3.0,1.0,Cape & Islands,Cape & Islands,,,0,2025,1356.7808901405308,1598.6124048253068,1346.4277458058943,1608.9655491599433,0.24894049981979627,0.7510595001802037,-4.795787867119401,-3.0
2025-09-15,48904,FINAL,Amesbury,4007,0.0,0.0,Triton,4395,6.0,1.0,Cape Ann,Cape Ann,4:00 P.M.,,0,2025,1326.024749804722,1481.597648845562,1305.4421966854616,1502.1802019648223,0.35257799765750814,0.6474220023424919,-2.639322476020999,-6.0
2025-09-15,50656,FINAL,Gloucester,4150,4.0,1.0,Bishop Fenwick,4043,0.0,0.0,Northeastern,Catholic Central,7:00 P.M.,,0,2025,1519.8447752241277,1430.0294292748047,1534.7638184710297,1415.1103860279027,0.6910092413498025,0.30899075865019754,3.495383648733076,4.0
2025-09-15,50669,FINAL,St. Mary’s,4374,2.0,1.0,Bishop Feehan,4042,1.0,0.0,Catholic Central,Catholic Central,5:45 P.M.,,0,2025,1638.5494112338183,1645.854134566308,1647.675331363145,1636.7282144369813,0.5611360095290574,0.4388639904709426,1.0673819166877592,1.0
2025-09-15,51242,FINAL,Hingham,4171,3.0,1.0,Acton-Boxborough,4003,0.0,0.0,Patriot,Dual County,4:00 P.M.,,0,2025,1756.291145119422,1552.453271485822,1764.121598095397,1544.6228185098469,0.8117174053941083,0.1882825946058917,6.345946840840003,3.0
2025-09-15,51260,FINAL,Reading,4328,1.0,2.0,Concord-Carlisle,4097,1.0,2.0,Middlesex,Dual County,4:30 P.M.,,0,2025,1636.6106748463192,1620.720103882601,1636.6106748463192,1620.720103882601,0.593703444112893,0.406296555887107,1.647264274092953,0.0
2025-09-15,51330,FINAL,Marblehead,4231,3.0,1.0,Everett,4132,0.0,0.0,Northeastern,Greater Boston,4:00 P.M.,,0,2025,1420.6125249969668,1468.6247235502653,1441.2879695318031,1447.949279015429,0.502860645023616,0.49713935497638395,0.04969503616753741,3.0
2025-09-15,51326,FINAL,Weston,4423,2.0,2.0,Malden Catholic,4228,2.0,2.0,Dual County,Independent,4:00 P.M.,,0,2025,1509.8546780099964,1642.7129614782134,1509.8546780099964,1642.7129614782134,0.38296772370904925,0.6170322762909508,-2.0714570867054247,0.0
2025-09-15,51344,FINAL,Malden,4227,0.0,0.0,Peabody,4306,8.0,1.0,Greater Boston,Northeastern,4:00 P.M.,,0,2025,1345.5611376640786,1408.9650635865253,1313.873659221959,1440.6525420286448,0.4807197645151582,0.5192802354848418,-0.3350981480611665,-8.0
2025-09-15,51518,FINAL,Chelmsford,4085,1.0,2.0,North Andover,4283,1.0,2.0,Merrimack Valley,Merrimack Valley,6:00 P.M.,,0,2025,1544.267475245868,1489.5307100050734,1544.267475245868,1489.5307100050734,0.6463225369330587,0.35367746306694126,2.618419131019863,0.0
2025-09-15,48896,FINAL,Rockport,4490,0.0,0.0,Pentucket,4309,1.0,1.0,Cape Ann,Cape Ann,4:00 P.M.,,0,2025,1444.7069885328463,1476.1047852542413,1433.753630634726,1487.0581431523615,0.5267451706899944,0.4732548293100056,0.46505508196512435,-1.0
2025-09-15,51281,FINAL,Newton South,4280,1.0,0.0,Waltham,4405,2.0,1.0,Dual County,Dual County,5:45 P.M.,,0,2025,1382.56335231939,1530.097251741815,1375.0105718422867,1537.6500322189183,0.36321196464133093,0.636788035358669,-2.438347485560621,-1.0
2025-09-15,48888,FINAL,Manchester Essex,4229,3.0,1.0,North Reading,4288,1.0,0.0,Cape Ann,Cape Ann,4:30 P.M.,,0,2025,1650.0736286985118,1615.832076353688,1662.6336629982902,1603.2720420539097,0.6189121364187686,0.38108786358123137,2.1060388086205934,2.0
2025-09-15,51554,FINAL,Wakefield,4402,1.0,2.0,Tewksbury,4389,1.0,2.0,Middlesex,Merrimack Valley,4:15 P.M.,,0,2025,1343.8552367315178,1451.2658797115555,1343.8552367315178,1451.2658797115555,0.4181232945865951,0.5818767054134049,-1.4352660745009416,0.0
2025-09-15,48842,FINAL,Essex Tech,4745,2.0,2.0,Stoneham,4380,2.0,2.0,Cape Ann,Middlesex,4:00 P.M.,,0,2025,1491.4826324225642,1447.819422653606,1491.4826324225642,1447.819422653606,0.6316190327738257,0.3683809672261743,2.3415802442239566,0.0
2025-09-15,48782,FINAL,Nauset,4271,7.0,1.0,Sturgis East,4456,0.0,0.0,Cape & Islands,Cape & Islands,4:00 P.M.,,0,2025,1450.9250915296468,1470.8532037681618,1479.423681225946,1442.3546140718627,0.5431691774757749,0.45683082252422513,0.751797194037124,7.0
2025-09-15,48766,FINAL,Falmouth,4134,4.0,1.0,Notre Dame (Hingham),4449,3.0,0.0,Cape & Islands,Independent,4:00 P.M.,,0,2025,1444.7549859927171,1629.517867699842,1458.9942746959669,1615.2785789965924,0.315234960067844,0.684765039932156,-3.369072042678124,1.0
2025-09-15,48747,FINAL,Dennis-Yarmouth,4111,3.0,1.0,Scituate,4343,0.0,0.0,Cape & Islands,Patriot,4:00 P.M.,,0,2025,1665.8212140005662,1601.6919336865526,1680.0203946548586,1587.4927530322602,0.6585818747560995,0.34141812524390047,2.85323200785034,3.0
2025-09-15,48717,FINAL,Durfee,4122,5.0,1.0,Fairhaven,4133,0.0,0.0,Big Three,South Coast,5:15 P.M.,,0,2025,1559.6221960942735,1409.9879597499294,1572.5571372918962,1397.0530185523066,0.7593623954597094,0.2406376045402906,4.990855908608603,5.0
2025-09-15,48700,FINAL,Brockton,4058,0.0,0.0,New Bedford,4273,8.0,1.0,Big Three,Big Three,6:30 P.M.,,0,2025,1300.0096817726671,1479.7239749860832,1278.8146979159455,1500.9189588428048,0.32154176190184325,0.6784582380981568,-3.242857330335403,-8.0
2025-09-15,48686,FINAL,East Bridgewater,4126,4.0,1.0,Weymouth,4425,0.0,0.0,South Shore,Bay State,4:00 P.M.,,0,2025,1489.3565757424037,1313.5178735792958,1499.6968740583325,1303.177575263367,0.7858403807515171,0.21415961924848292,5.645967554077697,4.0
2025-09-15,48665,FINAL,Milton,4252,3.0,1.0,Needham,4272,0.0,0.0,Bay State,Bay State,4:30 P.M.,,0,2025,1488.9209689118745,1460.1389127939399,1505.079373979654,1443.9805077261603,0.6114724856673215,0.3885275143326785,1.969551402948366,3.0
2025-09-15,48632,FINAL,Newton North,4279,1.0,1.0,Braintree,4051,0.0,0.0,Bay State,Bay State,4:30 P.M.,,0,2025,1449.0979856121082,1465.2198433370058,1458.4845716034954,1455.8332573456187,0.5486006313115976,0.45139936868840236,0.8469535568775598,1.0
2025-09-15,48606,FINAL,Framingham,4143,0.0,0.0,Brookline,4059,4.0,1.0,Bay State,Bay State,4:30 P.M.,,0,2025,1254.6500526357315,1521.3903241330988,1243.8777980974041,1532.1625786714262,0.22310593562103762,0.7768940643789624,-5.418506787434183,-4.0
2025-09-15,51352,FINAL,Methuen,4246,5.0,1.0,Revere,4329,0.0,0.0,Merrimack Valley,Greater Boston,4:30 P.M.,,0,2025,1499.8037919722901,1421.2690782633365,1517.167277240146,1403.9055929954807,0.6769751452681204,0.3230248547318796,3.213367842723841,5.0
2025-09-15,48858,FINAL,Hamilton-Wenham,4163,0.0,0.0,Lynnfield,4223,4.0,1.0,Cape Ann,Cape Ann,6:00 P.M.,,0,2025,1502.0073441421434,1635.8834973732683,1483.583266779742,1654.3075747356697,0.38158409674296395,0.618415903257036,-2.0969038307781203,-4.0
2025-09-15,51363,FINAL,Attleboro,4018,1.0,1.0,Oliver Ames,4302,0.0,0.0,Hockomock,Hockomock,3:45 P.M.,,0,2025,1567.559275796314,1506.7653451884494,1574.7489093578467,1499.5757116269167,0.6542517104989348,0.3457482895010652,2.769848265196617,1.0
2025-09-15,51343,FINAL,Northeast,4293,3.0,1.0,Malden,4227,0.0,0.0,Independent,Greater Boston,4:00 P.M.,,0,2025,1244.5205475928208,1370.8519629086366,1269.8113728373787,1345.5611376640786,0.3918841973281125,0.6081158026718875,-1.9082853828953943,3.0
2025-09-15,51391,FINAL,King Philip,4197,4.0,1.0,Foxborough,4142,1.0,0.0,Hockomock,Hockomock,3:45 P.M.,,0,2025,1650.079965665222,1551.5171507237314,1662.4877417623227,1539.1093746266308,0.7016560492708737,0.29834395072912634,3.7140703735372655,3.0
2025-09-15,51378,FINAL,Franklin,4144,10.0,1.0,North Attleborough,4284,0.0,0.0,Hockomock,Hockomock,5:15 P.M.,,0,2025,1706.8508672478326,1507.5658426296065,1720.685823429675,1493.730886447764,0.807679171274554,0.19232082872544598,6.232125615455653,10.0
2025-09-15,56836,FINAL,Minnechaug,4254,2.0,0.0,Frontier,4146,3.0,1.0,Suburban,Suburban,,,0,2025,1499.6534016009834,1624.764585686058,1491.4695637319753,1632.948423555066,0.3935594103019104,0.6064405896980896,-1.8777796021268613,-1.0
2025-09-15,56833,FINAL,Franklin County Tech,4145,0.0,2.0,Mohawk Trail,4258,0.0,2.0,County,Valley,,,0,2025,1535.6003980222172,1375.7674577627015,1535.6003980222172,1375.7674577627015,0.7699263703330124,0.23007362966698763,5.245823506487892,0.0
2025-09-15,56831,FINAL,Wachusett,4400,1.0,0.0,Nashoba,4267,6.0,1.0,Mid-Wach,Mid-Wach,,,0,2025,1544.2136557496342,1590.551766918999,1517.0540033897166,1617.7114192789165,0.5052696865169215,0.4947303134830785,0.09154722076588087,-5.0
2025-09-15,56830,FINAL,Leominster,4208,0.0,0.0,Algonquin,4005,1.0,1.0,Mid-Wach,Mid-Wach,,,0,2025,1451.3017320315741,1569.032295674572,1442.9061084406244,1577.4279192655217,0.40374415066111463,0.5962558493388854,-1.6932640910749455,-1.0
2025-09-15,56827,FINAL,Westborough,4418,4.0,1.0,Quabbin,4325,1.0,0.0,Mid-Wach,Mid-Wach,,,0,2025,1560.6287257189615,1587.665051062226,1580.0507369348372,1568.2430398463503,0.5329993455794366,0.4670006544205634,0.574091866418388,3.0
2025-09-15,56824,FINAL,Grafton,4153,0.0,0.0,Shrewsbury,4348,3.0,1.0,Mid-Wach,Mid-Wach,,,0,2025,1507.5922146470693,1438.7702362915643,1479.9510467395824,1466.4114041990513,0.6646295977418435,0.3353704022581565,2.9705494588876262,-3.0
2025-09-15,56822,FINAL,Palmer,4304,0.0,0.0,North Brookfield,4508,3.0,1.0,County,Independent,,,0,2025,1319.7498460138386,1463.5852717607308,1304.43890411712,1478.8962136574494,0.3681503324289152,0.6318496675710847,-2.3458856436723066,-3.0
2025-09-15,56821,FINAL,Tahanto,4513,3.0,1.0,Gardner,4147,0.0,0.0,Mid-Wach,Mid-Wach,,,0,2025,1476.0122015885254,1418.1832108168082,1490.5524544878551,1403.6429579174785,0.6503808208144264,0.3496191791855736,2.6957247692929287,3.0
2025-09-15,56818,FINAL,Bromfield,4505,1.0,0.0,Narragansett,4266,2.0,1.0,Mid-Wach,Mid-Wach,,,0,2025,1515.8142075852227,1540.43609875364,1504.6588933180797,1551.591413020783,0.5364572190921746,0.4635427809078254,0.634452720789568,-1.0
2025-09-15,56815,FINAL,Shepherd Hill,4347,4.0,1.0,Littleton,4212,1.0,0.0,Mid-Wach,Mid-Wach,,,0,2025,1465.8209340542908,1397.4208965217388,1479.7911218271483,1383.4507087488812,0.6640879896635142,0.33591201033648577,2.9600009383138,3.0
2025-09-15,56814,FINAL,North Middlesex,4286,0.0,0.0,Oakmont,4299,1.0,1.0,Mid-Wach,Mid-Wach,,,0,2025,1540.1584392471877,1474.0654499244563,1526.4108555345233,1487.8130336371207,0.661119028215566,0.338880971784434,2.902324733068286,-1.0
2025-09-15,56812,FINAL,Marlborough,4233,4.0,1.0,Groton-Dunstable,4160,2.0,0.0,Mid-Wach,Mid-Wach,,,0,2025,1579.9488144067539,1513.7209600033946,1591.112046575128,1502.5577278350204,0.6612929394801106,0.3387070605198894,2.905696360083982,2.0
2025-09-15,56811,FINAL,Tantasqua,4387,1.0,2.0,Belchertown,4032,1.0,2.0,CMAC,County,,,0,2025,1430.1681482693505,1616.2122641112687,1430.1681482693505,1616.2122641112687,0.3136450711874624,0.6863549288125377,-3.4011028960479566,0.0
2025-09-15,56809,FINAL,Clinton,4093,3.0,0.0,Lunenburg,4219,4.0,1.0,Mid-Wach,Mid-Wach,,,0,2025,1643.3704344574694,1510.1104142984063,1627.9467929633608,1525.534055792515,0.7417203698666567,0.2582796301333433,4.581500503976576,-1.0
2025-09-15,56806,FINAL,Quaboag,4510,3.0,1.0,Oxford,4303,0.0,0.0,CMAC,CMAC,3:30 P.M.,,0,2025,1539.068509805193,1336.994340266134,1546.9636988086145,1329.0991512627124,0.810160832964709,0.18983916703529102,6.301854238476471,3.0
2025-09-15,56805,FINAL,Maynard,4239,2.0,1.0,Fitchburg,4139,0.0,0.0,Mid-Wach,Mid-Wach,,,0,2025,1581.5451076404854,1335.1761801585697,1586.6100997287829,1330.1111880702722,0.8463215172892357,0.15367848271076434,7.409223187047894,2.0
2025-09-15,56797,FINAL,Northampton,4291,1.0,2.0,Hampshire,4518,1.0,2.0,Valley,County,,,0,2025,1402.3491960174379,1439.7627658801603,1402.3491960174379,1439.7627658801603,0.5181054093613834,0.4818945906386166,0.31466075343194005,0.0
2025-09-15,56795,FINAL,Wellesley,4413,1.0,1.0,Natick,4270,0.0,0.0,Bay State,Bay State,,,0,2025,1654.2272663797257,1623.8724934218726,1662.2617891753025,1615.8379706262958,0.6136211268970645,0.3863788731029355,2.0088693239463282,1.0
2025-09-15,56789,FINAL,Pingree,4312,0.0,0.0,Nobles,4282,1.0,1.0,EIL,ISL,,,0,2025,1536.7377681339747,1499.6709541377575,1523.7882422564908,1512.6204800152414,0.6227405588436388,0.37725944115636123,2.17667034990543,-1.0
2025-09-15,56781,FINAL,Ipswich,4190,2.0,0.0,Newburyport,4276,4.0,1.0,Cape Ann,Cape Ann,,,0,2025,1535.06493863898,1694.7156003609743,1523.6205240409388,1706.1600149590156,0.347238503097266,0.652761496902734,-2.741266543049858,-2.0
2025-09-15,53275,FINAL,Austin Prep,4020,0.0,0.0,Rivers,4330,9.0,1.0,Independent,ISL,5:30 P.M.,,0,2025,1390.1550345158819,1526.3753556250315,1364.0157490115907,1552.5146411293226,0.3784049151802446,0.6215950848197553,-2.1555080277287404,-9.0
2025-09-15,53070,FINAL,Uxbridge,4398,8.0,1.0,Notre Dame (Worcester),4451,0.0,0.0,CMAC,CMAC,7:00 P.M.,,0,2025,1782.8862734862803,1509.7630013690898,1791.7650975089177,1500.8841773464524,0.8653024348046439,0.13469756519535614,8.078081802929763,8.0
2025-09-15,52968,FINAL,Medfield,4241,7.0,1.0,Medway,4243,2.0,0.0,Tri-Valley,Tri-Valley,4:00 P.M.,,0,2025,1592.162033457559,1556.1844001563024,1612.5200173376104,1535.826416276251,0.6212664287128095,0.37873357128719054,2.149440832531411,5.0
2025-09-15,52889,FINAL,Westwood,4424,4.0,1.0,Ashland,4015,1.0,0.0,Tri-Valley,Tri-Valley,5:30 P.M.,,0,2025,1510.8046559077438,1426.0743846692153,1523.9165946474327,1412.9624459295264,0.6847245167301835,0.31527548326981647,3.3682567809632133,3.0
2025-09-15,52805,FINAL,Hopkinton,4180,2.0,0.0,Norwood,4297,3.0,1.0,Tri-Valley,Tri-Valley,6:00 P.M.,,0,2025,1608.8669595892293,1675.3340914959942,1598.9621715098478,1685.2388795753757,0.4763196214393213,0.5236803785606787,-0.41167829766912406,-1.0
2025-09-15,52778,FINAL,Holliston,4174,0.0,2.0,Dedham,4108,0.0,2.0,Tri-Valley,Tri-Valley,4:00 P.M.,,0,2025,1453.9568192516035,1530.54716978804,1453.9568192516035,1530.54716978804,0.461807948210418,0.538192051789582,-0.6647587634109129,0.0
2025-09-15,51705,FINAL,Silver Lake,4349,2.0,2.0,West Bridgewater,4415,2.0,2.0,Patriot,South Coast,3:45 P.M.,,0,2025,1498.8033514621354,1595.3068334953248,1498.8033514621354,1595.3068334953248,0.4334729186192772,0.5665270813807228,-1.162587050829734,0.0
2025-09-15,51567,FINAL,Haverhill,4167,7.0,1.0,Dracut,4119,0.0,0.0,Merrimack Valley,Merrimack Valley,4:00 P.M.,,0,2025,1341.4475793496604,1314.6154529535324,1365.851750709013,1290.2112815941798,0.608802477809528,0.391197522190472,1.9208031599031983,7.0
2025-09-15,56840,FINAL,Simsbury (Conn.),4700,0.0,0.0,Longmeadow,4214,1.0,1.0,Independent,Suburban,,,0,2025,1495.8121537736613,1611.2549083651093,1487.3505207979624,1619.7165413408081,0.40691853106210474,0.5930814689378953,-1.6360688647861992,-1.0
2025-09-15,56842,FINAL,Mahar,4226,2.0,0.0,Turners Falls,4396,3.0,1.0,Valley,Valley,,,0,2025,1418.639299501208,1461.9588315992921,1408.0421996209982,1472.5559314795019,0.5096127814994571,0.4903872185005429,0.16701169754789474,-1.0
2025-09-15,56839,FINAL,Westfield,4419,0.0,0.0,Greenfield,4157,2.0,1.0,Valley,Suburban,,,0,2025,1556.9024689229661,1551.2505338629799,1537.8060088680038,1570.3469939179422,0.579411567724639,0.420588432275361,1.3912983764996567,-2.0
2025-09-15,51405,FINAL,Milford,4249,1.0,0.0,Canton,4071,9.0,1.0,Hockomock,Hockomock,4:00 P.M.,,0,2025,1301.1689452229307,1727.9231747386739,1294.4065429346629,1734.6855770269417,0.10259006381687284,0.8974099361831271,-9.41885573789358,-8.0
2025-09-15,51417,FINAL,Sharon,4345,0.0,0.0,Mansfield,4230,2.0,1.0,Hockomock,Hockomock,3:45 P.M.,,0,2025,1312.7527248418774,1428.46847067769,1299.353851529858,1441.8673439897093,0.4065393360401125,0.5934606639598875,-1.642893645895316,-2.0
2025-09-15,51429,FINAL,Taunton,4388,0.0,0.0,Stoughton,4381,3.0,1.0,Hockomock,Hockomock,3:45 P.M.,,0,2025,1329.415194763649,1409.29607047685,1310.4047873598709,1428.306477880628,0.4571036747784898,0.5428963252215102,-0.7470218928300255,-3.0
2025-09-15,51482,FINAL,Central Catholic,4081,0.0,0.0,Andover,4009,4.0,1.0,Merrimack Valley,Merrimack Valley,7:00 P.M.,,0,2025,1569.777237394882,1708.7903801525526,1551.688883070103,1726.8787344773316,0.37463088168925385,0.6253691183107462,-2.225328568941768,-4.0
2025-09-15,51505,FINAL,Southeastern,4358,2.0,1.0,Bridgewater-Raynham,4053,1.0,0.0,Mayflower,Southeast,3:30 P.M.,,0,2025,1430.3956926581086,1363.156386995918,1437.4118150086797,1356.1402646453469,0.6625958359520313,0.3374041640479687,2.930982641554766,1.0
2025-09-16,48793,FINAL,Wareham/Bourne,4407,0.0,0.0,Martha’s Vineyard,4235,6.0,1.0,Mayflower,Cape & Islands,3:30 P.M.,,0,2025,1285.6261548458967,1346.4277458058943,1257.3446703116833,1374.7092303401078,0.48446026739626685,0.5155397326037332,-0.2700397739999403,-6.0
2025-09-16,48822,FINAL,Barnstable,4024,1.0,0.0,St. John Paul II,4689,2.0,1.0,Southeast,Cape & Islands,3:30 P.M.,,0,2025,1434.299512260357,1574.2477808486856,1426.5354891464233,1582.0118039626193,0.37337058812731366,0.6266294118726863,-2.2487067147082143,-1.0
2025-09-16,53071,FINAL,Uxbridge,4398,7.0,1.0,Hopedale,4507,0.0,0.0,CMAC,CMAC,3:30 P.M.,,0,2025,1791.7650975089177,1549.9635591753354,1801.5673320968426,1540.1613245874105,0.8428707196707832,0.1571292803292168,7.295038458339559,7.0
2025-09-16,53588,FINAL,Brooks,4060,0.0,0.0,Phillips Andover,4310,7.0,1.0,ISL,Independent,4:45 P.M.,,0,2025,1519.4887641525886,1564.7096036751377,1487.8681107917691,1596.3302570359572,0.5068773310369238,0.4931226689630762,0.11947901193627217,-7.0
2025-09-16,55923,FINAL,Doherty,4116,1.0,2.0,Sutton,4512,1.0,2.0,CMAC,CMAC,3:30 P.M.,,0,2025,1668.0321612598605,1685.587713690136,1668.0321612598605,1685.587713690136,0.5465560640885443,0.4534439359114557,0.8111111892431098,0.0
2025-09-16,57043,FINAL,Northbridge,4292,1.0,0.0,Auburn,4019,3.0,1.0,CMAC,CMAC,3:30 P.M.,,0,2025,1526.1060481648767,1574.975225666863,1509.5732280895181,1591.5080457422216,0.5016273786451659,0.49837262135483407,0.02827056245034214,-2.0
2025-09-16,56980,FINAL,Bishop Fenwick,4043,8.0,1.0,Northeast,4293,0.0,0.0,Catholic Central,Independent,,,0,2025,1415.1103860279027,1269.8113728373787,1431.2749648808042,1253.6467939844772,0.7547727707697718,0.24522722923022822,4.882475329763099,8.0
2025-09-16,52690,FINAL,East Bridgewater,4126,0.0,0.0,Cohasset,4094,2.0,1.0,South Shore,South Shore,4:30 P.M.,,0,2025,1499.6968740583325,1623.1990954793862,1486.652870447726,1636.2430990899927,0.3957721252878708,0.6042278747121292,-1.8375555355263429,-2.0
2025-09-16,51675,FORFEIT (Home),Dighton-Rehoboth,4114,,0.0,Somerset Berkley,4350,,1.0,South Coast,South Coast,3:30 P.M.,,0,2025,1374.9496257227213,1767.8589435692236,,,0.12196581699199671,0.8780341830080033,-8.572732946162557,
2025-09-16,52735,SUSPENDED,Carver,4077,,,Mashpee,4237,,,South Shore,South Shore,4:30 P.M.,,0,2025,1459.9409007414438,1420.7010479248893,,,0.62567481827005,0.37432518172995,2.2309963204138628,
2025-09-16,55947,FINAL,Blackstone Valley,4046,1.0,1.0,Quaboag,4510,0.0,0.0,CMAC,CMAC,4:00 P.M.,,0,2025,1576.20837505943,1546.9636988086145,1584.2744254515758,1538.8976484164687,0.6121049699896911,0.3878950300103089,1.9811169062703868,1.0
2025-09-16,52655,FINAL,Silver Lake,4349,0.0,2.0,Marshfield,4234,0.0,2.0,Patriot,Patriot,4:00 P.M.,,0,2025,1498.8033514621354,1489.032788878144,1498.8033514621354,1489.032788878144,0.5851781102346145,0.4148218897653855,1.494264064599787,0.0
2025-09-16,52748,FINAL,Norwell,4296,4.0,1.0,Middleborough,4247,1.0,0.0,South Shore,South Shore,5:30 P.M.,,0,2025,1486.955772432793,1404.2276525810219,1500.1714057827094,1391.0120192311056,0.6822311883978182,0.31776881160218184,3.3182029962942807,3.0
2025-09-16,52581,FINAL,Plymouth North,4315,0.0,0.0,Plymouth South,4316,7.0,1.0,Patriot,Patriot,4:00 P.M.,,0,2025,1310.4422810475528,1422.963982904878,1284.803837201652,1448.602426750779,0.41098284213990516,0.5890171578600949,-1.5630425464331323,-7.0
2025-09-16,50644,FINAL,Bishop Stang,4045,3.0,1.0,Arlington Catholic,4014,0.0,0.0,Catholic Central,Catholic Central,3:30 P.M.,,0,2025,1430.7623186829721,1307.358905396394,1441.9620819233028,1296.1591421560634,0.7307026185674075,0.2692973814325925,4.335085332164454,3.0
2025-09-16,51303,FINAL,Bedford,4031,3.0,1.0,Wayland,4411,1.0,0.0,Dual County,Dual County,4:30 P.M.,,0,2025,1605.3654350183851,1441.4329169910907,1612.8113879705124,1433.9869640389634,0.7740800514451962,0.2259199485548038,5.348312950682361,2.0
2025-09-16,51729,FINAL,Apponequet,4011,0.0,0.0,Old Rochester,4301,3.0,1.0,South Coast,South Coast,4:00 P.M.,,0,2025,1471.7790088036863,1551.3943827750177,1452.752826747907,1570.420564830797,0.4574829749820553,0.5425170250179447,-0.7403843492832834,-3.0
2025-09-16,51754,FINAL,Seekonk,4344,7.0,1.0,Fairhaven,4133,0.0,0.0,South Coast,South Coast,3:45 P.M.,,0,2025,1467.1373846037823,1397.0530185523066,1487.9579537819561,1376.2324493741328,0.6662474233129206,0.33375257668707936,3.0021091512868905,7.0
2025-09-16,52635,FINAL,Whitman-Hanson,4427,0.0,0.0,Hingham,4171,8.0,1.0,Patriot,Patriot,4:00 P.M.,,0,2025,1376.3352757585942,1764.121598095397,1368.0851822589161,1772.3716915950752,0.12515931211243597,0.8748406878875641,-8.444658058420071,-8.0
2025-09-16,51833,FINAL,Reading,4328,3.0,1.0,Stoneham,4380,0.0,0.0,Middlesex,Middlesex,4:00 P.M.,,0,2025,1636.6106748463192,1447.819422653606,1645.0065781365292,1439.4235193633958,0.7981211993238406,0.20187880067615938,5.969781304817832,3.0
2025-09-16,51955,FINAL,Winchester,4434,6.0,1.0,Melrose,4244,0.0,0.0,Middlesex,Middlesex,4:15 P.M.,,0,2025,1648.5941241065243,1411.0473820310579,1657.9578656617248,1401.6836404758574,0.839599624546792,0.16040037545320796,7.1886685518866615,6.0
2025-09-16,51803,FINAL,Belmont,4034,8.0,1.0,Wakefield,4402,0.0,0.0,Middlesex,Middlesex,4:15 P.M.,,0,2025,1681.0608365720982,1343.8552367315178,1687.4667619599988,1337.4493113436172,0.9028179238181344,0.09718207618186558,9.680139996014509,8.0
2025-09-16,51978,FINAL,Lexington,4209,6.0,1.0,Wilmington,4432,0.0,0.0,Middlesex,Middlesex,4:15 P.M.,,0,2025,1510.506869699084,1373.5456710775343,1525.3474976209975,1358.7050431556208,0.7457808637067482,0.25421913629325177,4.674029965538745,6.0
2025-09-16,51986,FINAL,Woburn,4438,0.0,0.0,Watertown,4409,7.0,1.0,Middlesex,Middlesex,4:00 P.M.,,0,2025,1351.25149845477,1759.5105674589183,1344.213737271034,1766.5483286426543,0.11281492398596157,0.8871850760140384,-8.956476725103709,-7.0
2025-09-16,52041,FINAL,Marblehead,4231,2.0,0.0,Beverly,4038,6.0,1.0,Northeastern,Northeastern,4:00 P.M.,,0,2025,1441.2879695318031,1619.3371540875357,1425.6617911070364,1634.9633325123025,0.32363635163230664,0.6763636483676934,-3.2012296138933154,-4.0
2025-09-16,52127,FINAL,Gloucester,4150,4.0,1.0,Swampscott,4383,1.0,0.0,Northeastern,Northeastern,4:30 P.M.,,0,2025,1534.7638184710297,1517.489598712637,1551.5813727615678,1500.672044422099,0.5956232970859989,0.4043767029140011,1.6818554939598187,3.0
2025-09-16,52165,FINAL,Saugus,4341,0.0,0.0,Danvers,4103,4.0,1.0,Northeastern,Northeastern,5:00 P.M.,,0,2025,1439.0536533571033,1383.403155659213,1407.789164997515,1414.6676440188014,0.6475239609648203,0.35247603903517966,2.641262442447254,-4.0
2025-09-16,52517,FINAL,Pembroke,4308,1.0,0.0,Duxbury,4123,5.0,1.0,Patriot,Patriot,4:00 P.M.,,0,2025,1424.1620274661684,1552.0308937887235,1405.3423657888195,1570.8505554660724,0.3897771085576537,0.6102228914423463,-1.9467216580638762,-4.0
2025-09-16,52562,FINAL,Scituate,4343,5.0,1.0,Hanover,4164,1.0,0.0,Patriot,Patriot,4:00 P.M.,,0,2025,1587.4927530322602,1582.592292034,1607.8509985448225,1562.2340465214377,0.5783570285567886,0.4216429714432114,1.3725115249565079,4.0
2025-09-16,51966,FINAL,Arlington,4013,0.0,2.0,Burlington,4065,0.0,2.0,Middlesex,Middlesex,4:15 P.M.,,0,2025,1495.355274711251,1380.7790533689667,1495.355274711251,1380.7790533689667,0.7205873425210013,0.2794126574789987,4.114405533557107,0.0
2025-09-17,51568,UPCOMING,Dracut,4119,,,Greater Lowell,4155,,,Merrimack Valley,Independent,6:00 P.M.,,0,2025,1296.6502479334597,1422.7697242415747,,,0.39217497956227304,0.6078250204377269,-1.9029869077028763,
2025-09-17,48687,UPCOMING,Needham,4272,,,Weymouth,4425,,,Bay State,Bay State,4:00 P.M.,,0,2025,1414.0743339487658,1337.026771373496,,,0.6751002574710626,0.3248997425289374,3.1761890643817425,
2025-09-17,48748,POSTPONED,Dennis-Yarmouth,4111,,,Nauset,4271,,,Cape & Islands,Cape & Islands,4:30 P.M.,,0,2025,1727.5982270595068,1515.2254375452922,,,0.8191114685855634,0.18088853141443662,6.5593197378553665,
2025-09-17,48843,UPCOMING,Newburyport,4276,,,Essex Tech,4745,,,Cape Ann,Cape Ann,4:00 P.M.,,0,2025,1667.5036042473726,1539.4437194289908,,,0.7359444399821086,0.26405556001789143,4.451497120459544,
2025-09-17,51282,UPCOMING,Newton South,4280,,,Bedford,4031,,,Dual County,Dual County,5:45 P.M.,,0,2025,1365.1122947434956,1571.093970119569,,,0.28948168352120296,0.710518316478797,-3.8995418844018332,
2025-09-17,53663,SUSPENDED,Hotchkiss,4181,,,Berkshire,4036,,,Independent,Independent,2:30 P.M.,,0,2025,1527.4674776792335,1477.030277025361,,,0.6406446037922405,0.35935539620775947,2.5109300163468107,
2025-09-17,53745,FINAL,Choate,4090,0.0,0.0,Greenwich Academy (Conn.),4159,4.0,1.0,Founders,Independent,3:30 P.M.,,0,2025,1501.65,1502.0352926151224,1474.0841971129944,1529.6010955021281,0.5709198777626953,0.42908012223730474,1.2403676846219411,-4.0
2025-09-17,51780,FINAL,Bridgewater-Raynham,4053,0.0,0.0,Dartmouth,4105,5.0,1.0,Southeast,Southeast,4:00 P.M.,,0,2025,1356.1402646453469,1561.5361057332245,1340.542507307406,1577.1338630711655,0.2901758040224173,0.7098241959775826,-3.884896027196942,-5.0
2025-09-17,51447,FINAL,Stoughton,4381,0.0,0.0,Foxborough,4142,4.0,1.0,Hockomock,Hockomock,,,0,2025,1428.306477880628,1539.1093746266308,1408.3471901648238,1559.0686623424351,0.41338009089185607,0.5866199091081439,-1.5200724186500678,-4.0
2025-09-17,51483,FINAL,Haverhill,4167,0.0,0.0,Andover,4009,6.0,1.0,Merrimack Valley,Merrimack Valley,6:30 P.M.,,0,2025,1365.851750709013,1726.8787344773316,1357.502522301856,1735.2279628844885,0.14302182128347993,0.85697817871652,-7.775674594207965,-6.0
2025-09-17,51539,FINAL,Methuen,4246,0.0,0.0,North Andover,4283,3.0,1.0,Merrimack Valley,Merrimack Valley,6:00 P.M.,,0,2025,1517.167277240146,1489.5307100050734,1491.802050297353,1514.8959369478664,0.6099047853565122,0.39009521464348784,1.940914180876814,-3.0
2025-09-17,51706,FINAL,Pembroke,4308,2.0,0.0,West Bridgewater,4415,6.0,1.0,Patriot,South Coast,4:00 P.M.,,0,2025,1405.3423657888195,1595.3068334953248,1390.4321706477465,1610.2170286363978,0.3088075040749867,0.6911924959250133,-3.499111692662632,-4.0
2025-09-17,52598,FINAL,Scituate,4343,7.0,1.0,Plymouth North,4315,0.0,0.0,Patriot,Patriot,4:00 P.M.,,0,2025,1607.8509985448225,1284.803837201652,1614.3745037696142,1278.2803319768602,0.8954285706997746,0.10457142930022545,9.326179033579262,7.0
2025-09-17,52764,FINAL,Notre Dame (Hingham),4449,0.0,0.0,Sandwich,4340,8.0,1.0,Independent,Cape & Islands,4:00 P.M.,,0,2025,1615.2785789965924,1790.0707883617758,1593.6741146149827,1811.6752527433855,0.32775384917338907,0.6722461508266109,-3.1198052341295863,-8.0
2025-09-17,52779,FINAL,Dedham,4108,5.0,1.0,Bellingham,4033,0.0,0.0,Tri-Valley,Tri-Valley,3:45 P.M.,,0,2025,1530.54716978804,1370.634985443724,1542.9099249628612,1358.2722302689028,0.7700071654493641,0.2299928345506359,5.247804608607902,5.0
2025-09-17,52890,FINAL,Westwood,4424,0.0,0.0,Dover-Sherborn,4118,3.0,1.0,Tri-Valley,Tri-Valley,5:30 P.M.,,0,2025,1523.9165946474327,1625.458001818801,1506.1845592702332,1643.1900371960005,0.42636532505922586,0.5736346749407741,-1.2885351792842072,-3.0
2025-09-17,52897,FINAL,Ashland,4015,0.0,0.0,Medfield,4241,5.0,1.0,Tri-Valley,Tri-Valley,4:30 P.M.,,0,2025,1412.9624459295264,1612.5200173376104,1396.9899874486907,1628.492475818446,0.2971466270100983,0.7028533729899017,-3.738939285202099,-5.0
2025-09-17,52904,FINAL,Holliston,4174,0.0,0.0,Medway,4243,3.0,1.0,Tri-Valley,Tri-Valley,4:00 P.M.,,0,2025,1453.9568192516035,1535.826416276251,1435.0645037153765,1554.718731812478,0.45426416558373583,0.5457358344162642,-0.7967399256161855,-3.0
2025-09-17,53190,FINAL,St. George’s,4367,5.0,1.0,Worcester Academy,4441,0.0,0.0,ISL,Independent,4:00 P.M.,,0,2025,1471.0513813914306,1472.551904815221,1494.2002054612706,1449.403080745381,0.5693465098152325,0.4306534901847675,1.212486914405241,5.0
2025-09-17,53420,FINAL,Westminster,4422,2.0,0.0,BB&N,4028,5.0,1.0,Independent,ISL,4:00 P.M.,,0,2025,1513.5332414587685,1497.0291743743355,1488.806392272786,1521.756023560318,0.5945550449571043,0.4054449550428957,1.6626016771108254,-3.0
2025-09-17,53590,FINAL,Phillips Andover,4310,5.0,1.0,Lawrence Academy,4204,0.0,0.0,Independent,ISL,3:15 P.M.,,0,2025,1596.3302570359572,1547.9300754316846,1615.791956676277,1528.4683757913647,0.6379406206662951,0.3620593793337049,2.4600045401068145,5.0
2025-09-17,57215,FINAL,Lowell,4216,1.0,0.0,Chelmsford,4085,3.0,1.0,Merrimack Valley,Merrimack Valley,4:00 P.M.,,0,2025,1554.5091970859046,1544.267475245868,1535.2009872645287,1563.5756850672437,0.5858363325119262,0.41416366748807376,1.5060430460009173,-2.0
2025-09-17,57300,FINAL,Nashoba,4267,7.0,1.0,Leominster,4208,0.0,0.0,Mid-Wach,Mid-Wach,,,0,2025,1617.7114192789165,1442.9061084406244,1631.13395175583,1429.483575963711,0.7848375439931773,0.2151624560068227,5.620132770957303,7.0
2025-09-17,51438,FINAL,Canton,4071,7.0,1.0,Oliver Ames,4302,2.0,0.0,Hockomock,Hockomock,6:15 P.M.,,0,2025,1734.6855770269417,1499.5757116269167,1743.4095753333427,1490.8517133205157,0.8377014613060855,0.16229853869391453,7.127746635000625,5.0
2025-09-17,51418,FINAL,Sharon,4345,0.0,2.0,Taunton,4388,0.0,2.0,Hockomock,Hockomock,3:45 P.M.,,0,2025,1299.353851529858,1310.4047873598709,1299.353851529858,1310.4047873598709,0.5558185733091994,0.44418142669080063,0.9737266042496799,0.0
2025-09-17,51458,FINAL,North Attleborough,4284,4.0,1.0,Mansfield,4230,1.0,0.0,Hockomock,Hockomock,5:15 P.M.,,0,2025,1493.730886447764,1441.8673439897093,1508.5975348059321,1427.0006956315412,0.6425326689838492,0.3574673310161508,2.5465885614513697,3.0
2025-09-17,51364,FINAL,Attleboro,4018,0.0,0.0,Franklin,4144,1.0,1.0,Hockomock,Hockomock,3:45 P.M.,,0,2025,1574.7489093578467,1720.685823429675,1567.1518596689984,1728.2828731185234,0.3653408637162854,0.6346591362837146,-2.398422851795709,-1.0
2025-09-17,48607,FINAL,Natick,4270,2.0,1.0,Brookline,4059,0.0,0.0,Bay State,Bay State,6:30 P.M.,,0,2025,1615.8379706262958,1532.1625786714262,1626.272189243708,1521.728360054014,0.6834121638410463,0.3165878361589537,3.34188479887174,2.0
2025-09-17,48633,FINAL,Framingham,4143,1.0,0.0,Newton North,4279,2.0,1.0,Bay State,Bay State,4:30 P.M.,,0,2025,1243.8777980974041,1458.4845716034954,1238.0683115343013,1464.2940581665982,0.2793772484899895,0.7206227515100105,-4.115169337652281,-1.0
2025-09-17,48666,FINAL,Wellesley,4413,2.0,1.0,Milton,4252,0.0,0.0,Bay State,Bay State,4:00 P.M.,,0,2025,1662.2617891753025,1505.079373979654,1669.9340850918418,1497.4070780631148,0.7672125099492328,0.23278749005076715,5.179560379891211,2.0
2025-09-17,48701,FINAL,Brockton,4058,0.0,0.0,Whitman-Hanson,4427,9.0,1.0,Big Three,Patriot,6:30 P.M.,,0,2025,1278.8146979159455,1368.0851822589161,1248.1632830466651,1398.7365971281965,0.443724678008526,0.556275321991474,-0.9817621085742644,-9.0
2025-09-17,48718,FINAL,New Bedford,4273,1.0,0.0,Durfee,4122,3.0,1.0,Big Three,Big Three,4:00 P.M.,,0,2025,1500.9189588428048,1572.5571372918962,1485.464768012419,1588.011328122282,0.46890035698646726,0.5310996430135327,-0.5409544612272839,-2.0
2025-09-17,48767,FINAL,Falmouth,4134,0.0,0.0,Monomoy,4706,7.0,1.0,Cape & Islands,Cape & Islands,4:00 P.M.,,0,2025,1458.9942746959669,1698.5920100117785,1443.314094355199,1714.2721903525464,0.2513524268652279,0.7486475731347721,-4.739943382895291,-7.0
2025-09-17,51392,FINAL,Milford,4249,1.0,0.0,King Philip,4197,8.0,1.0,Hockomock,Hockomock,3:45 P.M.,,0,2025,1294.4065429346629,1662.4877417623227,1285.7903872159548,1671.1038974810308,0.13811650141008186,0.8618834985899182,-7.952029970691496,-7.0
2025-09-17,48833,FINAL,Plymouth South,4316,11.0,1.0,Sturgis East,4456,0.0,0.0,Patriot,Cape & Islands,4:00 P.M.,,0,2025,1448.602426750779,1442.3546140718627,1479.89381912218,1411.0632217004616,0.5802472449139996,0.4197527550860004,1.4061953169729065,11.0
2025-09-17,48813,FINAL,Westport,4461,1.0,0.0,Nantucket,4265,4.0,1.0,Mayflower,Cape & Islands,3:30 P.M.,,0,2025,1573.9735247336828,1608.9655491599433,1552.2814231600514,1630.6576507335744,0.5215847894456247,0.4784152105543753,0.3751993893434872,-3.0
2025-09-17,48909,FINAL,Rockport,4490,2.0,1.0,Amesbury,4007,0.0,0.0,Cape Ann,Cape Ann,4:00 P.M.,,0,2025,1433.753630634726,1305.4421966854616,1442.447199924442,1296.7486273957456,0.736225740436741,0.26377425956325895,4.457785848731612,2.0
2025-09-17,48914,FINAL,Hamilton-Wenham,4163,0.0,0.0,Ipswich,4190,3.0,1.0,Cape Ann,Cape Ann,4:00 P.M.,,0,2025,1483.583266779742,1523.6205240409388,1462.1927332445969,1545.0110575760839,0.5143336108853805,0.48566638911461946,0.2490685684700793,-3.0
2025-09-17,51243,FINAL,Waltham,4405,2.0,2.0,Acton-Boxborough,4003,2.0,2.0,Dual County,Dual County,4:30 P.M.,,0,2025,1537.6500322189183,1544.6228185098469,1537.6500322189183,1544.6228185098469,0.5616065084600347,0.4383934915399653,1.075680342726787,0.0
2025-09-17,51293,FINAL,Tewksbury,4389,0.0,0.0,Westford,4421,2.0,1.0,Merrimack Valley,Dual County,3:45 P.M.,,0,2025,1451.2658797115555,1397.6372527256233,1430.0122467041597,1418.890885733019,0.6448630157220884,0.3551369842779116,2.5907156746483055,-2.0
2025-09-17,51320,FINAL,Wayland,4411,1.0,0.0,Weston,4423,4.0,1.0,Dual County,Dual County,4:00 P.M.,,0,2025,1433.9869640389634,1509.8546780099964,1414.7379063587273,1529.1037356902325,0.46284200095103895,0.537157999048961,-0.6466928492758257,-3.0
2025-09-17,51331,FINAL,Everett,4132,7.0,1.0,Malden,4227,0.0,0.0,Greater Boston,Greater Boston,4:15 P.M.,,0,2025,1447.949279015429,1313.873659221959,1464.0055556810598,1297.8173825563283,0.7426187697705923,0.25738123022940773,4.601890494836749,7.0
2025-09-17,48859,FINAL,North Reading,4288,0.0,0.0,Lynnfield,4223,2.0,1.0,Cape Ann,Cape Ann,4:15 P.M.,,0,2025,1603.2720420539097,1654.3075747356697,1586.8419738309387,1670.7376429586407,0.49850975309010964,0.5014902469098903,-0.025888317044001498,-2.0
2025-09-18,52009,FINAL,Melrose,4244,3.0,1.0,Wilmington,4432,0.0,0.0,Middlesex,Middlesex,4:15 P.M.,,0,2025,1401.6836404758574,1358.7050431556208,1417.0423294590178,1343.3463541724605,0.6307015928239731,0.3692984071760269,2.3244649330059133,3.0
2025-09-18,53354,FINAL,North Brookfield,4508,0.0,0.0,Northbridge,4292,4.0,1.0,Independent,CMAC,4:00 P.M.,,0,2025,1478.8962136574494,1509.5732280895181,1453.413369561327,1535.0560721856405,0.5277793756285658,0.4722206243714342,0.48307463919828136,-4.0
2025-09-18,52042,FINAL,Beverly,4038,0.0,0.0,Gloucester,4150,3.0,1.0,Northeastern,Northeastern,4:30 P.M.,,0,2025,1634.9633325123025,1551.5813727615678,1606.5562234207662,1579.988481853104,0.6830465902058529,0.3169534097941471,3.334548993768368,-3.0
2025-09-18,52560,FINAL,Marshfield,4234,0.0,0.0,Hanover,4164,2.0,1.0,Patriot,Patriot,4:00 P.M.,,0,2025,1489.032788878144,1562.2340465214377,1473.6524283284637,1577.614407071118,0.46666024973276193,0.5333397502672381,-0.5800314410823433,-2.0
2025-09-18,52715,FINAL,Norwell,4296,0.0,2.0,East Bridgewater,4126,0.0,2.0,South Shore,South Shore,4:00 P.M.,,0,2025,1500.1714057827094,1486.652870447726,1500.1714057827094,1486.652870447726,0.5904055334730941,0.4095944665269059,1.5879633833745856,0.0
2025-09-18,53081,FINAL,St. Bernard’s,4365,1.0,1.0,St. Paul,4954,0.0,0.0,CMAC,CMAC,4:00 P.M.,,0,2025,1485.0166327577444,1542.8461501536535,1495.6481035777201,1532.2146793336779,0.4887343256888468,0.5112656743111532,-0.19573793489772698,1.0
2025-09-18,55924,FINAL,Doherty,4116,3.0,1.0,Tantasqua,4387,0.0,0.0,CMAC,CMAC,3:30 P.M.,,0,2025,1668.0321612598605,1430.1681482693505,1674.6928025161722,1423.5075070130388,0.8398454315063114,0.1601545684936886,7.19660032476275,3.0
2025-09-18,52053,FINAL,Peabody,4306,1.0,0.0,Danvers,4103,6.0,1.0,Northeastern,Northeastern,4:00 P.M.,,0,2025,1440.6525420286448,1414.6676440188014,1407.990182140194,1447.3300039072521,0.6076403380661846,0.39235966193381544,1.8996224502460848,-5.0
2025-09-18,57364,FINAL,Saugus,4341,9.0,1.0,Northeast,4293,0.0,0.0,Northeastern,Independent,,,0,2025,1407.789164997515,1253.6467939844772,1424.086461508199,1237.3494974737932,0.7640724685156267,0.2359275314843733,5.103559275325944,9.0
2025-09-18,57387,FINAL,Sutton,4512,2.0,1.0,Hopedale,4507,0.0,0.0,CMAC,CMAC,,,0,2025,1685.587713690136,1540.1613245874105,1693.6655310065023,1532.0835072710443,0.7549084604372666,0.24509153956273344,4.8856597275681395,2.0
2025-09-18,57388,FINAL,Oxford,4303,5.0,1.0,Leicester,4207,2.0,0.0,CMAC,CMAC,3:30 P.M.,,0,2025,1329.0991512627124,1321.1662932215136,1346.458000683313,1303.807443800913,0.5826079004226871,0.41739209957731294,1.4483214510299718,3.0
2025-09-18,52692,UPCOMING,Carver,4077,,,Cohasset,4094,,,South Shore,South Shore,4:30 P.M.,,0,2025,1459.9409007414438,1648.3521163963273,,,0.3107192257112348,0.6892807742887652,-3.460280391372089,
2025-09-18,52736,SUSPENDED,Mashpee,4237,,,Middleborough,4247,,,South Shore,South Shore,5:00 P.M.,,0,2025,1420.7010479248893,1408.5905133620483,,,0.5884440752821987,0.41155592471780134,1.5527633640710234,
2025-09-18,52002,FINAL,Burlington,4065,2.0,1.0,Wakefield,4402,1.0,0.0,Middlesex,Middlesex,4:15 P.M.,,0,2025,1380.7790533689667,1337.4493113436172,1388.448610287216,1329.7797544253679,0.6311722756075391,0.3688277243924609,2.333243550633739,1.0
2025-09-18,55949,FINAL,Auburn,4019,2.0,1.0,Blackstone Valley,4046,0.0,0.0,CMAC,CMAC,3:30 P.M.,,0,2025,1591.5080457422216,1584.2744254515758,1605.2968793085342,1570.4855918852631,0.5816287599504462,0.41837124004955384,1.4308405072661459,2.0
2025-09-18,51991,FINAL,Watertown,4409,5.0,1.0,Stoneham,4380,0.0,0.0,Middlesex,Middlesex,4:15 P.M.,,0,2025,1766.5483286426543,1439.4235193633958,1772.0522822831394,1433.9195657229106,0.8976061661733272,0.10239383382667278,9.428120231981461,5.0
2025-09-18,51379,FINAL,Stoughton,4381,0.0,0.0,Franklin,4144,13.0,1.0,Hockomock,Hockomock,3:45 P.M.,,0,2025,1408.3471901648238,1728.2828731185234,1394.5295600467805,1742.1005032365667,0.1745273455914638,0.8254726544085362,-6.74839207384249,-13.0
2025-09-18,51834,FINAL,Arlington,4013,1.0,0.0,Reading,4328,6.0,1.0,Middlesex,Middlesex,4:15 P.M.,,0,2025,1495.355274711251,1645.0065781365292,1475.9829021649705,1664.3789506828098,0.36039756598629463,0.6396024340137054,-2.491282585631956,-5.0
2025-09-18,48814,FINAL,Barnstable,4024,1.0,0.0,Nantucket,4265,3.0,1.0,Southeast,Cape & Islands,4:00 P.M.,,0,2025,1426.5354891464233,1630.6576507335744,1416.9219185854283,1640.2712212945694,0.2916883010854161,0.7083116989145839,-3.8530540396787787,-2.0
2025-09-18,48650,FINAL,Walpole,4404,10.0,1.0,Braintree,4051,0.0,0.0,Bay State,Bay State,7:00 P.M.,,0,2025,1775.7470919536624,1455.8332573456187,1783.3919960141648,1448.1883532851164,0.8937275792479934,0.1062724207520066,9.247845865201095,10.0
2025-09-18,51956,FINAL,Winchester,4434,3.0,1.0,Lexington,4209,2.0,0.0,Middlesex,Middlesex,4:15 P.M.,,0,2025,1657.9578656617248,1525.3474976209975,1663.3435505542063,1519.961812728516,0.7410033037942065,0.25899669620579346,4.565259201018182,1.0
2025-09-18,48834,FINAL,Sturgis East,4456,0.0,0.0,Mashpee,4237,2.0,1.0,Cape & Islands,South Shore,3:45 P.M.,,0,2025,1411.0632217004616,1357.9494137576626,1389.8319669135133,1379.1806685446109,0.6441840312529722,0.3558159687470278,2.5778451985699746,-2.0
2025-09-18,48928,FINAL,Masconomet,4236,5.0,1.0,Manchester Essex,4229,1.0,0.0,Northeastern,Cape Ann,4:00 P.M.,,0,2025,1650.3391839488133,1662.6336629982902,1671.871021277282,1641.1018256698217,0.5540505754189273,0.4459494245810727,0.942638023763078,4.0
2025-09-18,50645,FINAL,St. Mary’s,4374,10.0,1.0,Arlington Catholic,4014,0.0,0.0,Catholic Central,Catholic Central,4:00 P.M.,,0,2025,1647.675331363145,1296.1591421560634,1654.163341693766,1289.6711318254424,0.9098096512078648,0.09019034879213517,10.037904730177042,10.0
2025-09-18,50657,FINAL,Bishop Fenwick,4043,1.0,0.0,Bishop Stang,4045,2.0,1.0,Catholic Central,Catholic Central,4:00 P.M.,,0,2025,1431.2749648808042,1441.9620819233028,1419.7062920364779,1453.530754767629,0.556335564739209,0.443664435260791,0.9828220739375354,-1.0
2025-09-18,48915,FINAL,Hamilton-Wenham,4163,2.0,1.0,Everett,4132,0.0,0.0,Cape Ann,Greater Boston,4:00 P.M.,,0,2025,1462.1927332445969,1464.0055556810598,1476.4008992391439,1449.7973896865128,0.5689056657779262,0.43109433422207377,1.204679439088426,2.0
2025-09-18,51551,FINAL,Westport,4461,2.0,2.0,Seekonk,4344,2.0,2.0,Mayflower,South Coast,3:45 P.M.,,0,2025,1552.2814231600514,1487.9579537819561,1552.2814231600514,1487.9579537819561,0.6588331789797087,0.3411668210202913,2.8580867344523826,0.0
2025-09-18,51676,FINAL,Somerset Berkley,4350,9.0,1.0,Apponequet,4011,0.0,0.0,South Coast,South Coast,3:30 P.M.,,0,2025,1765.5511393886943,1452.752826747907,1773.1652798812022,1445.138686255399,0.8897740266555914,0.11022597334440865,9.069957816019684,9.0
2025-09-18,51708,FINAL,West Bridgewater,4415,4.0,1.0,Joseph Case,4078,1.0,0.0,South Coast,South Coast,3:45 P.M.,,0,2025,1610.2170286363978,1531.7604092985864,1623.6553434700204,1518.3220944649638,0.676876830527134,0.323123169472866,3.211415483445285,3.0
2025-09-18,51730,FINAL,Old Rochester,4301,2.0,1.0,Fairhaven,4133,0.0,0.0,South Coast,South Coast,3:45 P.M.,,0,2025,1570.420564830797,1376.2324493741328,1576.9107111205155,1369.7423030844143,0.8030804753517168,0.19691952464828322,6.104702886416606,2.0
2025-09-18,51804,FINAL,Belmont,4034,8.0,1.0,Woburn,4438,0.0,0.0,Middlesex,Middlesex,4:15 P.M.,,0,2025,1687.4667619599988,1344.213737271034,1693.674161411241,1338.006337819792,0.9058296920689594,0.09417030793104064,9.83132561722412,8.0
2025-09-18,50670,FINAL,Bishop Feehan,4042,1.0,0.0,Dover-Sherborn,4118,3.0,1.0,Catholic Central,Tri-Valley,4:00 P.M.,,0,2025,1636.7282144369813,1643.1900371960005,1618.1947168971806,1661.7235347358012,0.5623305489106206,0.4376694510893794,1.088454431024519,-2.0
2025-09-19,51792,UPCOMING,Plymouth North,4315,,,Bridgewater-Raynham,4053,,,Patriot,Southeast,4:00 P.M.,,0,2025,1327.4405940906192,1394.813479895962,,,0.4750192240722021,0.5249807759277979,-0.43432214513356937,
2025-09-19,51497,FINAL,Chelmsford,4085,4.0,1.0,Central Catholic,4081,2.0,0.0,Merrimack Valley,Merrimack Valley,5:00 P.M.,,0,2025,1563.5756850672437,1551.688883070103,1577.1501779278638,1538.114390209483,0.5881321372232583,0.4118678627767417,1.547170049928519,2.0
2025-09-19,51508,UPCOMING,Southeastern,4358,,,Dighton-Rehoboth,4114,,,Mayflower,South Coast,3:30 P.M.,,0,2025,1437.2030310745904,1374.9496257227213,,,0.6561496929182895,0.3438503070817105,2.8063351337967277,
2025-09-19,51430,UPCOMING,Canton,4071,,,Taunton,4388,,,Hockomock,Hockomock,3:45 P.M.,,0,2025,1746.6841648306488,1408.9329036679833,,,0.9030931664483273,0.09690683355167273,9.693781529066637,
2025-09-19,48823,SUSPENDED,Mashpee,4237,,,St. John Paul II,4689,,,South Shore,Cape & Islands,3:45 P.M.,,0,2025,1420.7010479248893,1506.0178723552556,,,0.4493493370841203,0.5506506629158797,-0.8829206107591574,
2025-09-19,48719,UPCOMING,Durfee,4122,,,Seekonk,4344,,,Big Three,South Coast,5:15 P.M.,,0,2025,1565.8646850799112,1483.3204084577042,,,0.6820017162927396,0.31799828370726035,3.3136069155551753,
2025-09-19,48688,UPCOMING,Weymouth,4425,,,Silver Lake,4349,,,Bay State,Patriot,4:00 P.M.,,0,2025,1337.026771373496,1499.1756931944212,,,0.34398601858497296,0.656013981415027,-2.803723045523128,
2025-09-19,51533,FINAL,Wareham/Bourne,4407,0.0,0.0,Old Rochester,4301,4.0,1.0,Mayflower,South Coast,3:45 P.M.,,0,2025,1257.3446703116833,1576.9107111205155,1248.9031309919565,1585.3522504402424,0.17483410936016455,0.8251658906398355,-6.739151020220805,-4.0
2025-09-19,51484,FINAL,Andover,4009,3.0,1.0,North Andover,4283,2.0,0.0,Merrimack Valley,Merrimack Valley,4:00 P.M.,,0,2025,1735.2279628844885,1514.8959369478664,1738.8503270654796,1511.2735727668753,0.8258011053263435,0.17419889467365646,6.7583006484155534,1.0
2025-09-19,51270,FINAL,Needham,4272,1.0,0.0,Lincoln-Sudbury,4211,9.0,1.0,Bay State,Dual County,4:00 P.M.,,0,2025,1443.9805077261603,1635.6145668214206,1423.7598978826747,1655.8351766649062,0.30675987109762237,0.6932401289023776,-3.540851477381506,-8.0
2025-09-19,51406,FINAL,Mansfield,4230,6.0,1.0,Milford,4249,0.0,0.0,Hockomock,Hockomock,3:45 P.M.,,0,2025,1427.0006956315412,1285.7903872159548,1441.5722366368977,1271.2188462105983,0.7503903077191483,0.24960969228085172,4.780257710389662,6.0
2025-09-19,51393,FINAL,North Attleborough,4284,1.0,0.0,King Philip,4197,6.0,1.0,Hockomock,Hockomock,5:15 P.M.,,0,2025,1508.5975348059321,1671.1038974810308,1490.1322788900984,1689.5691533968645,0.343521851620503,0.656478148379497,-2.8126590668774667,-5.0
2025-09-19,51365,FINAL,Foxborough,4142,1.0,2.0,Attleboro,4018,1.0,2.0,Hockomock,Hockomock,3:45 P.M.,,0,2025,1559.0686623424351,1567.1518596689984,1559.0686623424351,1567.1518596689984,0.5600321440174774,0.43996785598252264,1.047920066835917,0.0
2025-09-19,51321,FINAL,Wayland,4411,0.0,0.0,Holliston,4174,1.0,1.0,Dual County,Tri-Valley,4:30 P.M.,,0,2025,1414.7379063587273,1435.0645037153765,1403.4548580098333,1446.3475520642705,0.5425999299686575,0.45740007003134253,0.7418350660837689,-1.0
2025-09-19,51304,FINAL,Waltham,4405,1.0,0.0,Bedford,4031,3.0,1.0,Dual County,Dual County,4:00 P.M.,,0,2025,1537.6500322189183,1612.8113879705124,1522.3621917553953,1628.0992284340355,0.4638530693437233,0.5361469306562767,-0.6290338937898525,-2.0
2025-09-19,51244,FINAL,Concord-Carlisle,4097,4.0,2.0,Acton-Boxborough,4003,4.0,2.0,Dual County,Dual County,4:30 P.M.,,0,2025,1620.720103882601,1544.6228185098469,1620.720103882601,1544.6228185098469,0.6738992692486172,0.3261007307513828,3.152432134318855,0.0
2025-09-19,48844,FINAL,Essex Tech,4745,2.0,0.0,Malden Catholic,4228,3.0,1.0,Cape Ann,Independent,4:00 P.M.,,0,2025,1491.4826324225642,1642.7129614782134,1484.0318898019643,1650.1637040988132,0.3583049809893177,0.6416950190106823,-2.5307582263912307,-1.0
2025-09-19,48783,FINAL,Nauset,4271,0.0,0.0,Sandwich,4340,5.0,1.0,Cape & Islands,Cape & Islands,4:00 P.M.,,0,2025,1479.423681225946,1811.6752527433855,1470.5787686867493,1820.5201652825822,0.1645479893014002,0.8354520106985999,-7.0562892879359875,-5.0
2025-09-19,48749,FINAL,Monomoy,4706,4.0,1.0,Dennis-Yarmouth,4111,1.0,0.0,Cape & Islands,Cape & Islands,4:00 P.M.,,0,2025,1714.2721903525464,1680.0203946548586,1730.1206106473192,1664.1719743600859,0.6189260439134586,0.3810739560865414,2.106294892442196,3.0
2025-09-19,48643,FINAL,Hopkinton,4180,1.0,0.0,Wellesley,4413,2.0,1.0,Tri-Valley,Bay State,5:30 P.M.,,0,2025,1598.9621715098478,1669.9340850918418,1589.1917991337139,1679.7044574679758,0.46985559248956654,0.5301444075104335,-0.5242978395498483,-1.0
2025-09-19,53020,POSTPONED,Greater Lowell,4155,,,Northeast,4293,,,Independent,Independent,5:00 P.M.,,0,2025,1422.7697242415747,1316.9406771554384,,,0.7103375710133002,0.2896624289866998,3.895726177153409,
2025-09-19,51419,FINAL,Oliver Ames,4302,6.0,1.0,Sharon,4345,0.0,0.0,Hockomock,Hockomock,3:45 P.M.,,0,2025,1490.8517133205157,1299.353851529858,1502.4909843354228,1287.714580514951,0.8006199306348993,0.19938006936510067,6.037446544766442,6.0
2025-09-19,51555,FINAL,Tewksbury,4389,0.0,0.0,Methuen,4246,3.0,1.0,Merrimack Valley,Merrimack Valley,4:00 P.M.,,0,2025,1430.0122467041597,1491.802050297353,1409.9231937361947,1511.891103265318,0.48303961821731306,0.5169603817826869,-0.2947450898298314,-3.0
2025-09-19,51569,FINAL,Dracut,4119,0.0,0.0,Peabody,4306,5.0,1.0,Merrimack Valley,Northeastern,4:30 P.M.,,0,2025,1290.2112815941798,1407.990182140194,1268.5125099408092,1429.6889537935647,0.4036771680951717,0.5963228319048284,-1.6944725136503564,-5.0
2025-09-19,57405,FINAL,Ipswich,4190,6.0,1.0,Rockport,4490,0.0,0.0,Cape Ann,Cape Ann,,,0,2025,1545.0110575760839,1442.447199924442,1562.1474282044542,1425.3108292960717,0.7064549179948947,0.2935450820051053,3.814096441291048,6.0
2025-09-19,51581,FINAL,Haverhill,4167,0.0,0.0,Lowell,4216,6.0,1.0,Merrimack Valley,Merrimack Valley,4:00 P.M.,,0,2025,1357.502522301856,1535.2009872645287,1338.5836966140323,1554.1198129523525,0.3240784386851646,0.6759215613148354,-3.192461624066817,-6.0
2025-09-19,52074,FINAL,Marblehead,4231,2.0,2.0,Swampscott,4383,2.0,2.0,Northeastern,Northeastern,4:00 P.M.,,0,2025,1425.6617911070364,1500.672044422099,1425.6617911070364,1500.672044422099,0.4640693935162293,0.5359306064837708,-0.6252563328765632,0.0
2025-09-19,52097,FINAL,Masconomet,4236,5.0,1.0,Saugus,4341,0.0,0.0,Northeastern,Northeastern,4:30 P.M.,,0,2025,1671.871021277282,1424.086461508199,1680.0748569939628,1415.882625791518,0.847378403601324,0.152621596398676,7.444613994227074,5.0
2025-09-19,52600,FINAL,Notre Dame (Hingham),4449,2.0,1.0,Scituate,4343,0.0,0.0,Independent,Patriot,4:00 P.M.,,0,2025,1593.6741146149827,1614.3745037696142,1608.7668769410764,1599.2817414435206,0.5420658564211283,0.45793414357887174,0.7324902711342134,2.0
2025-09-19,52781,FINAL,Ursuline,4448,1.0,2.0,Dedham,4108,1.0,2.0,Independent,Tri-Valley,3:45 P.M.,,0,2025,1476.1035797449285,1542.9099249628612,1476.1035797449285,1542.9099249628612,0.47583257189838196,0.524167428101618,-0.42015863044831575,0.0
2025-09-19,52898,FINAL,Bellingham,4033,0.0,0.0,Ashland,4015,1.0,1.0,Tri-Valley,Tri-Valley,4:00 P.M.,,0,2025,1358.2722302689028,1396.9899874486907,1347.5375136454616,1407.724704072132,0.5162307479329012,0.48376925206709875,0.2820560705053026,-1.0
2025-09-19,53508,FINAL,Canterbury,4070,0.0,0.0,Taft,4386,4.0,1.0,Independent,Independent,4:30 P.M.,,0,2025,1489.021533660367,1515.3824821062008,1463.2399349259326,1541.164080840635,0.5339669320833946,0.46603306791660537,0.5909762888541537,-4.0
2025-09-19,57436,FINAL,Northampton,4291,2.0,1.0,Holyoke,4176,0.0,0.0,Valley,County,5:00 P.M.,,0,2025,1402.3491960174379,1423.6806502052386,1417.4716829759882,1408.5581632466883,0.5411639722058237,0.4588360277941763,0.7167136453049807,2.0
2025-09-19,57500,FINAL,Grafton,4153,0.0,0.0,Nashoba,4267,7.0,1.0,Mid-Wach,Mid-Wach,4:00 P.M.,,0,2025,1479.9510467395824,1631.13395175583,1457.594903077608,1653.4900954178042,0.35836775105035273,0.6416322489496473,-2.529572625406189,-7.0
2025-09-20,48702,UPCOMING,Martha’s Vineyard,4235,,,Brockton,4058,,,Cape & Islands,Big Three,11:30 A.M.,,0,2025,1402.3491926374884,1352.587781814912,,,0.6397485257700778,0.3602514742299222,2.49403527056441,
2025-09-20,50693,UPCOMING,Revere,4329,,,St. Mary’s,4374,,,Greater Boston,Catholic Central,4:00 P.M.,,0,2025,1392.3096334801403,1593.2002671565988,,,0.295546464729054,0.704453535270946,-3.7722658419114623,
2025-09-20,53670,FINAL,Hotchkiss,4181,3.0,0.0,Deerfield,4110,4.0,1.0,Independent,Independent,2:30 P.M.,,0,2025,1499.9375821453418,1486.2165161523303,1487.6545821362463,1498.4995161614258,0.5906874400120417,0.40931255998795835,1.5930266498252876,-1.0
2025-09-20,53423,SUSPENDED,Westminster,4422,,,Northfield Mt. Hermon,4294,,,Independent,Independent,4:00 P.M.,,0,2025,1492.956054594251,1497.6588616024987,,,0.5648210435685442,0.43517895643145577,1.132429824793809,
2025-09-20,57553,FINAL,Pingree,4312,1.0,1.0,Brooks,4060,0.0,0.0,EIL,ISL,,,0,2025,1523.7882422564908,1487.8681107917691,1531.6654050905577,1479.9909479577022,0.6211885414338958,0.3788114585661042,2.148003286618041,1.0
2025-09-20,53193,UPCOMING,Worcester Academy,4441,,,Kingswood-Oxford,4198,,,Independent,Independent,12:00 P.M.,,0,2025,1403.2577959883347,1502.7555,,,0.42924512391824543,0.5707548760817546,-1.2374426002916323,
2025-09-20,53594,FINAL,Phillips Andover,4310,8.0,1.0,Loomis Chaffee (Conn.),4215,0.0,0.0,Independent,Founders,2:00 P.M.,,0,2025,1615.791956676277,1495.67951344812,1633.789956981465,1477.681513142932,0.7269585686896044,0.2730414313103956,4.25281108070393,8.0
2025-09-20,51678,FINAL,Uxbridge,4398,8.0,1.0,Somerset Berkley,4350,1.0,0.0,CMAC,South Coast,1:30 P.M.,,0,2025,1801.5673320968426,1773.1652798812022,1825.8373673997785,1748.8952445782663,0.6109526714028276,0.3890473285971724,1.9600513053910107,7.0
2025-09-20,51747,FINAL,Dartmouth,4105,2.0,1.0,Apponequet,4011,0.0,0.0,Southeast,South Coast,10:00 A.M.,,0,2025,1577.1338630711655,1445.138686255399,1585.6923906680022,1436.5801586585624,0.7403230819730324,0.2596769180269676,4.54987942039416,2.0
2025-09-20,48805,FINAL,Lynnfield,4223,0.0,0.0,Monomoy,4706,4.0,1.0,Cape Ann,Cape & Islands,11:00 A.M.,,0,2025,1670.7376429586407,1730.1206106473192,1647.2478915133174,1753.6103620926424,0.4865001059033815,0.5134998940966184,-0.23457419221696227,-4.0
2025-09-20,48622,FINAL,Natick,4270,0.0,0.0,Franklin,4144,4.0,1.0,Bay State,Hockomock,10:00 A.M.,,0,2025,1626.272189243708,1742.1005032365667,1606.650742686973,1761.7219497933017,0.4063830070764614,0.5936169929235386,-1.6457078498214686,-4.0
2025-09-20,48608,FINAL,Newton South,4280,2.0,2.0,Brookline,4059,2.0,2.0,Dual County,Bay State,3:30 P.M.,,0,2025,1375.0105718422867,1521.728360054014,1375.0105718422867,1521.728360054014,0.36429923727778235,0.6357007627222176,-2.4179447052931833,0.0
2025-09-20,53024,FINAL,Malden Catholic,4228,4.0,1.0,Ursuline,4448,1.0,0.0,Independent,Independent,12:00 P.M.,,0,2025,1650.1637040988132,1476.1035797449285,1659.1422220422735,1467.1250618014683,0.7841122781406218,0.2158877218593782,5.601503108847117,3.0
2025-09-22,51762,UPCOMING,Carver,4077,,,Fairhaven,4133,,,South Shore,South Coast,4:00 P.M.,,0,2025,1459.9409007414438,1337.418358152738,,,0.7297036586364565,0.2702963413635435,4.3130635647176465,
2025-09-22,52520,UPCOMING,Plymouth South,4316,,,Duxbury,4123,,,Patriot,Patriot,4:00 P.M.,,0,2025,1401.143155539353,1599.2469278811982,,,0.2988974045992108,0.7011025954007892,-3.7025943085461277,
2025-09-22,51793,UPCOMING,East Bridgewater,4126,,,Bridgewater-Raynham,4053,,,South Shore,Southeast,4:00 P.M.,,0,2025,1472.0199342134085,1394.813479895962,,,0.6753008455344508,0.3246991544655492,3.180161357936163,
2025-09-22,52112,UPCOMING,Peabody,4306,,,Gloucester,4150,,,Northeastern,Northeastern,4:00 P.M.,,0,2025,1391.3518619325118,1602.5240739845162,,,0.2833749492745103,0.7166250507254897,-4.02930530130011,
2025-09-22,52167,UPCOMING,Saugus,4341,,,Everett,4132,,,Northeastern,Greater Boston,4:00 P.M.,,0,2025,1472.1826441596268,1372.568818624069,,,0.7029209995188905,0.29707900048110947,3.740345638388942,
2025-09-22,52559,UPCOMING,Hanover,4164,,,Whitman-Hanson,4427,,,Patriot,Patriot,4:00 P.M.,,0,2025,1565.2208449227915,1434.5900684276858,,,0.7388103205936425,0.2611896794063575,4.515769412377642,
2025-09-22,48860,UPCOMING,Pentucket,4309,,,Lynnfield,4223,,,Cape Ann,Cape Ann,4:00 P.M.,,0,2025,1447.3772546396754,1618.2819321712454,,,0.3327033893332773,0.6672966106667226,-3.0226169382892523,
2025-09-22,52620,UPCOMING,Hingham,4171,,,Pembroke,4308,,,Patriot,Patriot,4:00 P.M.,,0,2025,1710.1534451687066,1430.5910070348025,,,0.869564526455027,0.13043547354497298,8.239060953347604,
2025-09-22,52670,UPCOMING,Plymouth North,4315,,,Silver Lake,4349,,,Patriot,Patriot,4:00 P.M.,,0,2025,1327.4405940906192,1499.1756931944212,,,0.3316429582244978,0.6683570417755023,-3.0433774775950497,
2025-09-22,52807,UPCOMING,Bellingham,4033,,,Hopkinton,4180,,,Tri-Valley,Tri-Valley,4:15 P.M.,,0,2025,1417.1424929283864,1573.80983765654,,,0.3511412253066726,0.6488587746933274,-2.6666836182038365,
2025-09-22,52828,UPCOMING,Medfield,4241,,,Norwood,4297,,,Tri-Valley,Tri-Valley,4:30 P.M.,,0,2025,1609.5877019908437,1590.413743853242,,,0.5982544680189897,0.40174553198101026,1.7293489534400408,
2025-09-22,52899,UPCOMING,Dover-Sherborn,4118,,,Ashland,4015,,,Tri-Valley,Tri-Valley,4:00 P.M.,,0,2025,1676.4070611304564,1440.7730908140586,,,0.8381112266568684,0.16188877334313156,7.140849257909946,
2025-09-22,51582,UPCOMING,Haverhill,4167,,,Wilmington,4432,,,Merrimack Valley,Middlesex,6:00 P.M.,,0,2025,1315.6471679305273,1386.252080261021,,,0.47038186335064525,0.5296181366493548,-0.5151228082623447,
2025-09-22,52601,UPCOMING,Marshfield,4234,,,Scituate,4343,,,Patriot,Patriot,4:00 P.M.,,0,2025,1502.807675357152,1583.6029100514381,,,0.45579778958082123,0.5442022104191788,-0.7698808673571534,
2025-09-22,51556,UPCOMING,Tewksbury,4389,,,Holliston,4174,,,Merrimack Valley,Tri-Valley,4:00 P.M.,,0,2025,1393.3601679661178,1441.4733653043622,,,0.5027153006083163,0.49728469939168374,0.04717006654389024,
2025-09-22,48703,UPCOMING,Brockton,4058,,,Martha’s Vineyard,4235,,,Big Three,Cape & Islands,3:30 P.M.,,0,2025,1352.587781814912,1402.3491926374884,,,0.5003433573730801,0.4996566426269199,0.005964729435589788,
2025-09-22,51464,UPCOMING,North Attleborough,4284,,,Dartmouth,4105,,,Hockomock,Southeast,5:15 P.M.,,0,2025,1459.4887057759472,1557.9854764203783,,,0.4306573094308645,0.5693426905691354,-1.212419266110777,
2025-09-22,48667,UPCOMING,Milton,4252,,,Oliver Ames,4302,,,Bay State,Hockomock,4:30 P.M.,,0,2025,1580.1776831372706,1460.470882499606,,,0.7264948362465937,0.2735051637534063,4.2426700159416155,
2025-09-22,48673,UPCOMING,Foxborough,4142,,,Needham,4272,,,Hockomock,Bay State,4:00 P.M.,,0,2025,1528.9618029310232,1414.0743339487658,,,0.720947940048155,0.279052059951845,4.122186724556434,
2025-09-22,48677,UPCOMING,Walpole,4404,,,Bishop Feehan,4042,,,Bay State,Catholic Central,4:00 P.M.,,0,2025,1751.3812452954155,1599.486617679406,,,0.7617320367613777,0.23826796323862232,5.047365690400238,
2025-09-22,48720,UPCOMING,Middleborough,4247,,,Durfee,4122,,,South Shore,Big Three,5:30 P.M.,,0,2025,1408.5905133620483,1565.8646850799112,,,0.3503457505969718,0.6496542494030282,-2.6818542929465705,
2025-09-22,51552,UPCOMING,Westport,4461,,,Joseph Case,4078,,,Mayflower,South Coast,3:45 P.M.,,0,2025,1579.0902398311698,1422.3952069941627,,,0.7667110615609039,0.23328893843909615,5.167375820925178,
2025-09-22,48845,UPCOMING,North Reading,4288,,,Essex Tech,4745,,,Cape Ann,Cape Ann,4:15 P.M.,,0,2025,1548.277294384014,1539.4437194289908,,,0.5838682112315238,0.41613178876847623,1.4708393738755832,
2025-09-22,48784,UPCOMING,St. John Paul II,4689,,,Nauset,4271,,,Cape & Islands,Cape & Islands,4:30 P.M.,,0,2025,1506.0178723552556,1515.2254375452922,,,0.5584367598195774,0.4415632401804226,1.0198108702490856,
2025-09-22,48875,UPCOMING,Triton,4395,,,Newburyport,4276,,,Cape Ann,Cape Ann,4:00 P.M.,,0,2025,1444.0370911256218,1667.5036042473726,,,0.26922591200235746,0.7307740879976425,-4.336662828043768,
2025-09-22,48910,UPCOMING,Amesbury,4007,,,Ipswich,4190,,,Cape Ann,Cape Ann,4:00 P.M.,,0,2025,1364.388654945888,1610.075298901505,,,0.2448144556933022,0.7551855443066978,-4.892166098890425,
2025-09-22,51245,UPCOMING,Acton-Boxborough,4003,,,Minnechaug,4254,,,Dual County,Suburban,4:30 P.M.,,0,2025,1549.42954123406,1496.9368803452908,,,0.6433640403949642,0.3566359596050358,2.5623165222192315,
2025-09-22,51314,UPCOMING,Waltham,4405,,,Wayland,4411,,,Dual County,Dual County,4:30 P.M.,,0,2025,1540.2011468490039,1428.1607144634143,,,0.7176388879820201,0.28236111201797987,4.05101080963974,
2025-09-22,51353,UPCOMING,Dracut,4119,,,Revere,4329,,,Merrimack Valley,Greater Boston,5:30 P.M.,,0,2025,1296.6502479334597,1392.3096334801403,,,0.4346665493489247,0.5653334506510753,-1.141484638667015,
2025-09-23,52637,UPCOMING,Silver Lake,4349,,,Hingham,4171,,,Patriot,Patriot,4:00 P.M.,,0,2025,1499.1756931944212,1710.1534451687066,,,0.2836023254058667,0.7163976745941333,-4.024443799357135,
2025-09-23,51992,UPCOMING,Malden Catholic,4228,,,Stoneham,4380,,,Independent,Middlesex,4:00 P.M.,,0,2025,1540.2956934979659,1425.200332145621,,,0.7211886358501735,0.27881136414982655,4.1273840338086245,
2025-09-23,51740,UPCOMING,Seekonk,4344,,,Joseph Case,4078,,,South Coast,South Coast,3:45 P.M.,,0,2025,1483.3204084577042,1422.3952069941627,,,0.6544226247518138,0.3455773752481862,2.7731300365885376,
2025-09-23,52657,UPCOMING,Marshfield,4234,,,Norwell,4296,,,Patriot,South Shore,4:00 P.M.,,0,2025,1502.807675357152,1458.1043544796223,,,0.6330110493810488,0.3669889506189512,2.367583021938242,
2025-09-23,53355,UPCOMING,North Brookfield,4508,,,Blackstone-Millville,4486,,,Independent,CMAC,3:30 P.M.,,0,2025,1470.4369576060892,1434.9144028690446,,,0.6206498457733417,0.3793501542266583,2.1380638684261157,
2025-09-23,53082,UPCOMING,St. Bernard’s,4365,,,Tantasqua,4387,,,CMAC,CMAC,4:00 P.M.,,0,2025,1513.5559062263835,1447.3748244373855,,,0.6612326301733246,0.33876736982667544,2.9045270447249494,
2025-09-23,55810,UPCOMING,Notre Dame (Worcester),4451,,,Doherty,4116,,,CMAC,CMAC,3:45 P.M.,,0,2025,1497.7519169141087,1649.539808491058,,,0.3575673605420345,0.6424326394579656,-2.544697289423732,
2025-09-23,55952,UPCOMING,Hopedale,4507,,,Blackstone Valley,4046,,,CMAC,CMAC,3:30 P.M.,,0,2025,1575.5619157336737,1514.6728823400167,,,0.6543755380144517,0.3456244619855483,2.772225834841424,
2025-09-23,51732,UPCOMING,Dighton-Rehoboth,4114,,,Old Rochester,4301,,,South Coast,South Coast,3:45 P.M.,,0,2025,1374.9496257227213,1586.4560542255422,,,0.28298441795761076,0.7170155820423892,-4.037660712570522,
2025-09-23,53072,UPCOMING,Uxbridge,4398,,,Sutton,4512,,,CMAC,CMAC,7:00 P.M.,,0,2025,1747.8290598077133,1653.8856216983083,,,0.6960598914806047,0.30394010851939535,3.5985859527351236,
2025-09-23,51709,UPCOMING,Fairhaven,4133,,,West Bridgewater,4415,,,South Coast,South Coast,3:30 P.M.,,0,2025,1337.418358152738,1658.2968639769347,,,0.1737468248731311,0.8262531751268689,-6.771962645604918,
2025-09-23,48735,UPCOMING,Bishop Stang,4045,,,New Bedford,4273,,,Catholic Central,Big Three,3:30 P.M.,,0,2025,1493.0034063076791,1428.2397697963631,,,0.6594024781875936,0.34059752181240643,2.8690909127829003,
2025-09-23,51583,UPCOMING,Beverly,4038,,,Haverhill,4167,,,Northeastern,Merrimack Valley,4:00 P.M.,,0,2025,1629.4767546758744,1315.6471679305273,,,0.890354909372989,0.109645090627011,9.095739668633678,
2025-09-23,48750,UPCOMING,Dennis-Yarmouth,4111,,,Falmouth,4134,,,Cape & Islands,Cape & Islands,4:00 P.M.,,0,2025,1727.5982270595068,1470.0701298787314,,,0.8544917461341649,0.1455082538658351,7.688202429519384,
2025-09-23,48806,UPCOMING,Sandwich,4340,,,Monomoy,4706,,,Cape & Islands,Cape & Islands,4:00 P.M.,,0,2025,1783.8804329937516,1685.5118739218642,,,0.7014219126987321,0.2985780873012679,3.7092139767971846,
2025-09-23,50658,UPCOMING,Bishop Fenwick,4043,,,St. Mary’s,4374,,,Catholic Central,Catholic Central,4:00 P.M.,,0,2025,1567.70500223244,1593.2002671565988,,,0.5352067889181861,0.46479321108181393,0.6126183768960288,
2025-09-23,51679,UPCOMING,Watertown,4409,,,Somerset Berkley,4350,,,Middlesex,South Coast,6:15 P.M.,,0,2025,1729.581863437884,1767.8589435692236,,,0.5168642384900737,0.4831357615099263,0.2930729967165121,
2025-09-23,51499,UPCOMING,Masconomet,4236,,,Central Catholic,4081,,,Northeastern,Merrimack Valley,4:00 P.M.,,0,2025,1593.4071393514826,1565.3815498085055,,,0.6104374523788141,0.3895625476211859,1.9506397385744265,
2025-09-23,51510,UPCOMING,Apponequet,4011,,,Southeastern,4358,,,South Coast,Mayflower,4:00 P.M.,,0,2025,1464.77050526326,1437.2030310745904,,,0.6098101525583908,0.3901898474416092,1.9391868547167406,
2025-09-23,51535,UPCOMING,Wareham/Bourne,4407,,,Carver,4077,,,Mayflower,South Shore,4:30 P.M.,,0,2025,1333.415097764611,1459.9409007414438,,,0.3916175631312173,0.6083824368687827,-1.9131450744208223,
2025-09-23,51477,UPCOMING,Stoughton,4381,,,Ursuline,4448,,,Hockomock,Independent,4:00 P.M.,,0,2025,1379.0905876915458,1493.7445805399807,,,0.40801477245904605,0.591985227540954,-1.616349821210872,
2025-09-24,52150,UPCOMING,Saugus,4341,,,Gloucester,4150,,,Northeastern,Northeastern,4:30 P.M.,,0,2025,1472.1826441596268,1602.5240739845162,,,0.38639708398477624,0.6136029160152238,-2.008535745622237,
2025-09-24,52522,UPCOMING,Duxbury,4123,,,Whitman-Hanson,4427,,,Patriot,Patriot,4:00 P.M.,,0,2025,1599.2469278811982,1434.5900684276858,,,0.7748084059545128,0.22519159404548716,5.366421486337811,
2025-09-24,52558,UPCOMING,Hanover,4164,,,Plymouth South,4316,,,Patriot,Patriot,4:00 P.M.,,0,2025,1565.2208449227915,1401.143155539353,,,0.7742261606583591,0.22577383934164086,5.35194223458596,
2025-09-24,52604,UPCOMING,Pembroke,4308,,,Scituate,4343,,,Patriot,Patriot,4:00 P.M.,,0,2025,1430.5910070348025,1583.6029100514381,,,0.3559504379985741,0.6440495620014259,-2.575297575415891,
2025-09-24,52659,UPCOMING,Plymouth North,4315,,,Marshfield,4234,,,Patriot,Patriot,4:00 P.M.,,0,2025,1327.4405940906192,1502.807675357152,,,0.32702513866927774,0.6729748613307223,-3.134177031663319,
2025-09-24,52891,UPCOMING,Medway,4243,,,Westwood,4424,,,Tri-Valley,Tri-Valley,4:30 P.M.,,0,2025,1511.1455985614944,1540.2906588495193,,,0.529976677049784,0.470023322950216,0.5213734927993755,
2025-09-24,53194,UPCOMING,Beaver Country Day,4030,,,Worcester Academy,4441,,,EIL,Independent,4:30 P.M.,,0,2025,1499.729579191529,1403.2577959883347,,,0.6991301965116139,0.3008698034883861,3.6617945800798566,
2025-09-24,53428,UPCOMING,Westminster,4422,,,Kent,4193,,,Independent,Founders,2:45 P.M.,,0,2025,1492.956054594251,1502.7555,,,0.5575964440994096,0.44240355590059044,1.0050138648562779,
2025-09-24,51781,UPCOMING,Dartmouth,4105,,,Barnstable,4024,,,Southeast,Southeast,4:00 P.M.,,0,2025,1557.9854764203783,1435.107742787271,,,0.7301067470552397,0.2698932529447603,4.321943340827682,
2025-09-24,53679,UPCOMING,Williston Northampton,4431,,,Hotchkiss,4181,,,Independent,Independent,3:45 P.M.,,0,2025,1534.182796298222,1527.4674776792335,,,0.5809025679445932,0.41909743205540684,1.4178829654747118,
2025-09-24,53742,UPCOMING,Greenwich Academy (Conn.),4159,,,Hopkins (Conn.),4612,,,Independent,Independent,3:45 P.M.,,0,2025,1553.1670664572282,1502.7555,,,0.6406106314285591,0.3593893685714409,2.5102891614307055,
2025-09-24,52830,UPCOMING,Norwood,4297,,,Dover-Sherborn,4118,,,Tri-Valley,Tri-Valley,4:30 P.M.,,0,2025,1590.413743853242,1676.4070611304564,,,0.4483859673999895,0.5516140326000105,-0.8998329319303593,
2025-09-24,53512,UPCOMING,Frederick Gunn (Conn.),4161,,,Taft,4386,,,Independent,Independent,2:30 P.M.,,0,2025,1499.520298664535,1535.3419059594517,,,0.5203930280532438,0.47960697194675617,0.35445981762708245,
2025-09-24,51571,UPCOMING,Dracut,4119,,,Methuen,4246,,,Merrimack Valley,Merrimack Valley,5:30 P.M.,,0,2025,1296.6502479334597,1492.1854448632184,,,0.3020050903254009,0.6979949096745991,-3.6383799232439684,
2025-09-24,51485,UPCOMING,Andover,4009,,,Chelmsford,4085,,,Merrimack Valley,Merrimack Valley,7:00 P.M.,,0,2025,1709.108175418179,1574.8647240354376,,,0.7428033862135905,0.25719661378640946,4.6060862845685335,
2025-09-24,48721,UPCOMING,Taunton,4388,,,Durfee,4122,,,Hockomock,Big Three,3:45 P.M.,,0,2025,1408.9329036679833,1565.8646850799112,,,0.35079447973776023,0.6492055202622398,-2.673294535298197,
2025-09-24,51557,UPCOMING,Tewksbury,4389,,,Lowell,4216,,,Merrimack Valley,Merrimack Valley,4:00 P.M.,,0,2025,1393.3601679661178,1543.8278835868687,,,0.35931495731898655,0.6406850426810135,-2.5116928905187708,
2025-09-24,48876,UPCOMING,Newburyport,4276,,,Manchester Essex,4229,,,Cape Ann,Cape Ann,4:00 P.M.,,0,2025,1667.5036042473726,1629.4110899257053,,,0.6241267003733475,0.3758732996266525,2.202312858041682,
2025-09-24,48889,UPCOMING,North Reading,4288,,,Rockport,4490,,,Cape Ann,Cape Ann,4:15 P.M.,,0,2025,1548.277294384014,1426.3396685919315,,,0.7290390406437621,0.2709609593562379,4.298440644802065,
2025-09-24,48897,UPCOMING,Pentucket,4309,,,Amesbury,4007,,,Cape Ann,Cape Ann,4:00 P.M.,,0,2025,1447.3772546396754,1364.388654945888,,,0.682556166368479,0.31744383363152096,3.324714992344684,
2025-09-24,48824,UPCOMING,Bridgewater-Raynham,4053,,,St. John Paul II,4689,,,Southeast,Cape & Islands,4:00 P.M.,,0,2025,1394.813479895962,1506.0178723552556,,,0.41281974545913996,0.58718025454086,-1.530109811482339,
2025-09-24,51315,UPCOMING,Weston,4423,,,Waltham,4405,,,Dual County,Dual County,4:15 P.M.,,0,2025,1511.7096183983754,1540.2011468490039,,,0.5309136976244102,0.4690863023755898,0.5377117887342877,
2025-09-24,51366,UPCOMING,Medfield,4241,,,Attleboro,4018,,,Tri-Valley,Hockomock,6:30 P.M.,,0,2025,1609.5877019908437,1591.4953355090552,,,0.5967571281541871,0.40324287184581287,1.7023091620447133,
2025-09-24,51407,UPCOMING,Bellingham,4033,,,Milford,4249,,,Tri-Valley,Hockomock,7:30 P.M.,,0,2025,1417.1424929283864,1276.3209851653098,,,0.7499708631169073,0.2500291368830927,4.770537694076916,
2025-09-24,51478,UPCOMING,Stoughton,4381,,,Brockton,4058,,,Hockomock,Big Three,3:45 P.M.,,0,2025,1379.0905876915458,1352.587781814912,,,0.6083508959867424,0.3916491040132576,1.9125701469158458,
2025-09-24,51294,UPCOMING,Westford,4421,,,Wayland,4411,,,Dual County,Dual County,4:00 P.M.,,0,2025,1398.7056921871765,1428.1607144634143,,,0.5295321855950751,0.4704678144049249,0.5136244430940564,
2025-09-25,48846,UPCOMING,Essex Tech,4745,,,Hamilton-Wenham,4163,,,Cape Ann,Cape Ann,4:00 P.M.,,0,2025,1539.4437194289908,1479.012460748554,,,0.6537793057374017,0.34622069426259827,2.7607814670109176,
2025-09-25,48609,UPCOMING,Brookline,4059,,,Walpole,4404,,,Bay State,Bay State,4:00 P.M.,,0,2025,1506.615361962656,1751.3812452954155,,,0.24579570633396888,0.7542042936660311,-4.86914708331899,
2025-09-25,48634,UPCOMING,Milton,4252,,,Newton North,4279,,,Bay State,Bay State,4:30 P.M.,,0,2025,1580.1776831372706,1439.340291097762,,,0.7499880085405253,0.2500119914594747,4.770934800987715,
2025-09-25,48652,UPCOMING,Braintree,4051,,,Natick,4270,,,Bay State,Bay State,4:00 P.M.,,0,2025,1466.358193062768,1602.3304401321232,,,0.37874086677048735,0.6212591332295127,-2.1493061767338815,
2025-09-25,48689,UPCOMING,Weymouth,4425,,,Framingham,4143,,,Bay State,Bay State,4:00 P.M.,,0,2025,1337.026771373496,1303.230618302205,,,0.6183072253805268,0.38169277461947315,2.09490382678228,
2025-09-25,48768,UPCOMING,Falmouth,4134,,,Sandwich,4340,,,Cape & Islands,Cape & Islands,4:00 P.M.,,0,2025,1470.0701298787314,1783.8804329937516,,,0.17966567934907154,0.8203343206509285,-6.595257577875503,
2025-09-25,48785,UPCOMING,Monomoy,4706,,,Nauset,4271,,,Cape & Islands,Cape & Islands,4:00 P.M.,,0,2025,1685.5118739218642,1515.2254375452922,,,0.7804122980872747,0.21958770191272525,5.507160909414301,
2025-09-25,48898,UPCOMING,Pentucket,4309,,,Central Catholic,4081,,,Cape Ann,Merrimack Valley,4:00 P.M.,,0,2025,1447.3772546396754,1565.3815498085055,,,0.40336487632562346,0.5966351236743765,-1.7001073792207535,
2025-09-25,51540,UPCOMING,North Andover,4283,,,Malden Catholic,4228,,,Merrimack Valley,Independent,4:00 P.M.,,0,2025,1532.3347962277662,1540.2956934979659,,,0.5602056034355631,0.43979439656443686,1.0509775682450084,
2025-09-25,50671,UPCOMING,Bishop Feehan,4042,,,Bishop Stang,4045,,,Catholic Central,Catholic Central,4:00 P.M.,,0,2025,1599.486617679406,1493.0034063076791,,,0.7111117744884478,0.28888822551155224,3.912080284293171,
2025-09-25,48929,UPCOMING,Manchester Essex,4229,,,St. Mary’s,4374,,,Cape Ann,Catholic Central,7:15 P.M.,,0,2025,1629.4110899257053,1593.2002671565988,,,0.6215822239411587,0.3784177760588413,2.1552705692276617,
2025-09-25,55813,UPCOMING,Oakmont,4299,,,Notre Dame (Worcester),4451,,,Mid-Wach,CMAC,7:00 P.M.,,0,2025,1542.822870219177,1497.7519169141087,,,0.6335025356577969,0.3664974643422031,2.376773832626708,
2025-09-25,53073,UPCOMING,Doherty,4116,,,Uxbridge,4398,,,CMAC,CMAC,3:30 P.M.,,0,2025,1649.539808491058,1747.8290598077133,,,0.4309502339638346,0.5690497660361654,-1.207231282916382,
2025-09-25,52738,UPCOMING,Mashpee,4237,,,Norwell,4296,,,South Shore,South Shore,4:30 P.M.,,0,2025,1420.7010479248893,1458.1043544796223,,,0.5181201600662046,0.48187983993379535,0.3149173361316741,
2025-09-25,52717,UPCOMING,East Bridgewater,4126,,,Carver,4077,,,South Shore,South Shore,4:30 P.M.,,0,2025,1472.0199342134085,1459.9409007414438,,,0.5884001593295954,0.41159984067040456,1.5519758367991188,
2025-09-25,52694,UPCOMING,Middleborough,4247,,,Cohasset,4094,,,South Shore,South Shore,6:00 P.M.,,0,2025,1408.5905133620483,1648.3521163963273,,,0.2511749639037089,0.7488250360962911,-4.744040075856975,
2025-09-25,52054,UPCOMING,Danvers,4103,,,Swampscott,4383,,,Northeastern,Northeastern,5:30 P.M.,,0,2025,1466.637136996147,1431.8654037813865,,,0.6196317112212169,0.38036828877878315,2.1192933303690156,
2025-09-25,51993,UPCOMING,Melrose,4244,,,Stoneham,4380,,,Middlesex,Middlesex,4:30 P.M.,,0,2025,1461.837870010909,1425.200332145621,,,0.6221598328971858,0.3778401671028142,2.1659384466322025,
2025-09-25,51967,UPCOMING,Arlington,4013,,,Woburn,4438,,,Middlesex,Middlesex,4:15 P.M.,,0,2025,1475.4136993629158,1362.306069843918,,,0.7188820552314895,0.2811179447685105,4.077690737974945,
2025-09-25,51836,UPCOMING,Winchester,4434,,,Reading,4328,,,Middlesex,Middlesex,4:15 P.M.,,0,2025,1620.640938545352,1619.5334780378596,,,0.5730236077169729,0.4269763922830271,1.2776865126873076,
2025-09-25,51805,UPCOMING,Belmont,4034,,,Lexington,4209,,,Middlesex,Middlesex,4:15 P.M.,,0,2025,1705.633211007122,1546.8805985311749,,,0.7688229130782869,0.23117708692171313,5.21881531189868,
2025-09-25,52003,UPCOMING,Burlington,4065,,,Wilmington,4432,,,Middlesex,Middlesex,5:30 P.M.,,0,2025,1368.0151277100956,1386.252080261021,,,0.5455837759724612,0.4544162240275388,0.794076186226863,
2025-09-25,51734,UPCOMING,Old Rochester,4301,,,Seekonk,4344,,,South Coast,South Coast,3:45 P.M.,,0,2025,1586.4560542255422,1483.3204084577042,,,0.7071370283946745,0.2928629716053255,3.82839114419595,
2025-09-25,51681,UPCOMING,Somerset Berkley,4350,,,West Bridgewater,4415,,,South Coast,South Coast,3:30 P.M.,,0,2025,1767.8589435692236,1658.2968639769347,,,0.7147390559193818,0.2852609440806182,3.9890519898072228,
2025-09-25,51513,UPCOMING,Westport,4461,,,Southeastern,4358,,,Mayflower,Mayflower,3:30 P.M.,,0,2025,1579.0902398311698,1437.2030310745904,,,0.7511194378162425,0.24888056218375754,4.797180218914486,
2025-09-25,51465,UPCOMING,Oliver Ames,4302,,,North Attleborough,4284,,,Hockomock,Hockomock,6:30 P.M.,,0,2025,1460.470882499606,1459.4887057759472,,,0.572847146288597,0.427152853711403,1.2745544180914692,
2025-09-25,51448,UPCOMING,Mansfield,4230,,,Foxborough,4142,,,Hockomock,Hockomock,5:15 P.M.,,0,2025,1455.0943374506928,1528.9618029310232,,,0.46570588553151326,0.5342941144684867,-0.5966866370082584,
2025-09-25,51394,UPCOMING,King Philip,4197,,,Taunton,4388,,,Hockomock,Hockomock,6:00 P.M.,,0,2025,1679.265154506113,1408.9329036679833,,,0.86341881370921,0.13658118629078997,8.008306270953245,
2025-09-25,51380,UPCOMING,Franklin,4144,,,Milford,4249,,,Hockomock,Hockomock,3:45 P.M.,,0,2025,1753.3213125153645,1276.3209851653098,,,0.9540717176742718,0.04592828232572821,13.175008183751368,
2025-09-25,51367,UPCOMING,Attleboro,4018,,,Sharon,4345,,,Hockomock,Hockomock,3:45 P.M.,,0,2025,1591.4953355090552,1313.3494660729727,,,0.8686368442666745,0.13136315573332547,8.20364673590206,
2025-09-25,51748,UPCOMING,Apponequet,4011,,,Fairhaven,4133,,,South Coast,South Coast,4:00 P.M.,,0,2025,1464.77050526326,1337.418358152738,,,0.7351519652128155,0.26484803478718455,4.433803677763052,
2025-09-25,51261,UPCOMING,Nashoba,4267,,,Concord-Carlisle,4097,,,Mid-Wach,Dual County,6:00 P.M.,,0,2025,1689.3798111837343,1627.5989036690837,,,0.6555357724811933,0.3444642275188067,2.794522687866265,
2025-09-26,52172,UPCOMING,Wakefield,4402,,,Saugus,4341,,,Middlesex,Northeastern,4:15 P.M.,,0,2025,1348.650969614646,1472.1826441596268,,,0.3957315814042846,0.6042684185957155,-1.8382918636245165,
2025-09-26,52538,UPCOMING,Cohasset,4094,,,Duxbury,4123,,,South Shore,Patriot,4:00 P.M.,,0,2025,1648.3521163963273,1599.2469278811982,,,0.6388774607847104,0.3611225392152896,2.4776297128782288,
2025-09-26,52621,UPCOMING,Silver Lake,4349,,,Pembroke,4308,,,Patriot,Patriot,7:00 P.M.,,0,2025,1499.1756931944212,1430.5910070348025,,,0.6643250599679199,0.3356749400320801,2.9646171539904684,
2025-09-26,52782,UPCOMING,Dedham,4108,,,Medfield,4241,,,Tri-Valley,Tri-Valley,4:15 P.M.,,0,2025,1547.951911192036,1609.5877019908437,,,0.48326100873398115,0.5167389912660189,-0.2908947699701912,
2025-09-26,53358,UPCOMING,North Brookfield,4508,,,Shepherd Hill,4347,,,Independent,Mid-Wach,4:00 P.M.,,0,2025,1470.4369576060892,1473.1389014769027,,,0.5676499782119289,0.43235002178807114,1.1824514032296634,
2025-09-26,52905,UPCOMING,Holliston,4174,,,Bellingham,4033,,,Tri-Valley,Tri-Valley,4:00 P.M.,,0,2025,1441.4733653043622,1417.1424929283864,,,0.6053680105615765,0.3946319894384235,1.8582718093993946,
2025-09-26,53287,UPCOMING,Austin Prep,4020,,,Thayer,4390,,,Independent,ISL,5:30 P.M.,,0,2025,1394.0791901654575,1510.3041124362094,,,0.4058323688799175,0.5941676311200825,-1.6556230567687975,
2025-09-26,52076,UPCOMING,Masconomet,4236,,,Marblehead,4231,,,Northeastern,Northeastern,4:00 P.M.,,0,2025,1593.4071393514826,1469.7146578894087,,,0.7310299306088044,0.2689700693911956,4.342312036551846,
2025-09-26,53434,UPCOMING,Westminster,4422,,,Pomfret,4317,,,Independent,Independent,5:30 P.M.,,0,2025,1492.956054594251,1497.6881167975685,,,0.5647796491114699,0.43522035088853006,1.1316984449170662,
2025-09-26,52900,UPCOMING,Ashland,4015,,,Medway,4243,,,Tri-Valley,Tri-Valley,4:00 P.M.,,0,2025,1440.7730908140586,1511.1455985614944,,,0.47071515999926855,0.5292848400007315,-0.5093126936858937,
2025-09-26,51521,UPCOMING,Haverhill,4167,,,Chelmsford,4085,,,Merrimack Valley,Merrimack Valley,4:00 P.M.,,0,2025,1315.6471679305273,1574.8647240354376,,,0.2307017358385598,0.7692982641614402,-5.2304389026227565,
2025-09-26,52808,UPCOMING,Algonquin,4005,,,Hopkinton,4180,,,Mid-Wach,Tri-Valley,4:00 P.M.,,0,2025,1543.156444062006,1573.80983765654,,,0.5278132636891546,0.4721867363108454,0.4836651601366498,
2025-09-26,51486,UPCOMING,Tewksbury,4389,,,Andover,4009,,,Merrimack Valley,Merrimack Valley,4:00 P.M.,,0,2025,1393.3601679661178,1709.108175418179,,,0.1780275593584725,0.8219724406415275,-6.643700186301527,
2025-09-26,51501,UPCOMING,Dracut,4119,,,Central Catholic,4081,,,Merrimack Valley,Merrimack Valley,5:30 P.M.,,0,2025,1296.6502479334597,1565.3815498085055,,,0.22112565975951937,0.7788743402404806,-5.468282546876145,
2025-09-26,48623,UPCOMING,Natick,4270,,,Westwood,4424,,,Bay State,Tri-Valley,4:00 P.M.,,0,2025,1602.3304401321232,1540.2906588495193,,,0.6558721938214546,0.34412780617854544,2.8009945320650957,
2025-09-26,48736,UPCOMING,Dartmouth,4105,,,New Bedford,4273,,,Southeast,Big Three,4:00 P.M.,,0,2025,1557.9854764203783,1428.2397697963631,,,0.7378259695388543,0.26217403046114574,4.493642665600379,
2025-09-26,48751,UPCOMING,Dennis-Yarmouth,4111,,,Nantucket,4265,,,Cape & Islands,Cape & Islands,3:30 P.M.,,0,2025,1727.5982270595068,1549.146317424706,,,0.7883611318462616,0.21163886815373845,5.7112977408700205,
2025-09-26,48835,UPCOMING,Sturgis East,4456,,,Plymouth South,4316,,,Cape & Islands,Patriot,4:00 P.M.,,0,2025,1393.2860183054322,1401.143155539353,,,0.5603527558263728,0.4396472441736272,1.0535715691519782,
2025-09-26,48704,UPCOMING,Plymouth North,4315,,,Brockton,4058,,,Patriot,Big Three,4:00 P.M.,,0,2025,1327.4405940906192,1352.587781814912,,,0.5357051933354101,0.4642948066645899,0.6213203068926816,
2025-09-26,48890,UPCOMING,Malden,4227,,,North Reading,4288,,,Greater Boston,Cape Ann,4:30 P.M.,,0,2025,1297.020987906747,1548.277294384014,,,0.23893550767805458,0.7610644923219454,-5.031407661931678,
2025-09-26,51246,UPCOMING,Acton-Boxborough,4003,,,Lincoln-Sudbury,4211,,,Dual County,Dual County,4:00 P.M.,,0,2025,1549.42954123406,1664.606524205833,,,0.40728780434622036,0.5927121956537796,-1.6294245742943247,
2025-09-26,51283,UPCOMING,Newton South,4280,,,Ursuline,4448,,,Dual County,Independent,4:15 P.M.,,0,2025,1365.1122947434956,1493.7445805399807,,,0.3887323576838435,0.6112676423161565,-1.965807144912128,
2025-09-26,51439,UPCOMING,Stoughton,4381,,,Canton,4071,,,Hockomock,Hockomock,3:45 P.M.,,0,2025,1379.0905876915458,1746.6841648306488,,,0.1384509843259222,0.8615490156740778,-7.939839428477574,
2025-09-26,48861,UPCOMING,Lynnfield,4223,,,Ipswich,4190,,,Cape Ann,Cape Ann,4:00 P.M.,,0,2025,1618.2819321712454,1610.075298901505,,,0.5829910901125266,0.4170089098874734,1.4551658317435112,
2025-09-27,55817,UPCOMING,Hopedale,4507,,,Notre Dame (Worcester),4451,,,CMAC,CMAC,11:00 P.M.,,0,2025,1575.5619157336737,1497.7519169141087,,,0.676062185426156,0.32393781457384396,3.1952499704891237,
2025-09-27,51487,UPCOMING,Minnechaug,4254,,,Andover,4009,,,Suburban,Merrimack Valley,10:00 A.M.,,0,2025,1496.9368803452908,1709.108175418179,,,0.28220849211848625,0.7177915078815138,-4.054282376822203,
2025-09-27,53687,UPCOMING,Hotchkiss,4181,,,Greenwich Academy (Conn.),4159,,,Independent,Independent,2:30 P.M.,,0,2025,1527.4674776792335,1553.1670664572282,,,0.5349141890725297,0.46508581092747026,0.6075102805501331,
2025-09-27,53514,UPCOMING,Taft,4386,,,Loomis Chaffee (Conn.),4215,,,Independent,Founders,3:00 P.M.,,0,2025,1535.3419059594517,1479.8952542162624,,,0.6472560944822364,0.3527439055177636,2.6361662935797314,
2025-09-27,53437,UPCOMING,Choate,4090,,,Westminster,4422,,,Founders,Independent,1:30 P.M.,,0,2025,1484.2864120657061,1492.956054594251,,,0.55920017979958,0.44079982020041997,1.033258936786376,
2025-09-27,53083,UPCOMING,Blackstone-Millville,4486,,,St. Bernard’s,4365,,,CMAC,CMAC,1:00 P.M.,,0,2025,1434.9144028690446,1513.5559062263835,,,0.45887468148602956,0.5411253185139704,-0.7160375839334734,
2025-09-27,52639,UPCOMING,Sandwich,4340,,,Hingham,4171,,,Cape & Islands,Patriot,10:00 A.M.,,0,2025,1783.8804329937516,1710.1534451687066,,,0.6708936755242975,0.32910632447570254,3.0931746956261237,
2025-09-27,52043,UPCOMING,Beverly,4038,,,Peabody,4306,,,Northeastern,Northeastern,10:00 A.M.,,0,2025,1629.4767546758744,1391.3518619325118,,,0.8400473207102117,0.1599526792897883,7.2031223185840645,
2025-09-27,55954,UPCOMING,Blackstone Valley,4046,,,Nipmuc,4281,,,CMAC,CMAC,12:30 P.M.,,0,2025,1514.6728823400167,1476.3772979721575,,,0.6244008910875357,0.3755991089124643,2.20738960919648,
2025-09-27,51588,UPCOMING,Lowell,4216,,,Methuen,4246,,,Merrimack Valley,Merrimack Valley,9:00 A.M.,,0,2025,1543.8278835868687,1492.1854448632184,,,0.6422402792758672,0.35775972072413276,2.541060968091256,
2025-09-27,51262,UPCOMING,Concord-Carlisle,4097,,,North Andover,4283,,,Dual County,Merrimack Valley,11:00 A.M.,,0,2025,1627.5989036690837,1532.3347962277662,,,0.6976658542820922,0.30233414571790784,3.631602686032937,
2025-09-27,51682,UPCOMING,Durfee,4122,,,Somerset Berkley,4350,,,Big Three,South Coast,2:00 P.M.,,0,2025,1565.8646850799112,1767.8589435692236,,,0.29422550346495696,0.705774496535043,-3.7998564622328104,
2025-09-27,50646,UPCOMING,Arlington Catholic,4014,,,Bishop Fenwick,4043,,,Catholic Central,Catholic Central,11:30 A.M.,,0,2025,1366.6289752539808,1567.70500223244,,,0.29532432150683696,0.704675678493163,-3.7769006744614786,
2025-09-27,48916,UPCOMING,Hamilton-Wenham,4163,,,Manchester Essex,4229,,,Cape Ann,Cape Ann,12:15 P.M.,,0,2025,1479.012460748554,1629.4110899257053,,,0.359406514562493,0.640593485437507,-2.5099657294287794,
2025-09-27,48862,UPCOMING,Triton,4395,,,Lynnfield,4223,,,Cape Ann,Cape Ann,1:30 P.M.,,0,2025,1444.0370911256218,1618.2819321712454,,,0.3284484685435362,0.6715515314564637,-3.1061210261405905,
2025-09-27,48815,UPCOMING,Nantucket,4265,,,West Bridgewater,4415,,,Cape & Islands,South Coast,11:30 A.M.,,0,2025,1549.146317424706,1658.2968639769347,,,0.4156885321850822,0.5843114678149177,-1.4787636638057164,
2025-09-27,48807,UPCOMING,Monomoy,4706,,,Dover-Sherborn,4118,,,Cape & Islands,Tri-Valley,2:00 P.M.,,0,2025,1685.5118739218642,1676.4070611304564,,,0.5842475216204123,0.41575247837958773,1.4776203197851943,
2025-09-27,48794,UPCOMING,Martha’s Vineyard,4235,,,Sharon,4345,,,Cape & Islands,Hockomock,,,0,2025,1402.3491926374884,1313.3494660729727,,,0.6900058706007965,0.30999412939920346,3.474993164112891,
2025-09-27,48635,UPCOMING,Waltham,4405,,,Newton North,4279,,,Dual County,Bay State,11:00 A.M.,,0,2025,1540.2011468490039,1439.340291097762,,,0.704417845523584,0.295582154476416,3.771521393781046,
2025-09-27,48610,UPCOMING,Weston,4423,,,Brookline,4059,,,Dual County,Bay State,10:00 A.M.,,0,2025,1511.7096183983754,1506.615361962656,,,0.5786290493621985,0.4213709506378015,1.377356410892986,
2025-09-27,50682,UPCOMING,Seekonk,4344,,,Bishop Stang,4045,,,South Coast,Catholic Central,2:00 P.M.,,0,2025,1483.3204084577042,1493.0034063076791,,,0.5577617955067847,0.44223820449321527,1.0079250537506255,
2025-09-29,51573,UPCOMING,Dracut,4119,,,Lowell,4216,,,Merrimack Valley,Merrimack Valley,5:30 P.M.,,0,2025,1296.6502479334597,1543.8278835868687,,,0.2432311352104825,0.7567688647895174,-4.929440891335224,
2025-09-29,51558,UPCOMING,Haverhill,4167,,,Tewksbury,4389,,,Merrimack Valley,Merrimack Valley,6:00 P.M.,,0,2025,1315.6471679305273,1393.3601679661178,,,0.4602021540335186,0.5397978459664814,-0.6928250008897635,
2025-09-29,51514,UPCOMING,Southeastern,4358,,,East Bridgewater,4126,,,Mayflower,South Shore,3:30 P.M.,,0,2025,1437.2030310745904,1472.0199342134085,,,0.5218363340748817,0.4781636659251183,0.37957742152954665,
2025-09-29,51420,UPCOMING,Sharon,4345,,,Foxborough,4142,,,Hockomock,Hockomock,3:45 P.M.,,0,2025,1313.3494660729727,1528.9618029310232,,,0.27821336727950674,0.7217866327204933,-4.140308421451261,
2025-09-29,51488,UPCOMING,Andover,4009,,,Uxbridge,4398,,,Merrimack Valley,CMAC,7:00 P.M.,,0,2025,1709.108175418179,1747.8290598077133,,,0.5162262522573055,0.48377374774269455,0.2819778902616406,
2025-09-29,51431,UPCOMING,Taunton,4388,,,Mansfield,4230,,,Hockomock,Hockomock,3:45 P.M.,,0,2025,1408.9329036679833,1455.0943374506928,,,0.5055239160877607,0.4944760839122393,0.09596415543226158,
2025-09-29,51806,UPCOMING,Belmont,4034,,,Winchester,4434,,,Middlesex,Middlesex,4:30 P.M.,,0,2025,1705.633211007122,1620.640938545352,,,0.6850500115145955,0.31494998848540445,3.374806811544255,
2025-09-29,51502,UPCOMING,Central Catholic,4081,,,North Andover,4283,,,Merrimack Valley,Merrimack Valley,7:00 P.M.,,0,2025,1565.3815498085055,1532.3347962277662,,,0.617288614331912,0.38271138566808804,2.076168839518482,
2025-09-29,51838,UPCOMING,Reading,4328,,,Woburn,4438,,,Middlesex,Middlesex,4:00 P.M.,,0,2025,1619.5334780378596,1362.306069843918,,,0.8542764009455204,0.14572359905447962,7.680685204848539,
2025-09-29,52017,UPCOMING,Wilmington,4432,,,Wakefield,4402,,,Middlesex,Middlesex,5:30 P.M.,,0,2025,1386.252080261021,1348.650969614646,,,0.6234628647345999,0.3765371352654001,2.190027766159375,
2025-09-29,51994,UPCOMING,Burlington,4065,,,Stoneham,4380,,,Middlesex,Middlesex,4:00 P.M.,,0,2025,1368.0151277100956,1425.200332145621,,,0.489661133513569,0.510338866486431,-0.17963011088813233,
2025-09-29,52010,UPCOMING,Watertown,4409,,,Melrose,4244,,,Middlesex,Middlesex,4:15 P.M.,,0,2025,1729.581863437884,1461.837870010909,,,0.8616522658116997,0.13834773418830026,7.943599835674377,
2025-09-29,52055,UPCOMING,Danvers,4103,,,Peabody,4306,,,Northeastern,Northeastern,4:00 P.M.,,0,2025,1466.637136996147,1391.3518619325118,,,0.6728712142004775,0.32712878579952254,3.1321318765908814,
2025-09-29,52671,UPCOMING,Carver,4077,,,Plymouth North,4315,,,South Shore,Patriot,4:00 P.M.,,0,2025,1459.9409007414438,1327.4405940906192,,,0.740881693213505,0.25911830678649495,4.562507666270614,
2025-09-29,52784,UPCOMING,Dover-Sherborn,4118,,,Dedham,4108,,,Tri-Valley,Tri-Valley,4:00 P.M.,,0,2025,1676.4070611304564,1547.951911192036,,,0.7363863677169477,0.26361363228305235,4.461378748460509,
2025-09-29,52832,UPCOMING,Medway,4243,,,Norwood,4297,,,Tri-Valley,Tri-Valley,4:30 P.M.,,0,2025,1511.1455985614944,1590.413743853242,,,0.45797910597641595,0.542020894023584,-0.7317036322936928,
2025-09-29,52810,UPCOMING,Medfield,4241,,,Hopkinton,4180,,,Tri-Valley,Tri-Valley,4:30 P.M.,,0,2025,1609.5877019908437,1573.80983765654,,,0.6209958111801231,0.37900418881987685,2.144446608357595,
2025-09-29,52892,UPCOMING,Bellingham,4033,,,Westwood,4424,,,Tri-Valley,Tri-Valley,4:30 P.M.,,0,2025,1417.1424929283864,1540.2906588495193,,,0.3962596146215652,0.6037403853784348,-1.8287041480283222,
2025-09-29,51968,UPCOMING,Lexington,4209,,,Arlington,4013,,,Middlesex,Middlesex,4:15 P.M.,,0,2025,1546.8805985311749,1475.4136993629158,,,0.668014742100543,0.331985257899457,3.0366724792064756,
2025-09-29,51408,UPCOMING,Milford,4249,,,Oliver Ames,4302,,,Hockomock,Hockomock,4:00 P.M.,,0,2025,1276.3209851653098,1460.470882499606,,,0.31599715111314863,0.6840028488868514,-3.353747433357404,
2025-09-29,52907,UPCOMING,Holliston,4174,,,Nipmuc,4281,,,Tri-Valley,CMAC,4:00 P.M.,,0,2025,1441.4733653043622,1476.3772979721575,,,0.5217113260310108,0.4782886739689892,0.3774016833051178,
2025-09-29,48825,UPCOMING,St. John Paul II,4689,,,Mashpee,4237,,,Cape & Islands,South Shore,4:00 P.M.,,0,2025,1506.0178723552556,1420.7010479248893,,,0.6854529637539694,0.31454703624603064,3.3829206107591574,
2025-09-29,51316,UPCOMING,Everett,4132,,,Waltham,4405,,,Greater Boston,Dual County,6:00 P.M.,,0,2025,1372.568818624069,1540.2011468490039,,,0.33689855783087663,0.6631014421691234,-2.9408082056233695,
2025-09-29,48930,UPCOMING,Rockport,4490,,,Manchester Essex,4229,,,Cape Ann,Cape Ann,4:00 P.M.,,0,2025,1426.3396685919315,1629.4110899257053,,,0.29293954136460487,0.7070604586353951,-3.8267855333443435,
2025-09-29,48911,UPCOMING,Amesbury,4007,,,Hamilton-Wenham,4163,,,Cape Ann,Cape Ann,5:30 P.M.,,0,2025,1364.388654945888,1479.012460748554,,,0.40805674545874526,0.5919432545412547,-1.6155951450666521,
2025-09-29,48891,UPCOMING,North Reading,4288,,,Pentucket,4309,,,Cape Ann,Cape Ann,4:15 P.M.,,0,2025,1548.277294384014,1447.3772546396754,,,0.7044648082089823,0.2955351917910177,3.772500993608469,
2025-09-29,48863,UPCOMING,Newburyport,4276,,,Lynnfield,4223,,,Cape Ann,Cape Ann,4:00 P.M.,,0,2025,1667.5036042473726,1618.2819321712454,,,0.6390321471524661,0.36096785284753385,2.4805418019031777,
2025-09-29,48836,UPCOMING,Middleborough,4247,,,Sturgis East,4456,,,South Shore,Cape & Islands,5:30 P.M.,,0,2025,1408.5905133620483,1393.2860183054322,,,0.5928893789349808,0.40711062106501916,1.6326123764154032,
2025-09-29,51395,UPCOMING,King Philip,4197,,,Stoughton,4381,,,Hockomock,Hockomock,3:45 P.M.,,0,2025,1679.265154506113,1379.0905876915458,,,0.8824425817912421,0.11755741820875787,8.75436417036418,
2025-09-29,48769,UPCOMING,Monomoy,4706,,,Falmouth,4134,,,Cape & Islands,Cape & Islands,4:00 P.M.,,0,2025,1685.5118739218642,1470.0701298787314,,,0.821714308679412,0.17828569132058802,6.636043601078319,
2025-09-29,48752,UPCOMING,Dennis-Yarmouth,4111,,,Barnstable,4024,,,Cape & Islands,Southeast,4:00 P.M.,,0,2025,1727.5982270595068,1435.107742787271,,,0.8777757532374433,0.12222424676255672,8.562262106805894,
2025-09-29,48705,UPCOMING,Brockton,4058,,,Wareham/Bourne,4407,,,Big Three,Mayflower,5:30 P.M.,,0,2025,1352.587781814912,1333.415097764611,,,0.5982527052629821,0.40174729473701787,1.7293171012575272,
2025-09-29,48690,UPCOMING,Wellesley,4413,,,Weymouth,4425,,,Bay State,Bay State,4:00 P.M.,,0,2025,1631.0304747325981,1337.026771373496,,,0.8787072233470226,0.12129277665297744,8.60009258397755,
2025-09-29,48668,UPCOMING,Milton,4252,,,Framingham,4143,,,Bay State,Bay State,4:30 P.M.,,0,2025,1580.1776831372706,1303.230618302205,,,0.8678474019421794,0.13215259805782065,8.173676620876643,
2025-09-29,48636,UPCOMING,Newton North,4279,,,Walpole,4404,,,Bay State,Bay State,4:30 P.M.,,0,2025,1439.340291097762,1751.3812452954155,,,0.18117173387466126,0.8188282661253388,-6.551023854941337,
2025-09-29,48611,UPCOMING,Brookline,4059,,,Braintree,4051,,,Bay State,Bay State,4:00 P.M.,,0,2025,1506.615361962656,1466.358193062768,,,0.6270453483696614,0.3729546516303386,2.256429222497201,
2025-09-29,53517,UPCOMING,Greenwich Academy (Conn.),4159,,,Taft,4386,,,Independent,Independent,5:00 P.M.,,0,2025,1553.1670664572282,1535.3419059594517,,,0.5963869329860682,0.40361306701393185,1.6956290124444138,
2025-09-29,51381,UPCOMING,Franklin,4144,,,Canton,4071,,,Hockomock,Hockomock,3:45 P.M.,,0,2025,1753.3213125153645,1746.6841648306488,,,0.5807930122139582,0.4192069877860418,1.4159286921178933,
2025-09-29,51345,UPCOMING,Methuen,4246,,,Malden,4227,,,Merrimack Valley,Greater Boston,4:30 P.M.,,0,2025,1492.1854448632184,1297.020987906747,,,0.8039677641649713,0.1960322358350287,6.129111423911786,
2025-09-29,51368,UPCOMING,Attleboro,4018,,,North Attleborough,4284,,,Hockomock,Hockomock,5:00 P.M.,,0,2025,1591.4953355090552,1459.4887057759472,,,0.7403357561445718,0.2596642438554282,4.550165743327699,
2025-09-30,55926,UPCOMING,Doherty,4116,,,Hopedale,4507,,,CMAC,CMAC,3:30 P.M.,,0,2025,1649.539808491058,1575.5619157336737,,,0.6712124969979869,0.3287875030020131,3.099447318934608,
2025-09-30,50659,UPCOMING,Bishop Fenwick,4043,,,Bishop Feehan,4042,,,Catholic Central,Catholic Central,4:00 P.M.,,0,2025,1567.70500223244,1599.486617679406,,,0.5261943592384973,0.47380564076150267,0.45545961382584893,
2025-09-30,48644,UPCOMING,Weston,4423,,,Wellesley,4413,,,Dual County,Bay State,4:15 P.M.,,0,2025,1511.7096183983754,1631.0304747325981,,,0.4015423088865779,0.5984576911134221,-1.7330214083555688,
2025-09-30,53740,UPCOMING,Greenwich Academy (Conn.),4159,,,St. Luke’s,4618,,,Independent,Independent,4:30 P.M.,,0,2025,1553.1670664572282,1502.7555,,,0.6406106314285591,0.3593893685714409,2.5102891614307055,
2025-09-30,53361,UPCOMING,Leicester,4207,,,North Brookfield,4508,,,CMAC,Independent,3:30 P.M.,,0,2025,1352.5788157424154,1470.4369576060892,,,0.4035673676954086,0.5964326323045914,-1.696453546591846,
2025-09-30,50683,UPCOMING,Bishop Stang,4045,,,St. Mary’s,4374,,,Catholic Central,Catholic Central,5:30 P.M.,,0,2025,1493.0034063076791,1593.2002671565988,,,0.4282593868984148,0.5717406131015852,-1.254921521222991,
2025-09-30,52750,UPCOMING,Middleborough,4247,,,Carver,4077,,,South Shore,South Shore,6:30 P.M.,,0,2025,1408.5905133620483,1459.9409007414438,,,0.4980566461298681,0.5019433538701319,-0.03375968448488607,
2025-09-30,53084,UPCOMING,St. Bernard’s,4365,,,Monty Tech,4259,,,CMAC,CMAC,4:00 P.M.,,0,2025,1513.5559062263835,1491.2008402888318,,,0.6026476407910838,0.3973523592089162,1.8088766484387917,
2025-09-30,52696,UPCOMING,Cohasset,4094,,,Norwell,4296,,,South Shore,South Shore,4:00 P.M.,,0,2025,1648.3521163963273,1458.1043544796223,,,0.7994687401254232,0.20053125987457676,6.006194047917626,
2025-09-30,52641,UPCOMING,Hingham,4171,,,Plymouth North,4315,,,Patriot,Patriot,4:00 P.M.,,0,2025,1710.1534451687066,1327.4405940906192,,,0.9235010838913378,0.07649891610866222,10.817821276952184,
2025-09-30,52623,UPCOMING,Pembroke,4308,,,Marshfield,4234,,,Patriot,Patriot,4:00 P.M.,,0,2025,1430.5910070348025,1502.807675357152,,,0.46807115056809423,0.5319288494319058,-0.5554167080587377,
2025-09-30,52583,UPCOMING,Plymouth South,4316,,,Whitman-Hanson,4427,,,Patriot,Patriot,4:00 P.M.,,0,2025,1401.143155539353,1434.5900684276858,,,0.5238037991324105,0.4761962008675895,0.41382717779168277,
2025-09-30,52555,UPCOMING,Silver Lake,4349,,,Hanover,4164,,,Patriot,Patriot,4:00 P.M.,,0,2025,1499.1756931944212,1565.2208449227915,,,0.47692557213944936,0.5230744278605506,-0.4011287932092557,
2025-09-30,52536,UPCOMING,Scituate,4343,,,Duxbury,4123,,,Patriot,Patriot,4:00 P.M.,,0,2025,1583.6029100514381,1599.2469278811982,,,0.5492817095843772,0.45071829041562284,0.8588995542559985,
2025-09-30,52116,UPCOMING,Gloucester,4150,,,Peabody,4306,,,Northeastern,Northeastern,4:30 P.M.,,0,2025,1602.5240739845162,1391.3518619325118,,,0.8180852094324359,0.1819147905675641,6.52930530130011,
2025-09-30,52101,UPCOMING,Swampscott,4383,,,Masconomet,4236,,,Northeastern,Northeastern,4:30 P.M.,,0,2025,1431.8654037813865,1593.4071393514826,,,0.3447751838445468,0.6552248161554532,-2.788543389252402,
2025-09-30,52044,UPCOMING,Saugus,4341,,,Beverly,4038,,,Northeastern,Northeastern,4:00 P.M.,,0,2025,1472.1826441596268,1629.4767546758744,,,0.3503196273980892,0.6496803726019108,-2.6823527629061914,
2025-09-30,52056,UPCOMING,Danvers,4103,,,Marblehead,4231,,,Northeastern,Northeastern,4:30 P.M.,,0,2025,1466.637136996147,1469.7146578894087,,,0.5671192964314653,0.4328807035685347,1.1730619776684592,
2025-09-30,51710,UPCOMING,West Bridgewater,4415,,,Seekonk,4344,,,South Coast,South Coast,3:45 P.M.,,0,2025,1658.2968639769347,1483.3204084577042,,,0.7850038636106239,0.2149961363893761,5.6244113879807625,
2025-09-30,51684,UPCOMING,Joseph Case,4078,,,Somerset Berkley,4350,,,South Coast,South Coast,3:30 P.M.,,0,2025,1422.3952069941627,1767.8589435692236,,,0.15435741703899436,0.8456425829610057,-7.386593414376523,
2025-09-30,51553,UPCOMING,Old Rochester,4301,,,Westport,4461,,,South Coast,Mayflower,3:30 P.M.,,0,2025,1586.4560542255422,1579.0902398311698,,,0.5818139205081531,0.41818607949184694,1.434145359859309,
2025-09-30,51542,UPCOMING,North Andover,4283,,,Reading,4328,,,Merrimack Valley,Middlesex,4:00 P.M.,,0,2025,1532.3347962277662,1619.5334780378596,,,0.44667041425682524,0.5533295857431748,-0.9299670452523344,
2025-09-30,51536,UPCOMING,Fairhaven,4133,,,Wareham/Bourne,4407,,,South Coast,Mayflower,4:00 P.M.,,0,2025,1337.418358152738,1333.415097764611,,,0.577097056349676,0.422902943650324,1.3500815097031762,
2025-09-30,51305,UPCOMING,Wayland,4411,,,Bedford,4031,,,Dual County,Dual County,4:00 P.M.,,0,2025,1428.1607144634143,1571.093970119569,,,0.36935920238115155,0.6306407976188484,-2.3233313914038662,
2025-09-30,51263,UPCOMING,Concord-Carlisle,4097,,,Lincoln-Sudbury,4211,,,Dual County,Dual County,4:30 P.M.,,0,2025,1627.5989036690837,1664.606524205833,,,0.5186888264262313,0.48131117357376874,0.3248094865812675,
2025-09-30,51247,UPCOMING,Westford,4421,,,Acton-Boxborough,4003,,,Dual County,Dual County,4:00 P.M.,,0,2025,1398.7056921871765,1549.42954123406,,,0.35897560432687775,0.6410243956731223,-2.518096226172088,
2025-09-30,52719,UPCOMING,Mashpee,4237,,,East Bridgewater,4126,,,South Shore,South Shore,4:00 P.M.,,0,2025,1420.7010479248893,1472.0199342134085,,,0.4981019791748009,0.5018980208251991,-0.0329721572129813,
2025-09-30,51749,UPCOMING,Apponequet,4011,,,Dighton-Rehoboth,4114,,,South Coast,South Coast,4:00 P.M.,,0,2025,1464.77050526326,1374.9496257227213,,,0.6910160426113201,0.3089839573886799,3.495521988513468,
2025-10-01,53440,UPCOMING,Miss Porter’s,4257,,,Westminster,4422,,,Independent,Independent,2:30 P.M.,,0,2025,1483.634586820026,1492.956054594251,,,0.5582750736733532,0.44172492632664684,1.016963305644373,
2025-10-01,55928,UPCOMING,Leominster,4208,,,Doherty,4116,,,Mid-Wach,CMAC,7:00 P.M.,,0,2025,1395.651571045589,1649.539808491058,,,0.23619134596777988,0.7638086540322201,-5.097205936136726,
2025-10-01,53599,UPCOMING,Governor’s Academy,4152,,,Phillips Andover,4310,,,ISL,Independent,2:45 P.M.,,0,2025,1488.9727318178102,1681.971068025973,,,0.3050923178138258,0.6949076821861742,-3.574958405204069,
2025-10-01,52909,UPCOMING,Holliston,4174,,,Medfield,4241,,,Tri-Valley,Tri-Valley,4:15 P.M.,,0,2025,1441.4733653043622,1609.5877019908437,,,0.33627898450904625,0.6637210154909537,-2.9528584171620365,
2025-10-01,51584,UPCOMING,Haverhill,4167,,,Methuen,4246,,,Merrimack Valley,Merrimack Valley,6:30 P.M.,,0,2025,1315.6471679305273,1492.1854448632184,,,0.3255431075680367,0.6744568924319633,-3.1634569233172782,
2025-10-01,52811,UPCOMING,Hopkinton,4180,,,Dover-Sherborn,4118,,,Tri-Valley,Tri-Valley,4:00 P.M.,,0,2025,1573.80983765654,1676.4070611304564,,,0.4248795068392171,0.575120493160783,-1.3149305868479133,
2025-10-01,51470,UPCOMING,Oliver Ames,4302,,,Notre Dame (Hingham),4449,,,Hockomock,Independent,3:45 P.M.,,0,2025,1460.470882499606,1516.5356256721636,,,0.4912730193463098,0.5087269806536903,-0.15161857931394138,
2025-10-01,51459,UPCOMING,Mansfield,4230,,,North Attleborough,4284,,,Hockomock,Hockomock,4:30 P.M.,,0,2025,1455.0943374506928,1459.4887057759472,,,0.5652574118730613,0.43474258812693867,1.1401407918686401,
2025-10-01,51332,UPCOMING,Revere,4329,,,Everett,4132,,,Greater Boston,Greater Boston,6:00 P.M.,,0,2025,1392.3096334801403,1372.568818624069,,,0.599038486677724,0.40096151332227603,1.7435203714017802,
2025-10-01,51317,UPCOMING,Waltham,4405,,,Chelmsford,4085,,,Dual County,Merrimack Valley,4:00 P.M.,,0,2025,1540.2011468490039,1574.8647240354376,,,0.5220565627454178,0.4779434372545822,0.38341057033915715,
2025-10-01,48931,UPCOMING,Manchester Essex,4229,,,Amesbury,4007,,,Cape Ann,Cape Ann,4:00 P.M.,,0,2025,1629.4110899257053,1364.388654945888,,,0.8597740903747919,0.1402259096252081,7.875560874495432,
2025-10-01,48922,UPCOMING,Rockport,4490,,,Ipswich,4190,,,Cape Ann,Cape Ann,4:00 P.M.,,0,2025,1426.3396685919315,1610.075298901505,,,0.31651281597873154,0.6834871840212684,-3.343390757739337,
2025-10-01,48877,UPCOMING,Newburyport,4276,,,North Reading,4288,,,Cape Ann,Cape Ann,4:45 P.M.,,0,2025,1667.5036042473726,1548.277294384014,,,0.725944902092608,0.274055097907392,4.230657746583961,
2025-10-01,51515,UPCOMING,Greater Lowell,4155,,,Southeastern,4358,,,Independent,Mayflower,4:30 P.M.,,0,2025,1422.7697242415747,1437.2030310745904,,,0.5510065368474338,0.44899346315256616,0.8891673291746087,
2025-10-01,48847,UPCOMING,Pentucket,4309,,,Essex Tech,4745,,,Cape Ann,Cape Ann,4:00 P.M.,,0,2025,1447.3772546396754,1539.4437194289908,,,0.4397555906875493,0.5602444093124507,-1.0516616197328859,
2025-10-01,48795,UPCOMING,St. John Paul II,4689,,,Martha’s Vineyard,4235,,,Cape & Islands,Cape & Islands,4:00 P.M.,,0,2025,1506.0178723552556,1402.3491926374884,,,0.7077720702226495,0.29222792977735046,3.8417169929441797,
2025-10-01,48753,UPCOMING,Sandwich,4340,,,Dennis-Yarmouth,4111,,,Cape & Islands,Cape & Islands,4:00 P.M.,,0,2025,1783.8804329937516,1727.5982270595068,,,0.6483534760412681,0.35164652395873186,2.657055148356119,
2025-10-01,48737,UPCOMING,Taunton,4388,,,New Bedford,4273,,,Hockomock,Big Three,4:00 P.M.,,0,2025,1408.9329036679833,1428.2397697963631,,,0.5440564200870758,0.4559435799129242,0.7673283467905037,
2025-10-01,48722,UPCOMING,Dartmouth,4105,,,Durfee,4122,,,Southeast,Big Three,4:00 P.M.,,0,2025,1557.9854764203783,1565.8646850799112,,,0.5603214550377399,0.4396785449622601,1.0530197835116781,
2025-10-01,48706,UPCOMING,Brockton,4058,,,Stoughton,4381,,,Big Three,Hockomock,6:30 P.M.,,0,2025,1352.587781814912,1379.0905876915458,,,0.5337637193555098,0.4662362806444902,0.5874298530841543,
2025-10-01,48691,UPCOMING,Marshfield,4234,,,Weymouth,4425,,,Patriot,Bay State,4:00 P.M.,,0,2025,1502.807675357152,1337.026771373496,,,0.7759353767034209,0.22406462329657906,5.394522599591397,
2025-10-01,48678,UPCOMING,Norwood,4297,,,Walpole,4404,,,Tri-Valley,Bay State,4:00 P.M.,,0,2025,1590.413743853242,1751.3812452954155,,,0.34552230930016903,0.654477690699831,-2.774187536054336,
2025-10-01,48816,UPCOMING,Nantucket,4265,,,Sturgis East,4456,,,Cape & Islands,Cape & Islands,4:00 P.M.,,0,2025,1549.146317424706,1393.2860183054322,,,0.7658504926912393,0.23414950730876072,5.146507477981845,
2025-10-01,52901,UPCOMING,Ashland,4015,,,Bellingham,4033,,,Tri-Valley,Tri-Valley,5:00 P.M.,,0,2025,1440.7730908140586,1417.1424929283864,,,0.6044045816491194,0.39559541835088063,1.840764947141804,
2025-10-01,51559,UPCOMING,Tewksbury,4389,,,Dracut,4119,,,Merrimack Valley,Merrimack Valley,4:00 P.M.,,0,2025,1393.3601679661178,1296.6502479334597,,,0.6994184670936001,0.3005815329063999,3.6677480008164536,
2025-10-01,52786,UPCOMING,Dedham,4108,,,Medway,4243,,,Tri-Valley,Tri-Valley,4:15 P.M.,,0,2025,1547.951911192036,1511.1455985614944,,,0.6223881937883149,0.3776118062116851,2.1701578157635426,
2025-10-01,52147,UPCOMING,Malden Catholic,4228,,,Gloucester,4150,,,Independent,Northeastern,4:00 P.M.,,0,2025,1540.2956934979659,1602.5240739845162,,,0.48240920888770844,0.5175907911122916,-0.30570951216375875,
2025-10-01,51794,UPCOMING,Barnstable,4024,,,Bridgewater-Raynham,4053,,,Southeast,Southeast,4:00 P.M.,,0,2025,1435.107742787271,1394.813479895962,,,0.6270952830714017,0.3729047169285983,2.2573565722827253,
2025-10-01,51589,UPCOMING,Lowell,4216,,,Wilmington,4432,,,Merrimack Valley,Middlesex,4:00 P.M.,,0,2025,1543.8278835868687,1386.252080261021,,,0.7676167034825012,0.23238329651749878,5.18939508314619,
2025-10-02,52606,UPCOMING,Scituate,4343,,,Cohasset,4094,,,Patriot,South Shore,6:00 P.M.,,0,2025,1583.6029100514381,1648.3521163963273,,,0.4787869272856725,0.5212130727143275,-0.3687301586222304,
2025-10-02,55929,UPCOMING,Sutton,4512,,,Doherty,4116,,,CMAC,CMAC,3:30 P.M.,,0,2025,1653.8856216983083,1649.539808491058,,,0.5775782353331363,0.42242176466686365,1.3586453301812582,
2025-10-02,48770,UPCOMING,Falmouth,4134,,,Nauset,4271,,,Cape & Islands,Cape & Islands,3:30 P.M.,,0,2025,1470.0701298787314,1515.2254375452922,,,0.5069716208706976,0.4930283791293024,0.12111730833598244,
2025-10-02,48936,UPCOMING,Northeast,4293,,,Rockport,4490,,,Independent,Cape Ann,4:30 P.M.,,0,2025,1316.9406771554384,1426.3396685919315,,,0.41534119940558495,0.5846588005944151,-1.4849747859123283,
2025-10-02,53363,UPCOMING,North Brookfield,4508,,,Narragansett,4266,,,Independent,Mid-Wach,4:00 P.M.,,0,2025,1470.4369576060892,1536.8994558943136,,,0.4763262747993329,0.5236737252006671,-0.4115624572056106,
2025-10-02,50647,UPCOMING,Arlington Catholic,4014,,,Bishop Stang,4045,,,Catholic Central,Catholic Central,3:30 P.M.,,0,2025,1366.6289752539808,1493.0034063076791,,,0.39182518870434035,0.6081748112956596,-1.9093607763424587,
2025-10-02,51516,UPCOMING,Wareham/Bourne,4407,,,Southeastern,4358,,,Mayflower,Mayflower,3:45 P.M.,,0,2025,1333.415097764611,1437.2030310745904,,,0.42320548543257164,0.5767945145674284,-1.3446983327494877,
2025-10-02,51686,UPCOMING,Somerset Berkley,4350,,,Old Rochester,4301,,,South Coast,South Coast,3:30 P.M.,,0,2025,1767.8589435692236,1586.4560542255422,,,0.7911815271745454,0.20881847282545463,5.785072233592035,
2025-10-02,51741,UPCOMING,Joseph Case,4078,,,Fairhaven,4133,,,South Coast,South Coast,3:45 P.M.,,0,2025,1422.3952069941627,1337.418358152738,,,0.685030855152667,0.31496914484733296,3.374421221035618,
2025-10-02,51756,UPCOMING,Seekonk,4344,,,Dighton-Rehoboth,4114,,,South Coast,South Coast,3:45 P.M.,,0,2025,1483.3204084577042,1374.9496257227213,,,0.7133388115511945,0.2866611884488055,3.959269568374572,
2025-10-02,52533,UPCOMING,Duxbury,4123,,,Marshfield,4234,,,Patriot,Patriot,4:00 P.M.,,0,2025,1599.2469278811982,1502.807675357152,,,0.6990908050873295,0.30090919491267054,3.660981313101155,
2025-10-02,52550,UPCOMING,Hanover,4164,,,Pembroke,4308,,,Patriot,Patriot,4:00 P.M.,,0,2025,1565.2208449227915,1430.5910070348025,,,0.7432280860690821,0.2567719139309179,4.615745947199724,
2025-10-02,52585,UPCOMING,Plymouth South,4316,,,Hingham,4171,,,Patriot,Patriot,4:00 P.M.,,0,2025,1401.143155539353,1710.1534451687066,,,0.1837742184034527,0.8162257815965472,-6.475257240733839,
2025-10-02,50672,UPCOMING,Bishop Feehan,4042,,,St. Mary’s,4374,,,Catholic Central,Catholic Central,4:00 P.M.,,0,2025,1599.486617679406,1593.2002671565988,,,0.580301275791373,0.41969872420862697,1.4071587630701798,
2025-10-02,48817,UPCOMING,Nantucket,4265,,,Barnstable,4024,,,Cape & Islands,Southeast,4:00 P.M.,,0,2025,1549.146317424706,1435.107742787271,,,0.7199637776506475,0.28003622234935255,4.100964365935875,
2025-10-25,53328,UPCOMING,Proctor,4321,,,Austin Prep,4020,,,Independent,Independent,1:30 P.M.,,0,2025,1462.884580551315,1394.0791901654575,,,0.6646083134029241,0.33539168659707586,2.970134759646436,
2025-10-25,51357,UPCOMING,Revere,4329,,,Ursuline,4448,,,Greater Boston,Independent,10:00 A.M.,,0,2025,1392.3096334801403,1493.7445805399807,,,0.4265152174104948,0.5734847825895052,-1.28587367649601,
2025-10-25,60520,FINAL,Milton,4252,3.0,1.0,Holderness,4173,1.0,0.0,Bay State,Independent,,,0,2025,1497.4070780631148,1560.1689930179107,1514.4912994867811,1543.0847715942443,0.481642383460013,0.518357616539987,-0.3190478738698971,2.0
2025-10-25,60502,FINAL,Arlington Catholic,4014,0.0,0.0,Malden Catholic,4228,7.0,1.0,Catholic Central,Independent,12:30 P.M.,,0,2025,1289.6711318254424,1659.1422220422735,1281.114219609315,1667.699134258401,0.1371668313281035,0.8628331686718965,-7.986777255420776,-7.0
2025-10-25,60501,FINAL,Joseph Case,4078,0.0,0.0,Sutton,4512,4.0,1.0,South Coast,CMAC,,,0,2025,1518.3220944649638,1693.6655310065023,1502.5308484126656,1709.4567770588005,0.3270550944173169,0.672944905582683,-3.1335859135384623,-4.0
2025-10-25,53625,FINAL,Deerfield,4110,1.0,0.0,Phillips Andover,4310,3.0,1.0,Independent,Independent,3:30 P.M.,,0,2025,1498.4995161614258,1633.789956981465,1485.9863839105162,1646.3030892323745,0.3796647940915762,0.6203352059084237,-2.1322610205009767,-2.0
2025-10-25,53469,FINAL,Greenwich Academy (Conn.),4159,6.0,1.0,Westminster,4422,0.0,0.0,Independent,Independent,3:00 P.M.,,0,2025,1529.6010955021281,1488.806392272786,1551.3309557884756,1467.0765319864386,0.6277686939639924,0.3722313060360076,2.269867580733552,6.0
2025-10-25,51982,FINAL,Lexington,4209,3.0,1.0,Woburn,4438,0.0,0.0,Middlesex,Middlesex,9:30 A.M.,,0,2025,1519.961812728516,1338.006337819792,1528.6244927955493,1329.3436577527586,0.7917065737747236,0.20829342622527636,5.7988868727181,3.0
2025-10-25,51815,FINAL,Belmont,4034,1.0,1.0,Arlington,4013,0.0,0.0,Middlesex,Middlesex,4:15 P.M.,,0,2025,1693.674161411241,1475.9829021649705,1697.3422240088137,1472.3148395673977,0.8236034760270475,0.17639652397295247,6.69228148115676,1.0
2025-10-25,53551,FINAL,Taft,4386,0.0,2.0,Kent,4193,0.0,2.0,Independent,Founders,2:30 P.M.,,0,2025,1541.164080840635,1501.65,1541.164080840635,1501.65,0.6260444583125574,0.3739555416874426,2.237852021015874,0.0
2025-10-25,50688,FINAL,Bishop Stang,4045,0.0,0.0,Dartmouth,4105,2.0,1.0,Catholic Central,Southeast,11:00 A.M.,,0,2025,1453.530754767629,1585.6923906680022,1440.877516377164,1598.3456290584672,0.38391579756206523,0.6160842024379347,-2.054040897509327,-2.0
2025-10-25,50679,FINAL,Bishop Feehan,4042,1.0,0.0,Attleboro,4018,2.0,1.0,Catholic Central,Hockomock,3:00 P.M.,,0,2025,1618.1947168971806,1567.1518596689984,1604.856204535984,1580.490372030195,0.6414468545444759,0.3585531454555241,2.5260714307045533,-1.0
2025-10-25,48812,FINAL,Swampscott,4383,0.0,0.0,Monomoy,4706,7.0,1.0,Northeastern,Cape & Islands,2:00 P.M.,,0,2025,1500.672044422099,1753.6103620926424,1485.8760325396158,1768.4063739751255,0.23717925519769623,0.7628207448023038,-5.073457941763587,-7.0
2025-10-25,48802,FINAL,Nantucket,4265,3.0,1.0,Martha’s Vineyard,4235,0.0,0.0,Cape & Islands,Cape & Islands,1:00 P.M.,,0,2025,1640.2712212945694,1374.7092303401078,1646.0874969919996,1368.8929546426775,0.8601481315812428,0.13985186841875719,7.889049773861541,3.0
2025-10-25,48730,FINAL,Durfee,4122,5.0,1.0,Middleborough,4247,4.0,0.0,Big Three,South Shore,1:00 P.M.,,0,2025,1588.011328122282,1391.0120192311056,1592.0531995522847,1386.970147801103,0.8056270710674763,0.19437292893252367,6.174982722279412,1.0
2025-10-25,51311,FINAL,Bedford,4031,7.0,1.0,Peabody,4306,0.0,0.0,Dual County,Northeastern,12:00 P.M.,,0,2025,1628.0992284340355,1429.6889537935647,1640.1456963814837,1417.6424858461164,0.8068957825776487,0.1931042174223513,6.21025686601177,7.0
2025-10-26,60533,FINAL,Nipmuc,4281,1.0,1.0,Quaboag,4510,0.0,0.0,CMAC,CMAC,,,0,2025,1450.868359624155,1538.8976484164687,1462.39909219748,1527.3669158431435,0.4454889766215641,0.5545110233784358,-0.9507322198078441,1.0
2025-10-26,51414,UPCOMING,Milford,4249,,,Bellingham,4033,,,Hockomock,Tri-Valley,7:00 P.M.,,0,2025,1276.3209851653098,1417.1424929283864,,,0.37219525083326416,0.6278047491667358,-2.2705376940769155,
2025-10-26,48759,FINAL,Dennis-Yarmouth,4111,3.0,1.0,Dartmouth,4105,0.0,0.0,Cape & Islands,Southeast,10:00 A.M.,,0,2025,1664.1719743600859,1598.3456290584672,1678.2799431164922,1584.237660302061,0.6607750573019345,0.33922494269806547,2.895658632540466,3.0
2025-10-26,51254,FINAL,Acton-Boxborough,4003,3.0,1.0,Shrewsbury,4348,0.0,0.0,Dual County,Mid-Wach,5:30 P.M.,,0,2025,1544.6228185098469,1466.4114041990513,1558.0739757938393,1452.9602469150589,0.6765680348694462,0.32343196513055383,3.2052853577698897,3.0
2025-10-26,51358,FINAL,Revere,4329,6.0,1.0,Northeast,4293,0.0,0.0,Greater Boston,Independent,,,0,2025,1403.9055929954807,1237.3494974737932,1416.9406469536943,1224.3144435155796,0.7767102459391254,0.2232897540608746,5.413902388042186,6.0
2025-10-26,53074,FINAL,Hopedale,4507,1.0,0.0,Uxbridge,4398,5.0,1.0,CMAC,CMAC,3:30 P.M.,,0,2025,1532.0835072710443,1825.8373673997785,1522.5565130628406,1835.3643616079821,0.1973151440968,0.8026848559032,-6.093846503218356,-4.0
2025-10-27,53483,UPCOMING,Suffield Academy,4382,,,Westminster,4422,,,Independent,Independent,4:45 P.M.,,0,2025,1487.160801747161,1492.956054594251,,,0.5632746857113209,0.4367253142886791,1.1051186788227483,
2025-10-28,61614,FINAL,Canton,4071,4.0,1.0,Foxborough,4142,0.0,0.0,Hockomock,Hockomock,,,0,2025,1743.4095753333427,1559.0686623424351,1753.3577383741872,1549.1204993015906,0.7939619589342853,0.20603804106571466,5.858522824772689,4.0
2025-10-29,61054,FINAL,Tyngsborough,4397,4.0,1.0,Blackstone-Millville,4486,1.0,0.0,Mid-Wach,CMAC,6:00 P.M.,,0,2025,1508.6141815615517,1424.7781385457063,1521.7723796016762,1411.6199405055818,0.6836122156746272,0.31638778432537285,3.3459010753961365,3.0
2025-10-29,61051,FINAL,St. Paul,4954,3.0,1.0,Gardner,4147,0.0,0.0,CMAC,Mid-Wach,4:00 P.M.,,0,2025,1532.2146793336779,1403.6429579174785,1543.1726454590744,1392.684991792082,0.7365166102110215,0.26348338978897845,4.4642930354049835,3.0
2025-10-29,60955,FINAL,Bellingham,4033,4.0,1.0,Franklin County Tech,4145,0.0,0.0,Tri-Valley,County,6:30 P.M.,,0,2025,1347.5375136454616,1535.6003980222172,1380.7974089068032,1502.3405027608756,0.31114883847782615,0.6888511615221738,-3.4515721094188905,4.0
2025-10-29,60952,FINAL,Blackstone Valley,4046,4.0,1.0,St. Bernard’s,4365,2.0,0.0,CMAC,CMAC,3:30 P.M.,,0,2025,1570.4855918852631,1495.6481035777201,1581.2859314086593,1484.847764054324,0.6723035768305546,0.32769642316944536,3.1209372076885757,2.0
2025-10-29,60913,FINAL,Watertown,4409,5.0,1.0,Swampscott,4383,0.0,0.0,Middlesex,Northeastern,5:00 P.M.,,0,2025,1772.0522822831394,1485.8760325396158,1778.8346834818628,1479.0936313408924,0.8738223272486167,0.12617767275138325,8.40440624358809,5.0
2025-10-29,60949,FINAL,Apponequet,4011,1.0,1.0,Saugus,4341,0.0,0.0,South Coast,Northeastern,2:30 P.M.,,0,2025,1436.5801586585624,1415.882625791518,1444.8904269625095,1407.5723574875708,0.600360570981286,0.39963942901871397,1.76743832167611,1.0
2025-10-29,61676,FINAL,Lawrence Academy,4204,0.0,0.0,Rivers,4330,1.0,1.0,ISL,ISL,,,0,2025,1528.4683757913647,1552.5146411293226,1517.2959292607509,1563.6870876599364,0.5372811068104502,0.46271889318954984,0.6488433665510513,-1.0
2025-10-29,60853,FINAL,Bishop Stang,4045,8.0,1.0,Revere,4329,0.0,0.0,Catholic Central,Greater Boston,6:00 P.M.,,0,2025,1440.877516377164,1416.9406469536943,1466.926094070206,1390.8920692606523,0.6048260464326058,0.39517395356739415,1.848421735586743,8.0
2025-10-29,60751,FINAL,Central Catholic,4081,1.0,1.0,Methuen,4246,0.0,0.0,Merrimack Valley,Merrimack Valley,6:00 P.M.,2.0,0,2025,1538.114390209483,1511.891103265318,1546.2664777210182,1503.7390157537827,0.6079674591405112,0.3920325408594888,1.9055821736041252,1.0
2025-10-29,60847,FINAL,Minnechaug,4254,1.0,1.0,Marblehead,4231,0.0,0.0,Suburban,Northeastern,5:00 P.M.,,0,2025,1491.4695637319753,1425.6617911070364,1498.5240464502326,1418.607308388779,0.660751092211106,0.33924890778889405,2.895194315623473,1.0
2025-10-29,60826,FINAL,Westwood,4424,3.0,1.0,Ashland,4015,0.0,0.0,Tri-Valley,Tri-Valley,2:30 P.M.,,0,2025,1506.1845592702332,1407.724704072132,1518.5974958849754,1395.3117674573898,0.7015319650507083,0.29846803494929175,3.71149637995253,3.0
2025-10-29,53709,FINAL,Miss Porter’s,4257,0.0,0.0,Hotchkiss,4181,4.0,1.0,Independent,Independent,3:00 P.M.,,0,2025,1501.65,1487.6545821362463,1473.111323611979,1516.1932585242673,0.5910692208656322,0.4089307791343678,1.599885446593845,-4.0
2025-10-29,53626,FINAL,Phillips Andover,4310,4.0,1.0,Nobles,4282,0.0,0.0,Independent,ISL,3:45 P.M.,,0,2025,1646.3030892323745,1512.6204800152414,1658.751152434077,1500.1724168135388,0.7421861155058763,0.2578138844941237,4.59206523042833,4.0
2025-10-29,53490,FINAL,Taft,4386,3.0,1.0,Westminster,4422,1.0,0.0,Independent,Independent,3:00 P.M.,,0,2025,1541.164080840635,1467.0765319864386,1551.9957898366736,1456.2448229904,0.6713517860133003,0.32864821398669974,3.102188721354912,2.0
2025-10-29,53394,FINAL,Marianapolis,4567,1.0,0.0,Rocky Hill Country Day,4332,6.0,1.0,Independent,Independent,3:00 P.M.,,0,2025,1475.201566647657,1501.65,1446.5060938500508,1530.3454727976064,0.5338416100752121,0.46615838992478786,0.5887891661914239,-5.0
2025-10-29,53330,FINAL,Tabor,4384,6.0,1.0,Austin Prep,4020,0.0,0.0,ISL,Independent,3:30 P.M.,,0,2025,1517.7582383792098,1364.0157490115907,1531.555290358752,1350.2186970320486,0.763657261937468,0.23634273806253203,5.093562234190477,6.0
2025-10-29,60850,FINAL,Stoughton,4381,2.0,1.0,West Springfield,4417,1.0,0.0,Hockomock,Suburban,6:00 P.M.,1.0,0,2025,1394.5295600467805,1346.7672053726953,1402.0760166904877,1339.2207487289882,0.6370921474613358,0.3629078525386642,2.444058866852129,1.0
2025-10-29,53225,UPCOMING,Worcester Academy,4441,,,Newton Country Day,4278,,,Independent,EIL,4:30 P.M.,,0,2025,1403.2577959883347,1516.580199326441,,,0.4098675232865143,0.5901324767134857,-1.5830600834526591,
2025-10-30,60907,FINAL,Foxborough,4142,4.0,1.0,Norwell,4296,0.0,0.0,Hockomock,South Shore,4:00 P.M.,,0,2025,1549.1204993015906,1500.1714057827094,1566.5666392181813,1482.7252658661187,0.6386701265535769,0.3613298734464231,2.4737273379720306,4.0
2025-10-30,60835,FINAL,Canton,4071,8.0,1.0,Melrose,4244,1.0,0.0,Hockomock,Middlesex,3:45 P.M.,,0,2025,1753.3577383741872,1417.0423294590178,1759.4483771535413,1410.9516906796637,0.9023673959686667,0.09763260403133334,9.657885222879235,7.0
2025-10-30,60733,FINAL,Natick,4270,0.0,0.0,Wachusett,4400,1.0,1.0,Bay State,Mid-Wach,5:00 P.M.,,0,2025,1606.650742686973,1517.0540033897166,1592.2871980198295,1531.4175480568601,0.6907404886958398,0.3092595113041602,3.489918482431409,-1.0
2025-10-30,60802,FINAL,Notre Dame (Hingham),4449,2.0,1.0,Barnstable,4024,0.0,0.0,Independent,Southeast,4:30 P.M.,,0,2025,1608.7668769410764,1416.9219185854283,1615.3276132172932,1410.3611823092115,0.8009386828611258,0.1990613171388742,6.046123958891201,2.0
2025-10-31,63042,FINAL,Proctor,4321,1.0,1.0,Holderness,4173,0.0,0.0,Independent,Independent,,,0,2025,1489.0655262817686,1543.0847715942443,1499.5830068293292,1532.5672910466837,0.49421609904627306,0.5057839009537269,-0.1004811328118933,1.0
2025-10-31,61042,FINAL,Cohasset,4094,7.0,1.0,Tahanto,4513,0.0,0.0,South Shore,Mid-Wach,3:30 P.M.,,0,2025,1636.2430990899927,1490.5524544878551,1651.5151539566316,1475.2803996212162,0.7551898019968419,0.24481019800315806,4.89226611505344,7.0
2025-10-31,61030,FINAL,St. John Paul II,4689,2.0,1.0,Smith Academy,4538,1.0,0.0,Cape & Islands,Valley,4:00 P.M.,1.0,0,2025,1582.0118039626193,1517.6492537836298,1589.105117105722,1510.555940640527,0.6588837434991056,0.3411162565008944,2.859063754474738,1.0
2025-10-31,61018,FINAL,Hopedale,4507,5.0,1.0,Southwick,4519,0.0,0.0,CMAC,Valley,3:30 P.M.,,0,2025,1522.5565130628406,1547.716456578537,1547.5146332672678,1522.7583363741098,0.5356869298388605,0.46431307016113954,0.6210014121075915,5.0
2025-10-31,61009,FINAL,Nipmuc,4281,5.0,1.0,Joseph Case,4078,1.0,0.0,CMAC,South Coast,2:00 P.M.,,0,2025,1462.39909219748,1502.5308484126656,1485.8551500970684,1479.0747905130772,0.514197726664429,0.485802273335571,0.2467060946203617,4.0
2025-10-31,61006,FINAL,Clinton,4093,1.0,0.0,Ipswich,4190,2.0,1.0,Mid-Wach,Cape Ann,6:00 P.M.,,0,2025,1627.9467929633608,1562.1474282044542,1614.2070858694055,1575.8871352984095,0.6607402429238727,0.3392597570761273,2.894984118972667,-1.0
2025-10-31,61003,FINAL,Lunenburg,4219,1.0,1.0,Greenfield,4157,0.0,0.0,Mid-Wach,Suburban,3:30 P.M.,,0,2025,1525.534055792515,1570.3469939179422,1535.7760492529035,1560.1050004575536,0.5074642275293393,0.4925357724706607,0.1296765468643173,1.0
2025-10-31,60934,FINAL,Gloucester,4150,1.0,1.0,Notre Dame (Worcester),4451,0.0,0.0,Northeastern,CMAC,3:00 P.M.,,0,2025,1579.988481853104,1500.8841773464524,1586.6906936561106,1494.1819655434458,0.6776917422938349,0.3223082577061651,3.2276076126662927,1.0
2025-10-31,60943,FINAL,Sandwich,4340,5.0,1.0,Blackstone Valley,4046,0.0,0.0,Cape & Islands,CMAC,4:00 P.M.,,0,2025,1820.5201652825822,1581.2859314086593,1829.072044263324,1572.7340524279175,0.8409035154622594,0.1590964845377406,7.230855846848073,5.0
2025-10-31,60931,FINAL,East Longmeadow,4127,5.0,1.0,Auburn,4019,1.0,0.0,Valley,CMAC,4:00 P.M.,,0,2025,1665.4742455239648,1605.2968793085342,1682.2068434062571,1588.564281426242,0.6534484129931195,0.3465515870068805,2.7544341553857636,4.0
2025-10-31,60946,FINAL,Uxbridge,4398,8.0,1.0,Apponequet,4011,0.0,0.0,CMAC,South Coast,3:30 P.M.,,0,2025,1835.3643616079821,1444.8904269625095,1840.2027678022794,1440.0520207682123,0.9265982147932715,0.07340178520672846,11.011848366136814,8.0
2025-10-31,60841,FINAL,Nashoba,4267,7.0,1.0,Stoughton,4381,1.0,0.0,Mid-Wach,Hockomock,5:00 P.M.,,0,2025,1653.4900954178042,1402.0760166904877,1662.243134951471,1393.322977156821,0.8500609164317284,0.14993908356827157,7.535351968182914,6.0
2025-10-31,60922,FINAL,Scituate,4343,6.0,1.0,Ursuline,4448,1.0,0.0,Patriot,Independent,4:00 P.M.,,0,2025,1599.2817414435206,1467.1250618014683,1613.2304938142302,1453.1763094307587,0.7405017691591703,0.2594982308408297,4.553916991051307,5.0
2025-10-31,53332,FINAL,Austin Prep,4020,0.0,0.0,Newton Country Day,4278,2.0,1.0,Independent,EIL,4:00 P.M.,,0,2025,1350.2186970320486,1510.8830168975273,1338.8178343378727,1522.2838795917032,0.3459170813875113,0.6540829186124887,-2.7666079966369694,-2.0
2025-10-31,60709,FINAL,Westborough,4418,1.0,1.0,Shrewsbury,4348,0.0,0.0,Mid-Wach,Mid-Wach,4:00 P.M.,2.0,0,2025,1580.0507369348372,1452.9602469150589,1585.5641974522853,1447.4467863976108,0.7348585951113485,0.26514140488865146,4.42726225049446,1.0
2025-10-31,60721,FINAL,Concord-Carlisle,4097,4.0,1.0,Braintree,4051,0.0,0.0,Dual County,Bay State,4:30 P.M.,,0,2025,1620.720103882601,1448.1883532851164,1631.215929758412,1437.6925274093055,0.782619223876801,0.21738077612319895,5.563293764937117,4.0
2025-10-31,60727,FINAL,Acton-Boxborough,4003,1.0,1.0,Needham,4272,0.0,0.0,Dual County,Bay State,4:30 P.M.,,0,2025,1558.0739757938393,1423.7598978826747,1563.4206140470476,1418.4132596294664,0.7428810502223057,0.25711894977769434,4.607851947779113,1.0
2025-10-31,60718,FINAL,Belmont,4034,5.0,1.0,Newton North,4279,1.0,0.0,Middlesex,Bay State,3:45 P.M.,,0,2025,1697.3422240088137,1464.2940581665982,1705.256726937093,1456.379555238319,0.8360814280328563,0.16391857196714366,7.076204146055386,4.0
2025-10-31,60748,FINAL,Walpole,4404,7.0,1.0,Central Catholic,4081,0.0,0.0,Bay State,Merrimack Valley,4:00 P.M.,,0,2025,1783.3919960141648,1546.2664777210182,1793.4186799983715,1536.2397937368114,0.8392728082158222,0.16072719178417783,7.178137957328664,7.0
2025-10-31,60799,FINAL,Milton,4252,3.0,1.0,Agawam,4004,2.0,0.0,Bay State,Suburban,3:00 P.M.,,0,2025,1514.4912994867811,1536.2798623536216,1524.0461144419835,1526.7250473984193,0.5405105282505913,0.4594894717494087,0.7052859283289876,1.0
2025-10-31,60829,FINAL,Duxbury,4123,2.0,1.0,Plymouth South,4316,0.0,0.0,Patriot,Patriot,3:30 P.M.,,0,2025,1570.8505554660724,1479.89381912218,1580.9882084209266,1469.7561661673258,0.6924103538187423,0.3075896461812577,3.523918408597308,2.0
2025-10-31,60832,FINAL,Dartmouth,4105,2.0,1.0,Marshfield,4234,0.0,0.0,Southeast,Patriot,4:00 P.M.,,0,2025,1584.237660302061,1473.6524283284637,1593.59986797732,1464.2902206532046,0.7159383775384155,0.2840616224615845,4.0146307993399315,2.0
2025-10-31,60838,FINAL,Somerset Berkley,4350,9.0,1.0,Bishop Stang,4045,0.0,0.0,South Coast,Catholic Central,3:30 P.M.,,0,2025,1748.8952445782663,1466.926094070206,1757.7974163963913,1458.023922252081,0.8711278634144566,0.12887213658554342,8.299228762701507,9.0
2025-10-31,60739,FINAL,Lincoln-Sudbury,4211,5.0,1.0,Westford,4421,0.0,0.0,Dual County,Dual County,3:00 P.M.,,0,2025,1655.8351766649062,1418.890885733019,1664.4822777507636,1410.2437846471616,0.8391320331706689,0.16086796682933113,7.1736072732971765,5.0
2025-11-01,61012,FINAL,Westport,4461,2.0,1.0,Northbridge,4292,1.0,0.0,Mayflower,CMAC,11:00 A.M.,,0,2025,1552.2814231600514,1535.0560721856405,1560.6916092807787,1526.6458860649132,0.5955555396891122,0.40444446031088777,1.680633774360274,1.0
2025-11-01,60919,FINAL,Hanover,4164,5.0,1.0,North Reading,4288,1.0,0.0,Patriot,Cape Ann,1:00 P.M.,,0,2025,1577.614407071118,1586.8419738309387,1598.9358364903385,1565.5205444117182,0.5584083682363752,0.4415916317636248,1.0193108310044807,4.0
2025-11-01,60925,FINAL,St. Mary’s,4374,3.0,1.0,Belchertown,4032,2.0,0.0,Catholic Central,County,1:30 P.M.,,0,2025,1654.163341693766,1616.2122641112687,1661.9833793538985,1608.3922264511361,0.6239356816053891,0.37606431839461085,2.1987769395624297,1.0
2025-11-01,60928,FINAL,Lynnfield,4223,5.0,1.0,Old Rochester,4301,2.0,0.0,Cape Ann,South Coast,11:00 A.M.,,0,2025,1647.2478915133174,1585.3522504402424,1661.5675541853668,1571.032587768193,0.6556848945971911,0.34431510540280885,2.797391026826875,3.0
2025-11-01,60940,FINAL,Dover-Sherborn,4118,4.0,1.0,Bellingham,4033,0.0,0.0,Tri-Valley,Tri-Valley,11:30 A.M.,,0,2025,1661.7235347358012,1380.7974089068032,1667.9785035758234,1374.542440066781,0.8704523115037437,0.1295476884962563,8.273153145724951,4.0
2025-11-01,61015,FINAL,Frontier,4146,4.0,1.0,Stoneham,4380,1.0,0.0,Suburban,Middlesex,2:00 P.M.,,0,2025,1632.948423555066,1433.9195657229106,1640.9563525052545,1425.9116367727222,0.807450010262868,0.192549989737132,6.2257214458038845,3.0
2025-11-01,63047,FINAL,St. George’s,4367,0.0,0.0,Rivers,4330,2.0,1.0,ISL,ISL,,,0,2025,1494.2002054612706,1563.6870876599364,1478.6443336003747,1579.2429595208323,0.4719854924056048,0.5280145075943952,-0.48717205496664634,-2.0
2025-11-01,61033,FINAL,East Bridgewater,4126,2.0,1.0,Bromfield,4505,1.0,0.0,South Shore,Mid-Wach,12:00 P.M.,,0,2025,1486.652870447726,1504.6588933180797,1496.09533733484,1495.2164264309656,0.5459133282734148,0.45408667172658523,0.799849428241157,1.0
2025-11-01,61036,FINAL,Seekonk,4344,3.0,1.0,Carver,4077,0.0,0.0,South Coast,South Shore,5:00 P.M.,,0,2025,1487.9579537819561,1392.7569312999253,1500.5348632642676,1380.1800218176138,0.6975892510026648,0.3024107489973352,3.6300255620507698,3.0
2025-11-01,61039,FINAL,Sutton,4512,5.0,1.0,South Hadley,4353,0.0,0.0,CMAC,Suburban,2:00 P.M.,,0,2025,1709.4567770588005,1521.9629033711117,1720.373150595165,1511.0465298347472,0.7969151975317389,0.2030848024682611,5.9373468421922215,5.0
2025-11-01,61045,FINAL,Dennis-Yarmouth,4111,7.0,1.0,Tyngsborough,4397,0.0,0.0,Cape & Islands,Mid-Wach,12:00 P.M.,,0,2025,1678.2799431164922,1521.7723796016762,1692.845309353076,1507.2070133650925,0.766517981797212,0.23348201820278802,5.162689087870399,7.0
2025-11-01,60916,FINAL,Medway,4243,5.0,1.0,Pembroke,4308,0.0,0.0,Tri-Valley,Patriot,4:00 P.M.,,0,2025,1554.718731812478,1390.4321706477465,1566.8434105898987,1378.3074918703257,0.774436264360037,0.22556373563996301,5.357164029118286,5.0
2025-11-01,61021,FINAL,Quabbin,4325,3.0,1.0,Hamilton-Wenham,4163,0.0,0.0,Mid-Wach,Cape Ann,1:00 P.M.,,0,2025,1568.2430398463503,1476.4008992391439,1580.9902329731701,1463.653706112324,0.6934947948447183,0.3065052051552817,3.5460535151801595,3.0
2025-11-01,60904,FINAL,Falmouth,4134,2.0,0.0,Dedham,4108,3.0,1.0,Cape & Islands,Tri-Valley,1:00 P.M.,,0,2025,1443.314094355199,1542.9099249628612,1434.3910705086507,1551.8329488094093,0.42910674177163743,0.5708932582283626,-1.2398957651915565,-1.0
2025-11-01,60814,FINAL,Longmeadow,4214,8.0,1.0,Silver Lake,4349,0.0,0.0,Suburban,Patriot,2:00 P.M.,,0,2025,1619.7165413408081,1498.8033514621354,1637.6542954165539,1480.8655973863897,0.7278725433778462,0.27212745662215376,4.272829746966818,8.0
2025-11-01,60820,FINAL,Newburyport,4276,2.0,1.0,Mansfield,4230,0.0,0.0,Cape Ann,Hockomock,10:00 A.M.,,0,2025,1706.1600149590156,1441.5722366368977,1710.7915832878982,1436.9406683080151,0.8594721608749515,0.14052783912504851,7.864694458052947,2.0
2025-11-01,60823,FINAL,Reading,4328,3.0,1.0,Holliston,4174,2.0,0.0,Middlesex,Tri-Valley,10:30 A.M.,,0,2025,1664.3789506828098,1446.3475520642705,1668.0411018540005,1442.6854008930798,0.8238877555445749,0.17611224445542506,6.700784965463481,1.0
2025-11-01,53495,FINAL,Westminster,4422,7.0,1.0,Berkshire,4036,0.0,0.0,Independent,Independent,3:00 P.M.,,0,2025,1456.2448229904,1501.65,1487.0239620809718,1470.8708609094283,0.5066120963466698,0.4933879036533302,0.11487057475999904,7.0
2025-11-01,53558,FINAL,Taft,4386,4.0,1.0,Northfield Mt. Hermon,4294,1.0,0.0,Independent,Independent,3:00 P.M.,,0,2025,1551.9957898366736,1501.65,1566.9459991443703,1486.6997906923034,0.6405234528588971,0.3594765471411029,2.508644745916837,3.0
2025-11-01,53629,FINAL,Phillips Andover,4310,11.0,1.0,Groton,4544,1.0,0.0,Independent,ISL,5:00 P.M.,,0,2025,1658.751152434077,1490.7533841765094,1674.7106151637875,1474.793921446799,0.7781462363994255,0.22185376360057452,5.449944206439193,10.0
2025-11-01,53717,FINAL,Greenwich Academy (Conn.),4159,5.0,1.0,Deerfield,4110,2.0,0.0,Independent,Independent,1:00 P.M.,,0,2025,1551.3309557884756,1485.9863839105162,1565.4647894014427,1471.8525502975492,0.6601531389637102,0.3398468610362898,2.8836142969489855,3.0
2025-11-01,60712,FINAL,Attleboro,4018,2.0,1.0,Beverly,4038,0.0,0.0,Hockomock,Northeastern,10:30 A.M.,,0,2025,1580.490372030195,1606.5562234207662,1595.8361303720926,1591.2104650788685,0.5343896264956247,0.4656103735043753,0.5983537152357201,2.0
2025-11-01,53710,FINAL,Hotchkiss,4181,4.0,1.0,Greenwich CD (Conn.),5041,0.0,0.0,Independent,Independent,2:00 P.M.,,0,2025,1516.1932585242673,1501.65,1535.9009262283787,1481.9423322958887,0.5918312525581105,0.40816874744188947,1.6135814631066807,4.0
2025-11-01,60724,FINAL,Andover,4009,4.0,1.0,Chelmsford,4085,0.0,0.0,Merrimack Valley,Merrimack Valley,2:00 P.M.,,0,2025,1738.8503270654796,1577.1501779278638,1749.867339954217,1566.1331650391264,0.7718248339244659,0.22817516607553412,5.292503728440397,4.0
2025-11-01,60730,FINAL,Hopkinton,4180,2.0,1.0,Brookline,4059,1.0,0.0,Tri-Valley,Bay State,12:00 P.M.,,0,2025,1589.1917991337139,1521.728360054014,1596.2019247195897,1514.7182344681382,0.6628842193749414,0.33711578062505865,2.9365859769924954,1.0
2025-11-01,60736,FINAL,Bishop Feehan,4042,6.0,1.0,North Andover,4283,1.0,0.0,Catholic Central,Merrimack Valley,11:00 A.M.,,0,2025,1604.856204535984,1511.2735727668753,1621.2174603891212,1494.912316913738,0.6956203081546783,0.30437969184532165,3.589565794227718,5.0
2025-11-01,60742,FINAL,Wellesley,4413,7.0,1.0,Lowell,4216,0.0,0.0,Bay State,Merrimack Valley,1:30 P.M.,,0,2025,1679.7044574679758,1554.1198129523525,1696.3504156378606,1537.4738547824677,0.7331662077495781,0.2668337922504219,4.3896161128905815,7.0
2025-11-01,60808,FINAL,Norwood,4297,1.0,1.0,Oliver Ames,4302,0.0,0.0,Tri-Valley,Hockomock,11:00 A.M.,,1,2025,1685.2388795753757,1502.4909843354228,1689.5545982221586,1498.17526568864,0.7924578036804732,0.20754219631952675,5.818697380998822,1.0
2025-11-01,53333,FINAL,Kimball Union,4196,2.0,1.0,Austin Prep,4020,0.0,0.0,Independent,Independent,6:00 P.M.,,0,2025,1508.241119054021,1338.8178343378727,1515.5064740062694,1331.5524793856243,0.7795596309032016,0.22044036909679843,5.485582117903709,2.0
2025-11-01,60715,FINAL,Winchester,4434,3.0,1.0,Arlington,4013,1.0,0.0,Middlesex,Middlesex,12:00 P.M.,,0,2025,1663.3435505542063,1472.3148395673977,1669.929012216239,1465.729377905365,0.8001884823256913,0.19981151767430871,6.025717774670215,2.0
2025-11-02,60844,FINAL,Hingham,4171,6.0,1.0,Minnechaug,4254,0.0,0.0,Patriot,Suburban,11:00 A.M.,,0,2025,1772.3716915950752,1498.5240464502326,1780.2066435807815,1490.6890944645263,0.8657877053999665,0.13421229460003348,8.096191128621063,6.0
2025-11-02,60910,FINAL,Nantucket,4265,1.0,0.0,Nauset,4271,2.0,1.0,Cape & Islands,Cape & Islands,11:00 A.M.,,0,2025,1646.0874969919996,1470.5787686867493,1629.7530567040965,1486.9132089746524,0.7855205333018256,0.21447946669817441,5.6377182076312575,-1.0
2025-11-02,60937,FINAL,Medfield,4241,6.0,1.0,Wilmington,4432,0.0,0.0,Tri-Valley,Middlesex,3:00 P.M.,,0,2025,1628.492475818446,1343.3463541724605,1635.8966406765298,1335.9421893143767,0.8731670650932795,0.12683293490672054,8.378653041149642,6.0
2025-11-03,61024,FINAL,Manchester Essex,4229,6.0,1.0,Triton,4395,0.0,0.0,Cape Ann,Cape Ann,4:00 P.M.,,0,2025,1641.1018256698217,1502.1802019648223,1655.817898368639,1487.464129266005,0.7479144877961696,0.25208551220383035,4.723040592624983,6.0
2025-11-03,61048,FINAL,Monomoy,4706,10.0,1.0,St. Paul,4954,0.0,0.0,Cape & Islands,CMAC,4:00 P.M.,,0,2025,1768.4063739751255,1543.1726454590744,1780.6483793161904,1530.9306401180095,0.8298229078929112,0.17017709210708876,6.8808432129012775,10.0
2025-11-03,61027,FINAL,West Bridgewater,4415,5.0,1.0,Narragansett,4266,2.0,0.0,South Coast,Mid-Wach,5:30 P.M.,,0,2025,1623.6553434700204,1551.591413020783,1637.4305423431795,1537.816214147624,0.6687764816405699,0.3312235183594301,3.051598261230936,3.0
2025-11-03,60901,FINAL,Marlborough,4233,5.0,1.0,Weston,4423,1.0,0.0,Mid-Wach,Dual County,5:00 P.M.,,0,2025,1591.112046575128,1529.1037356902325,1607.729590976141,1512.4861912892195,0.6558313045685042,0.34416869543149575,2.8002077721223886,4.0
2025-11-03,60706,FINAL,Lexington,4209,1.0,0.0,Waltham,4405,3.0,1.0,Middlesex,Dual County,4:00 P.M.,,0,2025,1528.6244927955493,1522.3621917553953,1509.4998206932191,1541.4868638577254,0.5802675581305604,0.4197324418694396,1.4065575260038485,-2.0
2025-11-03,60817,FINAL,Masconomet,4236,4.0,1.0,North Attleborough,4284,3.0,0.0,Northeastern,Hockomock,2:30 P.M.,,0,2025,1680.0748569939628,1490.1322788900984,1684.2506470229487,1485.9564888611126,0.7991869477796198,0.20081305222038015,5.998564452596611,1.0
2025-11-03,60811,FINAL,King Philip,4197,6.0,1.0,Leominster,4208,0.0,0.0,Hockomock,Mid-Wach,6:00 P.M.,,0,2025,1689.5691533968645,1429.483575963711,1697.9572316071353,1421.0954977534402,0.856312683735801,0.14368731626419895,7.752139435828838,6.0
2025-11-03,60805,FINAL,Doherty,4116,3.0,1.0,Bedford,4031,0.0,0.0,CMAC,Dual County,5:00 P.M.,,0,2025,1674.6928025161722,1640.1456963814837,1690.5245514392043,1624.3139474584516,0.6193269056690405,0.3806730943309595,2.1136776533672106,3.0
2025-11-03,60745,FINAL,Franklin,4144,4.0,1.0,Woburn,4438,0.0,0.0,Hockomock,Middlesex,3:45 P.M.,,0,2025,1761.7219497933017,1329.3436577527586,1764.550917553258,1326.5146899928025,0.9414087833998798,0.05859121660012023,12.059457301013577,4.0
2025-11-03,60703,FINAL,Malden Catholic,4228,0.0,0.0,Algonquin,4005,1.0,1.0,Independent,Mid-Wach,4:30 P.M.,,0,2025,1667.699134258401,1577.4279192655217,1653.318355648506,1591.8086978754168,0.6915692661539269,0.3084307338460731,3.5067803748219832,-1.0
2025-11-03,53228,UPCOMING,Worcester Academy,4441,,,Wheeler (R.I.),4426,,,Independent,EIL,4:30 P.M.,,0,2025,1403.2577959883347,1488.5389243983789,,,0.449400181151764,0.550599818848236,-0.8820282102511043,
2025-11-03,60877,FINAL,Scituate,4343,3.0,1.0,St. Mary’s,4374,0.0,0.0,Patriot,Catholic Central,4:00 P.M.,,0,2025,1613.2304938142302,1661.9833793538985,1633.9502683310616,1641.263604837067,0.5017947342704955,0.4982052657295045,0.031177861508291473,3.0
2025-11-04,60997,FINAL,Dennis-Yarmouth,4111,4.0,1.0,Ipswich,4190,0.0,0.0,Cape & Islands,Cape Ann,2:30 P.M.,,0,2025,1692.845309353076,1575.8871352984095,1706.2033371360533,1562.529107515432,0.7233396893872754,0.27666031061272456,4.17395435136666,4.0
2025-11-04,60994,FINAL,Cohasset,4094,3.0,1.0,Nipmuc,4281,1.0,0.0,South Shore,CMAC,4:30 P.M.,,0,2025,1651.5151539566316,1485.8551500970684,1658.903947105875,1478.466356947825,0.7758143546042364,0.22418564539576358,5.39150009648908,2.0
2025-11-04,60982,FINAL,Quabbin,4325,2.0,1.0,St. John Paul II,4689,0.0,0.0,Mid-Wach,Cape & Islands,2:30 P.M.,,0,2025,1580.9902329731701,1589.105117105722,1595.4923370538756,1574.6030130250165,0.5599871999038891,0.4400128000961109,1.047127896686203,2.0
2025-11-04,60991,FINAL,Sutton,4512,5.0,1.0,Westport,4461,1.0,0.0,CMAC,Mayflower,5:30 P.M.,,0,2025,1720.373150595165,1560.6916092807787,1731.4892830274152,1549.5754768485285,0.7697719527550613,0.23022804724493873,5.242038532859658,4.0
2025-11-04,60895,FINAL,Sandwich,4340,7.0,1.0,Dedham,4108,0.0,0.0,Cape & Islands,Tri-Valley,4:00 P.M.,,0,2025,1829.072044263324,1551.8329488094093,1837.3041323835619,1543.6008606891714,0.8680400810307993,0.13195991896920067,8.180977386347866,7.0
2025-11-04,60880,FINAL,Hanover,4164,0.0,0.0,Lynnfield,4223,2.0,1.0,Patriot,Cape Ann,4:00 P.M.,,0,2025,1598.9358364903385,1661.5675541853668,1583.0555221199654,1677.44786855574,0.48182950236931205,0.518170497630688,-0.3157929423757082,-2.0
2025-11-04,60886,FINAL,Watertown,4409,2.0,1.0,Gloucester,4150,0.0,0.0,Middlesex,Northeastern,3:00 P.M.,,0,2025,1778.8346834818628,1586.6906936561106,1785.3863791130207,1580.1389980249528,0.8012129878533508,0.19878701214664918,6.0535997456438055,2.0
2025-11-04,60883,FINAL,Medway,4243,0.0,0.0,East Longmeadow,4127,1.0,1.0,Tri-Valley,Valley,5:00 P.M.,,0,2025,1566.8434105898987,1682.2068434062571,1558.3794860337343,1690.6707679624215,0.4070287327878909,0.592971267212109,-1.6340858204089614,-1.0
2025-11-04,60781,FINAL,Longmeadow,4214,3.0,1.0,Duxbury,4123,1.0,0.0,Suburban,Patriot,7:00 P.M.,,0,2025,1637.6542954165539,1580.9882084209266,1649.2273917398015,1569.415112097679,0.6488571251016373,0.3511428748983627,2.66665217489068,2.0
2025-11-04,60694,FINAL,Wellesley,4413,3.0,1.0,Westborough,4418,1.0,0.0,Bay State,Mid-Wach,4:00 P.M.,,0,2025,1696.3504156378606,1585.5641974522853,1705.7048703567546,1576.2097427333913,0.7161736123719369,0.2838263876280631,4.019655454639382,2.0
2025-11-04,60685,FINAL,Belmont,4034,4.0,1.0,Wachusett,4400,0.0,0.0,Middlesex,Mid-Wach,4:00 P.M.,,0,2025,1705.256726937093,1531.4175480568601,1715.6908626558172,1520.9834123381358,0.7838968988673433,0.21610310113265674,5.59597947200582,4.0
2025-11-04,60688,FINAL,Winchester,4434,2.0,1.0,Bishop Feehan,4042,1.0,0.0,Middlesex,Catholic Central,4:30 P.M.,,0,2025,1669.929012216239,1621.2174603891212,1677.4492187467117,1613.6972538586485,0.6383545110675463,0.36164548893245374,2.4677887956779445,1.0
2025-11-04,60892,FINAL,Dover-Sherborn,4118,2.0,1.0,Foxborough,4142,1.0,0.0,Tri-Valley,Hockomock,5:30 P.M.,,0,2025,1667.9785035758234,1566.5666392181813,1674.1112374714323,1560.4339053225724,0.7050778407237788,0.29492215927622123,3.785296608941053,1.0
2025-11-05,63554,FINAL,Cushing,4101,5.0,1.0,Holderness,4173,0.0,0.0,Independent,Independent,,,0,2025,1564.6830442757077,1532.5672910466837,1585.3229453542556,1511.927389968136,0.6160217292365293,0.3839782707634707,2.0528938307256,5.0
2025-11-05,63540,FINAL,Rivers,4330,3.0,1.0,Nobles,4282,1.0,0.0,ISL,ISL,,,0,2025,1579.2429595208323,1500.1724168135388,1589.8671130547912,1489.54826327958,0.677649290122816,0.32235070987718395,3.2267635676823376,2.0
2025-11-05,61000,FINAL,Monomoy,4706,8.0,1.0,Lunenburg,4219,0.0,0.0,Cape & Islands,Mid-Wach,4:00 P.M.,,0,2025,1780.6483793161904,1535.7760492529035,1790.8524432996353,1525.5719852694585,0.845197678187637,0.15480232181236298,7.371808251582172,8.0
2025-11-05,60988,FINAL,Frontier,4146,4.0,1.0,Seekonk,4344,0.0,0.0,Suburban,South Coast,2:30 P.M.,,0,2025,1640.9563525052545,1500.5348632642676,1653.0494037575759,1488.4418120119462,0.7495388263837613,0.25046117361623865,4.760537231024671,4.0
2025-11-05,60979,FINAL,Manchester Essex,4229,4.0,1.0,West Bridgewater,4415,1.0,0.0,Cape Ann,South Coast,5:00 P.M.,,0,2025,1655.817898368639,1637.4305423431795,1672.5713064439963,1620.677134267822,0.5971656875282162,0.4028343124717838,1.709683900636486,3.0
2025-11-05,60898,FINAL,Uxbridge,4398,9.0,1.0,Marlborough,4233,0.0,0.0,CMAC,Mid-Wach,7:00 P.M.,,0,2025,1840.2027678022794,1607.729590976141,1851.557231421961,1596.3751273564594,0.8356273035000359,0.1643726964999641,7.061829420653458,9.0
2025-11-05,60889,FINAL,Medfield,4241,2.0,1.0,Nauset,4271,1.0,0.0,Tri-Valley,Cape & Islands,4:30 P.M.,,0,2025,1635.8966406765298,1486.9132089746524,1640.9148080864918,1481.8950415646905,0.7586771587765733,0.24132284122342673,4.974585792546935,1.0
2025-11-05,60796,FINAL,Hingham,4171,2.0,1.0,Milton,4252,0.0,0.0,Patriot,Bay State,4:00 P.M.,,0,2025,1780.2066435807815,1524.0461144419835,1785.0347084773664,1519.2180495453986,0.8535101980809447,0.14648980191905525,7.65401322846995,2.0
2025-11-05,60985,FINAL,Hopedale,4507,2.0,1.0,East Bridgewater,4126,1.0,0.0,CMAC,South Shore,4:30 P.M.,1.0,0,2025,1547.5146332672678,1496.09533733484,1554.9601758963495,1488.6497947057583,0.6419450857432161,0.35805491425678393,2.5354823983106938,1.0
2025-11-05,60790,FINAL,Somerset Berkley,4350,9.0,1.0,Doherty,4116,0.0,0.0,South Coast,CMAC,3:30 P.M.,,0,2025,1757.7974163963913,1690.5245514392043,1781.1014870908673,1667.2204807447283,0.6626390230501933,0.3373609769498067,2.931821623929676,9.0
2025-11-05,60787,FINAL,Canton,4071,7.0,1.0,Norwood,4297,0.0,0.0,Hockomock,Tri-Valley,5:30 P.M.,,0,2025,1759.4483771535413,1689.5545982221586,1780.2841678004643,1668.7188075752356,0.6660034240075956,0.3339965759924044,2.997344473284568,7.0
2025-11-05,60775,FINAL,Newburyport,4276,2.0,0.0,Reading,4328,3.0,1.0,Cape Ann,Middlesex,4:00 P.M.,,0,2025,1710.7915832878982,1668.0411018540005,1697.6828734856094,1681.1498116562893,0.6303956874738166,0.3696043125261834,2.318762035847442,-1.0
2025-11-05,60700,FINAL,Walpole,4404,5.0,1.0,Algonquin,4005,0.0,0.0,Bay State,Mid-Wach,6:30 P.M.,,0,2025,1793.4186799983715,1591.8086978754168,1803.6451726418156,1581.5822052319727,0.8097495261115236,0.19025047388847638,6.290249553073869,5.0
2025-11-05,60691,FINAL,Lincoln-Sudbury,4211,3.0,1.0,Attleboro,4018,0.0,0.0,Dual County,Hockomock,2:30 P.M.,,0,2025,1664.4822777507636,1595.8361303720926,1678.4393250343626,1581.8790830884936,0.6644039516416496,0.33559604835835044,2.966153684466775,3.0
2025-11-05,60682,FINAL,Concord-Carlisle,4097,3.0,0.0,Hopkinton,4180,4.0,1.0,Dual County,Tri-Valley,4:30 P.M.,,1,2025,1631.215929758412,1596.2019247195897,1618.3242166165212,1609.0936378614804,0.6199603539456289,0.3800396460543711,2.125350125970556,-1.0
2025-11-05,60679,FINAL,Andover,4009,1.0,1.0,Acton-Boxborough,4003,0.0,0.0,Merrimack Valley,Dual County,6:00 P.M.,,0,2025,1749.867339954217,1563.4206140470476,1754.1106921761104,1559.1772618251541,0.7959378930909672,0.20406210690903281,5.911168147679234,1.0
2025-11-05,53711,FINAL,Loomis Chaffee (Conn.),4215,1.0,0.0,Hotchkiss,4181,2.0,1.0,Founders,Independent,3:00 P.M.,,0,2025,1477.681513142932,1535.9009262283787,1467.530230173526,1546.0522091977848,0.488173519954092,0.511826480045908,-0.2054853271361651,-1.0
2025-11-05,53565,FINAL,Taft,4386,2.0,1.0,Suffield Academy,4382,1.0,0.0,Independent,Independent,3:00 P.M.,,0,2025,1566.9459991443703,1490.7457030590156,1573.7243637222305,1483.9673384811554,0.6740295679394523,0.32597043206054765,3.1550074021338674,1.0
2025-11-05,60793,FINAL,Nashoba,4267,7.0,1.0,Notre Dame (Hingham),4449,0.0,0.0,Mid-Wach,Independent,5:00 P.M.,,0,2025,1662.243134951471,1615.3276132172932,1684.9528622369064,1592.6178859318577,0.6359643229484602,0.36403567705153983,2.4228880433544417,7.0
2025-11-05,53236,FINAL,Worcester Academy,4441,1.0,0.0,St. Mark’s,4372,7.0,1.0,Independent,ISL,3:00 P.M.,,0,2025,1449.403080745381,1487.9367320772133,1419.251470717026,1518.0883421055682,0.51649541377836,0.48350458622164005,0.2866587167041928,-6.0
2025-11-05,53336,FINAL,Austin Prep,4020,2.0,0.0,Northfield Mt. Hermon,4294,3.0,1.0,Independent,Independent,3:30 P.M.,,0,2025,1331.5524793856243,1486.6997906923034,1324.209193059273,1494.0430770186547,0.3531374255618223,0.6468625744381777,-2.6286827826669765,-1.0
2025-11-06,60697,FINAL,Franklin,4144,2.0,1.0,Waltham,4405,0.0,0.0,Hockomock,Dual County,3:45 P.M.,,0,2025,1764.550917553258,1541.4868638577254,1770.2180468824295,1535.819734528554,0.8280518860740222,0.17194811392597775,6.8266013423883125,2.0
2025-11-06,60778,FINAL,Masconomet,4236,0.0,0.0,Westwood,4424,1.0,1.0,Northeastern,Tri-Valley,6:30 P.M.,,0,2025,1684.2506470229487,1518.5974958849754,1668.1181837180366,1534.7299591898875,0.7758074935773289,0.22419250642267108,5.391328778449332,-1.0
2025-11-06,60784,FINAL,King Philip,4197,6.0,1.0,Dartmouth,4105,2.0,0.0,Hockomock,Southeast,3:35 P.M.,,0,2025,1697.9572316071353,1593.59986797732,1712.0273554505297,1579.5297441339255,0.7085913507506303,0.2914086492493697,3.8589340907453846,4.0
2025-11-07,60976,FINAL,Monomoy,4706,7.0,1.0,Manchester Essex,4229,0.0,0.0,Cape & Islands,Cape Ann,4:00 P.M.,,0,2025,1790.8524432996353,1672.5713064439963,1808.0164997617424,1655.4072499818892,0.7248611206731114,0.27513887932688863,4.207028421390976,7.0
2025-11-07,60673,FINAL,Wellesley,4413,3.0,1.0,Belmont,4034,2.0,0.0,Bay State,Middlesex,2:45 P.M.,,0,2025,1705.7048703567546,1715.6908626558172,1714.9099024654759,1706.485830547096,0.5573315275174743,0.4426684724825257,1.0003501925234333,1.0
2025-11-07,60874,FINAL,Uxbridge,4398,9.0,1.0,Scituate,4343,0.0,0.0,CMAC,Patriot,3:45 P.M.,,0,2025,1851.557231421961,1633.9502683310616,1863.747142155063,1621.7603575979595,0.8235329677906846,0.17646703220931537,6.690174077272485,9.0
2025-11-07,60868,FINAL,Sandwich,4340,6.0,1.0,Lynnfield,4223,0.0,0.0,Cape & Islands,Cape Ann,3:30 P.M.,,0,2025,1837.3041323835619,1677.44786855574,1850.7338223761128,1664.018178563189,0.7699501524762823,0.2300498475237177,5.246406595695549,6.0
2025-11-07,60973,FINAL,Cohasset,4094,2.0,1.0,Hopedale,4507,0.0,0.0,South Shore,CMAC,4:00 P.M.,,0,2025,1658.903947105875,1554.9601758963495,1668.5245117232544,1545.33961127897,0.7080994900987725,0.2919005099012275,3.8485942802381374,2.0
2025-11-08,60865,FINAL,Medfield,4241,1.0,0.0,Watertown,4409,2.0,1.0,Tri-Valley,Middlesex,1:00 P.M.,,0,2025,1640.9148080864918,1785.3863791130207,1633.277041796749,1793.0241454027635,0.36729891832269695,0.6327010816773031,-2.3617892756632215,-1.0
2025-11-08,60970,FINAL,Dennis-Yarmouth,4111,1.0,1.0,Quabbin,4325,0.0,0.0,Cape & Islands,Mid-Wach,12:00 P.M.,,0,2025,1706.2033371360533,1595.4923370538756,1712.107171306666,1589.588502883263,0.7160855906608768,0.28391440933912315,4.0177750020544405,1.0
2025-11-08,60967,FINAL,Sutton,4512,1.0,0.0,Frontier,4146,2.0,1.0,CMAC,Suburban,11:00 A.M.,,0,2025,1731.4892830274152,1653.0494037575759,1717.414463300493,1667.124223484498,0.6768557540478924,0.32314424595210756,3.2109969817459842,-1.0
2025-11-08,60871,FINAL,Dover-Sherborn,4118,3.0,1.0,East Longmeadow,4127,1.0,0.0,Tri-Valley,Valley,12:00 P.M.,,0,2025,1674.1112374714323,1690.6707679624215,1689.0091898655335,1675.7728155683203,0.5479766444823342,0.4520233555176658,0.836011737725272,2.0
2025-11-08,60772,FINAL,Hingham,4171,4.0,1.0,Reading,4328,1.0,0.0,Patriot,Middlesex,2:00 P.M.,,0,2025,1785.0347084773664,1681.1498116562893,1797.1774229277507,1669.007097205905,0.7080294346583265,0.29197056534167354,3.8471224205269268,3.0
2025-11-08,53237,FINAL,Worcester Academy,4441,0.0,0.0,Cushing,4101,8.0,1.0,Independent,Independent,2:00 P.M.,,0,2025,1419.251470717026,1585.3229453542556,1396.9117136825873,1607.6627023886942,0.3389087194343146,0.6610912805656854,-2.9017868659307395,-8.0
2025-11-08,60763,FINAL,Canton,4071,2.0,1.0,King Philip,4197,1.0,0.0,Hockomock,Hockomock,6:00 P.M.,,0,2025,1780.2841678004643,1712.0273554505297,1787.2730866890902,1705.0384365619038,0.6639040459401392,0.3360959540598608,2.9564203087483634,1.0
2025-11-08,60676,FINAL,Walpole,4404,5.0,1.0,Andover,4009,0.0,0.0,Bay State,Merrimack Valley,12:00 P.M.,,0,2025,1803.6451726418156,1754.1106921761104,1823.02587849889,1734.729986319036,0.6394474037034237,0.3605525962965763,2.48836201164263,5.0
2025-11-08,60667,FINAL,Lincoln-Sudbury,4211,0.0,0.0,Winchester,4434,1.0,1.0,Dual County,Middlesex,1:00 P.M.,2.0,1,2025,1678.4393250343626,1677.4492187467117,1666.5270712452216,1689.3614725358527,0.5728583155801498,0.42714168441985023,1.2747526571912715,-1.0
2025-11-08,53568,FINAL,Hotchkiss,4181,2.0,1.0,Taft,4386,1.0,0.0,Independent,Independent,2:00 P.M.,,0,2025,1546.0522091977848,1573.7243637222305,1555.7821617425489,1563.9944111774664,0.5320881905194632,0.4679118094805368,0.5581961368888585,1.0
2025-11-08,53500,FINAL,St. Paul’s,4375,1.0,1.0,Governor’s Academy,4152,0.0,0.0,Independent,ISL,2:30 P.M.,,0,2025,1507.9015628564553,1495.7362127321253,1516.4580387065052,1487.1797368820753,0.5885204907882254,0.41147950921177456,1.554133753108249,1.0
2025-11-08,53398,FINAL,Wilbraham & Monson,4545,4.0,1.0,Marianapolis,4567,0.0,0.0,Independent,Independent,2:30 P.M.,,0,2025,1476.3066113175823,1446.5060938500508,1494.9987324475273,1427.8139727201058,0.6128644046981775,0.3871355953018225,1.9950129366882892,4.0
2025-11-08,53341,FINAL,Tilton,4391,1.0,0.0,Austin Prep,4020,2.0,1.0,Independent,Independent,2:00 P.M.,,0,2025,1449.4351688467034,1324.209193059273,1434.1978094202188,1339.4465524857576,0.7327620960277348,0.2672379039722652,4.380649394685759,-1.0
2025-11-08,60766,FINAL,Nashoba,4267,3.0,1.0,Westwood,4424,0.0,0.0,Mid-Wach,Tri-Valley,4:00 P.M.,,0,2025,1684.9528622369064,1534.7299591898875,1694.934969294849,1524.747852131945,0.7599810608313942,0.24001893916860584,5.005572576175473,3.0
2025-11-09,60769,FINAL,Somerset Berkley,4350,4.0,1.0,Longmeadow,4214,0.0,0.0,South Coast,Suburban,11:00 A.M.,,0,2025,1781.1014870908673,1649.2273917398015,1793.6459741703743,1636.6829046602945,0.7401890647123549,0.2598109352876451,4.546852383776644,4.0
2025-11-10,60670,FINAL,Franklin,4144,2.0,1.0,Hopkinton,4180,1.0,0.0,Hockomock,Tri-Valley,3:45 P.M.,2.0,0,2025,1770.2180468824295,1609.0936378614804,1774.9749641372207,1604.3367206066891,0.7712406355531204,0.2287593644468796,5.2781102255237276,1.0
2025-11-12,63606,FINAL,Williston Northampton,4431,2.0,1.0,Dexter Southfield,4113,1.0,0.0,Independent,Independent,2:00 P.M.,,0,2025,1553.2636403300035,1530.9257377574322,1561.5268423354435,1522.6625357519922,0.6026239814962654,0.3973760185037346,1.808447564314281,1.0
2025-11-12,63603,FINAL,Middlesex,4248,3.0,1.0,Berkshire,4036,2.0,0.0,ISL,Independent,2:00 P.M.,,0,2025,1516.0995912573226,1470.8708609094283,1523.716307352779,1463.2541448139718,0.6337133820408547,0.3662866179591453,2.3807182586973568,1.0
2025-11-12,63598,FINAL,Rivers,4330,2.0,1.0,Governor’s Academy,4152,1.0,0.0,ISL,ISL,2:00 P.M.,,0,2025,1589.8671130547912,1487.1797368820753,1595.9681457311794,1481.078704205687,0.7066023471157707,0.29339765288422925,3.8171844043178966,1.0
2025-11-12,63597,FINAL,Phillips Andover,4310,4.0,1.0,Taft,4386,0.0,0.0,Independent,Independent,2:30 P.M.,,0,2025,1674.7106151637875,1563.9944111774664,1688.4185995361022,1550.2864268051517,0.7160916809027887,0.28390831909721126,4.017905099658026,4.0
2025-11-12,63594,FINAL,Nobles,4282,2.0,1.0,Hotchkiss,4181,0.0,0.0,ISL,Independent,2:00 P.M.,,0,2025,1489.54826327958,1555.7821617425489,1506.7968762471535,1538.5335487749753,0.47665452906700795,0.5233454709329921,-0.40584746157422275,2.0
2025-11-12,63593,FINAL,Deerfield,4110,0.0,0.0,Sacred Heart (Conn.),4586,2.0,1.0,Independent,Independent,2:00 P.M.,,0,2025,1471.8525502975492,1495.67951344812,1454.1342981206258,1513.3977656250433,0.537594938623403,0.462405061376597,0.6543259212357327,-2.0
2025-11-12,63600,FINAL,Cushing,4101,2.0,1.0,Suffield Academy,4382,1.0,0.0,Independent,Independent,3:00 P.M.,,0,2025,1607.6627023886942,1483.9673384811554,1613.2557099039377,1478.374330965912,0.7310331931367889,0.26896680686321106,4.3423840976884716,1.0
2025-11-12,63587,FINAL,Frederick Gunn (Conn.),4161,3.0,1.0,Pomfret,4317,1.0,0.0,Independent,Independent,2:00 P.M.,,0,2025,1490.4544679246203,1509.0819290267777,1505.4496554624898,1494.0867414889083,0.5450264030801768,0.4549735969198232,0.784313472446064,2.0
2025-11-12,63585,FINAL,King (Conn.),4199,4.0,1.0,Wheeler (R.I.),4426,0.0,0.0,Independent,EIL,2:00 P.M.,,0,2025,1493.9210763621024,1501.65,1515.1398459167608,1480.4312304453417,0.5605345735773637,0.4394654264226363,1.0567769090525587,4.0
2025-11-12,63582,FINAL,Portsmouth Abbey,4320,9.0,1.0,Kents Hill,4194,1.0,0.0,EIL,Independent,2:00 P.M.,,0,2025,1501.65,1501.65,1529.8977531217606,1473.4022468782396,0.5714631174083814,0.4285368825916186,1.25,8.0
2025-11-12,60661,FINAL,Franklin,4144,2.0,1.0,Wellesley,4413,0.0,0.0,Hockomock,Bay State,7:00 P.M.,,0,2025,1774.9749641372207,1714.9099024654759,1786.4015645868633,1703.4833020158333,0.653302001458112,0.346697998541888,2.751626541793621,2.0
2025-11-12,63579,FINAL,New Hampton,4275,2.0,1.0,Proctor,4321,0.0,0.0,Independent,Independent,2:00 P.M.,,0,2025,1501.885141978807,1499.5830068293292,1515.9021595206914,1485.5659892874448,0.5747053597686789,0.42529464023132113,1.3075533787369467,2.0
2025-11-12,60862,FINAL,Uxbridge,4398,7.0,1.0,Watertown,4409,0.0,0.0,CMAC,Middlesex,7:00 P.M.,,0,2025,1863.747142155063,1793.0241454027635,1884.5167468299821,1772.2545407278444,0.6670643814918897,0.33293561850811026,3.0180749188074913,7.0
2025-11-12,60664,FINAL,Walpole,4404,6.0,1.0,Winchester,4434,1.0,0.0,Bay State,Middlesex,5:00 P.M.,,0,2025,1823.02587849889,1689.3614725358527,1836.8851703583114,1675.5021806764314,0.7421660645593918,0.2578339354406082,4.591610149075933,5.0
2025-11-12,63590,FINAL,Greenwich Academy (Conn.),4159,6.0,1.0,Tabor,4384,0.0,0.0,Independent,ISL,2:00 P.M.,,0,2025,1565.4647894014427,1531.555290358752,1587.7379961512484,1509.2820836089463,0.6184611990672031,0.3815388009327969,2.097737476067266,6.0
2025-11-12,60859,FINAL,Sandwich,4340,3.0,1.0,Dover-Sherborn,4118,0.0,0.0,Cape & Islands,Tri-Valley,5:00 P.M.,,0,2025,1850.7338223761128,1689.0091898655335,1860.222328534005,1679.5206837076412,0.771849653676073,0.22815034632392694,5.2931158127644835,3.0
2025-11-13,60757,FINAL,Nashoba,4267,1.0,0.0,Somerset Berkley,4350,3.0,1.0,Mid-Wach,South Coast,6:00 P.M.,,0,2025,1694.934969294849,1793.6459741703743,1680.7511719553806,1807.8297715098427,0.43035495736364704,0.569645042636353,-1.2177751218881325,-2.0
2025-11-13,60760,FINAL,Hingham,4171,4.0,1.0,Canton,4071,1.0,0.0,Patriot,Hockomock,7:00 P.M.,,0,2025,1797.1774229277507,1787.2730866890902,1814.4216066907277,1770.0289029261132,0.5853650266829207,0.4146349733170793,1.497608405966514,3.0
2025-11-13,60961,FINAL,Dennis-Yarmouth,4111,4.0,1.0,Cohasset,4094,3.0,0.0,Cape & Islands,South Shore,5:00 P.M.,1.0,0,2025,1712.107171306666,1668.5245117232544,1719.7696817832953,1660.8620012466251,0.6315111378202479,0.3684888621797521,2.339566489585292,1.0
2025-11-13,60964,FINAL,Monomoy,4706,1.0,0.0,Frontier,4146,3.0,1.0,Cape & Islands,Suburban,5:00 P.M.,,0,2025,1808.0164997617424,1667.124223484498,1783.296166170624,1691.8445570756164,0.7500472443312328,0.24995275566876718,4.772306906931107,-2.0
2025-11-15,63920,FINAL,King (Conn.),4199,2.0,1.0,Frederick Gunn (Conn.),4161,1.0,0.0,Independent,Independent,1:00 P.M.,,0,2025,1515.1398459167608,1505.4496554624898,1523.7681600888998,1496.8213412903508,0.5850657977541056,0.4149342022458944,1.4922547613567758,1.0
2025-11-15,60856,FINAL,Uxbridge,4398,3.0,1.0,Sandwich,4340,0.0,0.0,CMAC,Cape & Islands,5:00 P.M.,,0,2025,1884.5167468299821,1860.222328534005,1900.9311148507263,1843.807960513261,0.6053178776190986,0.3946821223809014,1.857360457399426,3.0
2025-11-15,60958,FINAL,Dennis-Yarmouth,4111,2.0,1.0,Frontier,4146,1.0,0.0,Cape & Islands,Suburban,12:00 P.M.,,0,2025,1719.7696817832953,1691.8445570756164,1727.8732672066474,1683.7409716522643,0.610299916543655,0.389700083456345,1.948128117691971,1.0
2025-11-15,63919,FINAL,New Hampton,4275,3.0,1.0,Portsmouth Abbey,4320,0.0,0.0,Independent,EIL,2:00 P.M.,,0,2025,1515.9021595206914,1529.8977531217606,1534.5493510450226,1511.2505615974294,0.551629821022342,0.44837017897765796,0.9001101599732693,3.0
2025-11-15,63916,FINAL,Phillips Andover,4310,4.0,1.0,Nobles,4282,1.0,0.0,Independent,ISL,1:00 P.M.,,0,2025,1688.4185995361022,1506.7968762471535,1697.0944633523798,1498.121012430876,0.7913895716138072,0.20861042838619281,5.790543082223718,3.0
2025-11-15,63917,FINAL,Rivers,4330,1.0,0.0,Cushing,4101,2.0,1.0,ISL,Independent,2:00 P.M.,,0,2025,1595.9681457311794,1613.2557099039377,1584.5948822870412,1624.628973348076,0.5469383589860721,0.4530616410139279,0.8178108956810434,-1.0
2025-11-15,63918,FINAL,Williston Northampton,4431,2.0,0.0,Middlesex,4248,3.0,1.0,Independent,ISL,1:00 P.M.,,0,2025,1561.5268423354435,1523.716307352779,1548.556412385406,1536.6867373028165,0.623745832237223,0.376254167762777,2.1952633745666104,-1.0
2025-11-15,60754,FINAL,Hingham,4171,0.0,0.0,Somerset Berkley,4350,3.0,1.0,Patriot,South Coast,2:30 P.M.,,0,2025,1814.4216066907277,1807.8297715098427,1790.2697456064577,1831.9816325941126,0.5807295035752544,0.41927049642474556,1.4147958795221256,-3.0
2025-11-15,60658,FINAL,Walpole,4404,1.0,1.0,Franklin,4144,0.0,0.0,Bay State,Hockomock,9:30 A.M.,,0,2025,1836.8851703583114,1786.4015645868633,1844.3564769767454,1778.9302579684293,0.6407060997541488,0.35929390024585117,2.5120901442862023,1.0
2025-11-15,63914,FINAL,Greenwich Academy (Conn.),4159,2.0,1.0,Sacred Heart (Conn.),4586,1.0,0.0,Independent,Independent,1:00 P.M.,,0,2025,1587.7379961512484,1513.3977656250433,1594.565371742792,1506.5703900334997,0.6716726363931275,0.32832736360687254,3.108505763155125,1.0
2025-11-16,63938,FINAL,Middlesex,4248,2.0,1.0,Cushing,4101,1.0,0.0,ISL,Independent,2:00 P.M.,,0,2025,1536.6867373028165,1624.628973348076,1548.2148956666094,1613.100814984283,0.44561276993243787,0.5543872300675621,-0.9485559011314877,1.0
2025-11-16,63939,FINAL,New Hampton,4275,2.0,1.0,King (Conn.),4199,1.0,0.0,Independent,Independent,11:00 A.M.,,0,2025,1534.5493510450226,1523.7681600888998,1543.1459784504398,1515.1715326834826,0.586589609127821,0.413410390872179,1.5195297739030706,1.0
2025-11-16,63937,FINAL,Greenwich Academy (Conn.),4159,0.0,0.0,Phillips Andover,4310,3.0,1.0,Independent,Independent,12:30 P.M.,,0,2025,1594.565371742792,1697.0944633523798,1576.8911439660121,1714.7686911291596,0.4249753460850383,0.5750246539149617,-1.3132272902396949,-3.0
2026-09-07,139469,UPCOMING,Newton South,4280,,,Newton North,4279,,,Dual County,Bay State,4:30 P.M.,,0,2026,1365.1122947434956,1439.340291097762,,,0.4651895176625303,0.5348104823374698,-0.6056999088566613,
2026-09-07,144691,FINAL,Swampscott,4383,1.0,0.0,Bishop Fenwick,4043,3.0,1.0,Northeastern,Catholic Central,10:00 A.M.,,0,2026,1487.6427329983978,1447.85321566444,1466.9970974032212,1468.4988512596167,0.6264155792457684,0.3735844207542316,2.2447379333489437,-2.0
2026-09-07,144531,FINAL,Groton-Dunstable,4160,8.0,1.0,Tyngsborough,4397,2.0,0.0,Mid-Wach,Mid-Wach,11:00 A.M.,,0,2026,1503.3636776494636,1506.478698954612,1528.6371800280215,1481.205196576054,0.5670663007260397,0.4329336992739603,1.1721244673712932,6.0
2026-09-07,143875,FINAL,Masconomet,4236,0.0,0.0,Ipswich,4190,1.0,1.0,Northeastern,Cape Ann,10:00 A.M.,,0,2026,1614.2891830910844,1543.5445020353395,1600.4173927756901,1557.4162923507338,0.667092103209029,0.332907896790971,3.018617026393622,-1.0
2026-09-07,143768,FINAL,Danvers,4103,2.0,0.0,Marblehead,4231,6.0,1.0,Northeastern,Northeastern,10:00 A.M.,,0,2026,1466.361102617859,1447.116896620482,1437.470807457274,1476.007191781067,0.5983516551003273,0.4016483448996727,1.7311051499344217,-4.0
2026-09-07,145295,UPCOMING,Bridgewater-Raynham,4053,,,East Bridgewater,4126,,,Pioneer,South Shore,4:00 P.M.,,0,2026,1394.813479895962,1472.0199342134085,,,0.4609265970562778,0.5390734029437222,-0.6801613579361628,
2026-09-07,145031,POSTPONED,Greenfield,4157,,,Belchertown,4032,,,Suburban,County,1:00 P.M.,,0,2026,1549.8012336141817,1618.4737388693748,,,0.473153947203165,0.526846052796835,-0.4668126313798268,
2026-09-08,144737,FINAL,Notre Dame Academy-Worcester,4451,1.0,0.0,Oakmont,4299,2.0,1.0,CMAC,Mid-Wach,4:00 P.M.,,0,2026,1502.7555,1493.484732536871,1490.6015894256368,1505.6386431112342,0.5844795504347178,0.4155204495652822,1.4817691865782252,-1.0
2026-09-08,144551,FINAL,Apponequet,4011,6.0,1.0,Middleborough,4247,0.0,0.0,South Coast,South Shore,5:30 P.M.,,0,2026,1461.4848539147022,1425.9199990267389,1483.6269466768804,1403.7779062645607,0.620707174430646,0.37929282556935395,2.1391213721990825,6.0
2026-09-08,144479,FINAL,Falmouth,4134,1.0,0.0,Cohasset,4094,6.0,1.0,Cape & Islands,South Shore,4:30 P.M.,,0,2026,1457.692017240796,1609.427540835239,1438.4680536860164,1628.6515043900185,0.3576366114785452,0.6423633885214548,-2.543388089861071,-5.0
2026-09-08,144444,FINAL,Norwell,4296,0.0,0.0,Duxbury,4123,9.0,1.0,South Shore,Patriot,4:00 P.M.,,0,2026,1490.0759281302994,1548.158125105445,1456.3404628054877,1581.8935904302566,0.48837088116680666,0.5116291188331934,-0.20205492437863767,-9.0
2026-09-08,144319,FINAL,Norwood,4297,4.0,2.0,Westwood,4424,4.0,2.0,Tri-Valley,Tri-Valley,4:30 P.M.,,0,2026,1614.6916010754078,1518.2310609284032,1614.6916010754078,1518.2310609284032,0.6991165826184461,0.3008834173815539,3.6615135036751156,0.0
2026-09-08,144128,FINAL,Medfield,4241,2.0,1.0,Ashland,4015,1.0,0.0,Tri-Valley,Tri-Valley,4:30 P.M.,,0,2026,1590.945618003822,1431.5088841964512,1595.7382709814622,1426.716231218811,0.7695221105485542,0.23047788945144576,5.235918345184269,1.0
2026-09-08,144102,FINAL,Dedham,4108,1.0,0.0,Dover-Sherborn,4118,6.0,1.0,Tri-Valley,Tri-Valley,4:15 P.M.,,0,2026,1530.862576661745,1621.9288580841196,1507.1482156771133,1645.6432190687513,0.4411745622465062,0.5588254377534938,-1.0266570355593672,-5.0
2026-09-08,143986,FINAL,Nauset,4271,4.0,1.0,St. John Paul II,4689,1.0,0.0,Cape & Islands,Cape & Islands,4:00 P.M.,,0,2026,1489.5196778483426,1551.634018726761,1511.0388566701563,1530.1148399049475,0.4825731238294447,0.5174268761705554,-0.3028585219604622,3.0
2026-09-08,140633,FINAL,North Andover,4283,1.0,2.0,Masconomet,4236,1.0,2.0,Merrimack Valley,Northeastern,4:00 P.M.,,0,2026,1498.2412523322046,1600.4173927756901,1498.2412523322046,1600.4173927756901,0.42547192305674025,0.5745280769432597,-1.304403511087139,0.0
2026-09-08,143770,FINAL,Danvers,4103,4.0,1.0,Hamilton-Wenham,4163,3.0,0.0,Northeastern,Cape Ann,4:00 P.M.,,0,2026,1437.470807457274,1477.297983095257,1447.5636745705283,1467.2051159820028,0.5146356889118977,0.4853643110881023,0.254320609050427,1.0
2026-09-08,140904,FINAL,Malden Catholic,4228,2.0,2.0,Marblehead,4231,2.0,2.0,Catholic Conference,Northeastern,4:00 P.M.,,0,2026,1604.373298284499,1476.007191781067,1604.373298284499,1476.007191781067,0.7362868537994368,0.2637131462005632,4.459152662585803,0.0
2026-09-08,140648,FINAL,Winchester,4434,4.0,1.0,Stoneham,4380,1.0,0.0,Middlesex,Middlesex,4:15 P.M.,,0,2026,1619.236461053209,1452.0107966377238,1628.495049829263,1442.7522078616698,0.7773779981192757,0.22262200188072434,5.43064161038713,3.0
2026-09-08,140885,FINAL,Sandwich,4340,5.0,1.0,Bishop Feehan,4042,1.0,0.0,Cape & Islands,Catholic Central,4:00 P.M.,,0,2026,1732.0013335438848,1577.8271600852945,1743.3910616334365,1566.4374319957428,0.7641054680942213,0.2358945319057787,5.104354336464757,4.0
2026-09-08,140672,FINAL,Holliston,4174,1.0,2.0,Hopkinton,4180,1.0,2.0,Tri-Valley,Tri-Valley,3:45 P.M.,,0,2026,1463.2492185983635,1571.5556028064818,1463.2492185983635,1571.5556028064818,0.4168693183047365,0.5831306816952635,-1.4576596052029571,0.0
2026-09-08,139715,FINAL,Franklin,4144,3.0,1.0,King Philip,4197,2.0,0.0,Hockomock,Hockomock,3:45 P.M.,,0,2026,1688.5332728388476,1639.0257524964757,1696.031497364445,1631.5275279708783,0.6394116220482926,0.3605883779517074,2.487688008559297,1.0
2026-09-08,139877,FINAL,Reading,4328,4.0,1.0,Melrose,4244,0.0,0.0,Middlesex,Middlesex,4:00 P.M.,,0,2026,1614.8847551279564,1441.9876327553748,1625.3633146917314,1431.5090731915998,0.7829768293054303,0.21702317069456967,5.572428059314541,4.0
2026-09-08,140334,FINAL,Stoughton,4381,0.0,0.0,Canton,4071,10.0,1.0,Hockomock,Hockomock,3:45 P.M.,,0,2026,1430.17639469507,1682.569364960496,1413.0735723089615,1699.6721873466045,0.23774769732609854,0.7622523026739014,-5.059824256635648,-10.0
2026-09-08,145304,FINAL,Seekonk,4344,1.0,0.0,West Bridgewater,4415,7.0,1.0,South Coast,South Coast,3:45 P.M.,,0,2026,1493.906014048004,1582.503679959441,1467.9467427390161,1608.4629512684287,0.444680883160517,0.555319116839483,-0.9649416477859234,-6.0
2026-09-08,144294,FINAL,Northampton,4291,0.0,0.0,Mohawk Trail,4258,1.0,1.0,Valley League,Valley League,4:30 P.M.,,0,2026,1446.3560275939121,1418.41419670101,1433.6647219927327,1431.1055023021895,0.6103227884409336,0.3896772115590664,1.9485457723225523,-1.0
2026-09-08,145213,FINAL,Sutton,4512,3.0,1.0,Joseph Case,4078,0.0,0.0,CMAC,South Coast,4:00 P.M.,,0,2026,1647.3176904113302,1487.6301096437617,1656.8923494817375,1478.0554505733544,0.7697781140153473,0.23022188598465265,5.242189519189213,3.0
2026-09-08,139419,POSTPONED,Revere,4329,,,Methuen,4246,,,Greater Boston,Merrimack Valley,4:30 P.M.,,0,2026,1392.3096334801403,1492.1854448632184,,,0.42871196240261344,0.5712880375973866,-1.2468952845769536,
2026-09-08,139135,UPCOMING,Lexington,4209,,,Burlington,4065,,,Middlesex,Middlesex,4:15 P.M.,,0,2026,1546.8805985311749,1368.0151277100956,,,0.7887580654473956,0.21124193455260443,5.721636770526982,
2026-09-08,144956,UPCOMING,Medway,4243,,,Bellingham,4033,,,Tri-Valley,Tri-Valley,3:30 P.M.,,0,2026,1511.1455985614944,1417.1424929283864,,,0.6961325520983853,0.3038674479016147,3.6000776408276978,
2026-09-08,144769,UPCOMING,Wareham/Mashpee,4407,,,Martha’s Vineyard,4235,,,Mayflower,Cape & Islands,3:30 P.M.,,0,2026,1488.308654544367,1402.3491926374884,,,0.686250015764621,0.31374998423537903,3.398986547671967,
2026-09-08,144748,UPCOMING,Dighton-Rehoboth,4114,,,Westport,4461,,,South Coast,Mayflower,3:30 P.M.,,0,2026,1374.9496257227213,1579.0902398311698,,,0.29166635559813003,0.70833364440187,-3.853515352711213,
2026-09-08,144352,UPCOMING,Bishop Fenwick,4043,,,Gloucester,4150,,,Catholic Central,Northeastern,4:00 P.M.,,0,2026,1567.70500223244,1602.5240739845162,,,0.5218332191411529,0.4781667808588471,0.37952320619809254,
2026-09-08,144249,UPCOMING,Frontier,4146,,,Longmeadow,4214,,,Suburban,Suburban,4:00 P.M.,,0,2026,1664.180630831072,1603.57681405786,,,0.6540041122309082,0.34599588776909185,2.7650954193302995,
2026-09-08,143801,UPCOMING,Minnechaug,4254,,,East Longmeadow,4127,,,Suburban,Valley League,5:00 P.M.,,0,2026,1496.9368803452908,1630.0495336679858,,,0.38262177086956706,0.6173782291304329,-2.077816333067375,
2026-09-08,143662,UPCOMING,Quaboag,4510,,,Blackstone Valley,4046,,,CMAC,CMAC,3:30 P.M.,,0,2026,1541.235353328832,1514.6728823400167,,,0.6084327257476702,0.39156727425232984,1.9140617747203805,
2026-09-08,144670,UPCOMING,Old Rochester,4301,,,Bishop Stang,4045,,,South Coast,Catholic Central,3:30 P.M.,,0,2026,1586.4560542255422,1493.0034063076791,,,0.6954618565738795,0.3045381434261205,3.5863161979465756,
2026-09-08,140869,UPCOMING,Woburn,4438,,,Wakefield,4402,,,Middlesex,Middlesex,4:00 P.M.,,0,2026,1362.306069843918,1348.650969614646,,,0.5905956274617791,0.40940437253822093,1.5913775057317991,
2026-09-08,140342,UPCOMING,Westfield,4419,,,Agawam,4004,,,Valley League,Suburban,4:00 P.M.,,0,2026,1509.7832671905303,1483.032196399554,,,0.6086913473022242,0.3913086526977758,1.918776769774405,
2026-09-08,140223,UPCOMING,Arlington,4013,,,Wilmington,4432,,,Middlesex,Middlesex,4:30 P.M.,,0,2026,1475.4136993629158,1386.252080261021,,,0.6902051726923716,0.3097948273076284,3.479040477547369,
2026-09-08,140081,UPCOMING,Taunton,4388,,,Oliver Ames,4302,,,Hockomock,Hockomock,3:45 P.M.,,0,2026,1408.9329036679833,1460.470882499606,,,0.49778668499994827,0.5022133150000517,-0.038449470790567375,
2026-09-08,139981,UPCOMING,Milford,4249,,,North Attleborough,4284,,,Hockomock,Hockomock,3:45 P.M.,,0,2026,1276.3209851653098,1459.4887057759472,,,0.3172204632886202,0.6827795367113798,-3.329193015265935,
2026-09-08,139750,UPCOMING,Attleboro,4018,,,Foxborough,4142,,,Hockomock,Hockomock,5:15 P.M.,,0,2026,1591.4953355090552,1528.9618029310232,,,0.6565134185693514,0.3434865814306486,2.8133383144508004,
2026-09-08,139584,UPCOMING,Sharon,4345,,,Mansfield,4230,,,Hockomock,Hockomock,3:45 P.M.,,0,2026,1313.3494660729727,1455.0943374506928,,,0.3709540903747927,0.6290459096252072,-2.293621784443002,
2026-09-08,143629,UPCOMING,North Brookfield,4508,,,Monty Tech,4259,,,Independent,CMAC,4:00 P.M.,,0,2026,1470.4369576060892,1491.2008402888318,,,0.5419751272572937,0.4580248727427063,0.7309029329314342,
2026-09-08,139475,UPCOMING,Newton North,4279,,,Needham,4272,,,Bay State,Bay State,4:30 P.M.,,0,2026,1439.340291097762,1414.0743339487658,,,0.6066532118101556,0.39334678818984437,1.8816489287249056,
2026-09-09,144336,FINAL,Grafton,4153,16.0,1.0,Oxford,4303,0.0,0.0,Mid-Wach,CMAC,4:00 P.M.,,0,2026,1473.2385850619974,1398.7768604578198,1501.1321214734169,1370.8833240464003,0.6718268502448257,0.3281731497551743,3.111543115104439,16.0
2026-09-09,144268,FINAL,Shepherd Hill,4347,3.0,1.0,Tyngsborough,4397,2.0,0.0,Mid-Wach,Mid-Wach,4:00 P.M.,,0,2026,1488.1100516241893,1481.205196576054,1496.8194147266668,1472.4958334735766,0.5811681680918123,0.41883183190818774,1.4226213762033808,1.0
2026-09-09,143741,FINAL,Blackstone-Millville,4486,8.0,1.0,Worcester Tech/Worcester North,4445,0.0,0.0,CMAC,CMAC,3:30 P.M.,,0,2026,1442.4353601387397,1399.7708168520826,1466.806068806261,1375.4001081845613,0.6302804165021236,0.36971958349787637,2.316613582166428,8.0
2026-09-09,143618,FINAL,Greater Lowell,4155,1.0,0.0,Bay Path/David Prouty,4027,3.0,1.0,Independent,CMAC,4:30 P.M.,,0,2026,1406.5668823186622,1414.7599713383827,1388.1142737750426,1433.2125798820023,0.5598762709997323,0.44012372900026775,1.0451727745069888,-2.0
2026-09-09,140745,FINAL,Tewksbury,4389,0.0,0.0,Central Catholic,4081,3.0,1.0,Merrimack Valley,Merrimack Valley,4:00 P.M.,,0,2026,1441.2985398032504,1525.9306618036637,1422.5700585089605,1544.6591430979536,0.450324784777559,0.549675215222441,-0.8658030500103336,-3.0
2026-09-09,140788,FINAL,Pembroke,4308,0.0,2.0,Plymouth North,4315,0.0,2.0,Patriot,Patriot,4:00 P.M.,,0,2026,1420.1160195531183,1353.0978224244964,1420.1160195531183,1353.0978224244964,0.6623112259417613,0.3376887740582387,2.9254549282155495,0.0
2026-09-09,140735,FINAL,Bedford,4031,1.0,0.0,Concord-Carlisle,4097,7.0,1.0,Dual County,Dual County,4:00 P.M.,,0,2026,1584.9403447971627,1580.9272251330692,1551.250165631382,1614.6174042988498,0.5771109075811508,0.4228890924188492,1.3503279916023359,-6.0
2026-09-09,144527,FINAL,Amherst-Pelham,4008,0.0,0.0,Belchertown,4032,6.0,1.0,County,County,6:00 P.M.,,0,2026,1504.328235008407,1574.2727917222612,1476.8133206684101,1601.7877060622582,0.47132896232567106,0.5286710376743289,-0.49861391784635317,-6.0
2026-09-09,140825,FINAL,Marlborough,4233,4.0,1.0,Algonquin,4005,1.0,0.0,Mid-Wach,Mid-Wach,4:00 P.M.,,0,2026,1566.2213353288278,1556.3100775054218,1583.4651169037436,1539.066295930506,0.5853746972616086,0.4146253027383914,1.4977814455851501,3.0
2026-09-09,144532,FINAL,Groton-Dunstable,4160,2.0,1.0,Lunenburg,4219,0.0,0.0,Mid-Wach,Mid-Wach,4:00 P.M.,,0,2026,1528.6371800280215,1518.7832301305373,1542.3051926034402,1505.1152175551185,0.5852946267941675,0.41470537320583245,1.4963487474371049,2.0
2026-09-09,145340,FINAL,Littleton,4212,1.0,2.0,Clinton,4093,1.0,2.0,Mid-Wach,Mid-Wach,4:30 P.M.,,0,2026,1423.5619748617505,1578.1687475325018,1423.5619748617505,1578.1687475325018,0.3538485348761857,0.6461514651238143,-2.6151693167687826,0.0
2026-09-09,144662,FINAL,Notre Dame (Hingham),4449,5.0,1.0,Ursuline,4448,3.0,0.0,Catholic Conference,Catholic Conference,6:00 P.M.,,0,2026,1563.7039835743446,1470.2781273186083,1573.742140563511,1460.239970329442,0.6954291915140806,0.30457080848591944,3.5856464063934084,2.0
2026-09-09,145053,FINAL,Carver,4077,4.0,1.0,Fairhaven,4133,0.0,0.0,South Shore,South Coast,4:00 P.M.,,0,2026,1421.3706146178013,1414.3773430665576,1441.58714802216,1394.160809662199,0.5812920513393525,0.41870794866064753,1.4248317887810913,4.0
2026-09-09,145096,FINAL,North Reading,4288,3.0,1.0,Pentucket,4309,2.0,0.0,Cape Ann,Cape Ann,4:00 P.M.,,0,2026,1545.5487647558512,1492.9789559120823,1552.9626822957466,1485.5650383721868,0.6434659310544321,0.35653406894556794,2.5642452210942226,1.0
2026-09-09,145170,FINAL,Northbridge,4292,0.0,0.0,Uxbridge,4398,9.0,1.0,CMAC,CMAC,3:30 P.M.,,0,2026,1519.5027436634919,1770.2738469499866,1502.9625531854065,1786.814037428072,0.2394437818087075,0.7605562181912925,-5.019277582162369,-9.0
2026-09-09,145256,FINAL,Nipmuc,4281,0.0,0.0,Hopedale,4507,4.0,1.0,CMAC,CMAC,4:00 P.M.,,0,2026,1487.2224591550428,1532.02753955691,1462.719948273132,1556.5300504388206,0.5074755331786038,0.49252446682139617,0.1298729899533214,-4.0
2026-09-09,145312,FINAL,Bromfield,4505,1.0,0.0,Gardner,4147,2.0,1.0,Mid-Wach,Mid-Wach,4:00 P.M.,,0,2026,1498.445005708747,1429.748944500695,1484.6277817877303,1443.5661684217116,0.6644680143234394,0.3355319856765606,2.9674015302013004,-1.0
2026-09-09,145328,FINAL,Smith Academy,4538,0.0,0.0,South Hadley,4353,3.0,1.0,Valley League,Suburban,4:00 P.M.,,0,2026,1508.7224802291532,1509.0511749892805,1484.9752707943853,1532.7983844240484,0.5709996881081851,0.42900031189181487,1.2417826309968176,-3.0
2026-09-09,140681,FINAL,Plymouth South,4316,0.0,0.0,Scituate,4343,11.0,1.0,Patriot,Patriot,4:00 P.M.,,0,2026,1481.3866313321082,1583.2294395906329,1449.6339199753008,1614.9821509474402,0.42594103564569785,0.5740589643543021,-1.2960702064631164,-11.0
2026-09-09,145444,FINAL,Rockport,4490,1.0,0.0,Manchester Essex,4229,5.0,1.0,Cape Ann,Cape Ann,6:00 P.M.,,0,2026,1451.608255628368,1605.7728574878658,1434.4952286307505,1622.8858844854833,0.3544307169893855,0.6455692830106146,-2.604115046487448,-4.0
2026-09-09,145463,FINAL,Hamilton-Wenham,4163,4.0,1.0,Amesbury,4007,1.0,0.0,Cape Ann,Cape Ann,4:00 P.M.,,0,2026,1467.2051159820028,1365.4715803551496,1479.454576250005,1353.2221200871475,0.7054627402964494,0.2945372597035506,3.793338390671329,3.0
2026-09-09,145581,FINAL,Narragansett,4266,9.0,1.0,Maynard,4239,0.0,0.0,Mid-Wach,Mid-Wach,4:00 P.M.,,0,2026,1526.986863478908,1559.6787668182844,1559.8064537157288,1526.8591765814635,0.5248877687274273,0.47511223127257274,0.4327024165155876,9.0
2026-09-09,144634,FINAL,Newburyport,4276,2.0,1.0,Lynnfield,4223,1.0,0.0,Cape Ann,Cape Ann,4:00 P.M.,,0,2026,1634.0975252353583,1611.5421796373366,1642.3544950589155,1603.2852098137794,0.6029236860928017,0.39707631390719833,1.8138836399505407,1.0
2026-09-09,140537,FINAL,Westford,4421,0.0,0.0,Waltham,4405,5.0,1.0,Dual County,Dual County,4:00 P.M.,,0,2026,1441.5133357135983,1525.6492221341312,1417.2691112892394,1549.89344655849,0.4510319761242677,0.5489680238757323,-0.8533971605133217,-5.0
2026-09-09,139915,FINAL,Hingham,4171,6.0,1.0,Hanover,4164,0.0,0.0,Patriot,Patriot,4:00 P.M.,,0,2026,1696.1307295563267,1557.2971998203768,1710.85238439019,1542.5755449865135,0.7478188661312652,0.25218113386873475,4.720838243398748,6.0
2026-09-09,140442,FINAL,Chelmsford,4085,7.0,1.0,Haverhill,4167,2.0,0.0,Merrimack Valley,Merrimack Valley,5:30 P.M.,,0,2026,1545.9592205762146,1393.5010767314016,1558.7351669459156,1380.7251303617006,0.7623202855607021,0.23767971443929792,5.0614535961203275,5.0
2026-09-09,139345,POSTPONED,Everett,4132,,,Malden,4227,,,Greater Boston,Greater Boston,4:15 P.M.,,0,2026,1372.568818624069,1297.020987906747,,,0.6732038080733663,0.3267961919266337,3.138695767933052,
2026-09-09,140170,UPCOMING,Needham,4272,,,Weymouth,4425,,,Bay State,Bay State,4:00 P.M.,,0,2026,1414.0743339487658,1337.026771373496,,,0.6751002574710626,0.3248997425289374,3.1761890643817425,
2026-09-09,140606,UPCOMING,Dartmouth,4105,,,Bridgewater-Raynham,4053,,,Pioneer,Pioneer,4:00 P.M.,,0,2026,1557.9854764203783,1394.813479895962,,,0.7733135228178442,0.22668647718215584,5.329299913110407,
2026-09-09,144717,POSTPONED,Holyoke,4176,,,Southwick,4519,,,County,Valley League,4:30 P.M.,,0,2026,1440.3839693752811,1474.7869674006702,,,0.5224308241052376,0.47756917589476244,0.3899250493652744,
2026-09-09,145602,UPCOMING,Tahanto,4513,,,Fitchburg,4139,,,Mid-Wach,Mid-Wach,4:00 P.M.,,0,2026,1479.1893692412118,1362.4669960601382,,,0.7230679692188444,0.2769320307811556,4.168059329526841,
2026-09-09,139143,FINAL,Brockton,4058,0.0,0.0,Durfee,4122,7.0,1.0,Big Three,Big Three,6:30 P.M.,,0,2026,1332.9193996412657,1563.3256437000307,1316.609975391088,1579.6350679502084,0.2614391720609509,0.7385608279390491,-4.510156101469124,-7.0
2026-09-09,139203,FINAL,Milton,4252,2.0,1.0,Brookline,4059,0.0,0.0,Bay State,Bay State,4:30 P.M.,,0,2026,1514.526093195417,1511.5112170936527,1528.5100696316185,1497.527240657451,0.5757078701181342,0.4242921298818658,1.3253719025441058,2.0
2026-09-09,140486,FINAL,Watertown,4409,1.0,0.0,Belmont,4034,2.0,1.0,Middlesex,Middlesex,4:15 P.M.,,0,2026,1684.0605422876558,1639.9955064665542,1670.9152055277555,1653.1408432264545,0.6321570718107838,0.36784292818921616,2.3516258955275418,-1.0
2026-09-09,139368,FINAL,Andover,4009,6.0,1.0,Lowell,4216,0.0,0.0,Merrimack Valley,Merrimack Valley,7:00 P.M.,,0,2026,1658.9190908337541,1526.7574827042533,1674.0675798135624,1511.608993724445,0.7405072207956723,0.2594927792043277,4.55404020323752,6.0
2026-09-09,139423,FINAL,Peabody,4306,3.0,1.0,Revere,4329,1.0,0.0,Northeastern,Greater Boston,4:00 P.M.,,0,2026,1446.470465516898,1428.547686404637,1459.7684359420102,1415.2497159795248,0.5965221894846436,0.40347781051535636,1.6980694778065242,2.0
2026-09-09,139478,FINAL,Wellesley,4413,2.0,1.0,Newton North,4279,1.0,0.0,Bay State,Bay State,4:30 P.M.,,0,2026,1637.9838123506083,1472.4243020096737,1642.6477143391446,1467.7604000211375,0.7757137243315498,0.22428627566845016,5.388987758523365,1.0
2026-09-09,139207,FINAL,Leominster,4208,1.0,0.0,Notre Dame Academy-Worcester,4451,2.0,1.0,Mid-Wach,CMAC,6:30 P.M.,,0,2026,1448.783983494805,1490.6015894256368,1438.1419582455567,1501.243614674885,0.5117732350701895,0.48822676492981054,0.2045598517292035,-1.0
2026-09-09,139569,FINAL,Natick,4270,8.0,1.0,Framingham,4143,0.0,0.0,Bay State,Bay State,6:30 P.M.,,0,2026,1563.4824226732858,1326.155768727982,1574.0667436411748,1315.571447760093,0.83942893113031,0.16057106886968997,7.1831663486325965,8.0
2026-09-09,140403,FINAL,Walpole,4404,6.0,1.0,Braintree,4051,0.0,0.0,Bay State,Bay State,4:00 P.M.,,0,2026,1732.3688395744193,1459.9039933642348,1740.2579450636624,1452.0148878749917,0.8648600588765977,0.13513994112340233,8.061621155254613,6.0
2026-09-09,140400,FINAL,Silver Lake,4349,3.0,1.0,Whitman-Hanson,4427,1.0,0.0,Patriot,Patriot,4:00 P.M.,,0,2026,1488.829950248881,1433.8035200758916,1500.4740230902523,1422.1594472345203,0.6467036047361213,0.3532963952638787,2.6256607543247354,2.0
2026-09-09,139514,FINAL,Duxbury,4123,2.0,1.0,Marshfield,4234,1.0,0.0,Patriot,Patriot,4:00 P.M.,,0,2026,1581.8935904302566,1477.7244478376472,1587.9579163023282,1471.6601219655756,0.7083675712675922,0.2916324287324078,3.854228564815236,1.0
2026-09-09,140009,FINAL,Triton,4395,1.0,0.0,Essex Tech,4745,2.0,1.0,Cape Ann,Cape Ann,4:00 P.M.,,0,2026,1493.2509666082235,1490.951366167316,1481.3003787743107,1502.901954001229,0.5747017934564642,0.4252982065435358,1.307490011022685,-1.0
2026-09-09,139840,FINAL,Weston,4423,4.0,1.0,Newton South,4280,1.0,0.0,Dual County,Dual County,4:15 P.M.,,0,2026,1510.015748163777,1417.9070831343322,1522.7493824833882,1405.173448814721,0.6938208152433938,0.3061791847566062,3.552716625736122,3.0
2026-09-09,140141,FINAL,Methuen,4246,6.0,1.0,Dracut,4119,0.0,0.0,Merrimack Valley,Merrimack Valley,6:00 P.M.,,0,2026,1504.1551405550344,1346.5533816603422,1517.7194951795916,1332.989027035785,0.7676433547708196,0.23235664522918043,5.190043972367306,6.0
2026-09-09,139821,FINAL,Doherty,4116,4.0,1.0,Auburn,4019,1.0,0.0,CMAC,CMAC,3:45 P.M.,,0,2026,1613.687722098968,1560.988068555582,1628.5084264052953,1546.1673642492547,0.6436373899129987,0.3563626100870013,2.567491338584648,3.0
2026-09-09,139764,FINAL,Barnstable,4024,5.0,1.0,Sturgis East,4456,1.0,0.0,Pioneer,Cape & Islands,4:00 P.M.,,0,2026,1441.5919921471716,1427.837417832054,1461.3526350171287,1408.0767749620968,0.5907340751846465,0.4092659248153535,1.593864357877942,4.0
2026-09-09,139640,FINAL,Quabbin,4325,3.0,1.0,Shrewsbury,4348,1.0,0.0,Mid-Wach,Mid-Wach,4:00 P.M.,,0,2026,1561.674296931786,1466.4393468863993,1571.6399040261158,1456.4737397920696,0.6976304501863462,0.3023695498136538,3.6308737511346694,2.0
2026-09-09,139636,FINAL,South High,4962,0.0,0.0,St. Paul,4954,4.0,1.0,Independent,CMAC,3:30 P.M.,,0,2026,1412.6997154910534,1522.3735288790663,1392.6642853716096,1542.4089589985101,0.41495708873794573,0.5850429112620543,-1.4918453347003209,-4.0
2026-09-10,139136,FINAL,Lexington,4209,3.0,1.0,Reading,4328,2.0,0.0,Middlesex,Middlesex,4:15 P.M.,,0,2026,1508.0148798644568,1625.3633146917314,1520.4026577457116,1612.9755368104766,0.4042738094359908,0.5957261905640092,-1.683710870681864,1.0
2026-09-10,139261,FINAL,New Bedford,4273,0.0,0.0,Westport,4461,2.0,1.0,Big Three,Mayflower,4:00 P.M.,,0,2026,1491.9113945683207,1534.8655694885142,1475.0980661819765,1551.6788978748584,0.5101383675802968,0.48986163241970315,0.17614562699516229,-2.0
2026-09-10,139311,FINAL,Wareham/Mashpee,4407,5.0,1.0,Southeastern,4358,2.0,0.0,Mayflower,Mayflower,3:30 P.M.,,0,2026,1502.7555,1459.7159160558153,1518.1107884388978,1444.3606276169176,0.6307833586297067,0.3692166413702933,2.325989598604616,3.0
2026-09-10,139351,FINAL,Everett,4132,6.0,1.0,Arlington Catholic,4014,0.0,0.0,Greater Boston,Catholic Central,4:15 P.M.,,0,2026,1468.0142510899636,1354.996527138241,1484.4312652945757,1338.5795129336288,0.7187774537863061,0.2812225462136939,4.075443098793068,6.0
2026-09-10,139588,FINAL,Attleboro,4018,13.0,1.0,Sharon,4345,0.0,0.0,Hockomock,Hockomock,5:45 P.M.,,0,2026,1556.5089856692907,1359.418768945017,1571.89133799833,1344.0364166159777,0.8057090037868185,0.19429099621318147,6.177255418106841,13.0
2026-09-10,139721,FINAL,King Philip,4197,4.0,1.0,Mansfield,4230,1.0,0.0,Hockomock,Hockomock,3:45 P.M.,,0,2026,1631.5275279708783,1459.40024776637,1640.5846248216912,1450.343150915557,0.7822228548080157,0.21777714519198432,5.553182005112705,3.0
2026-09-10,139982,FINAL,Milford,4249,0.0,0.0,Franklin,4144,18.0,1.0,Hockomock,Hockomock,3:45 P.M.,,0,2026,1348.3666269611008,1696.031497364445,1334.8772047784978,1709.520919547048,0.1527107232543363,0.8472892767456637,-7.441621760083604,-18.0
2026-09-10,144354,FINAL,Saugus,4341,1.0,0.0,Gloucester,4150,5.0,1.0,Northeastern,Northeastern,4:30 P.M.,,0,2026,1439.7234795166723,1555.3431286767184,1420.0880405960013,1574.9785675973894,0.4066728052274797,0.5933271947725203,-1.6404912290011509,-4.0
2026-09-10,140082,FINAL,Taunton,4388,2.0,2.0,Stoughton,4381,2.0,2.0,Hockomock,Hockomock,3:45 P.M.,,0,2026,1374.6212075311134,1413.0735723089615,1374.6212075311134,1413.0735723089615,0.5166122663077237,0.4833877336922763,0.2886908805537985,0.0
2026-09-10,143631,UPCOMING,Monty Tech,4259,,,Quaboag,4510,,,CMAC,CMAC,4:00 P.M.,,0,2026,1491.2008402888318,1541.235353328832,,,0.499950331743027,0.5000496682569731,-0.0008628260000023147,
2026-09-10,143687,UPCOMING,Northbridge,4292,,,Bay Path/David Prouty,4027,,,CMAC,CMAC,4:00 P.M.,,0,2026,1515.147448416942,1433.5453540282529,,,0.6808243036505838,0.3191756963494162,3.290052359717231,
2026-09-10,143804,UPCOMING,East Longmeadow,4127,,,Greenfield,4157,,,Valley League,Suburban,7:00 P.M.,,0,2026,1630.0495336679858,1549.8012336141817,,,0.6791284690864131,0.3208715309135869,3.256207501345102,
2026-09-10,143932,UPCOMING,Longmeadow,4214,,,Minnechaug,4254,,,Suburban,Suburban,5:00 P.M.,,0,2026,1603.57681405786,1496.9368803452908,,,0.7112970728510506,0.2887029271489494,3.9159983428142313,
2026-09-10,145227,UPCOMING,Palmer,4304,,,Mahar,4226,,,County,Valley League,4:00 P.M.,,0,2026,1370.6240657584704,1431.3998396169236,,,0.4844973853895624,0.5155026146104376,-0.2693943464613312,
2026-09-10,140687,UPCOMING,Plymouth South,4316,,,East Bridgewater,4126,,,Patriot,South Shore,4:00 P.M.,,0,2026,1401.143155539353,1472.0199342134085,,,0.4699920072432378,0.5300079927567622,-0.5219194668513865,
2026-09-10,150411,FINAL,North Andover,4283,2.0,1.0,Malden Catholic,4228,1.0,0.0,Merrimack Valley,Catholic Conference,,,0,2026,1498.2412523322046,1604.373298284499,1510.3037792591163,1592.3107713575873,0.4199150740651675,0.5800849259348325,-1.4033011488073612,1.0
2026-09-10,145125,FINAL,Cohasset,4094,4.0,1.0,St. Mary’s,4374,1.0,0.0,South Shore,Catholic Central,6:30 P.M.,,0,2026,1628.6515043900185,1596.2966152408349,1644.607171991773,1580.3409476390805,0.6163472912812723,0.3836527087187277,2.058872228729592,3.0
2026-09-10,145056,FINAL,Fairhaven,4133,1.0,0.0,Seekonk,4344,5.0,1.0,South Coast,South Coast,3:30 P.M.,,0,2026,1394.160809662199,1467.9467427390161,1371.6694296957296,1490.4381227054855,0.46582266998738575,0.5341773300126142,-0.5946483269204293,-4.0
2026-09-10,145008,FINAL,Turners Falls,4396,0.0,0.0,Franklin County Tech,4145,7.0,1.0,Valley League,County,6:00 P.M.,,0,2026,1483.2624740912663,1503.2181368497866,1449.3802725115072,1537.1003384295457,0.5431298243724313,0.4568701756275687,0.7511084310369938,-7.0
2026-09-10,144983,FINAL,Joseph Case,4078,0.0,0.0,Old Rochester,4301,4.0,1.0,South Coast,South Coast,3:45 P.M.,,0,2026,1478.0554505733544,1549.2418338046893,1455.384196162694,1571.9130882153497,0.4695480791877329,0.5304519208122671,-0.5296595807833739,-4.0
2026-09-10,144705,FINAL,Dover-Sherborn,4118,4.0,1.0,Monomoy,4706,1.0,0.0,Tri-Valley,Cape & Islands,4:00 P.M.,,0,2026,1645.6432190687513,1691.458431334318,1666.1871822859382,1670.914468117131,0.5060221024393188,0.4939778975606812,0.10461969336083143,3.0
2026-09-10,144495,FINAL,Stoneham,4380,5.0,1.0,Wakefield,4402,1.0,0.0,Middlesex,Middlesex,6:00 P.M.,,0,2026,1442.7522078616698,1387.6024354649965,1459.802634436764,1370.5520088899023,0.6468658106583453,0.35313418934165475,2.628744309916834,4.0
2026-09-10,144484,FINAL,Nantucket,4265,1.0,0.0,Falmouth,4134,4.0,1.0,Cape & Islands,Cape & Islands,3:45 P.M.,,0,2026,1588.5845479917446,1438.4680536860164,1556.9824717990296,1470.0701298787314,0.7598693100837501,0.24013068991624986,5.002912357643202,-3.0
2026-09-10,140049,FINAL,Lincoln-Sudbury,4211,5.0,1.0,Acton-Boxborough,4003,0.0,0.0,Dual County,Dual County,4:00 P.M.,,0,2026,1613.2231377342985,1541.2987654228532,1631.0368909334427,1523.485012223709,0.668598501359879,0.33140149864012103,3.048109307786132,5.0
2026-09-10,140235,FINAL,Foxborough,4142,4.0,1.0,North Attleborough,4284,1.0,0.0,Hockomock,Hockomock,5:00 P.M.,,0,2026,1542.1407165661235,1492.2408475369455,1557.1155155149092,1477.2660485881597,0.6399321969712937,0.36006780302870633,2.4974967257294507,3.0
2026-09-10,144373,FINAL,Wilmington,4432,0.0,0.0,Watertown,4409,7.0,1.0,Middlesex,Middlesex,6:00 P.M.,,0,2026,1391.7312668406323,1670.9152055277555,1378.572354319748,1684.0741180486398,0.21093664263746204,0.789063357362538,-5.729598467178079,-7.0
2026-09-10,140349,FINAL,Frontier,4146,3.0,1.0,Agawam,4004,0.0,0.0,Suburban,Suburban,4:00 P.M.,,0,2026,1624.7564510070172,1519.5557817569409,1636.8341498324676,1507.4780829314905,0.7095927299862015,0.2904072700137985,3.880016731251908,3.0
2026-09-10,140291,FINAL,West Springfield,4417,3.0,1.0,Hampshire,4518,1.0,0.0,Suburban,County,7:00 P.M.,,0,2026,1393.927901648422,1461.2910531397074,1411.2299510454077,1443.9890037427217,0.47503319792761395,0.5249668020723861,-0.43407878728213517,2.0
2026-09-10,140649,FINAL,Woburn,4438,0.0,0.0,Winchester,4434,3.0,1.0,Middlesex,Middlesex,4:00 P.M.,,0,2026,1385.4148422951776,1628.495049829263,1375.1174901023464,1638.7924020220942,0.24759898238140862,0.7524010176185914,-4.827005188352137,-3.0
2026-09-10,140227,FINAL,Arlington,4013,1.0,0.0,Belmont,4034,5.0,1.0,Middlesex,Middlesex,4:30 P.M.,,0,2026,1478.6886831965946,1653.1408432264545,1462.8428678118519,1668.9866586111973,0.32818528883742754,0.6718147111625725,-3.1113040007464976,-4.0
2026-09-10,140673,FINAL,Westwood,4424,0.0,0.0,Hopkinton,4180,1.0,1.0,Tri-Valley,Tri-Valley,6:00 P.M.,,0,2026,1518.2310609284032,1571.5556028064818,1507.9333389921737,1581.8533247427113,0.4952157456617197,0.5047842543382803,-0.08311354695196656,-1.0
2026-09-10,140194,FINAL,Canton,4071,5.0,1.0,Oliver Ames,4302,0.0,0.0,Hockomock,Hockomock,6:30 P.M.,,0,2026,1699.6721873466045,1500.4274280113887,1710.0119027838543,1490.0877125741388,0.8076431646318283,0.19235683536817172,6.231118983380395,5.0
2026-09-10,143711,FINAL,Tantasqua,4387,4.0,1.0,Shepherd Hill,4347,0.0,0.0,CMAC,Mid-Wach,4:00 P.M.,,0,2026,1450.400029698736,1496.8194147266668,1474.2928080894683,1472.9266363359345,0.5051527367382378,0.4948472632617622,0.08951537430173176,4.0
2026-09-10,143903,FINAL,Whitman-Hanson,4427,2.0,1.0,Martha’s Vineyard,4235,0.0,0.0,Patriot,Cape & Islands,3:30 P.M.,,0,2026,1422.1594472345203,1413.808279610594,1435.8967145532456,1400.0710122918686,0.5831933473279091,0.41680665267209094,1.4587791905981589,2.0
2026-09-10,143954,FINAL,Burlington,4065,0.0,0.0,Melrose,4244,4.0,1.0,Middlesex,Middlesex,4:15 P.M.,,0,2026,1426.9105688924349,1431.5090731915998,1399.6321114651607,1458.787530618874,0.5649686186820845,0.4350313813179155,1.1350373925208772,-4.0
2026-09-10,144104,FINAL,Bellingham,4033,0.0,0.0,Dedham,4108,4.0,1.0,Tri-Valley,Tri-Valley,4:30 P.M.,,0,2026,1417.5934348447433,1507.1482156771133,1396.18851756641,1528.5531329554467,0.44332076254624186,0.5566792374537581,-0.9888695208092486,-4.0
2026-09-10,144160,FINAL,Apponequet,4011,0.0,0.0,Somerset Berkley,4350,8.0,1.0,South Coast,South Coast,4:00 P.M.,,0,2026,1483.6269466768804,1724.0776938380554,1467.11944735118,1740.5851931637558,0.250429556996143,0.749570443003857,-4.761268679029376,-8.0
2026-09-10,140760,FINAL,Beverly,4038,2.0,1.0,Marblehead,4231,0.0,0.0,Northeastern,Northeastern,6:00 P.M.,,0,2026,1562.761011602842,1476.007191781067,1573.0692777401687,1465.6989256437403,0.6872337267765362,0.31276627322346384,3.4188454955443772,2.0
2026-09-11,145070,UPCOMING,Triton,4395,,,Lynnfield,4223,,,Cape Ann,Cape Ann,4:00 P.M.,,0,2026,1444.0370911256218,1618.2819321712454,,,0.3284484685435362,0.6715515314564637,-3.1061210261405905,
2026-09-11,144719,UPCOMING,Holyoke,4176,,,Smith Academy,4538,,,County,Valley League,4:30 P.M.,,0,2026,1440.3839693752811,1471.981022243704,,,0.526459229764827,0.47354077023517305,0.46007367828942736,
2026-09-11,145413,UPCOMING,Clinton,4093,,,Tahanto,4513,,,Mid-Wach,Mid-Wach,3:30 P.M.,,0,2026,1578.1687475325018,1479.1893692412118,,,0.7021577769967321,0.2978422230032679,3.72448445728225,
2026-09-11,144739,FINAL,Oakmont,4299,5.0,1.0,Narragansett,4266,2.0,0.0,Mid-Wach,Mid-Wach,4:00 P.M.,,0,2026,1505.6386431112342,1559.8064537157288,1526.6824947738867,1538.7626020530763,0.49400232608480366,0.5059976739151963,-0.10419526511236654,3.0
2026-09-11,150519,FINAL,Bishop Feehan,4042,1.0,0.0,La Salle (R.I.),4201,2.0,1.0,Catholic Central,Independent,3:30 P.M.,,0,2026,1566.4374319957428,1502.7555,1552.754652319749,1516.4382796759937,0.6580026128044194,0.3419973871955806,2.842048299893571,-1.0
2026-09-11,145479,FINAL,Manchester Essex,4229,5.0,1.0,Amesbury,4007,0.0,0.0,Cape Ann,Cape Ann,4:00 P.M.,,0,2026,1622.8858844854833,1353.2221200871475,1630.2519304312732,1345.8560741413576,0.8629643827329992,0.13703561726700075,7.991594109958396,5.0
2026-09-11,145523,UPCOMING,Sturgis East,4456,,,Carver,4077,,,Cape & Islands,South Shore,4:30 P.M.,,0,2026,1393.2860183054322,1459.9409007414438,,,0.4760500396918286,0.5239499603081714,-0.4163720609002894,
2026-09-11,144475,UPCOMING,Ashland,4015,,,Holliston,4174,,,Tri-Valley,Tri-Valley,4:30 P.M.,,0,2026,1440.7730908140586,1441.4733653043622,,,0.5704756450337676,0.4295243549662324,1.2324931377424093,
2026-09-11,140564,UPCOMING,Wayland,4411,,,Waltham,4405,,,Dual County,Dual County,4:00 P.M.,,0,2026,1428.1607144634143,1540.2011468490039,,,0.41165365670992793,0.5883463432900721,-1.5510108096397404,
2026-09-11,143825,UPCOMING,St. Bernard’s,4365,,,Fitchburg,4139,,,CMAC,Mid-Wach,4:00 P.M.,,0,2026,1513.5559062263835,1362.4669960601382,,,0.7608892201501625,0.23911077984983753,5.027222754156133,
2026-09-11,143743,UPCOMING,St. Paul,4954,,,Worcester Tech/Worcester North,4445,,,CMAC,CMAC,3:15 P.M.,,0,2026,1541.8877973955928,1311.8691024895445,,,0.8336773917625643,0.16632260823743572,7.000467372651206,
2026-09-11,140808,UPCOMING,Peabody,4306,,,Masconomet,4236,,,Northeastern,Northeastern,4:00 P.M.,,0,2026,1391.3518619325118,1593.4071393514826,,,0.2941525686031187,0.7058474313968812,-3.801381935474268,
2026-09-11,140609,UPCOMING,Plymouth North,4315,,,Bridgewater-Raynham,4053,,,Patriot,Pioneer,4:00 P.M.,,0,2026,1327.4405940906192,1394.813479895962,,,0.4750192240722021,0.5249807759277979,-0.43432214513356937,
2026-09-11,145364,FINAL,Rockport,4490,1.0,0.0,Ipswich,4190,5.0,1.0,Cape Ann,Cape Ann,4:00 P.M.,,0,2026,1434.4952286307505,1557.4162923507338,1415.3474682858005,1576.5640526956838,0.396572414029755,0.6034275859702449,-1.8230265929995824,-4.0
2026-09-11,139638,UPCOMING,Monty Tech,4259,,,South High,4962,,,CMAC,Independent,4:00 P.M.,,0,2026,1491.2008402888318,1392.6642853716096,,,0.7016244042367131,0.29837559576328687,3.7134138729305564,
2026-09-11,139147,UPCOMING,Stoughton,4381,,,Brockton,4058,,,Hockomock,Big Three,3:45 P.M.,,0,2026,1379.0905876915458,1352.587781814912,,,0.6083508959867424,0.3916491040132576,1.9125701469158458,
2026-09-11,144203,UPCOMING,Dartmouth,4105,,,Bishop Stang,4045,,,Pioneer,Catholic Central,3:30 P.M.,,0,2026,1557.9854764203783,1493.0034063076791,,,0.6596848231910577,0.3403151768089423,2.874551752817479,
2026-09-11,145342,FINAL,Bromfield,4505,0.0,2.0,Littleton,4212,0.0,2.0,Mid-Wach,Mid-Wach,3:45 P.M.,,0,2026,1484.6277817877303,1423.5619748617505,1484.6277817877303,1423.5619748617505,0.6546056483948449,0.3453943516051551,2.7766451731494954,0.0
2026-09-11,143970,FINAL,Hopedale,4507,6.0,1.0,Marlborough,4233,1.0,0.0,CMAC,Mid-Wach,3:30 P.M.,,0,2026,1556.5300504388206,1583.4651169037436,1581.6248370193402,1558.370330323224,0.5331444312792123,0.4668555687207877,0.5766233383769247,5.0
2026-09-11,145181,FINAL,Quabbin,4325,3.0,1.0,Notre Dame Academy-Worcester,4451,1.0,0.0,Mid-Wach,CMAC,3:45 P.M.,,0,2026,1571.6399040261158,1501.243614674885,1582.626689223248,1490.256829477753,0.6666465713015748,0.3333534286984252,3.009907233780768,2.0
2026-09-11,139216,FINAL,Leominster,4208,0.0,0.0,Lunenburg,4219,2.0,1.0,Mid-Wach,Mid-Wach,6:30 P.M.,,0,2026,1438.1419582455567,1505.1152175551185,1422.4671911270316,1520.7899846736436,0.47559292998406744,0.5244070700159326,-0.42433148273904636,-2.0
2026-09-11,139765,FINAL,Nauset,4271,2.0,1.0,Barnstable,4024,1.0,0.0,Cape & Islands,Pioneer,4:00 P.M.,,0,2026,1511.0388566701563,1461.3526350171287,1518.5321499109548,1453.8593417763302,0.6396487667191039,0.36035123328089613,2.4921555413256895,1.0
2026-09-11,139938,FINAL,Wachusett,4400,4.0,1.0,Minnechaug,4254,0.0,0.0,Mid-Wach,Suburban,6:30 P.M.,,0,2026,1515.708886266551,1495.4116932912327,1535.031434763542,1476.0891447942417,0.5998075198032415,0.40019248019675846,1.757429824382956,4.0
2026-09-11,140012,FINAL,Pentucket,4309,0.0,0.0,Essex Tech,4745,1.0,1.0,Cape Ann,Cape Ann,4:00 P.M.,,0,2026,1485.5650383721868,1502.901954001229,1474.1932388025662,1514.2737535708495,0.5468679615024931,0.45313203849750694,0.8165771092739476,-1.0
2026-09-11,140143,FINAL,Chelmsford,4085,7.0,1.0,Methuen,4246,2.0,0.0,Merrimack Valley,Merrimack Valley,4:00 P.M.,,0,2026,1558.7351669459156,1517.7194951795916,1578.727661401822,1497.7270007236853,0.6280658797630603,0.3719341202369397,2.2753917941580992,5.0
2026-09-11,140152,FINAL,Milton,4252,3.0,1.0,Notre Dame (Hingham),4449,1.0,0.0,Bay State,Catholic Conference,4:30 P.M.,,0,2026,1528.5100696316185,1573.742140563511,1544.763120965292,1557.4890892298374,0.5068611707903604,0.4931388292096396,0.11919822670269013,2.0
2026-09-11,140404,FINAL,Silver Lake,4349,0.0,0.0,West Bridgewater,4415,1.0,1.0,Patriot,South Coast,4:00 P.M.,,0,2026,1500.4740230902523,1608.4629512684287,1491.796230465958,1617.140743892723,0.4173136128310775,0.5826863871689225,-1.449723204454409,-1.0
2026-09-11,140539,FINAL,Westford,4421,0.0,0.0,Nashoba,4267,7.0,1.0,Dual County,Mid-Wach,4:00 P.M.,,0,2026,1417.2691112892394,1622.753285210105,1399.1735356332786,1640.848860866066,0.29007108067650966,0.7099289193234903,-3.887104348021643,-7.0
2026-09-11,140845,FINAL,Westborough,4418,0.0,0.0,Nipmuc,4281,7.0,1.0,Mid-Wach,CMAC,4:00 P.M.,,0,2026,1552.710527631372,1462.719948273132,1509.589694558591,1505.840781345913,0.6912245781455775,0.3087754218544225,3.4997644839559996,-7.0
2026-09-11,140907,FINAL,Malden Catholic,4228,2.0,0.0,Bishop Fenwick,4043,5.0,1.0,Catholic Conference,Catholic Central,4:00 P.M.,,0,2026,1592.3107713575873,1468.4988512596167,1561.9024698020341,1498.9071528151699,0.7311650976008782,0.2688349023991218,4.345298002449266,-3.0
2026-09-11,143619,FINAL,Blackstone Valley,4046,0.0,0.0,Greater Lowell,4155,9.0,1.0,CMAC,Independent,4:00 P.M.,,0,2026,1550.3818151267046,1388.1142737750426,1497.0263456200826,1441.4697432816647,0.7723995328694403,0.2276004671305597,5.306688533791549,-9.0
2026-09-11,143857,FINAL,Dennis-Yarmouth,4111,6.0,1.0,Scituate,4343,1.0,0.0,Cape & Islands,Patriot,4:00 P.M.,,0,2026,1654.3250890284537,1614.9821509474402,1674.4386397314472,1594.8686002444467,0.6258137871660661,0.37418621283393394,2.233573452025337,5.0
2026-09-11,144055,FINAL,Tewksbury,4389,7.0,1.0,Dracut,4119,0.0,0.0,Merrimack Valley,Merrimack Valley,4:00 P.M.,,0,2026,1422.5700585089605,1332.989027035785,1441.8638757527046,1313.695209792041,0.6907211726959172,0.30927882730408285,3.489525786829387,7.0
2026-09-11,144070,FINAL,North Middlesex,4286,0.0,0.0,Tyngsborough,4397,7.0,1.0,Mid-Wach,Mid-Wach,4:00 P.M.,,0,2026,1519.3452732081307,1472.4958334735766,1479.677248462628,1512.1638582190792,0.6358762509133028,0.3641237490866972,2.4212359933638536,-7.0
2026-09-11,144129,FINAL,Norwood,4297,1.0,0.0,Medfield,4241,5.0,1.0,Tri-Valley,Tri-Valley,4:30 P.M.,,0,2026,1614.6916010754078,1595.7382709814622,1585.8207386005802,1624.6091334562898,0.5979491815492203,0.4020508184507797,1.7238332523486406,-4.0
2026-09-11,144202,FINAL,Auburn,4019,1.0,0.0,Grafton,4153,5.0,1.0,CMAC,Mid-Wach,3:30 P.M.,,0,2026,1546.1673642492547,1501.1321214734169,1515.5821788045575,1531.717306918114,0.6334548065591481,0.3665451934408519,2.3758810693959447,-4.0
2026-09-11,144295,FINAL,Amherst-Pelham,4008,0.0,2.0,Northampton,4291,0.0,2.0,County,Valley League,4:15 P.M.,,0,2026,1476.8133206684101,1433.6647219927327,1476.8133206684101,1433.6647219927327,0.6309294978296187,0.3690705021703813,2.328714966891937,0.0
2026-09-11,144446,FINAL,Sandwich,4340,2.0,1.0,Duxbury,4123,0.0,0.0,Cape & Islands,Patriot,4:00 P.M.,,0,2026,1743.3910616334365,1587.9579163023282,1751.1227895020172,1580.2261884337474,0.7654092668137976,0.23459073318620238,5.1358286332777086,2.0
2026-09-11,144467,FINAL,Weston,4423,4.0,0.0,Bedford,4031,5.0,1.0,Dual County,Dual County,4:15 P.M.,,0,2026,1522.7493824833882,1551.250165631382,1511.7096183983754,1562.289929716395,0.530900429934403,0.469099570065597,0.5374804213001539,-1.0
2026-09-11,145033,FINAL,Southwick,4519,2.0,0.0,Belchertown,4032,6.0,1.0,Valley League,County,4:00 P.M.,,0,2026,1516.8980853706537,1601.7877060622582,1495.1727063128176,1623.5130851200943,0.44995789917277734,0.5500421008272227,-0.872240517290112,-4.0
2026-09-11,145331,FINAL,Mohawk Trail,4258,0.0,0.0,South Hadley,4353,2.0,1.0,Valley League,Suburban,4:00 P.M.,,0,2026,1431.1055023021895,1532.7983844240484,1417.0602250559873,1546.8436616702506,0.4261520766114229,0.5738479233885772,-1.2923220530464732,-2.0
2026-09-12,139263,UPCOMING,New Bedford,4273,,,Taunton,4388,,,Big Three,Hockomock,10:00 A.M.,,0,2026,1428.2397697963631,1408.9329036679833,,,0.5984383381262024,0.4015616618737976,1.7326716532094963,
2026-09-12,139426,UPCOMING,Ursuline,4448,,,Revere,4329,,,Catholic Conference,Greater Boston,11:00 A.M.,,0,2026,1493.7445805399807,1392.3096334801403,,,0.7051054703482248,0.2948945296517752,3.78587367649601,
2026-09-12,140445,FINAL,Wilmington,4432,4.0,1.0,Haverhill,4167,0.0,0.0,Middlesex,Merrimack Valley,2:00 P.M.,,0,2026,1378.572354319748,1380.7251303617006,1399.4101174585046,1359.887367222944,0.5684256601270637,0.43157433987293625,1.1961805989511844,4.0
2026-09-12,139353,FINAL,Lowell,4216,6.0,1.0,Everett,4132,0.0,0.0,Merrimack Valley,Greater Boston,9:00 A.M.,,0,2026,1511.608993724445,1484.4312652945757,1534.418396812985,1461.6218622060358,0.6092761854118628,0.3907238145881372,1.9294432107467343,6.0
2026-09-12,144355,UPCOMING,Gloucester,4150,,,St. Mary’s,4374,,,Northeastern,Catholic Central,10:00 A.M.,,0,2026,1602.5240739845162,1593.2002671565988,,,0.5845536993034465,0.4154463006965535,1.4830951706979363,
2026-09-12,140468,FINAL,Bishop Stang,4045,3.0,1.0,Durfee,4122,2.0,0.0,Catholic Central,Big Three,11:00 A.M.,,0,2026,1473.5260279088943,1579.6350679502084,1485.5878840258513,1567.5732118332514,0.4199473332049997,0.5800526667950003,-1.402726001032852,1.0
2026-09-12,144161,FINAL,Somerset Berkley,4350,2.0,0.0,Watertown,4409,3.0,1.0,South Coast,Middlesex,11:00 A.M.,,0,2026,1740.5851931637558,1684.0741180486398,1727.0968167823507,1697.5624944300448,0.6486537905032315,0.35134620949676854,2.6627768778779,-1.0
2026-09-12,144772,FINAL,Martha’s Vineyard,4235,0.0,2.0,Nantucket,4265,0.0,2.0,Cape & Islands,Cape & Islands,12:45 P.M.,,0,2026,1400.0710122918686,1556.9824717990296,1400.0710122918686,1556.9824717990296,0.3508211214813171,0.649178878518683,-2.672786487679025,0.0
2026-09-12,145562,FINAL,Oxford,4303,0.0,0.0,Quaboag,4510,7.0,1.0,CMAC,CMAC,1:30 P.M.,,0,2026,1370.8833240464003,1519.9858336149061,1348.3551058030664,1542.51405185824,0.3611260971080218,0.6388739028919782,-2.4775627392126465,-7.0
2026-09-14,145344,FINAL,Littleton,4212,9.0,1.0,Leicester,4207,1.0,0.0,Mid-Wach,CMAC,4:00 P.M.,,0,2026,1423.5619748617505,1370.2009873466118,1446.994708956378,1346.7682532519843,0.6445101039992338,0.3554898960007662,2.5840246878784683,8.0
2026-09-14,140471,FINAL,Durfee,4122,5.0,1.0,Fairhaven,4133,0.0,0.0,Big Three,South Coast,5:15 P.M.,,0,2026,1567.5732118332514,1371.6694296957296,1578.0744825129475,1361.1681590160335,0.8046376413790176,0.1953623586209824,6.147594553438045,5.0
2026-09-14,140488,FINAL,Wakefield,4402,0.0,0.0,Belmont,4034,8.0,1.0,Middlesex,Middlesex,4:15 P.M.,,0,2026,1370.5520088899023,1668.9866586111973,1357.8246499942625,1681.714017506837,0.19308235530282225,0.8069176446971777,-6.210866243032376,-8.0
2026-09-14,140542,FINAL,Central Catholic,4081,3.0,1.0,Westford,4421,0.0,0.0,Merrimack Valley,Dual County,7:00 P.M.,,0,2026,1544.6591430979536,1399.1735356332786,1554.8495908242658,1388.9830879069664,0.7549715266801851,0.24502847331981492,4.887140186616875,3.0
2026-09-14,140584,FINAL,Chelmsford,4085,1.0,0.0,Concord-Carlisle,4097,8.0,1.0,Merrimack Valley,Dual County,5:30 P.M.,,0,2026,1578.727661401822,1614.6174042988498,1546.269961848986,1647.0751038516858,0.5202951353726695,0.47970486462733053,0.3527564275743032,-7.0
2026-09-14,140846,FINAL,Marlborough,4233,8.0,1.0,Westborough,4418,1.0,0.0,Mid-Wach,Mid-Wach,4:00 P.M.,,0,2026,1558.370330323224,1509.589694558591,1580.925222985176,1487.0348018966388,0.6384463134313185,0.3615536865686815,2.469515894115824,7.0
2026-09-14,140870,FINAL,Watertown,4409,7.0,1.0,Woburn,4438,0.0,0.0,Middlesex,Middlesex,4:15 P.M.,,0,2026,1697.5624944300448,1375.1174901023464,1704.1062752054966,1368.5737093268947,0.895103554739903,0.104896445260097,9.31112510819246,7.0
2026-09-14,140886,FINAL,Bishop Feehan,4042,4.0,1.0,St. Mary’s,4374,1.0,0.0,Catholic Central,Catholic Central,4:00 P.M.,,0,2026,1552.754652319749,1580.3409476390805,1572.2094398839324,1560.8861600748971,0.5322112409934051,0.4677887590065949,0.5603426170167154,3.0
2026-09-14,144073,FINAL,Quabbin,4325,5.0,1.0,North Middlesex,4286,0.0,0.0,Mid-Wach,Mid-Wach,4:00 P.M.,,0,2026,1582.626689223248,1479.677248462628,1598.3808240260748,1463.9231136598012,0.7069149984807175,0.2930850015192825,3.823736019015496,5.0
2026-09-14,145301,FINAL,Monomoy,4706,6.0,1.0,St. John Paul II,4689,0.0,0.0,Cape & Islands,Cape & Islands,4:00 P.M.,,0,2026,1670.914468117131,1530.1148399049475,1685.5118739218642,1515.5174341002144,0.7499472451349675,0.25005275486503253,4.769990705304588,6.0
2026-09-14,144164,FINAL,Hanover,4164,5.0,1.0,Pembroke,4308,1.0,0.0,Patriot,Patriot,4:00 P.M.,,0,2026,1542.5755449865135,1420.1160195531183,1555.629755247062,1407.06180929257,0.7296321040678262,0.2703678959321738,4.311488135834878,4.0
2026-09-14,144637,FINAL,Pentucket,4309,1.0,0.0,Newburyport,4276,4.0,1.0,Cape Ann,Cape Ann,4:00 P.M.,,0,2026,1474.1932388025662,1642.3544950589155,1460.2102959924582,1656.3374378690235,0.33621870415294497,0.663781295847055,-2.954031406408734,-3.0
2026-09-14,144664,FINAL,Ursuline,4448,1.0,1.0,Notre Dame (Hingham),4449,0.0,0.0,Catholic Conference,Catholic Conference,4:00 P.M.,,0,2026,1460.239970329442,1557.4890892298374,1472.042482094678,1545.6865774646014,0.43241916020868354,0.5675808397913165,-1.1812279725098846,1.0
2026-09-14,144751,FINAL,Dighton-Rehoboth,4114,0.0,0.0,Seekonk,4344,3.0,1.0,South Coast,South Coast,3:45 P.M.,,0,2026,1409.2993033454147,1490.4381227054855,1390.3636076092941,1509.373818441606,0.45530723890472174,0.5446927610952783,-0.7784704840017695,-3.0
2026-09-14,145141,FINAL,Sandwich,4340,4.0,1.0,Cohasset,4094,1.0,0.0,Cape & Islands,South Shore,4:30 P.M.,,0,2026,1751.1227895020172,1644.607171991773,1763.1357193289587,1632.5942421648315,0.7111500952020748,0.28884990479792516,3.912890437756107,3.0
2026-09-14,145259,FINAL,Nipmuc,4281,0.0,0.0,Sutton,4512,2.0,1.0,CMAC,CMAC,3:30 P.M.,,0,2026,1505.840781345913,1656.8923494817375,1494.0238346920917,1668.7092961355588,0.3585416127754981,0.6414583872245019,-2.526289203395612,-2.0
2026-09-14,140791,UPCOMING,Scituate,4343,,,Plymouth North,4315,,,Patriot,Patriot,6:00 P.M.,,0,2026,1583.6029100514381,1327.4405940906192,,,0.8535114841121911,0.14648851588780887,7.654057899020472,
2026-09-14,143621,UPCOMING,Greater Lowell,4155,,,Dracut,4119,,,Independent,Merrimack Valley,4:30 P.M.,,0,2026,1422.7697242415747,1296.6502479334597,,,0.7337680798169951,0.2662319201830049,4.402986907702877,
2026-09-14,143807,POSTPONED,East Longmeadow,4127,,,Westfield,4419,,,Valley League,Valley League,7:00 P.M.,,0,2026,1630.0495336679858,1509.7832671905303,,,0.7271342916826291,0.2728657083173709,4.256656661936387,
2026-09-14,145269,FINAL,Triton,4395,0.0,0.0,North Reading,4288,2.0,1.0,Cape Ann,Cape Ann,4:00 P.M.,,0,2026,1481.3003787743107,1552.9626822957466,1465.8473277861085,1568.4157332839488,0.4688657726842062,0.5311342273157937,-0.5415575880358972,-2.0
2026-09-14,140380,FINAL,Foxborough,4142,1.0,0.0,Franklin,4144,2.0,1.0,Hockomock,Hockomock,5:30 P.M.,,0,2026,1557.1155155149092,1709.520919547048,1549.6970825101412,1716.939352551816,0.3567512169048681,0.6432487830951319,-2.5601351008034667,-1.0
2026-09-14,145502,FINAL,Tyngsborough,4397,2.0,0.0,Bromfield,4505,4.0,1.0,Mid-Wach,Mid-Wach,4:00 P.M.,,0,2026,1512.1638582190792,1484.6277817877303,1492.0669278207417,1504.7247121860678,0.6097671461118682,0.3902328538881318,1.9384019107837218,-2.0
2026-09-14,145485,FINAL,Narragansett,4266,3.0,1.0,Lunenburg,4219,0.0,0.0,Mid-Wach,Mid-Wach,4:00 P.M.,,0,2026,1538.7626020530763,1520.7899846736436,1555.5399008224983,1504.0126859042216,0.5965912377640366,0.40340876223596345,1.699315434485817,3.0
2026-09-14,145448,FINAL,Hamilton-Wenham,4163,5.0,1.0,Rockport,4490,1.0,0.0,Cape Ann,Cape Ann,4:00 P.M.,,0,2026,1479.454576250005,1415.3474682858005,1495.940700189036,1398.8613443467693,0.6585531753733495,0.34144682462665055,2.8526776991051124,4.0
2026-09-14,145367,FINAL,Manchester Essex,4229,1.0,2.0,Ipswich,4190,1.0,2.0,Cape Ann,Cape Ann,4:00 P.M.,,0,2026,1630.2519304312732,1576.5640526956838,1630.2519304312732,1576.5640526956838,0.6449411229918863,0.35505887700811367,2.5921969433897347,0.0
2026-09-14,144533,FINAL,Groton-Dunstable,4160,6.0,1.0,Oakmont,4299,3.0,0.0,Mid-Wach,Mid-Wach,4:00 P.M.,,0,2026,1542.3051926034402,1526.6824947738867,1559.218062995719,1509.7696243816079,0.5933314292976934,0.40666857070230655,1.6405674457388386,3.0
2026-09-14,140084,UPCOMING,Canton,4071,,,Taunton,4388,,,Hockomock,Hockomock,3:45 P.M.,,0,2026,1746.6841648306488,1408.9329036679833,,,0.9030931664483273,0.09690683355167273,9.693781529066637,
2026-09-14,140447,FINAL,Haverhill,4167,0.0,0.0,North Andover,4283,2.0,1.0,Merrimack Valley,Merrimack Valley,6:00 P.M.,,0,2026,1359.887367222944,1510.3037792591163,1348.0426915742191,1522.1484549078411,0.3593829467380345,0.6406170532619655,-2.5104103009043057,-2.0
2026-09-14,139314,UPCOMING,Southeastern,4358,,,Bridgewater-Raynham,4053,,,Mayflower,Pioneer,3:30 P.M.,,0,2026,1437.2030310745904,1394.813479895962,,,0.6299114629636752,0.3700885370363248,2.3097387794657096,
2026-09-14,140242,FINAL,North Attleborough,4284,3.0,2.0,Stoughton,4381,3.0,2.0,Hockomock,Hockomock,7:00 P.M.,,0,2026,1477.2660485881597,1413.0735723089615,1477.2660485881597,1413.0735723089615,0.6586636677937533,0.3413363322062467,2.8548119069799553,0.0
2026-09-14,140173,FINAL,Wellesley,4413,6.0,1.0,Needham,4272,1.0,0.0,Bay State,Bay State,4:00 P.M.,,0,2026,1642.6477143391446,1446.9868839517426,1653.1608073447278,1436.4737909461594,0.8044177025220803,0.19558229747791966,6.141520759685051,5.0
2026-09-14,140103,FINAL,Methuen,4246,0.0,0.0,Andover,4009,6.0,1.0,Merrimack Valley,Merrimack Valley,4:00 P.M.,,0,2026,1497.7270007236853,1674.0675798135624,1478.7080817737071,1693.0864987635405,0.32579303073528,0.67420696926472,-3.1585144772469276,-6.0
2026-09-14,140014,FINAL,Essex Tech,4745,2.0,0.0,Lynnfield,4223,3.0,1.0,Cape Ann,Cape Ann,4:00 P.M.,,0,2026,1514.2737535708495,1603.2852098137794,1505.0391042755164,1612.5198591091125,0.4440927580908599,0.5559072419091401,-0.9752864060732463,-1.0
2026-09-14,139986,FINAL,Mansfield,4230,8.0,1.0,Milford,4249,0.0,0.0,Hockomock,Hockomock,6:30 P.M.,,0,2026,1450.343150915557,1334.8772047784978,1468.6932249928325,1316.5271307012224,0.7216173793892626,0.2783826206107374,4.136648653426482,8.0
2026-09-14,139941,FINAL,Wachusett,4400,1.0,1.0,Algonquin,4005,0.0,0.0,Mid-Wach,Mid-Wach,6:30 P.M.,,0,2026,1535.031434763542,1539.066295930506,1544.0610789766156,1530.0366517174323,0.5657659024268943,0.4342340975731057,1.1491284708259002,1.0
2026-09-14,139920,FINAL,Duxbury,4123,0.0,2.0,Hingham,4171,0.0,2.0,Patriot,Patriot,4:00 P.M.,,0,2026,1580.2261884337474,1710.85238439019,1580.2261884337474,1710.85238439019,0.3860085005143121,0.6139914994856879,-2.015654898911066,0.0
2026-09-14,139881,FINAL,Stoneham,4380,0.0,0.0,Reading,4328,6.0,1.0,Middlesex,Middlesex,6:00 P.M.,,0,2026,1459.802634436764,1612.9755368104766,1439.0356088544181,1633.7425623928225,0.3557380007572582,0.6442619992427419,-2.5793225593428133,-6.0
2026-09-14,139576,UPCOMING,Framingham,4143,,,Weymouth,4425,,,Bay State,Bay State,4:00 P.M.,,0,2026,1303.230618302205,1337.026771373496,,,0.5233023174063144,0.4766976825936856,0.40509617321771996,
2026-09-14,139768,FINAL,Nantucket,4265,3.0,2.0,Barnstable,4024,3.0,2.0,Cape & Islands,Pioneer,3:45 P.M.,,0,2026,1556.9824717990296,1453.8593417763302,1556.9824717990296,1453.8593417763302,0.7071221077724973,0.2928778922275027,3.8280782505674837,0.0
2026-09-14,139754,FINAL,Oliver Ames,4302,2.0,0.0,Attleboro,4018,6.0,1.0,Hockomock,Hockomock,3:45 P.M.,,0,2026,1490.0877125741388,1571.89133799833,1468.1498677016752,1593.8291828707936,0.45435831360703316,0.5456416863929668,-0.7950906356047824,-4.0
2026-09-14,139641,FINAL,Nashoba,4267,7.0,1.0,Shrewsbury,4348,0.0,0.0,Mid-Wach,Mid-Wach,4:00 P.M.,,0,2026,1640.848860866066,1456.4737397920696,1653.7001732819197,1443.622427376216,0.7939941700970325,0.20600582990296745,5.859378026849908,7.0
2026-09-14,139590,FINAL,King Philip,4197,10.0,1.0,Sharon,4345,0.0,0.0,Hockomock,Hockomock,3:45 P.M.,,0,2026,1640.5846248216912,1344.0364166159777,1649.1983650518252,1335.4226763858437,0.8802597104239993,0.11974028957600069,8.663705205142838,10.0
2026-09-14,139822,FINAL,Hopedale,4507,1.0,0.0,Doherty,4116,2.0,1.0,CMAC,CMAC,3:30 P.M.,,0,2026,1581.6248370193402,1628.5084264052953,1571.134371450046,1638.9988919745895,0.504484755114569,0.49551524488543097,0.07791026535112451,-1.0
2026-09-14,139511,FINAL,Newton North,4279,1.0,0.0,Milton,4252,4.0,1.0,Bay State,Bay State,4:30 P.M.,,0,2026,1467.7604000211375,1544.763120965292,1448.578881986916,1563.9446389995135,0.4612180157448936,0.5387819842551065,-0.6750680236038648,-3.0
2026-09-14,140353,FINAL,Longmeadow,4214,2.0,1.0,Agawam,4004,0.0,0.0,Suburban,Suburban,4:00 P.M.,,0,2026,1593.2275461223974,1507.4780829314905,1603.57681405786,1497.1288149960278,0.68598967860902,0.31401032139097995,3.3937365797726726,2.0
2026-09-14,139521,FINAL,Marshfield,4234,1.0,2.0,Whitman-Hanson,4427,1.0,2.0,Patriot,Patriot,4:00 P.M.,,0,2026,1471.6601219655756,1435.8967145532456,1471.6601219655756,1435.8967145532456,0.6209762241501501,0.3790237758498499,2.1440851853082505,0.0
2026-09-14,140344,FINAL,Natick,4270,5.0,1.0,Braintree,4051,0.0,0.0,Bay State,Bay State,6:30 P.M.,,0,2026,1574.0667436411748,1452.0148878749917,1588.6246684028417,1437.4569631133247,0.7291689163326697,0.27083108366733033,4.301296394154576,5.0
2026-09-14,140294,FINAL,West Springfield,4417,7.0,1.0,Amherst-Pelham,4008,1.0,0.0,Suburban,County,6:00 P.M.,,0,2026,1411.2299510454077,1476.8133206684101,1441.7269113555576,1446.3163603582602,0.4775887549765964,0.5224112450234035,-0.38958424057506136,6.0
2026-09-14,140412,FINAL,Plymouth South,4316,1.0,2.0,Silver Lake,4349,1.0,2.0,Patriot,Patriot,4:00 P.M.,,0,2026,1449.6339199753008,1491.796230465958,1449.6339199753008,1491.796230465958,0.5112774289511142,0.48872257104888583,0.19594223773357272,0.0
2026-09-14,139139,FINAL,Wilmington,4432,0.0,0.0,Lexington,4209,2.0,1.0,Middlesex,Middlesex,6:00 P.M.,,0,2026,1399.4101174585046,1520.4026577457116,1386.252080261021,1533.5606949431951,0.39923205341881696,0.600767946581183,-1.7748135071801756,-2.0
2026-09-14,140230,FINAL,Burlington,4065,0.0,0.0,Arlington,4013,1.0,1.0,Middlesex,Middlesex,4:15 P.M.,,0,2026,1399.6321114651607,1462.8428678118519,1389.6300527454694,1472.8449265315433,0.4809973504526288,0.5190026495473712,-0.33026890866727854,-1.0
2026-09-14,139204,FINAL,Walpole,4404,1.0,1.0,Brookline,4059,0.0,0.0,Bay State,Bay State,4:30 P.M.,,0,2026,1740.2579450636624,1497.527240657451,1743.5106532163456,1494.2745325047679,0.843577802622164,0.15642219737783603,7.318267610155283,1.0
2026-09-14,139223,FINAL,Leominster,4208,2.0,0.0,Grafton,4153,4.0,1.0,Mid-Wach,Mid-Wach,6:30 P.M.,,0,2026,1422.4671911270316,1531.717306918114,1408.7713633901626,1545.413134654983,0.41554932157406804,0.584450678425932,-1.4812528947770602,-2.0
2026-09-14,139356,FINAL,Everett,4132,0.0,0.0,Saugus,4341,6.0,1.0,Greater Boston,Northeastern,4:15 P.M.,,0,2026,1461.6218622060358,1420.0880405960013,1424.9164097916619,1456.7934930103752,0.6287623717226164,0.3712376282773836,2.2883455402508615,-6.0
2026-09-14,139371,FINAL,Tewksbury,4389,0.0,2.0,Lowell,4216,0.0,2.0,Merrimack Valley,Merrimack Valley,4:00 P.M.,,0,2026,1441.8638757527046,1534.418396812985,1441.8638757527046,1534.418396812985,0.43906353553016436,0.5609364644698356,-1.0638630265070106,0.0
2026-09-14,139481,FINAL,Malden,4227,0.0,0.0,Bishop Fenwick,4043,9.0,1.0,Greater Boston,Catholic Central,4:15 P.M.,,0,2026,1366.18764631274,1498.9071528151699,1339.7201318680072,1525.3746672599027,0.3831565157680681,0.6168434842319319,-2.067987662560745,-9.0
2026-09-14,139150,FINAL,Brockton,4058,2.0,1.0,New Bedford,4273,0.0,0.0,Big Three,Big Three,6:30 P.M.,,0,2026,1316.609975391088,1475.0980661819765,1338.0738838572722,1453.6341577157923,0.34875695191170925,0.6512430480882907,-2.7122022697722117,2.0
2026-09-15,140651,FINAL,Melrose,4244,3.0,1.0,Winchester,4434,0.0,0.0,Middlesex,Middlesex,4:15 P.M.,,0,2026,1458.787530618874,1638.7924020220942,1487.0189869299836,1610.5609457109845,0.3211769663814747,0.6788230336185253,-3.2501217850805064,3.0
2026-09-15,140761,FINAL,Swampscott,4383,1.0,0.0,Beverly,4038,4.0,1.0,Northeastern,Northeastern,4:30 P.M.,,0,2026,1466.9970974032212,1573.0692777401687,1449.5298292221798,1590.53654592121,0.41999901971109765,0.5800009802889023,-1.401804508423686,-3.0
2026-09-15,140809,FINAL,Danvers,4103,8.0,1.0,Peabody,4306,3.0,0.0,Northeastern,Northeastern,4:00 P.M.,,0,2026,1447.5636745705283,1459.7684359420102,1471.527838750271,1435.8042717622675,0.5541781771622263,0.4458218228377737,0.9448809657129515,5.0
2026-09-15,144131,FINAL,Westwood,4424,2.0,1.0,Medfield,4241,1.0,0.0,Tri-Valley,Tri-Valley,5:30 P.M.,,0,2026,1507.9333389921737,1624.6091334562898,1520.3017183756865,1612.240754072777,0.4052066799857615,0.5947933200142386,-1.6668948616029013,1.0
2026-09-15,144167,FINAL,Somerset Berkley,4350,9.0,1.0,Joseph Case,4078,0.0,0.0,South Coast,South Coast,3:30 P.M.,,0,2026,1727.0968167823507,1455.384196162694,1736.4669683755565,1446.0140445694883,0.8643531622824583,0.1356468377175417,8.042815515491418,9.0
2026-09-15,144358,FINAL,Gloucester,4150,1.0,1.0,Marblehead,4231,0.0,0.0,Northeastern,Northeastern,4:30 P.M.,,0,2026,1574.9785675973894,1465.6989256437403,1580.917297680448,1459.7601955606817,0.7144074519997736,0.2855925480002264,3.981991048841229,1.0
2026-09-15,144554,FINAL,West Bridgewater,4415,6.0,1.0,Apponequet,4011,0.0,0.0,South Coast,South Coast,3:45 P.M.,,0,2026,1617.140743892723,1467.11944735118,1631.1647644362324,1453.0954268076707,0.7597693029777095,0.2402306970222905,5.0005324135385765,6.0
2026-09-15,144971,FINAL,Carver,4077,1.0,0.0,Norwell,4296,2.0,1.0,South Shore,South Shore,4:00 P.M.,,0,2026,1441.58714802216,1456.3404628054877,1430.138766846913,1467.7888439807346,0.550550758257837,0.44944924174216305,0.8811671304168044,-1.0
2026-09-15,140051,FINAL,Acton-Boxborough,4003,2.0,1.0,Waltham,4405,1.0,0.0,Dual County,Dual County,4:00 P.M.,,0,2026,1523.485012223709,1549.89344655849,1533.1773119331951,1540.2011468490039,0.5338989091438264,0.46610109085617357,0.589789141630473,1.0
2026-09-15,145542,UPCOMING,Westport,4461,,,Wareham/Mashpee,4407,,,Mayflower,Mayflower,3:45 P.M.,,0,2026,1579.0902398311698,1488.308654544367,,,0.6921955767308404,0.3078044232691596,3.5195396321700683,
2026-09-15,145418,UPCOMING,Maynard,4239,,,Clinton,4093,,,Mid-Wach,Mid-Wach,3:30 P.M.,,0,2026,1496.7421642819243,1578.1687475325018,,,0.45489645265116957,0.5451035473488304,-0.7856645812644387,
2026-09-15,145429,UPCOMING,Southwick,4519,,,Smith Academy,4538,,,Valley League,Valley League,4:00 P.M.,,0,2026,1474.7869674006702,1471.981022243704,,,0.5754140611134724,0.4245859388865276,1.3201486289241529,
2026-09-15,145402,UPCOMING,Turners Falls,4396,,,Hampshire,4518,,,Valley League,County,6:00 P.M.,,0,2026,1458.0187066406525,1443.9890037427217,,,0.5911169233086683,0.4088830766913317,1.6007425724482687,
2026-09-15,145390,UPCOMING,Mahar,4226,,,Mohawk Trail,4258,,,Valley League,Valley League,4:00 P.M.,,0,2026,1431.3998396169236,1411.380769410585,,,0.5994231560889306,0.4005768439110694,1.7504767551584677,
2026-09-15,145182,UPCOMING,Notre Dame Academy-Worcester,4451,,,Sutton,4512,,,CMAC,CMAC,3:45 P.M.,,0,2026,1519.1654725354324,1653.8856216983083,,,0.38043827692868076,0.6195617230713193,-2.1180037290718987,
2026-09-15,145010,UPCOMING,Palmer,4304,,,Franklin County Tech,4145,,,County,County,4:00 P.M.,,0,2026,1370.6240657584704,1542.779794074948,,,0.33110647367226104,0.6688935263277389,-3.053893207911943,
2026-09-15,144985,UPCOMING,Seekonk,4344,,,Old Rochester,4301,,,South Coast,South Coast,3:45 P.M.,,0,2026,1483.3204084577042,1586.4560542255422,,,0.4241223220055449,0.5758776779944551,-1.3283911441959504,
2026-09-15,144752,UPCOMING,Fairhaven,4133,,,Dighton-Rehoboth,4114,,,South Coast,South Coast,3:45 P.M.,,0,2026,1337.418358152738,1374.9496257227213,,,0.5179362487722313,0.4820637512277687,0.3117183107504161,
2026-09-15,144615,UPCOMING,Middleborough,4247,,,East Bridgewater,4126,,,South Shore,South Shore,5:30 P.M.,,0,2026,1408.5905133620483,1472.0199342134085,,,0.4806831290217986,0.5193168709782015,-0.3357355212840048,
2026-09-15,144516,UPCOMING,Weston,4423,,,Wayland,4411,,,Dual County,Dual County,4:15 P.M.,,0,2026,1511.7096183983754,1428.1607144634143,,,0.6832546060063895,0.31674539399361046,3.338722598374028,
2026-09-15,144428,UPCOMING,Holyoke,4176,,,Westfield,4419,,,County,Valley League,6:00 P.M.,,0,2026,1440.3839693752811,1509.7832671905303,,,0.47211114255354547,0.5278888574464545,-0.4849824453812289,
2026-09-15,144387,UPCOMING,Holliston,4174,,,Norwood,4297,,,Tri-Valley,Tri-Valley,5:00 P.M.,,0,2026,1441.4733653043622,1590.413743853242,,,0.3613414506877647,0.6386585493122353,-2.473509463721996,
2026-09-15,144706,UPCOMING,Dover-Sherborn,4118,,,Bellingham,4033,,,Tri-Valley,Tri-Valley,4:00 P.M.,,0,2026,1676.4070611304564,1417.1424929283864,,,0.8557301974637715,0.14426980253622845,7.73161420505175,
2026-09-15,144206,UPCOMING,Quaboag,4510,,,Auburn,4019,,,CMAC,CMAC,3:30 P.M.,,0,2026,1541.235353328832,1499.747238172457,,,0.6287009550240904,0.3712990449759096,2.287202878909375,
2026-09-15,143990,UPCOMING,Nauset,4271,,,Martha’s Vineyard,4235,,,Cape & Islands,Cape & Islands,4:00 P.M.,,0,2026,1515.2254375452922,1402.3491926374884,,,0.7186128007439976,0.2813871992560024,4.071906122695094,
2026-09-15,143935,UPCOMING,Minnechaug,4254,,,Greenfield,4157,,,Suburban,Suburban,5:00 P.M.,,0,2026,1496.9368803452908,1549.8012336141817,,,0.4958779576773226,0.5041220423226773,-0.07160883172227273,
2026-09-15,143876,UPCOMING,Saugus,4341,,,Masconomet,4236,,,Northeastern,Northeastern,4:30 P.M.,,0,2026,1472.1826441596268,1593.4071393514826,,,0.39891184487284354,0.6010881551271565,-1.7806123797963949,
2026-09-15,143713,UPCOMING,Tantasqua,4387,,,Blackstone-Millville,4486,,,CMAC,CMAC,4:00 P.M.,,0,2026,1447.3748244373855,1434.9144028690446,,,0.5889317610256499,0.4110682389743501,1.561510539208524,
2026-09-15,143688,UPCOMING,Bay Path/David Prouty,4027,,,Oxford,4303,,,CMAC,CMAC,3:30 P.M.,,0,2026,1433.5453540282529,1378.2286661767587,,,0.647085265363816,0.35291473463618395,2.6329171962873543,
2026-09-15,143664,UPCOMING,Northbridge,4292,,,Blackstone Valley,4046,,,CMAC,CMAC,3:30 P.M.,,0,2026,1515.147448416942,1514.6728823400167,,,0.572131990543752,0.42786800945624803,1.2618641519231346,
2026-09-15,143632,UPCOMING,St. Bernard’s,4365,,,Monty Tech,4259,,,CMAC,CMAC,4:00 P.M.,,0,2026,1513.5559062263835,1491.2008402888318,,,0.6026476407910838,0.3973523592089162,1.8088766484387917,
2026-09-15,140676,UPCOMING,Hopkinton,4180,,,Ashland,4015,,,Tri-Valley,Tri-Valley,5:30 P.M.,,0,2026,1573.80983765654,1440.7730908140586,,,0.7414740736342952,0.2585259263657048,4.575918671062032,
2026-09-15,139846,UPCOMING,Bedford,4031,,,Newton South,4280,,,Dual County,Dual County,4:00 P.M.,,0,2026,1571.093970119569,1365.1122947434956,,,0.8135962134501351,0.1864037865498649,6.399541884401833,
2026-09-15,144296,UPCOMING,Belchertown,4032,,,Northampton,4291,,,County,Valley League,4:00 P.M.,,0,2026,1618.4737388693748,1413.093226244251,,,0.8130708225610035,0.1869291774389965,6.384512815628097,
2026-09-15,139644,UPCOMING,Worcester South,4444,,,Worcester Tech/Worcester North,4445,,,CMAC,CMAC,3:30 P.M.,,0,2026,1468.811249579749,1311.8691024895445,,,0.7669654014963103,0.23303459850368968,5.173553677255114,
2026-09-16,144271,FINAL,Shepherd Hill,4347,0.0,0.0,Lunenburg,4219,3.0,1.0,Mid-Wach,Mid-Wach,5:00 P.M.,,0,2026,1472.9266363359345,1504.0126859042216,1451.0013164012971,1525.938005838859,0.5271925056600864,0.47280749433991365,0.472848760792823,-3.0
2026-09-16,144455,FINAL,Bishop Fenwick,4043,6.0,1.0,Burlington,4065,0.0,0.0,Catholic Central,Middlesex,6:00 P.M.,,0,2026,1525.3746672599027,1389.6300527454694,1540.2929391543119,1374.7117808510602,0.7444508267480637,0.25554917325193627,4.643615362860833,6.0
2026-09-16,144692,FINAL,St. Mary’s,4374,7.0,1.0,Swampscott,4383,0.0,0.0,Catholic Central,Northeastern,5:30 P.M.,,0,2026,1560.8861600748971,1449.5298292221798,1578.5505855156905,1431.8654037813865,0.7168402335157159,0.2831597664842841,4.033908271317932,7.0
2026-09-16,145036,FINAL,Belchertown,4032,1.0,0.0,West Springfield,4417,2.0,1.0,County,Suburban,4:00 P.M.,,0,2026,1623.5130851200943,1441.7269113555576,1607.053352653629,1458.186643822023,0.7915458134576184,0.20845418654238157,5.794654344113416,-1.0
2026-09-16,145373,FINAL,Ipswich,4190,6.0,1.0,North Reading,4288,2.0,0.0,Cape Ann,Cape Ann,4:15 P.M.,,0,2026,1576.5640526956838,1568.4157332839488,1596.7024915956185,1548.277294384014,0.5829094794658779,0.4170905205341221,1.4537079852933743,4.0
2026-09-16,145245,FINAL,St. John Paul II,4689,0.0,0.0,Dennis-Yarmouth,4111,4.0,1.0,Cape & Islands,Cape & Islands,4:00 P.M.,,0,2026,1515.5174341002144,1674.4386397314472,1498.7056853276943,1691.2503885039673,0.34819089411354676,0.6518091058864532,-2.7230301407808213,-4.0
2026-09-16,145270,FINAL,Rockport,4490,3.0,1.0,Triton,4395,0.0,0.0,Cape Ann,Cape Ann,4:00 P.M.,,0,2026,1398.8613443467693,1465.8473277861085,1420.671581007256,1444.0370911256218,0.47557466215501754,0.5244253378449825,-0.42464958598347946,3.0
2026-09-16,145354,FINAL,Tyngsborough,4397,1.0,2.0,Littleton,4212,1.0,2.0,Mid-Wach,Mid-Wach,4:00 P.M.,,0,2026,1492.0669278207417,1446.994708956378,1492.0669278207417,1446.994708956378,0.6335042270997756,0.3664957729002244,2.3768054716090945,0.0
2026-09-16,144077,FINAL,North Middlesex,4286,2.0,0.0,Oakmont,4299,4.0,1.0,Mid-Wach,Mid-Wach,4:00 P.M.,,0,2026,1463.9231136598012,1509.7696243816079,1447.2469349578462,1526.4458030835629,0.5059770668252812,0.4940229331747188,0.10383723195483299,-2.0
2026-09-16,145098,FINAL,Manchester Essex,4229,6.0,1.0,Pentucket,4309,0.0,0.0,Cape Ann,Cape Ann,4:00 P.M.,,0,2026,1630.2519304312732,1460.2102959924582,1643.084971784056,1447.3772546396754,0.7801707107080796,0.21982928929192036,5.501040860970375,6.0
2026-09-16,143860,FINAL,Scituate,4343,3.0,1.0,Whitman-Hanson,4427,1.0,0.0,Patriot,Patriot,4:00 P.M.,,0,2026,1594.8686002444467,1435.8967145532456,1602.4804284330266,1428.2848863646657,0.7690471798803562,0.2309528201196438,5.224297142280028,2.0
2026-09-16,143826,FINAL,Bromfield,4505,6.0,1.0,Fitchburg,4139,3.0,0.0,Mid-Wach,Mid-Wach,3:45 P.M.,,0,2026,1504.7247121860678,1387.8244960070824,1516.2334679817752,1376.315740211375,0.7232729181121822,0.2767270818878178,4.172505404474634,3.0
2026-09-16,140909,FINAL,Malden Catholic,4228,2.0,2.0,Stoneham,4380,2.0,2.0,Catholic Conference,Middlesex,4:00 P.M.,,0,2026,1561.9024698020341,1439.0356088544181,1561.9024698020341,1439.0356088544181,0.7300944138156824,0.2699055861843176,4.321671523690401,0.0
2026-09-16,140847,FINAL,Westborough,4418,0.0,0.0,Quabbin,4325,3.0,1.0,Mid-Wach,Mid-Wach,6:00 P.M.,,0,2026,1487.0348018966388,1598.3808240260748,1469.8743297453643,1615.5412961773493,0.4126221345326147,0.5873778654673854,-1.5336505532359013,-3.0
2026-09-16,140792,FINAL,Plymouth North,4315,0.0,0.0,Hanover,4164,8.0,1.0,Patriot,Patriot,4:00 P.M.,,0,2026,1353.0978224244964,1555.629755247062,1333.7457761536393,1574.981801517919,0.29358319385386,0.70641680614614,-3.813298320564138,-8.0
2026-09-16,140692,FINAL,Pembroke,4308,3.0,1.0,Plymouth South,4316,1.0,0.0,Patriot,Patriot,4:00 P.M.,,0,2026,1407.06180929257,1449.6339199753008,1423.1887357754729,1433.506993492398,0.5106879636778165,0.48931203632218345,0.1856972329317273,2.0
2026-09-16,140635,FINAL,North Andover,4283,0.0,2.0,Tewksbury,4389,0.0,2.0,Merrimack Valley,Merrimack Valley,4:00 P.M.,,0,2026,1522.1484549078411,1441.8638757527046,1522.1484549078411,1441.8638757527046,0.6791739761793533,0.32082602382064673,3.2571144788784125,0.0
2026-09-16,140544,FINAL,Westford,4421,1.0,0.0,Chelmsford,4085,6.0,1.0,Dual County,Merrimack Valley,4:00 P.M.,,0,2026,1388.9830879069664,1546.269961848986,1370.1519229856551,1565.1011267702972,0.35032910843076276,0.6496708915692373,-2.68217184855049,-5.0
2026-09-16,140516,FINAL,Lincoln-Sudbury,4211,8.0,1.0,Cohasset,4094,2.0,0.0,Dual County,South Shore,4:15 P.M.,,0,2026,1631.0368909334427,1632.5942421648315,1656.1819633229848,1607.4491697752894,0.5692662993415636,0.4307337006584364,1.2110662192152801,6.0
2026-09-16,140489,FINAL,Belmont,4034,3.0,1.0,Winchester,4434,1.0,0.0,Middlesex,Middlesex,4:30 P.M.,,0,2026,1681.714017506837,1610.5609457109845,1692.6689183831809,1599.6060448346407,0.6676139832847694,0.3323860167152306,3.0288267948963155,2.0
2026-09-16,140472,FINAL,Dartmouth,4105,4.0,1.0,Durfee,4122,1.0,0.0,Pioneer,Big Three,5:15 P.M.,,0,2026,1554.9349285697301,1578.0744825129475,1574.124910956774,1558.8845001259035,0.5385784595910865,0.4614215404089135,0.6715111514195655,3.0
2026-09-16,140448,FINAL,Haverhill,4167,0.0,0.0,Central Catholic,4081,2.0,1.0,Merrimack Valley,Merrimack Valley,4:00 P.M.,,0,2026,1348.0426915742191,1554.8495908242658,1338.5340177939222,1564.3582646045627,0.2885055956008102,0.7114944043991898,-3.9201724812511656,-2.0
2026-09-16,145595,FINAL,Tahanto,4513,1.0,1.0,Maynard,4239,0.0,0.0,Mid-Wach,Mid-Wach,4:00 P.M.,,0,2026,1485.087867746215,1526.8591765814635,1495.2388732193265,1516.708171108352,0.5118398247968406,0.48816017520315935,0.20571727911878385,1.0
2026-09-16,140266,FINAL,Mansfield,4230,1.0,0.0,Canton,4071,7.0,1.0,Hockomock,Hockomock,3:45 P.M.,,0,2026,1468.6932249928325,1710.0119027838543,1454.128504030605,1724.5766237460819,0.24949286531888776,0.7505071346811123,-4.782966944775547,-6.0
2026-09-16,150947,FINAL,Nantucket,4265,3.0,1.0,Nauset,4271,1.0,0.0,Cape & Islands,Cape & Islands,,,0,2026,1556.9824717990296,1518.5321499109548,1569.3547214438497,1506.1599002661346,0.6246097683888228,0.37539023161117724,2.211258047201869,2.0
2026-09-16,139517,FINAL,Braintree,4051,1.0,1.0,Newton North,4279,0.0,0.0,Bay State,Bay State,4:30 P.M.,,0,2026,1437.4569631133247,1448.578881986916,1446.6955540024787,1439.340291097762,0.5557176913138467,0.44428230868615326,0.9719520281602172,1.0
2026-09-16,140155,FINAL,Needham,4272,2.0,0.0,Milton,4252,5.0,1.0,Bay State,Bay State,4:00 P.M.,,0,2026,1436.4737909461594,1563.9446389995135,1420.2407468084023,1580.1776831372706,0.39032220460122885,0.6096777953987711,-1.9367712013338518,-3.0
2026-09-16,140295,UPCOMING,West Springfield,4417,,,Holyoke,4176,,,Suburban,County,6:00 P.M.,,0,2026,1458.186643822023,1440.3839693752811,,,0.5963557751244102,0.4036442248755898,1.6950668611685444,
2026-09-16,140612,UPCOMING,Bridgewater-Raynham,4053,,,Ursuline,4448,,,Pioneer,Catholic Conference,4:00 P.M.,,0,2026,1394.813479895962,1493.7445805399807,,,0.43004438690397073,0.5699556130960293,-1.2232775161004668,
2026-09-16,143972,UPCOMING,Groton,4544,,,Marlborough,4233,,,ISL,Mid-Wach,4:00 P.M.,,0,2026,1484.7619273693554,1611.3186951893726,,,0.3915750957950616,0.6084249042049383,-1.9139191955004322,
2026-09-16,144251,UPCOMING,Hall (Conn.),4838,,,Longmeadow,4214,,,Independent,Suburban,6:30 P.M.,,0,2026,1493.7605472931518,1603.57681405786,,,0.41475802642531784,0.5852419735746821,-1.4954066691177048,
2026-09-16,144535,UPCOMING,Groton-Dunstable,4160,,,Marlborough,4233,,,Mid-Wach,Mid-Wach,4:00 P.M.,,0,2026,1559.218062995719,1611.3186951893726,,,0.4969769841013969,0.5030230158986031,-0.05251580484134024,
2026-09-16,145313,UPCOMING,Gardner,4147,,,Narragansett,4266,,,Mid-Wach,Mid-Wach,4:00 P.M.,,0,2026,1443.5661684217116,1536.8994558943136,,,0.4379597502356814,0.5620402497643187,-1.0833321868150505,
2026-09-16,139206,FINAL,Brookline,4059,6.0,1.0,Framingham,4143,0.0,0.0,Bay State,Bay State,4:00 P.M.,,0,2026,1494.2745325047679,1315.571447760093,1506.615361962656,1303.230618302205,0.7886022732707842,0.21139772672921575,5.717577118616873,6.0
2026-09-16,139226,FINAL,Algonquin,4005,4.0,1.0,Leominster,4208,0.0,0.0,Mid-Wach,Mid-Wach,4:00 P.M.,,0,2026,1530.0366517174323,1408.7713633901626,1543.156444062006,1395.651571045589,0.7282738227382907,0.27172617726170933,4.281632208181742,4.0
2026-09-16,139264,FINAL,New Bedford,4273,1.0,0.0,Bishop Stang,4045,5.0,1.0,Big Three,Catholic Central,4:00 P.M.,,0,2026,1453.6341577157923,1485.5878840258513,1428.2397697963631,1510.9822719452804,0.5259473452033296,0.47405265479667036,0.4511568422485254,-4.0
2026-09-16,139316,FINAL,Greater Lowell,4155,0.0,0.0,Southeastern,4358,2.0,1.0,Independent,Mayflower,4:30 P.M.,,0,2026,1441.4697432816647,1444.3606276169176,1422.7697242415747,1463.0606466570075,0.5673830289652895,0.43261697103471053,1.1777278916186789,-2.0
2026-09-16,140201,FINAL,Oliver Ames,4302,3.0,1.0,North Attleborough,4284,1.0,0.0,Hockomock,Hockomock,3:45 P.M.,,0,2026,1468.1498677016752,1477.2660485881597,1482.6987966554798,1462.7171196343552,0.5585664720280055,0.44143352797199453,1.0220954778378881,2.0
2026-09-16,139377,FINAL,Lowell,4216,2.0,2.0,Methuen,4246,2.0,2.0,Merrimack Valley,Merrimack Valley,4:30 P.M.,,0,2026,1534.418396812985,1478.7080817737071,1534.418396812985,1478.7080817737071,0.6476025471454651,0.35239745285453494,2.6427578759819483,0.0
2026-09-16,139525,FINAL,Hingham,4171,7.0,1.0,Marshfield,4234,0.0,0.0,Patriot,Patriot,4:00 P.M.,,0,2026,1710.85238439019,1471.6601219655756,1720.7793561645021,1461.7331501912636,0.8408711894461689,0.1591288105538311,7.229806560615361,7.0
2026-09-16,139597,FINAL,Sharon,4345,0.0,0.0,Franklin,4144,7.0,1.0,Hockomock,Hockomock,3:45 P.M.,,0,2026,1335.4226763858437,1716.939352551816,1327.3649550979837,1724.997073839676,0.12916482825401263,0.8708351717459873,-8.287916904149307,-7.0
2026-09-16,139649,FINAL,Shrewsbury,4348,5.0,1.0,Grafton,4153,1.0,0.0,Mid-Wach,Mid-Wach,6:30 P.M.,,0,2026,1443.622427376216,1545.413134654983,1471.3362543202024,1517.6993077109964,0.4260143716453927,0.5739856283546073,-1.2947676819691765,4.0
2026-09-16,139723,FINAL,Foxborough,4142,2.0,0.0,King Philip,4197,3.0,1.0,Hockomock,Hockomock,5:00 P.M.,,0,2026,1549.6970825101412,1649.1983650518252,1540.771286032676,1658.1241615292904,0.4292400771341016,0.5707599228658984,-1.2375320635421019,-1.0
2026-09-16,139758,FINAL,Stoughton,4381,1.0,0.0,Attleboro,4018,12.0,1.0,Hockomock,Hockomock,3:45 P.M.,,0,2026,1413.0735723089615,1593.8291828707936,1389.2009133719573,1617.7018418077978,0.32023548971871024,0.6797645102812897,-3.2688902640458024,-11.0
2026-09-16,139772,FINAL,Bishop Feehan,4042,4.0,1.0,Barnstable,4024,1.0,0.0,Catholic Central,Pioneer,4:00 P.M.,,0,2026,1572.2094398839324,1453.8593417763302,1583.6488518454303,1442.4199298148324,0.7249402848743512,0.27505971512564875,4.208752452690055,3.0
2026-09-16,139942,FINAL,Nashoba,4267,6.0,1.0,Wachusett,4400,0.0,0.0,Mid-Wach,Mid-Wach,6:00 P.M.,,0,2026,1653.7001732819197,1544.0610789766156,1670.347662060294,1527.4135901982413,0.7148294370724791,0.28517056292752085,3.9909773576326018,6.0
2026-09-16,139991,FINAL,Milford,4249,0.0,0.0,Taunton,4388,7.0,1.0,Hockomock,Hockomock,4:00 P.M.,,0,2026,1316.5271307012224,1374.6212075311134,1286.062035716337,1405.0863025159988,0.48835379394339357,0.5116462060566065,-0.20235192074727593,-7.0
2026-09-16,140016,FINAL,Amesbury,4007,1.0,0.0,Essex Tech,4745,3.0,1.0,Cape Ann,Cape Ann,4:00 P.M.,,0,2026,1345.8560741413576,1505.0391042755164,1334.3915414872677,1516.5036369296063,0.3478489112232339,0.6521510887767661,-2.72957575335397,-2.0
2026-09-16,140105,FINAL,Dracut,4119,0.0,0.0,Andover,4009,6.0,1.0,Merrimack Valley,Merrimack Valley,5:30 P.M.,,0,2026,1313.695209792041,1693.0864987635405,1306.0742126929772,1700.7074958626042,0.13054725921378416,0.8694527407862158,-8.234782224287489,-6.0
2026-09-16,140415,FINAL,Silver Lake,4349,0.0,2.0,Duxbury,4123,0.0,2.0,Patriot,Patriot,4:00 P.M.,,0,2026,1491.796230465958,1580.2261884337474,1491.796230465958,1580.2261884337474,0.4449192926707642,0.5550807073292359,-0.9607489491947376,0.0
2026-09-16,140346,FINAL,Wellesley,4413,3.0,0.0,Natick,4270,4.0,1.0,Bay State,Bay State,4:00 P.M.,,0,2026,1653.1608073447278,1588.6246684028417,1639.4550356154464,1602.3304401321232,0.6591082968463491,0.3408917031536509,2.8634034735471516,-1.0
2026-09-17,143633,UPCOMING,Tantasqua,4387,,,Monty Tech,4259,,,CMAC,CMAC,4:00 P.M.,,0,2026,1447.3748244373855,1491.2008402888318,,,0.5088841422951239,0.4911158577048761,0.1543496037138425,
2026-09-17,139646,FINAL,Bay Path/David Prouty,4027,1.0,0.0,Worcester South,4444,3.0,1.0,CMAC,CMAC,3:30 P.M.,,0,2026,1433.2125798820023,1472.0142928795783,1416.2024345134096,1489.024438248171,0.5161100521705969,0.4838899478294031,0.2799571750605992,-2.0
2026-09-17,144556,FINAL,Joseph Case,4078,0.0,0.0,Apponequet,4011,1.0,1.0,South Coast,South Coast,3:45 P.M.,,0,2026,1446.0140445694883,1453.0954268076707,1434.338966113899,1464.77050526326,0.5614525929956106,0.43854740700438943,1.0729654440454397,-1.0
2026-09-17,144616,FINAL,Middleborough,4247,1.0,0.0,Norwell,4296,2.0,1.0,South Shore,South Shore,5:00 P.M.,,0,2026,1403.7779062645607,1467.7888439807346,1393.7997567053837,1477.7669935399115,0.4798475628757638,0.5201524371242362,-0.35027344290434714,-1.0
2026-09-17,144685,FINAL,Weston,4423,2.0,2.0,Waltham,4405,2.0,2.0,Dual County,Dual County,4:00 P.M.,,0,2026,1511.7096183983754,1540.2011468490039,1511.7096183983754,1540.2011468490039,0.5309136976244102,0.4690863023755898,0.5377117887342877,0.0
2026-09-17,144755,FINAL,Dighton-Rehoboth,4114,0.0,0.0,Old Rochester,4301,4.0,1.0,South Coast,South Coast,3:30 P.M.,,0,2026,1390.3636076092941,1571.9130882153497,1374.9496257227213,1587.3270701019226,0.3192415142265586,0.6807584857734414,-3.2887370151513893,-4.0
2026-09-17,145059,FINAL,Fairhaven,4133,0.0,0.0,West Bridgewater,4415,9.0,1.0,South Coast,South Coast,3:30 P.M.,,0,2026,1361.1681590160335,1631.1647644362324,1345.9798185950676,1646.3531048571983,0.2198737478031214,0.7801262521968786,-5.499915135504972,-9.0
2026-09-17,140873,UPCOMING,Woburn,4438,,,Wilmington,4432,,,Middlesex,Middlesex,4:00 P.M.,,0,2026,1362.306069843918,1386.252080261021,,,0.5374245800291465,0.4625754199708535,0.6513497395724244,
2026-09-17,145297,FINAL,East Bridgewater,4126,0.0,0.0,Cohasset,4094,5.0,1.0,South Shore,South Shore,4:00 P.M.,,0,2026,1494.045362452858,1607.4491697752894,1472.0199342134085,1629.4745980147388,0.40975418515928785,0.5902458148407121,-1.585095183060787,-5.0
2026-09-17,145576,FINAL,St. Paul,4954,8.0,1.0,Blackstone-Millville,4486,0.0,0.0,CMAC,CMAC,3:30 P.M.,,0,2026,1542.4089589985101,1466.806068806261,1563.9457017055793,1445.2693260991919,0.6732735329042684,0.3267264670957316,3.1400722548062276,8.0
2026-09-17,151149,FINAL,Lynnfield,4223,2.0,1.0,Hamilton-Wenham,4163,1.0,0.0,Cape Ann,Cape Ann,4:15 P.M.,,0,2026,1612.5198591091125,1495.940700189036,1618.2819321712454,1490.1786271269032,0.7229028589340302,0.27709714106596983,4.164478973001911,1.0
2026-09-17,139483,UPCOMING,Peabody,4306,,,Malden,4227,,,Northeastern,Greater Boston,4:00 P.M.,,0,2026,1391.3518619325118,1297.020987906747,,,0.6965315201091344,0.30346847989086556,3.608271850644121,
2026-09-17,145011,UPCOMING,Franklin County Tech,4145,,,Hampshire,4518,,,County,County,4:00 P.M.,,0,2026,1542.779794074948,1443.9890037427217,,,0.7019306933227519,0.29806930667724807,3.7197697583056595,
2026-09-17,144488,UPCOMING,Falmouth,4134,,,Notre Dame (Hingham),4449,,,Cape & Islands,Catholic Conference,4:00 P.M.,,0,2026,1470.0701298787314,1516.5356256721636,,,0.5050863849695645,0.4949136150304355,0.08836260516419543,
2026-09-17,144360,UPCOMING,Swampscott,4383,,,Gloucester,4150,,,Northeastern,Northeastern,8:00 P.M.,,0,2026,1431.8654037813865,1602.5240739845162,,,0.33301786186446214,0.6669821381355379,-3.016466755078244,
2026-09-17,144252,UPCOMING,Longmeadow,4214,,,Greenfield,4157,,,Suburban,Suburban,4:00 P.M.,,0,2026,1603.57681405786,1549.8012336141817,,,0.6450567228652546,0.3549432771347454,2.5943895110919586,
2026-09-17,143810,UPCOMING,East Longmeadow,4127,,,Frontier,4146,,,Valley League,Suburban,7:00 P.M.,,0,2026,1630.0495336679858,1664.180630831072,,,0.5228213195998197,0.4771786804001803,0.3967225709228444,
2026-09-17,144469,FINAL,Bedford,4031,3.0,1.0,Wayland,4411,1.0,0.0,Dual County,Dual County,4:15 P.M.,,0,2026,1562.289929716395,1436.9647548665882,1571.093970119569,1428.1607144634143,0.7328739024074464,0.26712609759255357,4.383129371245166,2.0
2026-09-17,144322,FINAL,Ashland,4015,1.0,2.0,Westwood,4424,1.0,2.0,Tri-Valley,Tri-Valley,4:30 P.M.,,0,2026,1426.716231218811,1520.3017183756865,1426.716231218811,1520.3017183756865,0.43760242584434683,0.5623975741556532,-1.0896371789218904,0.0
2026-09-17,145171,FINAL,Uxbridge,4398,7.0,1.0,Hopedale,4507,1.0,0.0,CMAC,CMAC,4:30 P.M.,,0,2026,1786.814037428072,1571.134371450046,1797.2101675816948,1560.7382412964232,0.8219148648997698,0.17808513510023016,6.641991649450648,6.0
2026-09-17,144132,FINAL,Medfield,4241,2.0,1.0,Holliston,4174,0.0,0.0,Tri-Valley,Tri-Valley,4:30 P.M.,,0,2026,1612.240754072777,1463.2492185983635,1620.194079752582,1455.2958929185586,0.7586856994701004,0.24131430052989955,4.974788386860337,2.0
2026-09-17,139823,FINAL,Sutton,4512,1.0,2.0,Doherty,4116,1.0,2.0,CMAC,CMAC,3:30 P.M.,,0,2026,1668.7092961355588,1638.9988919745895,1668.7092961355588,1638.9988919745895,0.6127413218483546,0.3872586781516454,1.9927601040242338,0.0
2026-09-17,139851,FINAL,Newton South,4280,0.0,0.0,Beverly,4038,6.0,1.0,Dual County,Northeastern,4:30 P.M.,,0,2026,1405.173448814721,1590.53654592121,1386.8143931887982,1608.8956015471329,0.31448960845452495,0.685510391545475,-3.3840774276622256,-6.0
2026-09-17,139882,FINAL,Reading,4328,0.0,0.0,Watertown,4409,3.0,1.0,Middlesex,Middlesex,4:00 P.M.,,0,2026,1633.7425623928225,1704.1062752054966,1614.165544650887,1723.683292947432,0.4707277735280929,0.5292722264719071,-0.5090928203168517,-3.0
2026-09-17,140052,FINAL,Acton-Boxborough,4003,2.0,1.0,Concord-Carlisle,4097,0.0,0.0,Dual County,Dual County,4:00 P.M.,,0,2026,1533.1773119331951,1647.0751038516858,1552.6535121157972,1627.5989036690837,0.40906662027195967,0.5909333797280403,-1.5974447979622652,2.0
2026-09-17,139358,UPCOMING,Arlington Catholic,4014,,,Everett,4132,,,Catholic Central,Greater Boston,4:00 P.M.,,0,2026,1366.6289752539808,1372.568818624069,,,0.5630699248377211,0.4369300751622789,1.1015039157477928,
2026-09-17,144171,FINAL,Seekonk,4344,0.0,0.0,Somerset Berkley,4350,10.0,1.0,South Coast,South Coast,3:30 P.M.,,0,2026,1509.373818441606,1736.4669683755565,1490.3005934117118,1755.5401934054507,0.26513842154632133,0.7348615784536787,-4.427328748348759,-10.0
2026-09-17,140269,FINAL,Stoughton,4381,3.0,1.0,Mansfield,4230,2.0,0.0,Hockomock,Hockomock,3:45 P.M.,,0,2026,1389.2009133719573,1454.128504030605,1400.0445630535223,1443.28485434904,0.4785306793089632,0.5214693206910368,-0.3731897664661915,1.0
2026-09-17,140357,FINAL,Agawam,4004,2.0,1.0,Southwick,4519,1.0,0.0,Suburban,Valley League,4:00 P.M.,,0,2026,1497.1288149960278,1495.1727063128176,1505.982693800538,1486.3188275083073,0.574218431870036,0.42578156812996404,1.2989027170802558,1.0
2026-09-17,140231,FINAL,Arlington,4013,1.0,1.0,Stoneham,4380,0.0,0.0,Middlesex,Middlesex,4:30 P.M.,,0,2026,1472.8449265315433,1439.0356088544181,1480.7816327498883,1431.098902636073,0.6183251099267012,0.3816748900732988,2.0952329419281286,1.0
2026-09-17,144106,FINAL,Medway,4243,0.0,0.0,Dedham,4108,2.0,1.0,Tri-Valley,Tri-Valley,4:30 P.M.,,0,2026,1540.764255642602,1528.5531329554467,1521.3654774060126,1547.951911192036,0.5885842966526177,0.4114157033473823,1.555278067178881,-2.0
2026-09-17,143937,FINAL,Minnechaug,4254,3.0,1.0,Westfield,4419,0.0,0.0,Suburban,Valley League,6:30 P.M.,,0,2026,1476.0891447942417,1526.9800259415626,1496.9368803452908,1506.1322903905136,0.49871792177894914,0.5012820782210509,-0.022272028683022426,3.0
2026-09-17,140677,FINAL,Hopkinton,4180,0.0,0.0,Norwood,4297,2.0,1.0,Tri-Valley,Tri-Valley,4:30 P.M.,,0,2026,1581.8533247427113,1585.8207386005802,1563.2034598948017,1604.4706034484898,0.5658612851952122,0.43413871480478783,1.1508146535532773,-2.0
2026-09-17,143880,FINAL,Marblehead,4231,3.0,1.0,Masconomet,4236,1.0,0.0,Northeastern,Northeastern,7:30 P.M.,,0,2026,1459.7601955606817,1600.4173927756901,1480.44433084324,1579.7332574931318,0.3724162898986415,0.6275837101013585,-2.2664299303752102,2.0
2026-09-17,143666,FINAL,Blackstone Valley,4046,3.0,1.0,Nipmuc,4281,0.0,0.0,CMAC,CMAC,3:30 P.M.,,0,2026,1497.0263456200826,1494.0238346920917,1514.6728823400167,1476.3772979721575,0.5756904830881023,0.42430951691189767,1.3250627731997724,3.0
2026-09-17,143771,FINAL,Danvers,4103,2.0,1.0,Saugus,4341,1.0,0.0,Northeastern,Northeastern,6:00 P.M.,,0,2026,1471.527838750271,1456.7934930103752,1480.0099443020335,1448.3113874586127,0.5920969461391836,0.4079030538608164,1.618358643497396,1.0
2026-09-17,143746,FINAL,Worcester Tech/Worcester North,4445,1.0,0.0,Leicester,4207,7.0,1.0,CMAC,CMAC,5:00 P.M.,,0,2026,1375.4001081845613,1346.7682532519843,1339.715985320438,1382.4523761161076,0.6112670529597174,0.3887329470402826,1.9657963733144244,-6.0
2026-09-17,140546,FINAL,Westford,4421,5.0,1.0,Tewksbury,4389,0.0,0.0,Dual County,Merrimack Valley,4:00 P.M.,,0,2026,1370.1519229856551,1441.8638757527046,1398.7056921871765,1413.3101065511833,0.4687945993513058,0.5312054006486941,-0.5427988191762381,5.0
2026-09-18,145526,UPCOMING,Wareham/Mashpee,4407,,,Sturgis East,4456,,,Mayflower,Cape & Islands,3:45 P.M.,,0,2026,1488.308654544367,1393.2860183054322,,,0.6973725793234505,0.30262742067654946,3.625565905973372,
2026-09-18,139322,UPCOMING,Southeastern,4358,,,East Bridgewater,4126,,,Mayflower,South Shore,3:30 P.M.,,0,2026,1437.2030310745904,1472.0199342134085,,,0.5218363340748817,0.4781636659251183,0.37957742152954665,
2026-09-18,139382,UPCOMING,Dracut,4119,,,Lowell,4216,,,Merrimack Valley,Merrimack Valley,5:30 P.M.,,0,2026,1296.6502479334597,1543.8278835868687,,,0.2432311352104825,0.7567688647895174,-4.929440891335224,
2026-09-18,139427,UPCOMING,Triton,4395,,,Revere,4329,,,Cape Ann,Greater Boston,4:30 P.M.,,0,2026,1444.0370911256218,1392.3096334801403,,,0.6423527216566826,0.35764727834331744,2.5431864411370384,
2026-09-18,140296,UPCOMING,Mahar,4226,,,West Springfield,4417,,,Valley League,Suburban,4:00 P.M.,,0,2026,1431.3998396169236,1458.186643822023,,,0.533356854222597,0.46664314577740296,0.5803298948725171,
2026-09-18,143863,UPCOMING,Scituate,4343,,,Monomoy,4706,,,Patriot,Cape & Islands,6:00 P.M.,,0,2026,1583.6029100514381,1685.5118739218642,,,0.42584792140198835,0.5741520785980117,-1.297724096760652,
2026-09-18,143993,UPCOMING,Nantucket,4265,,,Nauset,4271,,,Cape & Islands,Cape & Islands,4:30 P.M.,,0,2026,1549.146317424706,1515.2254375452922,,,0.6184766579351765,0.3815233420648235,2.0980219969853464,
2026-09-18,144297,UPCOMING,Southwick,4519,,,Northampton,4291,,,Valley League,Valley League,4:30 P.M.,,0,2026,1474.7869674006702,1413.093226244251,,,0.6554224596715098,0.3445775403284902,2.7923435289104814,
2026-09-18,144337,POSTPONED,Bellingham,4033,,,Grafton,4153,,,Tri-Valley,Mid-Wach,4:00 P.M.,,0,2026,1417.1424929283864,1517.6993077109964,,,0.4277521114464067,0.5722478885535933,-1.2639203695652497,
2026-09-18,144765,UPCOMING,Tiverton (R.I.),4643,,,Dighton-Rehoboth,4114,,,Independent,South Coast,4:30 P.M.,,0,2026,1502.7555,1374.9496257227213,,,0.7356601918879389,0.26433980811206115,4.445146856931967,
2026-09-18,145230,UPCOMING,Palmer,4304,,,Mohawk Trail,4258,,,County,Valley League,4:00 P.M.,,0,2026,1370.6240657584704,1411.380769410585,,,0.5132990352393272,0.4867009647606728,0.23108240869713653,
2026-09-18,145405,UPCOMING,Turners Falls,4396,,,Frontier,4146,,,Valley League,Suburban,6:00 P.M.,,0,2026,1458.0187066406525,1664.180630831072,,,0.28926831537252157,0.7107316846274785,-3.9040481047604887,
2026-09-18,139600,UPCOMING,Sharon,4345,,,Foxborough,4142,,,Hockomock,Hockomock,5:00 P.M.,,0,2026,1313.3494660729727,1528.9618029310232,,,0.27821336727950674,0.7217866327204933,-4.140308421451261,
2026-09-18,144528,UPCOMING,Amherst-Pelham,4008,,,Holyoke,4176,,,County,County,5:00 P.M.,,0,2026,1459.3106089089415,1440.3839693752811,,,0.5979122442490062,0.40208775575099376,1.7231659883415091,
2026-09-18,139534,FINAL,Hanover,4164,2.0,1.0,Marshfield,4234,0.0,0.0,Patriot,Patriot,4:00 P.M.,,0,2026,1574.981801517919,1461.7331501912636,1584.2415843702422,1452.4733673389403,0.7190460805922955,0.28095391940770453,4.081216283166384,2.0
2026-09-18,145038,FINAL,Belchertown,4032,3.0,1.0,South Hadley,4353,1.0,0.0,County,Suburban,4:00 P.M.,,0,2026,1607.053352653629,1546.8436616702506,1618.4737388693748,1535.4232754545048,0.6534905494399941,0.3465094505600059,2.7552422745844583,2.0
2026-09-18,140146,FINAL,Methuen,4246,5.0,1.0,Haverhill,4167,0.0,0.0,Merrimack Valley,Merrimack Valley,4:00 P.M.,,0,2026,1478.7080817737071,1338.5340177939222,1492.1854448632184,1325.056654704411,0.7492713480618073,0.2507286519381927,4.7543515994946235,5.0
2026-09-18,140176,FINAL,Westwood,4424,2.0,1.0,Needham,4272,1.0,0.0,Tri-Valley,Bay State,4:00 P.M.,,0,2026,1520.3017183756865,1420.2407468084023,1526.468131235323,1414.0743339487658,0.7034582249109542,0.2965417750890458,3.751524289182106,1.0
2026-09-18,140204,FINAL,Franklin,4144,9.0,1.0,Oliver Ames,4302,0.0,0.0,Hockomock,Hockomock,3:45 P.M.,,0,2026,1724.997073839676,1482.6987966554798,1735.8250455697544,1471.8708249254014,0.8432490542474177,0.1567509457525823,7.307456929604905,9.0
2026-09-18,140288,FINAL,Pembroke,4308,4.0,1.0,Weymouth,4425,1.0,0.0,Patriot,Bay State,4:00 P.M.,,0,2026,1423.1887357754729,1369.7789754264559,1437.9704697632658,1354.997241438663,0.6445744280011869,0.3554255719988131,2.585244008725425,3.0
2026-09-18,140490,FINAL,Belmont,4034,7.0,1.0,Burlington,4065,0.0,0.0,Middlesex,Middlesex,4:30 P.M.,,0,2026,1692.6689183831809,1374.7117808510602,1699.3655715241455,1368.0151277100956,0.8926530191441877,0.10734698085581229,9.198928438303017,7.0
2026-09-18,140517,FINAL,Lincoln-Sudbury,4211,3.0,1.0,Wellesley,4413,2.0,0.0,Dual County,Bay State,4:00 P.M.,,0,2026,1656.1819633229848,1639.4550356154464,1664.606524205833,1631.0304747325981,0.5948642597549221,0.4051357402450779,1.6681731926884595,1.0
2026-09-18,140586,FINAL,North Andover,4283,1.0,1.0,Chelmsford,4085,0.0,0.0,Merrimack Valley,Merrimack Valley,4:00 P.M.,,0,2026,1522.1484549078411,1565.1011267702972,1532.3347962277662,1554.9147854503722,0.5101405297647306,0.48985947023526943,0.1761832034385975,1.0
2026-09-18,140106,FINAL,Andover,4009,4.0,1.0,Central Catholic,4081,2.0,0.0,Merrimack Valley,Merrimack Valley,6:15 P.M.,,0,2026,1700.7074958626042,1564.3582646045627,1709.108175418179,1555.957585048988,0.7451123979397929,0.2548876020602071,4.658730781451038,2.0
2026-09-18,140653,FINAL,Winchester,4434,6.0,1.0,Wakefield,4402,0.0,0.0,Middlesex,Middlesex,4:15 P.M.,,0,2026,1599.6060448346407,1357.8246499942625,1608.779725214257,1348.650969614646,0.8428553619828423,0.15714463801715772,7.294534871009455,6.0
2026-09-18,143714,FINAL,Tantasqua,4387,0.0,0.0,Oakmont,4299,2.0,1.0,CMAC,Mid-Wach,4:00 P.M.,,0,2026,1474.2928080894683,1526.4458030835629,1457.915740953854,1542.822870219177,0.49690163079790906,0.503098369202091,-0.05382487485236424,-2.0
2026-09-18,143828,FINAL,Littleton,4212,4.0,1.0,Fitchburg,4139,1.0,0.0,Mid-Wach,Mid-Wach,4:00 P.M.,,0,2026,1446.994708956378,1376.315740211375,1460.8434531076148,1362.4669960601382,0.667008091507845,0.332991908492155,3.0169742186250743,3.0
2026-09-18,144209,FINAL,Northbridge,4292,2.0,0.0,Auburn,4019,3.0,1.0,CMAC,CMAC,3:30 P.M.,,0,2026,1502.9625531854065,1515.5821788045575,1491.4510128189027,1527.0937191710614,0.5535880733249441,0.4464119266750559,0.9345093595212234,-1.0
2026-09-18,144210,FINAL,Dennis-Yarmouth,4111,6.0,1.0,Dartmouth,4105,0.0,0.0,Cape & Islands,Pioneer,4:00 P.M.,,0,2026,1691.2503885039673,1574.124910956774,1707.3898230403631,1557.9854764203783,0.723532378165371,0.27646762183462903,4.17813693867983,6.0
2026-09-18,144272,FINAL,Shepherd Hill,4347,3.0,1.0,Quaboag,4510,2.0,0.0,Mid-Wach,CMAC,3:30 P.M.,,0,2026,1451.0013164012971,1542.51405185824,1462.6349381608525,1530.8804300986847,0.44054105266372046,0.5594589473362795,-1.0378183864235724,1.0
2026-09-18,144640,FINAL,Hamilton-Wenham,4163,2.0,0.0,Newburyport,4276,4.0,1.0,Cape Ann,Cape Ann,4:00 P.M.,,0,2026,1490.1786271269032,1656.3374378690235,1479.012460748554,1667.5036042473726,0.33879608828716995,0.6612039117128301,-2.9039702685530075,-2.0
2026-09-18,144673,FINAL,Westport,4461,5.0,1.0,Bishop Stang,4045,1.0,0.0,Mayflower,Catholic Central,3:30 P.M.,,0,2026,1551.6788978748584,1510.9822719452804,1569.6577635124597,1493.0034063076791,0.6276367565201653,0.37236324347983474,2.2674156482394494,4.0
2026-09-18,140762,FINAL,Peabody,4306,0.0,0.0,Beverly,4038,7.0,1.0,Northeastern,Northeastern,4:00 P.M.,,0,2026,1435.8042717622675,1608.8956015471329,1415.223118633526,1629.4767546758744,0.3299147506067979,0.6700852493932021,-3.077283244621634,-7.0
2026-09-18,140086,FINAL,Taunton,4388,1.0,0.0,North Attleborough,4284,2.0,1.0,Hockomock,Hockomock,3:45 P.M.,,0,2026,1405.0863025159988,1462.7171196343552,1394.9174146429723,1472.8860075073817,0.48902013685904,0.51097986314096,-0.19077042795890975,-1.0
2026-09-18,139948,FINAL,Wachusett,4400,0.0,0.0,Bishop Feehan,4042,4.0,1.0,Mid-Wach,Catholic Central,4:00 P.M.,,0,2026,1527.4135901982413,1583.6488518454303,1503.7052322851957,1607.3572097584758,0.4910277004139362,0.5089722995860638,-0.15588154117972408,-4.0
2026-09-18,145166,FINAL,Rockport,4490,0.0,0.0,Bishop Fenwick,4043,3.0,1.0,Cape Ann,Catholic Central,4:00 P.M.,,0,2026,1420.671581007256,1540.2929391543119,1403.989190882959,1556.9753292786086,0.4011266917083009,0.598873308291699,-1.7405339536763962,-3.0
2026-09-18,139778,FINAL,St. John Paul II,4689,3.0,1.0,Barnstable,4024,2.0,0.0,Cape & Islands,Pioneer,4:00 P.M.,,0,2026,1498.7056853276943,1442.4199298148324,1506.0178723552556,1435.107742787271,0.6483581345761608,0.35164186542383924,2.6571438878215474,1.0
2026-09-18,139761,FINAL,Attleboro,4018,0.0,0.0,Canton,4071,1.0,1.0,Hockomock,Hockomock,3:45 P.M.,,0,2026,1617.7018418077978,1724.5766237460819,1608.9916024546653,1733.2868630992143,0.41887397065733406,0.5811260293426659,-1.4218695484571016,-1.0
2026-09-18,139725,FINAL,Milford,4249,0.0,0.0,King Philip,4197,10.0,1.0,Hockomock,Hockomock,3:45 P.M.,,0,2026,1286.062035716337,1658.1241615292904,1276.3209851653098,1667.8652120803176,0.135411120209313,0.864588879790687,-8.051553145323833,-10.0
2026-09-18,139361,FINAL,Amesbury,4007,5.0,1.0,Everett,4132,0.0,0.0,Cape Ann,Greater Boston,4:30 P.M.,,0,2026,1334.3915414872677,1424.9164097916619,1364.388654945888,1394.9192963330415,0.4419430737626833,0.5580569262373167,-1.013121707609855,5.0
2026-09-18,139230,FINAL,Westborough,4418,2.0,2.0,Leominster,4208,2.0,2.0,Mid-Wach,Mid-Wach,4:00 P.M.,,0,2026,1469.8743297453643,1395.651571045589,1469.8743297453643,1395.651571045589,0.6715234928154669,0.32847650718453314,3.1055689674943836,0.0
2026-09-18,139140,FINAL,Lexington,4209,9.0,1.0,Melrose,4244,0.0,0.0,Middlesex,Middlesex,4:15 P.M.,,0,2026,1533.5606949431951,1487.0189869299836,1558.7418118622697,1461.837870010909,0.6354659957961762,0.36453400420382376,2.413542700330288,9.0
2026-09-18,145486,FINAL,Lunenburg,4219,3.0,1.0,Tahanto,4513,0.0,0.0,Mid-Wach,Mid-Wach,4:00 P.M.,,0,2026,1525.938005838859,1495.2388732193265,1541.9875098169737,1479.1893692412118,0.6140910033674357,0.3859089966325643,2.017478315488313,3.0
2026-09-18,145504,FINAL,Maynard,4239,2.0,0.0,Tyngsborough,4397,4.0,1.0,Mid-Wach,Mid-Wach,3:30 P.M.,,0,2026,1516.708171108352,1492.0669278207417,1496.7421642819243,1512.0329346471694,0.6057947537504578,0.39420524624954223,1.8660310821902555,-2.0
2026-09-18,139924,FINAL,Hingham,4171,0.0,0.0,Sandwich,4340,1.0,1.0,Patriot,Cape & Islands,3:45 P.M.,,0,2026,1720.7793561645021,1763.1357193289587,1710.1534451687066,1773.7616303247542,0.5109983032853868,0.48900169671461324,0.19109092088858687,-1.0
2026-09-19,151247,FINAL,Dexter Southfield,4113,1.0,0.0,Phillips Andover,4310,8.0,1.0,Independent,Independent,,,0,2026,1516.8338989538347,1645.545023056537,1492.5902395541036,1669.7886824562681,0.3886245243221458,0.6113754756778542,-1.9677781025675585,-7.0
2026-09-19,139154,FINAL,Martha’s Vineyard,4235,2.0,1.0,Brockton,4058,0.0,0.0,Cape & Islands,Big Three,11:30 A.M.,,0,2026,1400.0710122918686,1338.0738838572722,1411.414729916646,1326.7301662324949,0.6558167747383121,0.3441832252616879,2.799928210864908,2.0
2026-09-19,139536,FINAL,Weymouth,4425,0.0,0.0,Marshfield,4234,3.0,1.0,Bay State,Patriot,12:30 P.M.,,0,2026,1354.997241438663,1452.4733673389403,1337.026771373496,1470.4438374041072,0.432098467424329,0.567901532575671,-1.1869031475069334,-3.0
2026-09-19,139855,FINAL,Newton South,4280,0.0,0.0,Ursuline,4448,4.0,1.0,Dual County,Catholic Conference,2:00 P.M.,,0,2026,1386.8143931887982,1472.042482094678,1365.1122947434956,1493.7445805399807,0.4494757305772819,0.5505242694227181,-0.8807022226469939,-4.0
2026-09-19,151248,FINAL,Proctor,4321,1.0,0.0,Lawrence Academy,4204,6.0,1.0,Independent,ISL,,,0,2026,1491.9792128225881,1513.238272604703,1462.884580551315,1542.3329048759763,0.5412674482066145,0.45873255179338546,0.7185235054471264,-5.0
2026-09-19,143813,FINAL,Somerset Berkley,4350,7.0,1.0,East Longmeadow,4127,3.0,0.0,South Coast,Valley League,1:00 P.M.,,0,2026,1755.5401934054507,1619.4177864307746,1767.8589435692236,1607.0990362670018,0.7448643391045315,0.25513566089546846,4.653060174366902,4.0
2026-09-19,144510,FINAL,Notre Dame (Hingham),4449,0.0,0.0,Nashoba,4267,4.0,1.0,Catholic Conference,Mid-Wach,11:00 A.M.,,0,2026,1545.6865774646014,1670.347662060294,1526.654428341161,1689.3798111837343,0.39417797100472085,0.6058220289952791,-1.8665271148923126,-4.0
2026-09-19,145128,FINAL,Arlington Catholic,4014,0.0,0.0,St. Mary’s,4374,6.0,1.0,Catholic Central,Catholic Central,10:00 A.M.,,0,2026,1338.5795129336288,1578.5505855156905,1323.9298312927206,1593.2002671565988,0.2509482370502439,0.7490517629497562,-4.749276814551541,-6.0
2026-09-19,145315,FINAL,Gardner,4147,0.0,2.0,Oxford,4303,0.0,2.0,Mid-Wach,CMAC,10:00 A.M.,,0,2026,1443.5661684217116,1348.3551058030664,1443.5661684217116,1348.3551058030664,0.6976014433510515,0.30239855664894855,3.63027656546613,0.0
2026-09-19,151229,FINAL,Worcester Academy,4441,1.0,0.0,Thayer,4390,7.0,1.0,Independent,ISL,,,0,2026,1432.5808481673334,1480.9810602572106,1403.2577959883347,1510.3041124362094,0.502302263600307,0.49769773639969295,0.03999469775307034,-6.0
2026-09-19,140054,FINAL,Uxbridge,4398,2.0,1.0,Acton-Boxborough,4003,1.0,0.0,CMAC,Dual County,1:00 P.M.,,0,2026,1797.2101675816948,1552.6535121157972,1800.434138463432,1549.42954123406,0.8449597732315803,0.15504022676841966,7.363916386647441,1.0
2026-09-19,145013,FINAL,Franklin County Tech,4145,2.0,1.0,Mohawk Trail,4258,1.0,0.0,County,Valley League,12:00 P.M.,,0,2026,1537.1003384295457,1417.0602250559873,1542.779794074948,1411.380769410585,0.7268759168476359,0.27312408315236414,4.251002834338959,1.0
2026-09-20,143667,UPCOMING,Blackstone Valley,4046,,,Sutton,4512,,,CMAC,CMAC,,,0,2026,1514.6728823400167,1653.8856216983083,,,0.37436173673514417,0.6256382632648558,-2.2303184839572907,
2026-09-21,145556,FINAL,Carver,4077,5.0,1.0,Wareham/Mashpee,4407,0.0,0.0,South Shore,Mayflower,4:00 P.M.,,0,2026,1430.138766846913,1518.1107884388978,1459.9409007414438,1488.308654544367,0.44557041265197633,0.5544295873480236,-0.9493005397996171,5.0
2026-09-21,145407,FINAL,Turners Falls,4396,1.0,1.0,Mahar,4226,0.0,0.0,Valley League,Valley League,6:00 P.M.,,0,2026,1449.3802725115072,1440.0382737460689,1458.0187066406525,1431.3998396169236,0.5845791306945437,0.4154208693054563,1.4835499691359586,1.0
2026-09-21,139538,FINAL,Plymouth South,4316,0.0,0.0,Marshfield,4234,7.0,1.0,Patriot,Patriot,4:00 P.M.,,0,2026,1433.506993492398,1470.4438374041072,1401.143155539353,1502.807675357152,0.5187905390999087,0.4812094609000913,0.32657890220726815,-7.0
2026-09-21,139434,FINAL,Revere,4329,2.0,2.0,Greater Lowell,4155,2.0,2.0,Greater Boston,Independent,4:30 P.M.,,0,2026,1415.2497159795248,1422.7697242415747,1415.2497159795248,1422.7697242415747,0.5608307984716123,0.4391692015283877,1.0619997934487515,0.0
2026-09-21,139390,FINAL,Haverhill,4167,0.0,0.0,Lowell,4216,2.0,1.0,Merrimack Valley,Merrimack Valley,6:00 P.M.,,0,2026,1325.056654704411,1534.418396812985,1315.6471679305273,1543.8278835868687,0.2854961321338403,0.7145038678661597,-3.984043552714354,-2.0
2026-09-21,139362,FINAL,Rockport,4490,5.0,1.0,Everett,4132,0.0,0.0,Cape Ann,Greater Boston,4:00 P.M.,,0,2026,1403.989190882959,1394.9192963330415,1426.3396685919315,1372.568818624069,0.5841986960708565,0.4158013039291435,1.4767473637479385,5.0
2026-09-21,139236,FINAL,North Middlesex,4286,2.0,2.0,Leominster,4208,2.0,2.0,Mid-Wach,Mid-Wach,6:00 P.M.,,0,2026,1447.2469349578462,1395.651571045589,1447.2469349578462,1395.651571045589,0.6421780134136855,0.3578219865863145,2.53988409780643,0.0
2026-09-21,139161,FINAL,Brockton,4058,3.0,1.0,Southeastern,4358,0.0,0.0,Big Three,Mayflower,5:30 P.M.,,0,2026,1326.7301662324949,1463.0606466570075,1352.587781814912,1437.2030310745904,0.37825577050055803,0.621744229499442,-2.158262010612816,3.0
2026-09-21,151418,FINAL,Melrose,4244,2.0,2.0,Wilmington,4432,2.0,2.0,Middlesex,Middlesex,4:15 P.M.,,0,2026,1461.837870010909,1386.252080261021,1461.837870010909,1386.252080261021,0.673251878496593,0.32674812150340704,3.1396447437471977,0.0
2026-09-21,151422,FINAL,Quaboag,4510,3.0,1.0,Blackstone-Millville,4486,1.0,0.0,CMAC,CMAC,,,0,2026,1530.8804300986847,1445.2693260991919,1541.235353328832,1434.9144028690446,0.6858180895736814,0.3141819104263186,3.39027759998732,2.0
2026-09-21,139268,UPCOMING,Bridgewater-Raynham,4053,,,New Bedford,4273,,,Pioneer,Big Three,4:00 P.M.,,0,2026,1394.813479895962,1428.2397697963631,,,0.5238334106474062,0.4761665893525938,0.4143427524899721,
2026-09-21,139949,UPCOMING,Wachusett,4400,,,Nipmuc,4281,,,Mid-Wach,CMAC,6:30 P.M.,,0,2026,1503.7052322851957,1476.3772979721575,,,0.6094820045077806,0.39051799549221944,1.9331983578259553,
2026-09-21,139992,UPCOMING,Stoughton,4381,,,Milford,4249,,,Hockomock,Hockomock,4:00 P.M.,,0,2026,1379.0905876915458,1276.3209851653098,,,0.7067004667595845,0.29329953324041547,3.8192400631559,
2026-09-21,140763,UPCOMING,St. Mary’s,4374,,,Beverly,4038,,,Catholic Central,Northeastern,6:00 P.M.,,0,2026,1593.2002671565988,1629.4767546758744,,,0.5197394572324086,0.48026054276759145,0.3430878120181092,
2026-09-21,143831,UPCOMING,Fitchburg,4139,,,St. Bernard’s,4365,,,Mid-Wach,CMAC,6:00 P.M.,,0,2026,1362.4669960601382,1513.5559062263835,,,0.35849217618920126,0.6415078238107987,-2.5272227541561336,
2026-09-21,143939,UPCOMING,Minnechaug,4254,,,Frontier,4146,,,Suburban,Suburban,5:00 P.M.,,0,2026,1496.9368803452908,1664.180630831072,,,0.3373984438960919,0.662601556103908,-2.9310937621445303,
2026-09-21,144500,UPCOMING,Falmouth,4134,,,Monomoy,4706,,,Cape & Islands,Cape & Islands,4:30 P.M.,,0,2026,1470.0701298787314,1685.5118739218642,,,0.278410608564707,0.721589391435293,-4.136043601078319,
2026-09-21,144720,UPCOMING,Holyoke,4176,,,Belchertown,4032,,,County,County,6:30 P.M.,,0,2026,1440.3839693752811,1618.4737388693748,,,0.323585214043465,0.676414785956535,-3.2022442373523403,
2026-09-21,139784,FINAL,Barnstable,4024,3.0,2.0,Dartmouth,4105,3.0,2.0,Pioneer,Pioneer,4:00 P.M.,,0,2026,1435.107742787271,1557.9854764203783,1435.107742787271,1557.9854764203783,0.3966321043790228,0.6033678956209771,-1.8219433408276813,0.0
2026-09-21,140360,FINAL,Agawam,4004,0.0,0.0,East Longmeadow,4127,5.0,1.0,Suburban,Valley League,4:00 P.M.,,0,2026,1505.982693800538,1607.0990362670018,1483.032196399554,1630.0495336679858,0.4269638828041978,0.5730361171958023,-1.277908561661593,-5.0
2026-09-21,139651,FINAL,Worcester South,4444,0.0,0.0,Marlborough,4233,9.0,1.0,CMAC,Mid-Wach,4:00 P.M.,,0,2026,1489.024438248171,1580.925222985176,1458.6309660439745,1611.3186951893726,0.43999057547208,0.56000942452792,-1.0475196184251274,-9.0
2026-09-21,140420,FINAL,Silver Lake,4349,1.0,1.0,Pembroke,4308,0.0,0.0,Patriot,Patriot,4:00 P.M.,,0,2026,1491.796230465958,1437.9704697632658,1499.1756931944212,1430.5910070348025,0.6451228572407031,0.35487714275929694,2.5956440175673037,1.0
2026-09-21,145216,FINAL,Joseph Case,4078,1.0,2.0,East Bridgewater,4126,1.0,2.0,South Coast,South Shore,3:45 P.M.,,0,2026,1434.338966113899,1472.0199342134085,1434.338966113899,1472.0199342134085,0.5177210863113855,0.48227891368861453,0.3079757975122618,0.0
2026-09-21,145183,FINAL,Notre Dame Academy-Worcester,4451,0.0,0.0,Northbridge,4292,3.0,1.0,CMAC,CMAC,3:45 P.M.,,0,2026,1490.256829477753,1491.4510128189027,1466.5603938797135,1515.147448416942,0.5697788354006059,0.4302211645993941,1.2201454164712573,-3.0
2026-09-21,145110,FINAL,Nantucket,4265,0.0,0.0,Dennis-Yarmouth,4111,5.0,1.0,Cape & Islands,Cape & Islands,3:45 P.M.,,0,2026,1569.3547214438497,1707.3898230403631,1549.146317424706,1727.5982270595068,0.3759508342908353,0.6240491657091647,-2.2008775399128355,-5.0
2026-09-21,144987,FINAL,Westport,4461,1.0,1.0,Old Rochester,4301,0.0,0.0,Mayflower,South Coast,3:30 P.M.,,0,2026,1569.6577635124597,1587.3270701019226,1579.0902398311698,1577.8945937832125,0.5463937730564751,0.4536062269435249,0.8082673352634288,1.0
2026-09-21,144619,FINAL,Middleborough,4247,3.0,1.0,Sturgis East,4456,1.0,0.0,South Shore,Cape & Islands,5:30 P.M.,,0,2026,1393.7997567053837,1408.0767749620968,1408.5905133620483,1393.2860183054322,0.5512291033203954,0.44877089667960457,0.8930745435821734,2.0
2026-09-21,144432,FINAL,Greenfield,4157,1.0,1.0,Westfield,4419,0.0,0.0,Suburban,Valley League,5:15 P.M.,,0,2026,1541.920350306561,1506.1322903905136,1549.8012336141817,1498.251407082893,0.621009624475695,0.37899037552430503,2.144701497901184,1.0
2026-09-21,140407,FINAL,Braintree,4051,6.0,1.0,Norwell,4296,3.0,0.0,Bay State,South Shore,4:00 P.M.,,0,2026,1446.6955540024787,1477.7669935399115,1466.358193062768,1458.1043544796223,0.5272134689488522,0.47278653105114776,0.4732140115641812,3.0
2026-09-21,143998,FINAL,Martha’s Vineyard,4235,1.0,0.0,Nauset,4271,2.0,1.0,Cape & Islands,Cape & Islands,3:00 P.M.,,0,2026,1411.414729916646,1506.1599002661346,1402.3491926374884,1515.2254375452922,0.43596018918781676,0.5640398108121832,-1.118629258737218,-1.0
2026-09-21,144390,FINAL,Hanover,4164,0.0,0.0,Duxbury,4123,2.0,1.0,Patriot,Patriot,4:00 P.M.,,0,2026,1584.2415843702422,1580.2261884337474,1565.2208449227915,1599.2469278811982,0.5771141054839385,0.4228858945160615,1.3503848984123692,-2.0
2026-09-21,143865,FINAL,Cohasset,4094,4.0,1.0,Scituate,4343,0.0,0.0,South Shore,Patriot,4:00 P.M.,,0,2026,1629.4745980147388,1602.4804284330266,1648.3521163963273,1583.6029100514381,0.6090246117242608,0.3909753882757392,1.9248542395428045,4.0
2026-09-21,143773,FINAL,Ipswich,4190,6.0,1.0,Danvers,4103,2.0,0.0,Cape Ann,Northeastern,4:00 P.M.,,0,2026,1596.7024915956185,1480.0099443020335,1610.075298901505,1466.637136996147,0.7230335882572906,0.2769664117427094,4.167313682339625,4.0
2026-09-21,143690,FINAL,Bay Path/David Prouty,4027,0.0,0.0,Shepherd Hill,4347,1.0,1.0,CMAC,Mid-Wach,3:30 P.M.,,0,2026,1416.2024345134096,1462.6349381608525,1405.6984711973594,1473.1389014769027,0.5051338595248451,0.49486614047515487,0.0891874088139275,-1.0
2026-09-21,140887,FINAL,Bishop Feehan,4042,1.0,0.0,Walpole,4404,2.0,1.0,Catholic Central,Bay State,3:30 P.M.,,0,2026,1607.3572097584758,1743.5106532163456,1599.486617679406,1751.3812452954155,0.3784954720444678,0.6215045279555322,-2.153836086446745,-1.0
2026-09-21,140794,FINAL,Whitman-Hanson,4427,2.0,1.0,Plymouth North,4315,1.0,0.0,Patriot,Patriot,4:00 P.M.,,0,2026,1428.2848863646657,1333.7457761536393,1434.5900684276858,1327.4405940906192,0.6967848368592982,0.30321516314070185,3.613477755275659,1.0
2026-09-21,140747,FINAL,Central Catholic,4081,7.0,1.0,Dracut,4119,0.0,0.0,Merrimack Valley,Merrimack Valley,7:00 P.M.,,0,2026,1555.957585048988,1306.0742126929772,1565.3815498085055,1296.6502479334597,0.8489343641770207,0.15106563582297927,7.49708430890027,7.0
2026-09-21,140588,FINAL,Tewksbury,4389,0.0,0.0,Chelmsford,4085,5.0,1.0,Merrimack Valley,Merrimack Valley,4:00 P.M.,,0,2026,1413.3101065511833,1554.9147854503722,1393.3601679661178,1574.8647240354376,0.3711424241123254,0.6288575758876747,-2.290116972479723,-5.0
2026-09-21,140473,FINAL,Durfee,4122,2.0,1.0,Seekonk,4344,1.0,0.0,Big Three,South Coast,5:15 P.M.,,0,2026,1558.8845001259035,1490.3005934117118,1565.8646850799112,1483.3204084577042,0.6643240594121831,0.3356759405878169,2.9645976678547923,1.0
2026-09-21,143883,FINAL,Manchester Essex,4229,1.0,0.0,Masconomet,4236,2.0,1.0,Cape Ann,Northeastern,4:00 P.M.,,0,2026,1643.084971784056,1579.7332574931318,1629.4110899257053,1593.4071393514826,0.6575747182248078,0.34242528177519216,2.8337928572731075,-1.0
2026-09-21,145284,FINAL,Quabbin,4325,5.0,1.0,Narragansett,4266,0.0,0.0,Mid-Wach,Mid-Wach,3:30 P.M.,,0,2026,1615.5412961773493,1555.5399008224983,1634.181741105534,1536.8994558943136,0.6532189867312262,0.34678101326877375,2.750034883871274,5.0
2026-09-22,143956,UPCOMING,Melrose,4244,,,Wilmington,4432,,,Middlesex,Middlesex,4:15 P.M.,,0,2026,1461.837870010909,1386.252080261021,,,0.673251878496593,0.32674812150340704,3.1396447437471977,
2026-09-22,144109,UPCOMING,Dedham,4108,,,Ursuline,4448,,,Tri-Valley,Catholic Conference,3:45 P.M.,,0,2026,1547.951911192036,1493.7445805399807,,,0.6456255605340181,0.3543744394659819,2.605183266301384,
2026-09-22,144253,UPCOMING,Simsbury (Conn.),4700,,,Longmeadow,4214,,,Independent,Suburban,3:45 P.M.,,0,2026,1493.1748489346348,1603.57681405786,,,0.4139398729845852,0.5860601270154149,-1.5100491280806296,
2026-09-22,145419,UPCOMING,Tahanto,4513,,,Clinton,4093,,,Mid-Wach,Mid-Wach,4:00 P.M.,,0,2026,1479.1893692412118,1578.1687475325018,,,0.42997627113444986,0.5700237288655501,-1.2244844572822502,
2026-09-22,151598,FINAL,BB&N,4028,6.0,1.0,Winsor,4436,3.0,0.0,ISL,EIL,,,0,2026,1516.226535785413,1493.1284444268927,1532.7093779529241,1476.6456022593816,0.6036714224196061,0.39632857758039386,1.8274522839630094,3.0
2026-09-22,139443,FINAL,Revere,4329,1.0,0.0,Essex Tech,4745,6.0,1.0,Greater Boston,Cape Ann,4:30 P.M.,,0,2026,1415.2497159795248,1516.5036369296063,1392.3096334801403,1539.4437194289908,0.42677012722895985,0.5732298727710401,-1.2813480237520367,-5.0
2026-09-22,144407,FINAL,Bishop Fenwick,4043,4.0,1.0,Marblehead,4231,2.0,0.0,Catholic Central,Northeastern,4:00 P.M.,,0,2026,1556.9753292786086,1480.44433084324,1567.70500223244,1469.7146578894087,0.674447692951522,0.32555230704847804,3.1632749608842117,2.0
2026-09-22,144436,FINAL,Southwick,4519,0.0,0.0,Westfield,4419,1.0,1.0,Valley League,Valley League,5:00 P.M.,,0,2026,1486.3188275083073,1498.251407082893,1474.7869674006702,1509.7832671905303,0.5545652463171187,0.4454347536828813,0.9516855106353603,-1.0
2026-09-22,144456,FINAL,Wakefield,4402,1.0,2.0,Burlington,4065,1.0,2.0,Middlesex,Middlesex,4:15 P.M.,,0,2026,1348.650969614646,1368.0151277100956,1348.650969614646,1368.0151277100956,0.5439746092602958,0.45602539073970416,0.7658960476137622,0.0
2026-09-22,144557,FINAL,Apponequet,4011,2.0,2.0,Seekonk,4344,2.0,2.0,South Coast,South Coast,4:00 P.M.,,0,2026,1464.77050526326,1483.3204084577042,1464.77050526326,1483.3204084577042,0.5451371105130743,0.45486288948692566,0.7862524201388965,0.0
2026-09-22,144582,FINAL,Smith Academy,4538,0.0,0.0,Amherst-Pelham,4008,1.0,1.0,Valley League,County,4:00 P.M.,,0,2026,1484.9752707943853,1446.3163603582602,1471.981022243704,1459.3106089089415,0.6248912648048842,0.3751087351951158,2.2164727609031276,-1.0
2026-09-22,144666,FINAL,Notre Dame (Hingham),4449,0.0,0.0,Sandwich,4340,3.0,1.0,Catholic Conference,Cape & Islands,4:00 P.M.,,0,2026,1526.654428341161,1773.7616303247542,1516.5356256721636,1783.8804329937516,0.24330577383827454,0.7566942261617254,-4.927680049589827,-3.0
2026-09-22,144675,FINAL,St. John Paul II,4689,1.0,2.0,Bishop Stang,4045,1.0,2.0,Cape & Islands,Catholic Central,4:00 P.M.,,0,2026,1506.0178723552556,1493.0034063076791,1506.0178723552556,1493.0034063076791,0.5897036515276584,0.41029634847234164,1.5753616511894108,0.0
2026-09-22,144389,FINAL,Ashland,4015,3.0,1.0,Norwood,4297,2.0,0.0,Tri-Valley,Tri-Valley,4:30 P.M.,,0,2026,1426.716231218811,1604.4706034484898,1440.7730908140586,1590.413743853242,0.3240079457154558,0.6759920542845441,-3.1938593057419724,1.0
2026-09-22,144990,FINAL,Fairhaven,4133,0.0,0.0,Old Rochester,4301,2.0,1.0,South Coast,South Coast,3:30 P.M.,,0,2026,1345.9798185950676,1577.8945937832125,1337.418358152738,1586.4560542255422,0.2597659043940838,0.7402340956059161,-4.547869379703622,-2.0
2026-09-22,145197,FINAL,St. Paul,4954,1.0,0.0,St. Bernard’s,4365,3.0,1.0,CMAC,CMAC,3:45 P.M.,,0,2026,1563.9457017055793,1491.498001916397,1541.8877973955928,1513.5559062263835,0.6692656586710272,0.33073434132897284,3.061192494729556,-2.0
2026-09-22,145219,FINAL,West Bridgewater,4415,8.0,1.0,Joseph Case,4078,0.0,0.0,South Coast,South Coast,3:45 P.M.,,0,2026,1646.3531048571983,1434.338966113899,1658.2968639769347,1422.3952069941627,0.8188053655972327,0.18119463440276729,6.550353468582483,8.0
2026-09-22,145532,FINAL,Leicester,4207,0.0,0.0,Oxford,4303,4.0,1.0,CMAC,CMAC,3:30 P.M.,,0,2026,1382.4523761161076,1348.3551058030664,1352.5788157424154,1378.2286661767587,0.6187162226616895,0.38128377733831054,2.102431757826031,-4.0
2026-09-22,145551,FINAL,Sutton,4512,2.0,0.0,Hopedale,4507,3.0,1.0,CMAC,CMAC,4:00 P.M.,,0,2026,1668.7092961355588,1560.7382412964232,1653.8856216983083,1575.5619157336737,0.7128680532791248,0.28713194672087516,3.94927637097839,-1.0
2026-09-22,151490,FINAL,Worcester South,4444,4.0,1.0,Monty Tech,4259,3.0,0.0,CMAC,CMAC,,,0,2026,1458.6309660439745,1501.3811238246064,1468.811249579749,1491.2008402888318,0.5104318476031472,0.4895681523968528,0.1812460554842005,1.0
2026-09-22,151549,FINAL,Phillips Andover,4310,6.0,1.0,Brooks,4060,0.0,0.0,Independent,ISL,,,0,2026,1669.7886824562681,1488.2439351316605,1681.971068025973,1476.0615495619556,0.7913164083206518,0.20868359167934825,5.788618683115192,6.0
2026-09-22,139141,FINAL,Winchester,4434,3.0,1.0,Lexington,4209,1.0,0.0,Middlesex,Middlesex,4:15 P.M.,,0,2026,1608.779725214257,1558.7418118622697,1620.640938545352,1546.8805985311749,0.6401152783549401,0.3598847216450599,2.5009478337996827,2.0
2026-09-22,145172,FINAL,Uxbridge,4398,0.0,0.0,Notre Dame Academy-Worcester,4451,6.0,1.0,CMAC,CMAC,7:00 P.M.,,0,2026,1800.434138463432,1466.5603938797135,1747.8290598077133,1519.1654725354324,0.9011220907134745,0.09887790928652551,9.596843614592961,-6.0
2026-09-22,144376,FINAL,Watertown,4409,4.0,1.0,Stoneham,4380,0.0,0.0,Middlesex,Middlesex,4:15 P.M.,,0,2026,1723.683292947432,1431.098902636073,1729.581863437884,1425.200332145621,0.877833736343989,0.12216626365601102,8.564609757783973,4.0
2026-09-22,144708,FINAL,Dover-Sherborn,4118,4.0,1.0,Medway,4243,1.0,0.0,Tri-Valley,Tri-Valley,4:00 P.M.,,0,2026,1666.1871822859382,1521.3654774060126,1676.4070611304564,1511.1455985614944,0.754263857875456,0.24573614212454398,4.8705426219981405,3.0
2026-09-22,144298,FINAL,Northampton,4291,0.0,0.0,South Hadley,4353,4.0,1.0,Valley League,Suburban,4:30 P.M.,,0,2026,1433.6647219927327,1535.4232754545048,1413.093226244251,1555.9947712029866,0.4260596321558748,0.5739403678441253,-1.2939638365443045,-4.0
2026-09-22,139486,FINAL,Malden,4227,0.0,0.0,Arlington Catholic,4014,10.0,1.0,Greater Boston,Catholic Central,4:15 P.M.,,0,2026,1339.7201318680072,1323.9298312927206,1297.020987906747,1366.6289752539808,0.5935642039310836,0.40643579606891644,1.6447575143821667,-10.0
2026-09-22,144324,FINAL,Westwood,4424,3.0,1.0,Holliston,4174,0.0,0.0,Tri-Valley,Tri-Valley,5:30 P.M.,,0,2026,1526.468131235323,1455.2958929185586,1540.2906588495193,1441.4733653043622,0.6676384659741361,0.3323615340258639,3.0293059579191093,3.0
2026-09-22,139605,FINAL,Taunton,4388,4.0,1.0,Sharon,4345,1.0,0.0,Hockomock,Hockomock,3:45 P.M.,,0,2026,1394.9174146429723,1327.3649550979837,1408.9329036679833,1313.3494660729727,0.6629987247997149,0.3370012752002851,2.938811488624714,3.0
2026-09-22,139727,FINAL,King Philip,4197,7.0,1.0,Oliver Ames,4302,1.0,0.0,Hockomock,Hockomock,3:45 P.M.,,0,2026,1667.8652120803176,1471.8708249254014,1679.265154506113,1460.470882499606,0.8047196161424393,0.19528038385756075,6.149859678872906,6.0
2026-09-22,139767,FINAL,Franklin,4144,8.0,1.0,Attleboro,4018,0.0,0.0,Hockomock,Hockomock,3:45 P.M.,,0,2026,1735.8250455697544,1608.9916024546653,1753.3213125153645,1591.4953355090552,0.7345701917761862,0.2654298082238138,4.420836077877226,8.0
2026-09-22,139824,FINAL,Tantasqua,4387,0.0,0.0,Doherty,4116,2.0,1.0,CMAC,CMAC,4:00 P.M.,,0,2026,1457.915740953854,1638.9988919745895,1447.3748244373855,1649.539808491058,0.31982518992961334,0.6801748100703866,-3.2770787755183846,-2.0
2026-09-22,140244,FINAL,North Attleborough,4284,0.0,0.0,Canton,4071,6.0,1.0,Hockomock,Hockomock,6:30 P.M.,,0,2026,1472.8860075073817,1733.2868630992143,1459.4887057759472,1746.6841648306488,0.22949503840038565,0.7705049615996143,-5.260021389795815,-6.0
2026-09-22,140271,FINAL,Mansfield,4230,2.0,1.0,Foxborough,4142,1.0,0.0,Hockomock,Hockomock,6:30 P.M.,,0,2026,1443.28485434904,1540.771286032676,1455.0943374506928,1528.9618029310232,0.43208390979278155,0.5679160902072184,-1.1871607920909013,1.0
2026-09-22,140335,FINAL,Bellingham,4033,6.0,1.0,Stoughton,4381,2.0,0.0,Tri-Valley,Hockomock,4:30 P.M.,,0,2026,1396.18851756641,1400.0445630535223,1417.1424929283864,1379.0905876915458,0.5660187696567549,0.4339812303432451,1.15359886282219,4.0
2026-09-22,139884,FINAL,Reading,4328,1.0,1.0,Arlington,4013,0.0,0.0,Middlesex,Middlesex,4:00 P.M.,,0,2026,1614.165544650887,1480.7816327498883,1619.5334780378596,1475.4136993629158,0.7418569707597522,0.2581430292402478,4.584597797524969,1.0
2026-09-22,140493,FINAL,Belmont,4034,8.0,1.0,Woburn,4438,1.0,0.0,Middlesex,Middlesex,4:30 P.M.,,0,2026,1699.3655715241455,1368.5737093268947,1705.633211007122,1362.306069843918,0.8995300844425534,0.10046991555744655,9.51979655493127,7.0
2026-09-22,140599,FINAL,Concord-Carlisle,4097,1.0,2.0,Wellesley,4413,1.0,2.0,Dual County,Bay State,4:30 P.M.,,0,2026,1627.5989036690837,1631.0304747325981,1627.5989036690837,1631.0304747325981,0.5666188905344334,0.4333811094655666,1.1642107234121397,0.0
2026-09-22,140680,FINAL,Hopkinton,4180,3.0,1.0,Medfield,4241,2.0,0.0,Tri-Valley,Tri-Valley,6:15 P.M.,,0,2026,1563.2034598948017,1620.194079752582,1573.80983765654,1609.5877019908437,0.48994104671151056,0.5100589532884894,-0.17476549644450756,1.0
2026-09-22,140811,FINAL,Saugus,4341,7.0,1.0,Peabody,4306,0.0,0.0,Northeastern,Northeastern,7:00 P.M.,,0,2026,1448.3113874586127,1415.223118633526,1472.1826441596268,1391.3518619325118,0.6173450704184376,0.38265492958156244,2.0772067206271685,7.0
2026-09-22,140911,FINAL,Gloucester,4150,7.0,1.0,Malden Catholic,4228,2.0,0.0,Northeastern,Catholic Conference,4:30 P.M.,,0,2026,1580.917297680448,1561.9024698020341,1602.5240739845162,1540.2956934979659,0.5980342846394591,0.40196571536054093,1.7253706969603457,5.0
2026-09-22,143691,FINAL,Worcester Tech/Worcester North,4445,1.0,0.0,Bay Path/David Prouty,4027,7.0,1.0,CMAC,CMAC,3:30 P.M.,,0,2026,1339.715985320438,1405.6984711973594,1311.8691024895445,1433.5453540282529,0.47701556423202873,0.5229844357679713,-0.3995621469230343,-6.0
2026-09-22,144211,FINAL,Auburn,4019,0.0,0.0,Frontier,4146,8.0,1.0,CMAC,Suburban,4:30 P.M.,,0,2026,1527.0937191710614,1636.8341498324676,1499.747238172457,1664.180630831072,0.4148639952522536,0.5851360047477464,-1.4935107665351552,-8.0
2026-09-23,144503,UPCOMING,Martha’s Vineyard,4235,,,Falmouth,4134,,,Cape & Islands,Cape & Islands,3:00 P.M.,,0,2026,1402.3491926374884,1470.0701298787314,,,0.4745196132555956,0.5254803867444044,-0.4430234310310766,
2026-09-23,140850,UPCOMING,Westborough,4418,,,Groton-Dunstable,4160,,,Mid-Wach,Mid-Wach,6:00 P.M.,,0,2026,1469.8743297453643,1559.218062995719,,,0.44362060217124266,0.5563793978287573,-0.9835933312588679,
2026-09-23,143867,UPCOMING,Hanover,4164,,,Scituate,4343,,,Patriot,Patriot,4:00 P.M.,,0,2026,1565.2208449227915,1583.6029100514381,,,0.5453766700386838,0.45462332996131616,0.7904483717838332,
2026-09-23,143940,UPCOMING,Minnechaug,4254,,,Simsbury (Conn.),4700,,,Suburban,Independent,5:30 P.M.,,0,2026,1496.9368803452908,1493.1748489346348,,,0.5767581176427312,0.4232418823572688,1.3440507852663983,
2026-09-23,144001,UPCOMING,Nauset,4271,,,Dennis-Yarmouth,4111,,,Cape & Islands,Cape & Islands,4:00 P.M.,,0,2026,1515.2254375452922,1727.5982270595068,,,0.28197359514728665,0.7180264048527134,-4.0593197378553665,
2026-09-23,144028,UPCOMING,Marlborough,4233,,,North Middlesex,4286,,,Mid-Wach,Mid-Wach,4:00 P.M.,,0,2026,1611.3186951893726,1447.2469349578462,,,0.7742201945134174,0.2257798054865826,5.351794005788162,
2026-09-23,144170,UPCOMING,Duxbury,4123,,,Pembroke,4308,,,Patriot,Patriot,4:00 P.M.,,0,2026,1599.2469278811982,1430.5910070348025,,,0.7787995961526888,0.2212004038473112,5.466398021159892,
2026-09-23,143834,UPCOMING,Fitchburg,4139,,,Maynard,4239,,,Mid-Wach,Mid-Wach,6:00 P.M.,,0,2026,1362.4669960601382,1496.7421642819243,,,0.38104222372524243,0.6189577762747576,-2.106879205544652,
2026-09-23,144742,UPCOMING,Oakmont,4299,,,Quabbin,4325,,,Mid-Wach,Mid-Wach,7:00 P.M.,,0,2026,1542.822870219177,1634.181741105534,,,0.44075936173360025,0.5592406382663997,-1.0339717721589239,
2026-09-23,145509,UPCOMING,Cohasset,4094,,,Carver,4077,,,South Shore,South Shore,4:30 P.M.,,0,2026,1648.3521163963273,1459.9409007414438,,,0.7977684844498184,0.2022315155501816,5.960280391372089,
2026-09-23,145073,UPCOMING,Lynnfield,4223,,,Hamilton-Wenham,4163,,,Cape Ann,Cape Ann,4:00 P.M.,,0,2026,1618.2819321712454,1479.012460748554,,,0.7482918244601304,0.25170817553986957,4.731736785567284,
2026-09-23,145099,UPCOMING,Pentucket,4309,,,Rockport,4490,,,Cape Ann,Cape Ann,4:00 P.M.,,0,2026,1447.3772546396754,1426.3396685919315,,,0.6008301379945455,0.39916986200545446,1.775939651193596,
2026-09-23,145260,UPCOMING,Nipmuc,4281,,,Quaboag,4510,,,CMAC,CMAC,4:00 P.M.,,0,2026,1476.3772979721575,1541.235353328832,,,0.47863056500907275,0.5213694349909272,-0.37145138391686033,
2026-09-23,145272,UPCOMING,Triton,4395,,,Amesbury,4007,,,Cape Ann,Cape Ann,4:00 P.M.,,0,2026,1444.0370911256218,1364.388654945888,,,0.6783755300546018,0.3216244699453982,3.2412109044933457,
2026-09-23,145318,UPCOMING,Gardner,4147,,,Tahanto,4513,,,Mid-Wach,Mid-Wach,6:00 P.M.,,0,2026,1443.5661684217116,1479.1893692412118,,,0.5206780762739097,0.4793219237260903,0.35941997951249505,
2026-09-23,145376,UPCOMING,Newburyport,4276,,,Ipswich,4190,,,Cape Ann,Cape Ann,4:00 P.M.,,0,2026,1667.5036042473726,1610.075298901505,,,0.649856167174591,0.35014383282540895,2.6857076336466887,
2026-09-23,145488,UPCOMING,Lunenburg,4219,,,Clinton,4093,,,Mid-Wach,Mid-Wach,4:00 P.M.,,0,2026,1541.9875098169737,1578.1687475325018,,,0.5198763175903484,0.48012368240965164,0.3454690571117965,
2026-09-23,145513,UPCOMING,North Reading,4288,,,Manchester Essex,4229,,,Cape Ann,Cape Ann,4:00 P.M.,,0,2026,1548.277294384014,1629.4110899257053,,,0.4553144110049138,0.5446855889950861,-0.7783448885422786,
2026-09-23,140828,UPCOMING,Grafton,4153,,,Algonquin,4005,,,Mid-Wach,Mid-Wach,4:00 P.M.,,0,2026,1517.6993077109964,1543.156444062006,,,0.5352613878671683,0.46473861213283174,0.6135715912247633,
2026-09-23,145583,UPCOMING,Narragansett,4266,,,Bromfield,4505,,,Mid-Wach,Mid-Wach,4:00 P.M.,,0,2026,1536.8994558943136,1516.2334679817752,,,0.6003170023408334,0.3996829976591666,1.7666496978134603,
2026-09-23,144972,UPCOMING,East Bridgewater,4126,,,Norwell,4296,,,South Shore,South Shore,4:00 P.M.,,0,2026,1472.0199342134085,1458.1043544796223,,,0.5909581315304522,0.4090418684695478,1.5978894933446555,
2026-09-23,140696,UPCOMING,Plymouth North,4315,,,Plymouth South,4316,,,Patriot,Patriot,4:00 P.M.,,0,2026,1327.4405940906192,1401.143155539353,,,0.4659420927651155,0.5340579072348846,-0.5925640362183457,
2026-09-23,144301,UPCOMING,Holyoke,4176,,,Northampton,4291,,,County,Valley League,4:30 P.M.,,0,2026,1440.3839693752811,1413.093226244251,,,0.6094310470450872,0.3905689529549128,1.932268578275756,
2026-09-23,140565,UPCOMING,Waltham,4405,,,Weston,4423,,,Dual County,Dual County,6:00 P.M.,,0,2026,1540.2011468490039,1511.7096183983754,,,0.6110750903320565,0.38892490966794346,1.9622882112657123,
2026-09-23,140638,UPCOMING,Central Catholic,4081,,,North Andover,4283,,,Merrimack Valley,Merrimack Valley,7:00 P.M.,,0,2026,1565.3815498085055,1532.3347962277662,,,0.617288614331912,0.38271138566808804,2.076168839518482,
2026-09-23,139238,UPCOMING,Leominster,4208,,,Nashoba,4267,,,Mid-Wach,Mid-Wach,6:30 P.M.,,0,2026,1395.651571045589,1689.3798111837343,,,0.19733850338140935,0.8026614966185907,-6.093206003453633,
2026-09-23,139271,UPCOMING,Durfee,4122,,,New Bedford,4273,,,Big Three,Big Three,5:15 P.M.,,0,2026,1565.8646850799112,1428.2397697963631,,,0.7465045489774554,0.25349545102254456,4.690622882088701,
2026-09-23,139373,UPCOMING,Malden,4227,,,Everett,4132,,,Greater Boston,Greater Boston,4:15 P.M.,,0,2026,1297.020987906747,1372.568818624069,,,0.46329983870869684,0.5367001612913032,-0.6386957679330522,
2026-09-23,139540,UPCOMING,Marshfield,4234,,,Silver Lake,4349,,,Patriot,Patriot,4:00 P.M.,,0,2026,1502.807675357152,1499.1756931944212,,,0.5765753619845931,0.42342463801540686,1.3407995540682691,
2026-09-23,139580,UPCOMING,Framingham,4143,,,Wellesley,4413,,,Bay State,Bay State,4:00 P.M.,,0,2026,1303.230618302205,1631.0304747325981,,,0.16810121386956364,0.8318987861304363,-6.94499641075983,
2026-09-23,139656,UPCOMING,Shrewsbury,4348,,,Wachusett,4400,,,Mid-Wach,Mid-Wach,6:30 P.M.,,0,2026,1471.3362543202024,1503.7052322851957,,,0.5253513227093392,0.47464867729066085,0.44077555087516773,
2026-09-23,139786,UPCOMING,Bridgewater-Raynham,4053,,,Barnstable,4024,,,Pioneer,Pioneer,4:00 P.M.,,0,2026,1394.813479895962,1435.107742787271,,,0.5139640462381263,0.4860359537618737,0.24264342771727457,
2026-09-23,139861,UPCOMING,Newton South,4280,,,Acton-Boxborough,4003,,,Dual County,Dual County,4:30 P.M.,,0,2026,1365.1122947434956,1549.42954123406,,,0.3157889690569522,0.6842110309430478,-3.3579311622641113,
2026-09-23,139927,UPCOMING,Hingham,4171,,,Whitman-Hanson,4427,,,Patriot,Patriot,4:00 P.M.,,0,2026,1710.1534451687066,1434.5900684276858,,,0.8669312130865212,0.1330687869134788,8.139084418525522,
2026-09-23,139208,UPCOMING,Newton North,4279,,,Brookline,4059,,,Bay State,Bay State,4:30 P.M.,,0,2026,1439.340291097762,1506.615361962656,,,0.47515964168191044,0.5248403583180896,-0.4318767716223476,
2026-09-23,140147,UPCOMING,Dracut,4119,,,Methuen,4246,,,Merrimack Valley,Merrimack Valley,5:30 P.M.,,0,2026,1296.6502479334597,1492.1854448632184,,,0.3020050903254009,0.6979949096745991,-3.6383799232439684,
2026-09-23,140108,UPCOMING,Andover,4009,,,Chelmsford,4085,,,Merrimack Valley,Merrimack Valley,7:00 P.M.,,0,2026,1709.108175418179,1574.8647240354376,,,0.7428033862135905,0.25719661378640946,4.6060862845685335,
2026-09-23,140519,UPCOMING,Lincoln-Sudbury,4211,,,Bedford,4031,,,Dual County,Dual County,4:00 P.M.,,0,2026,1664.606524205833,1571.093970119569,,,0.6955348885370418,0.3044651114629582,3.5878138521566028,
2026-09-23,140450,UPCOMING,Haverhill,4167,,,Tewksbury,4389,,,Merrimack Valley,Merrimack Valley,6:30 P.M.,,0,2026,1315.6471679305273,1393.3601679661178,,,0.4602021540335186,0.5397978459664814,-0.6928250008897635,
2026-09-23,140367,UPCOMING,Belchertown,4032,,,Agawam,4004,,,County,Suburban,4:00 P.M.,,0,2026,1618.4737388693748,1483.032196399554,,,0.7441187815393657,0.2558812184606343,4.636038561745517,
2026-09-23,140548,UPCOMING,Wayland,4411,,,Westford,4421,,,Dual County,Dual County,4:00 P.M.,,0,2026,1428.1607144634143,1398.7056921871765,,,0.6123924258238169,0.3876075741761831,1.9863755569059436,
2026-09-23,140298,UPCOMING,West Springfield,4417,,,Palmer,4304,,,Suburban,County,7:00 P.M.,,0,2026,1458.186643822023,1370.6240657584704,,,0.6882335416912782,0.31176645830872185,3.439064451588814,
2026-09-23,140181,UPCOMING,Walpole,4404,,,Needham,4272,,,Bay State,Bay State,4:00 P.M.,,0,2026,1751.3812452954155,1414.0743339487658,,,0.9028690800784861,0.0971309199215139,9.682672783666243,
2026-09-23,140158,UPCOMING,Milton,4252,,,Braintree,4051,,,Bay State,Bay State,4:30 P.M.,,0,2026,1580.1776831372706,1466.358193062768,,,0.7197094387626412,0.28029056123735885,4.095487251862568,
2026-09-23,140301,UPCOMING,Weymouth,4425,,,Natick,4270,,,Bay State,Bay State,4:00 P.M.,,0,2026,1337.026771373496,1602.3304401321232,,,0.22454261031461095,0.775457389685389,-5.382591718965676,
2026-09-24,144273,UPCOMING,Shepherd Hill,4347,,,Blackstone-Millville,4486,,,Mid-Wach,CMAC,4:00 P.M.,,0,2026,1473.1389014769027,1434.9144028690446,,,0.6243049182184559,0.3756950817815441,2.2056124651964524,
2026-09-24,143715,UPCOMING,Tantasqua,4387,,,St. Bernard’s,4365,,,CMAC,CMAC,4:00 P.M.,,0,2026,1447.3748244373855,1513.5559062263835,,,0.4767303732049683,0.5232696267950316,-0.40452704472494927,
2026-09-24,143749,UPCOMING,North Brookfield,4508,,,Worcester Tech/Worcester North,4445,,,Independent,CMAC,3:45 P.M.,,0,2026,1470.4369576060892,1311.8691024895445,,,0.7686338299873096,0.23136617001269044,5.214196377913618,
2026-09-24,144112,UPCOMING,Norwood,4297,,,Dedham,4108,,,Tri-Valley,Tri-Valley,4:00 P.M.,,0,2026,1590.413743853242,1547.951911192036,,,0.6300084568617258,0.3699915431382742,2.3115458165301503,
2026-09-24,144174,UPCOMING,Somerset Berkley,4350,,,Fairhaven,4133,,,South Coast,South Coast,3:30 P.M.,,0,2026,1767.8589435692236,1337.418358152738,,,0.9407904915223138,0.059209508477686246,12.011014635412142,
2026-09-24,144214,UPCOMING,Apponequet,4011,,,Dartmouth,4105,,,South Coast,Pioneer,4:00 P.M.,,0,2026,1464.77050526326,1557.9854764203783,,,0.43812740669344274,0.5618725933065573,-1.0803742789279567,
2026-09-24,144217,UPCOMING,Auburn,4019,,,Nipmuc,4281,,,CMAC,CMAC,3:30 P.M.,,0,2026,1499.747238172457,1476.3772979721575,,,0.6040457645000912,0.3959542354999088,1.8342485050074857,
2026-09-24,144410,UPCOMING,Marblehead,4231,,,Saugus,4341,,,Northeastern,Northeastern,4:00 P.M.,,0,2026,1469.7146578894087,1472.1826441596268,,,0.567980476591813,0.43201952340818695,1.1883003432445491,
2026-09-24,145007,UPCOMING,Old Rochester,4301,,,West Bridgewater,4415,,,South Coast,South Coast,3:45 P.M.,,0,2026,1586.4560542255422,1658.2968639769347,,,0.46860988583754487,0.5313901141624551,-0.5460202437848125,
2026-09-24,144476,UPCOMING,Ashland,4015,,,Dover-Sherborn,4118,,,Tri-Valley,Tri-Valley,4:30 P.M.,,0,2026,1440.7730908140586,1676.4070611304564,,,0.255670362041501,0.7443296379584989,-4.640849257909946,
2026-09-24,144585,UPCOMING,Amherst-Pelham,4008,,,Hampshire,4518,,,County,County,4:30 P.M.,,0,2026,1459.3106089089415,1443.9890037427217,,,0.5929131522978001,0.40708684770219994,1.633040129155495,
2026-09-24,144676,UPCOMING,Bishop Stang,4045,,,Dighton-Rehoboth,4114,,,Catholic Central,South Coast,3:30 P.M.,,0,2026,1493.0034063076791,1374.9496257227213,,,0.7246000265056949,0.2753999734943051,4.201344514623946,
2026-09-24,145174,UPCOMING,Sutton,4512,,,Uxbridge,4398,,,CMAC,CMAC,4:45 P.M.,,0,2026,1653.8856216983083,1747.8290598077133,,,0.4370953809766475,0.5629046190233524,-1.0985859527351238,
2026-09-24,145220,UPCOMING,Seekonk,4344,,,Joseph Case,4078,,,South Coast,South Coast,3:45 P.M.,,0,2026,1483.3204084577042,1422.3952069941627,,,0.6544226247518138,0.3455773752481862,2.7731300365885376,
2026-09-24,145334,UPCOMING,South Hadley,4353,,,Southwick,4519,,,Suburban,Valley League,4:00 P.M.,,0,2026,1555.9947712029866,1474.7869674006702,,,0.6803308855645624,0.31966911443543755,3.2801950950579113,
2026-09-24,145449,UPCOMING,Rockport,4490,,,Amesbury,4007,,,Cape Ann,Cape Ann,4:00 P.M.,,0,2026,1426.3396685919315,1364.388654945888,,,0.6557568527657437,0.3442431472342563,2.798775341151088,
2026-09-24,145528,UPCOMING,Sturgis East,4456,,,Wareham/Mashpee,4407,,,Cape & Islands,Mayflower,3:45 P.M.,,0,2026,1393.2860183054322,1488.308654544367,,,0.4355674742905843,0.5644325257094157,-1.1255659059733716,
2026-09-24,144457,UPCOMING,Bedford,4031,,,Burlington,4065,,,Dual County,Middlesex,4:00 P.M.,,0,2026,1571.093970119569,1368.0151277100956,,,0.8110487203782618,0.1889512796217382,6.326971060236832,
2026-09-24,143693,UPCOMING,Bay Path/David Prouty,4027,,,Leicester,4207,,,CMAC,CMAC,3:30 P.M.,,0,2026,1433.5453540282529,1352.5788157424154,,,0.6800287648318724,0.31997123516812764,3.2741634571459373,
2026-09-24,143636,UPCOMING,Monty Tech,4259,,,St. Paul,4954,,,CMAC,CMAC,4:00 P.M.,,0,2026,1491.2008402888318,1541.8877973955928,,,0.4990113905423199,0.5009886094576801,-0.017173927669023214,
2026-09-24,140875,UPCOMING,Stoneham,4380,,,Woburn,4438,,,Middlesex,Middlesex,4:00 P.M.,,0,2026,1425.200332145621,1362.306069843918,,,0.6569815305200238,0.34301846947997616,2.822356557542571,
2026-09-24,143670,UPCOMING,Hopedale,4507,,,Blackstone Valley,4046,,,CMAC,CMAC,3:45 P.M.,,0,2026,1575.5619157336737,1514.6728823400167,,,0.6543755380144517,0.3456244619855483,2.772225834841424,
2026-09-24,139323,UPCOMING,Southeastern,4358,,,Westport,4461,,,Mayflower,Mayflower,3:30 P.M.,,0,2026,1437.2030310745904,1579.0902398311698,,,0.3707629153186748,0.6292370846813252,-2.297180218914485,
2026-09-24,139395,UPCOMING,Lowell,4216,,,Greater Lowell,4155,,,Merrimack Valley,Independent,3:45 P.M.,,0,2026,1543.8278835868687,1422.7697242415747,,,0.7280378070256864,0.27196219297431357,4.276453983632348,
2026-09-24,139612,UPCOMING,Oliver Ames,4302,,,Sharon,4345,,,Hockomock,Hockomock,3:45 P.M.,,0,2026,1460.470882499606,1313.3494660729727,,,0.7567092904722117,0.2432907095277883,4.928035410665831,
2026-09-24,139654,UPCOMING,Worcester South,4444,,,Oxford,4303,,,CMAC,CMAC,3:30 P.M.,,0,2026,1468.811249579749,1378.2286661767587,,,0.6919514517948343,0.3080485482051657,3.5145645850747598,
2026-09-24,139770,UPCOMING,North Attleborough,4284,,,Attleboro,4018,,,Hockomock,Hockomock,6:00 P.M.,,0,2026,1459.4887057759472,1591.4953355090552,,,0.3841268671630089,0.6158731328369911,-2.0501657433276987,
2026-09-24,139827,UPCOMING,Doherty,4116,,,Notre Dame Academy-Worcester,4451,,,CMAC,CMAC,3:45 P.M.,,0,2026,1649.539808491058,1519.1654725354324,,,0.7385253602703596,0.26147463972964036,4.50935839889064,
2026-09-24,139887,UPCOMING,Reading,4328,,,Belmont,4034,,,Middlesex,Middlesex,4:00 P.M.,,0,2026,1619.5334780378596,1705.633211007122,,,0.44823445961650776,0.5517655403834922,-0.9024933242315626,
2026-09-24,139730,UPCOMING,King Philip,4197,,,Stoughton,4381,,,Hockomock,Hockomock,3:45 P.M.,,0,2026,1679.265154506113,1379.0905876915458,,,0.8824425817912421,0.11755741820875787,8.75436417036418,
2026-09-24,140087,UPCOMING,Mansfield,4230,,,Taunton,4388,,,Hockomock,Hockomock,7:00 P.M.,,0,2026,1455.0943374506928,1408.9329036679833,,,0.6349587580233512,0.3650412419766488,2.4040358445677383,
2026-09-24,140233,UPCOMING,Arlington,4013,,,Malden Catholic,4228,,,Middlesex,Catholic Conference,4:30 P.M.,,0,2026,1475.4136993629158,1540.2956934979659,,,0.4785961773669712,0.5214038226330289,-0.3720498533762509,
2026-09-24,140350,UPCOMING,Watertown,4409,,,Natick,4270,,,Middlesex,Bay State,4:15 P.M.,,0,2026,1729.581863437884,1602.3304401321232,,,0.7350390582038615,0.2649609417961385,4.431285582644023,
2026-09-24,140384,UPCOMING,Canton,4071,,,Franklin,4144,,,Hockomock,Hockomock,3:45 P.M.,,0,2026,1746.6841648306488,1753.3213125153645,,,0.562082141494801,0.43791785850519904,1.0840713078821067,
2026-09-24,140684,UPCOMING,Hopkinton,4180,,,Bellingham,4033,,,Tri-Valley,Tri-Valley,4:30 P.M.,,0,2026,1573.80983765654,1417.1424929283864,,,0.7666825518162077,0.2333174481837923,5.1666836182038365,
2026-09-24,140765,UPCOMING,Beverly,4038,,,Danvers,4103,,,Northeastern,Northeastern,5:30 P.M.,,0,2026,1629.4767546758744,1466.637136996147,,,0.772977941847651,0.227022058152349,5.3209904419931835,
2026-09-24,140812,UPCOMING,Gloucester,4150,,,Peabody,4306,,,Northeastern,Northeastern,7:00 P.M.,,0,2026,1602.5240739845162,1391.3518619325118,,,0.8180852094324359,0.1819147905675641,6.52930530130011,
2026-09-24,139994,UPCOMING,Foxborough,4142,,,Milford,4249,,,Hockomock,Hockomock,5:00 P.M.,,0,2026,1528.9618029310232,1276.3209851653098,,,0.850958755967558,0.149041244032442,7.566020444142834,
2026-09-25,144394,UPCOMING,Hanover,4164,,,Norwell,4296,,,Patriot,South Shore,4:00 P.M.,,0,2026,1565.2208449227915,1458.1043544796223,,,0.7118600886434269,0.28813991135657313,3.9279122610792285,
2026-09-25,144137,UPCOMING,Quabbin,4325,,,Marlborough,4233,,,Mid-Wach,Mid-Wach,4:00 P.M.,,0,2026,1634.181741105534,1611.3186951893726,,,0.603347661522955,0.39665233847704495,1.8215761479040338,
2026-09-25,144256,UPCOMING,Longmeadow,4214,,,Westfield,4419,,,Suburban,Valley League,5:00 P.M.,,0,2026,1603.57681405786,1509.7832671905303,,,0.6958773170193226,0.30412268298067735,3.594838671683243,
2026-09-25,144326,UPCOMING,Westwood,4424,,,Medway,4243,,,Tri-Valley,Tri-Valley,4:30 P.M.,,0,2026,1540.2906588495193,1511.1455985614944,,,0.6119688090115267,0.3880311909884733,1.9786265072006244,
2026-09-25,144339,UPCOMING,Grafton,4153,,,Nashoba,4267,,,Mid-Wach,Mid-Wach,4:00 P.M.,,0,2026,1517.6993077109964,1689.3798111837343,,,0.33171262342190444,0.6682873765780956,-3.042012586818447,
2026-09-25,144362,UPCOMING,Gloucester,4150,,,Manchester Essex,4229,,,Northeastern,Cape Ann,4:30 P.M.,,0,2026,1602.5240739845162,1629.4110899257053,,,0.5332132770488958,0.46678672295110424,0.5778246014702745,
2026-09-25,144378,UPCOMING,Watertown,4409,,,Wakefield,4402,,,Middlesex,Middlesex,4:15 P.M.,,0,2026,1729.581863437884,1348.650969614646,,,0.9227732494410715,0.07722675055892847,10.77327234558095,
2026-09-25,144417,UPCOMING,Tewksbury,4389,,,Tyngsborough,4397,,,Merrimack Valley,Mid-Wach,3:45 P.M.,,0,2026,1393.3601679661178,1512.0329346471694,,,0.4024391481200955,0.5975608518799045,-1.71681916702629,
2026-09-25,145515,UPCOMING,Hampshire,4518,,,Mahar,4226,,,County,Valley League,4:00 P.M.,,0,2026,1443.9890037427217,1431.3998396169236,,,0.5891111633585376,0.41088883664146236,1.5647291031449526,
2026-09-25,145101,UPCOMING,Pentucket,4309,,,Triton,4395,,,Cape Ann,Cape Ann,5:30 P.M.,,0,2026,1447.3772546396754,1444.0370911256218,,,0.5761651987669278,0.42383480123307216,1.3335040878513382,
2026-09-25,145231,UPCOMING,Palmer,4304,,,Turners Falls,4396,,,County,Valley League,4:00 P.M.,,0,2026,1370.6240657584704,1458.0187066406525,,,0.44639163145422744,0.5536083685457726,-0.9348660220545526,
2026-09-25,145248,UPCOMING,Dennis-Yarmouth,4111,,,Monomoy,4706,,,Cape & Islands,Cape & Islands,4:00 P.M.,,0,2026,1727.5982270595068,1685.5118739218642,,,0.62950448995514,0.37049551004486003,2.3021588284410655,
2026-09-25,145346,UPCOMING,Maynard,4239,,,Littleton,4212,,,Mid-Wach,Mid-Wach,3:45 P.M.,,0,2026,1496.7421642819243,1460.8434531076148,,,0.6211595256649245,0.3788404743350755,2.1474677793577372,
2026-09-25,145377,UPCOMING,Ipswich,4190,,,Hamilton-Wenham,4163,,,Cape Ann,Cape Ann,4:00 P.M.,,0,2026,1610.075298901505,1479.012460748554,,,0.7392899792558522,0.26071002074414784,4.526570953823773,
2026-09-25,145436,UPCOMING,Quaboag,4510,,,Northbridge,4292,,,CMAC,CMAC,3:30 P.M.,,0,2026,1541.235353328832,1515.147448416942,,,0.6077816976443504,0.3922183023556496,1.902197622797246,
2026-09-25,145489,UPCOMING,Lunenburg,4219,,,Bromfield,4505,,,Mid-Wach,Mid-Wach,4:00 P.M.,,0,2026,1541.9875098169737,1516.2334679817752,,,0.6073234614404495,0.39267653855955054,1.8938510458799613,
2026-09-25,144083,UPCOMING,Groton-Dunstable,4160,,,North Middlesex,4286,,,Mid-Wach,Mid-Wach,4:00 P.M.,,0,2026,1559.218062995719,1447.2469349578462,,,0.7175580408291934,0.2824419591708066,4.049278200946821,
2026-09-25,145074,UPCOMING,Lynnfield,4223,,,North Reading,4288,,,Cape Ann,Cape Ann,4:00 P.M.,,0,2026,1618.2819321712454,1548.277294384014,,,0.666145361963416,0.333854638036584,3.0001159446807835,
2026-09-25,144005,UPCOMING,Sandwich,4340,,,Nauset,4271,,,Cape & Islands,Cape & Islands,4:30 P.M.,,0,2026,1783.8804329937516,1515.2254375452922,,,0.8622762236503285,0.13772377634967148,7.966374886211486,
2026-09-25,145461,UPCOMING,Frontier,4146,,,Greenfield,4157,,,Suburban,Suburban,4:00 P.M.,,0,2026,1664.180630831072,1549.8012336141817,,,0.7203591637470863,0.2796408362529137,4.109484930422258,
2026-09-25,143869,UPCOMING,Notre Dame (Hingham),4449,,,Scituate,4343,,,Catholic Conference,Patriot,4:00 P.M.,,0,2026,1516.5356256721636,1583.6029100514381,,,0.4754579412446296,0.5245420587553704,-0.4266821094818624,
2026-09-25,139145,UPCOMING,Lexington,4209,,,Brookline,4059,,,Middlesex,Bay State,4:15 P.M.,,0,2026,1546.8805985311749,1506.615361962656,,,0.6270562090283446,0.3729437909716554,2.256630914212974,
2026-09-25,139162,UPCOMING,Sharon,4345,,,Brockton,4058,,,Hockomock,Big Three,3:45 P.M.,,0,2026,1313.3494660729727,1352.587781814912,,,0.515482357512438,0.484517642487562,0.2690421064515192,
2026-09-25,143884,UPCOMING,Masconomet,4236,,,Swampscott,4383,,,Northeastern,Northeastern,4:30 P.M.,,0,2026,1593.4071393514826,1431.8654037813865,,,0.7716641979432539,0.22833580205674608,5.288543389252402,
2026-09-25,139240,UPCOMING,Leominster,4208,,,Wachusett,4400,,,Mid-Wach,Mid-Wach,6:30 P.M.,,0,2026,1395.651571045589,1503.7052322851957,,,0.41722300496931736,0.5827769950306827,-1.451341530990169,
2026-09-25,139374,UPCOMING,Everett,4132,,,Greater Lowell,4155,,,Greater Boston,Independent,4:30 P.M.,,0,2026,1372.568818624069,1422.7697242415747,,,0.49971087360724603,0.500289126392754,-0.005022640437641712,
2026-09-25,139488,UPCOMING,Malden,4227,,,Methuen,4246,,,Greater Boston,Merrimack Valley,4:15 P.M.,,0,2026,1297.020987906747,1492.1854448632184,,,0.3024551550921961,0.6975448449078039,-3.629111423911786,
2026-09-25,139658,UPCOMING,Algonquin,4005,,,Shrewsbury,4348,,,Mid-Wach,Mid-Wach,4:00 P.M.,,0,2026,1543.156444062006,1471.3362543202024,,,0.6684656045576725,0.33153439544232755,3.0455047435450866,
2026-09-25,140017,UPCOMING,Essex Tech,4745,,,Newburyport,4276,,,Cape Ann,Cape Ann,4:00 P.M.,,0,2026,1539.4437194289908,1667.5036042473726,,,0.38951560158916754,0.6104843984108325,-1.951497120459544,
2026-09-25,140299,UPCOMING,Mohawk Trail,4258,,,West Springfield,4417,,,Valley League,Suburban,4:00 P.M.,,0,2026,1411.380769410585,1458.186643822023,,,0.5045965867291433,0.4954034132708567,0.07985313971404935,
2026-09-25,139788,UPCOMING,Barnstable,4024,,,Falmouth,4134,,,Pioneer,Cape & Islands,3:30 P.M.,,0,2026,1435.107742787271,1470.0701298787314,,,0.5216273613560976,0.47837263864390245,0.37594032271348965,
2026-09-25,140371,UPCOMING,Agawam,4004,,,Minnechaug,4254,,,Suburban,Suburban,7:15 P.M.,,0,2026,1483.032196399554,1496.9368803452908,,,0.5517592520563706,0.44824074794362945,0.9023829013565831,
2026-09-25,140424,UPCOMING,Carver,4077,,,Silver Lake,4349,,,South Shore,Patriot,5:00 P.M.,,0,2026,1459.9409007414438,1499.1756931944212,,,0.5154874230696602,0.4845125769303398,0.2691301886755639,
2026-09-25,140521,UPCOMING,Lincoln-Sudbury,4211,,,Waltham,4405,,,Dual County,Dual County,4:15 P.M.,,0,2026,1664.606524205833,1540.2011468490039,,,0.7318360674333669,0.26816393256663307,4.360134433920729,
2026-09-25,140614,UPCOMING,Bridgewater-Raynham,4053,,,Plymouth North,4315,,,Pioneer,Patriot,4:00 P.M.,,0,2026,1394.813479895962,1327.4405940906192,,,0.6627677227120125,0.33723227728798755,2.9343221451335695,
2026-09-25,140852,UPCOMING,Westborough,4418,,,Oakmont,4299,,,Mid-Wach,Mid-Wach,4:00 P.M.,,0,2026,1469.8743297453643,1542.822870219177,,,0.4670223394536667,0.5329776605463332,-0.5737135118453182,
2026-09-25,140889,UPCOMING,Bishop Feehan,4042,,,Medfield,4241,,,Catholic Central,Tri-Valley,5:00 P.M.,,0,2026,1599.486617679406,1609.5877019908437,,,0.5571680682438315,0.44283193175616853,0.9974728922140571,
2026-09-25,143639,UPCOMING,Monty Tech,4259,,,Narragansett,4266,,,CMAC,Mid-Wach,4:00 P.M.,,0,2026,1491.2008402888318,1536.8994558943136,,,0.5061898734960463,0.49381012650395373,0.10753460986295522,
2026-09-25,143836,UPCOMING,Fitchburg,4139,,,Gardner,4147,,,Mid-Wach,Mid-Wach,4:00 P.M.,,0,2026,1362.4669960601382,1443.5661684217116,,,0.4553638402298005,0.5446361597701995,-0.7774793090393359,
2026-09-25,140305,UPCOMING,Weymouth,4425,,,Pembroke,4308,,,Bay State,Patriot,4:00 P.M.,,0,2026,1337.026771373496,1430.5910070348025,,,0.43763253313466205,0.562367466865338,-1.0891058915326597,
2026-09-26,144258,UPCOMING,Glastonbury (Conn.),4697,,,Longmeadow,4214,,,Independent,Suburban,2:00 P.M.,,0,2026,1512.236094697159,1603.57681405786,,,0.44078511734046,0.55921488265954,-1.0335179840175273,
2026-09-26,145077,UPCOMING,Monomoy,4706,,,Lynnfield,4223,,,Cape & Islands,Cape Ann,12:00 P.M.,,0,2026,1685.5118739218642,1618.2819321712454,,,0.6625837851501175,0.3374162148498825,2.930748543765469,
2026-09-26,144710,UPCOMING,Uxbridge,4398,,,Dover-Sherborn,4118,,,CMAC,Tri-Valley,11:30 A.M.,,0,2026,1747.8290598077133,1676.4070611304564,,,0.6679574188919962,0.3320425811080038,3.035549966931421,
2026-09-26,144678,UPCOMING,Bishop Stang,4045,,,Fairhaven,4133,,,Catholic Central,South Coast,11:00 A.M.,,0,2026,1493.0034063076791,1337.418358152738,,,0.765566239939521,0.234433760060479,5.13962620387353,
2026-09-26,140914,UPCOMING,Malden Catholic,4228,,,Ursuline,4448,,,Catholic Conference,Catholic Conference,2:00 P.M.,,0,2026,1540.2956934979659,1493.7445805399807,,,0.6354785369970507,0.3645214630029493,2.41377782394963,
2026-09-26,145111,UPCOMING,Nantucket,4265,,,West Bridgewater,4415,,,Cape & Islands,South Coast,1:00 P.M.,,0,2026,1549.146317424706,1658.2968639769347,,,0.4156885321850822,0.5843114678149177,-1.4787636638057164,
2026-09-26,140496,UPCOMING,Belmont,4034,,,Walpole,4404,,,Middlesex,Bay State,1:30 P.M.,,0,2026,1705.633211007122,1751.3812452954155,,,0.5061187650694355,0.49388123493056446,0.10629914279266472,
2026-09-26,140302,UPCOMING,West Springfield,4417,,,Smith Academy,4538,,,Suburban,Valley League,11:00 A.M.,,0,2026,1458.186643822023,1471.981022243704,,,0.5519162882031469,0.44808371179685313,0.9051405394579717,
2026-09-26,140110,UPCOMING,Beverly,4038,,,Andover,4009,,,Northeastern,Merrimack Valley,10:00 A.M.,,0,2026,1629.4767546758744,1709.108175418179,,,0.45746004889412184,0.5425399511058782,-0.7407855185576124,
2026-09-26,139448,UPCOMING,Arlington Catholic,4014,,,Revere,4329,,,Catholic Central,Greater Boston,10:00 A.M.,,0,2026,1366.6289752539808,1392.3096334801403,,,0.5349412993852205,0.4650587006147795,0.6079835443460126,
2026-09-26,140641,UPCOMING,Concord-Carlisle,4097,,,North Andover,4283,,,Dual County,Merrimack Valley,11:00 A.M.,,0,2026,1627.5989036690837,1532.3347962277662,,,0.6976658542820922,0.30233414571790784,3.631602686032937,
2026-09-28,144274,UPCOMING,Shepherd Hill,4347,,,Clinton,4093,,,Mid-Wach,Mid-Wach,4:00 P.M.,,0,2026,1473.1389014769027,1578.1687475325018,,,0.42146135492808934,0.5785386450719107,-1.3757461513899785,
2026-09-28,144220,UPCOMING,Auburn,4019,,,Sutton,4512,,,CMAC,CMAC,3:30 P.M.,,0,2026,1499.747238172457,1653.8856216983083,,,0.35446525080256136,0.6455347491974386,-2.603459588146285,
2026-09-28,144143,UPCOMING,Marlborough,4233,,,Oakmont,4299,,,Mid-Wach,Mid-Wach,4:00 P.M.,,0,2026,1611.3186951893726,1542.822870219177,,,0.6642109814495015,0.3357890185504985,2.96239562425489,
2026-09-28,143907,UPCOMING,Canton,4071,,,Foxborough,4142,,,Hockomock,Hockomock,6:00 P.M.,,0,2026,1746.6841648306488,1528.9618029310232,,,0.8236294857764799,0.17637051422352013,6.693059047490641,
2026-09-28,143694,UPCOMING,Gardner,4147,,,Bay Path/David Prouty,4027,,,Mid-Wach,CMAC,6:00 P.M.,,0,2026,1443.5661684217116,1433.5453540282529,,,0.5855277568267522,0.4144722431732478,1.5005203598364687,
2026-09-28,143642,UPCOMING,Monty Tech,4259,,,Tantasqua,4387,,,CMAC,CMAC,4:00 P.M.,,0,2026,1491.2008402888318,1447.3748244373855,,,0.6318370672226341,0.3681629327773659,2.3456503962861577,
2026-09-28,140876,UPCOMING,Woburn,4438,,,Burlington,4065,,,Middlesex,Middlesex,4:15 P.M.,,0,2026,1362.306069843918,1368.0151277100956,,,0.5633967398840795,0.43660326011592054,1.1072735533455613,
2026-09-28,140855,UPCOMING,North Middlesex,4286,,,Westborough,4418,,,Mid-Wach,Mid-Wach,6:00 P.M.,,0,2026,1447.2469349578462,1469.8743297453643,,,0.5393110441748115,0.46068895582518854,0.6843151303120465,
2026-09-28,140829,UPCOMING,Nashoba,4267,,,Algonquin,4005,,,Mid-Wach,Mid-Wach,4:00 P.M.,,0,2026,1689.3798111837343,1543.156444062006,,,0.7557563051149144,0.24424369488508557,4.905584178043211,
2026-09-28,140813,UPCOMING,Peabody,4306,,,Gloucester,4150,,,Northeastern,Northeastern,6:15 P.M.,,0,2026,1391.3518619325118,1602.5240739845162,,,0.2833749492745103,0.7166250507254897,-4.02930530130011,
2026-09-28,140700,UPCOMING,Duxbury,4123,,,Plymouth South,4316,,,Patriot,Patriot,4:00 P.M.,,0,2026,1599.2469278811982,1401.143155539353,,,0.8066207185807548,0.1933792814192452,6.202594308546128,
2026-09-28,140656,UPCOMING,Watertown,4409,,,Winchester,4434,,,Middlesex,Middlesex,4:15 P.M.,,0,2026,1729.581863437884,1620.640938545352,,,0.7140094666587085,0.28599053334129154,3.973523122313304,
2026-09-28,140917,UPCOMING,Notre Dame (Hingham),4449,,,Malden Catholic,4228,,,Catholic Conference,Catholic Conference,4:00 P.M.,,0,2026,1516.5356256721636,1540.2956934979659,,,0.5376906630826408,0.4623093369173592,0.6559983043549437,
2026-09-28,144538,UPCOMING,Groton-Dunstable,4160,,,Quabbin,4325,,,Mid-Wach,Mid-Wach,4:00 P.M.,,0,2026,1559.218062995719,1634.181741105534,,,0.46413607513624866,0.5358639248637513,-0.6240919527453741,
2026-09-28,144679,UPCOMING,Bishop Stang,4045,,,Seekonk,4344,,,Catholic Central,South Coast,3:45 P.M.,,0,2026,1493.0034063076791,1483.3204084577042,,,0.5850557463359692,0.41494425366403076,1.4920749462493745,
2026-09-28,144642,UPCOMING,Newburyport,4276,,,Triton,4395,,,Cape Ann,Cape Ann,4:00 P.M.,,0,2026,1667.5036042473726,1444.0370911256218,,,0.8283814977826894,0.17161850221731056,6.836662828043768,
2026-09-28,145040,UPCOMING,Frontier,4146,,,Belchertown,4032,,,Suburban,County,4:00 P.M.,,0,2026,1664.180630831072,1618.4737388693748,,,0.6343520634137891,0.36564793658621086,2.392672299042431,
2026-09-28,145079,UPCOMING,Lynnfield,4223,,,Pentucket,4309,,,Cape Ann,Cape Ann,4:00 P.M.,,0,2026,1618.2819321712454,1447.3772546396754,,,0.7810215712931288,0.21897842870687123,5.522616938289252,
2026-09-28,145184,UPCOMING,Hopedale,4507,,,Notre Dame Academy-Worcester,4451,,,CMAC,CMAC,3:45 P.M.,,0,2026,1575.5619157336737,1519.1654725354324,,,0.6485033890362052,0.3514966109637948,2.659911079956032,
2026-09-28,145232,UPCOMING,Hampshire,4518,,,Palmer,4304,,,County,County,4:00 P.M.,,0,2026,1443.9890037427217,1370.6240657584704,,,0.6704333463133174,0.3295666536866826,3.0841234496062837,
2026-09-28,145380,UPCOMING,Ipswich,4190,,,Amesbury,4007,,,Cape Ann,Cape Ann,4:00 P.M.,,0,2026,1610.075298901505,1364.388654945888,,,0.8458100008493743,0.1541899991506257,7.392166098890425,
2026-09-28,145393,UPCOMING,Turners Falls,4396,,,Mohawk Trail,4258,,,Valley League,Valley League,6:00 P.M.,,0,2026,1458.0187066406525,1411.380769410585,,,0.635594305768597,0.364405694231403,2.415948430751689,
2026-09-28,145466,UPCOMING,Manchester Essex,4229,,,Hamilton-Wenham,4163,,,Cape Ann,Cape Ann,7:00 P.M.,,0,2026,1629.4110899257053,1479.012460748554,,,0.7601655309760016,0.2398344690239984,5.00996572942878,
2026-09-28,145492,UPCOMING,Lunenburg,4219,,,Tyngsborough,4397,,,Mid-Wach,Mid-Wach,4:00 P.M.,,0,2026,1541.9875098169737,1512.0329346471694,,,0.6130747937424956,0.3869252062575044,1.9988643792451057,
2026-09-28,145544,UPCOMING,Tiverton (R.I.),4643,,,Westport,4461,,,Independent,Mayflower,3:30 P.M.,,0,2026,1502.7555,1579.0902398311698,,,0.4621736758196734,0.5378263241803266,-0.6583684957792457,
2026-09-28,145571,UPCOMING,Quaboag,4510,,,Blackstone-Millville,4486,,,CMAC,CMAC,4:15 P.M.,,0,2026,1541.235353328832,1434.9144028690446,,,0.7109198532949879,0.28908014670501214,3.908023761494684,
2026-09-28,145586,UPCOMING,Tahanto,4513,,,Narragansett,4266,,,Mid-Wach,Mid-Wach,5:30 P.M.,,0,2026,1479.1893692412118,1536.8994558943136,,,0.4889061144134535,0.5110938855865466,-0.19275216632754563,
2026-09-28,145591,UPCOMING,Bromfield,4505,,,Maynard,4239,,,Mid-Wach,Mid-Wach,3:45 P.M.,,0,2026,1516.2334679817752,1496.7421642819243,,,0.5986934503778468,0.4013065496221532,1.737282592496274,
2026-09-28,140615,UPCOMING,Wareham/Mashpee,4407,,,Bridgewater-Raynham,4053,,,Mayflower,Pioneer,3:45 P.M.,,0,2026,1488.308654544367,1394.813479895962,,,0.6955137021758789,0.30448629782412107,3.5873793662101265,
2026-09-28,144588,UPCOMING,South Hadley,4353,,,Amherst-Pelham,4008,,,Suburban,County,6:00 P.M.,,0,2026,1555.9947712029866,1459.3106089089415,,,0.6993872943046061,0.3006127056953939,3.6671040573511275,
2026-09-28,140590,UPCOMING,Chelmsford,4085,,,Central Catholic,4081,,,Merrimack Valley,Merrimack Valley,5:30 P.M.,,0,2026,1574.8647240354376,1565.3815498085055,,,0.5847764713910314,0.4152235286089686,1.487079355673302,
2026-09-28,143904,UPCOMING,Whitman-Hanson,4427,,,Hanover,4164,,,Patriot,Patriot,4:00 P.M.,,0,2026,1434.5900684276858,1565.2208449227915,,,0.3860022512315976,0.6139977487684024,-2.0157694123776424,
2026-09-28,140475,UPCOMING,Durfee,4122,,,Middleborough,4247,,,Big Three,South Shore,5:15 P.M.,,0,2026,1565.8646850799112,1408.5905133620483,,,0.7673068305706163,0.23269316942938367,5.1818542929465705,
2026-09-28,140499,UPCOMING,Wilmington,4432,,,Belmont,4034,,,Middlesex,Middlesex,6:00 P.M.,,0,2026,1386.252080261021,1705.633211007122,,,0.17498772448475342,0.8250122755152466,-6.734528268652525,
2026-09-28,139149,UPCOMING,Stoneham,4380,,,Lexington,4209,,,Middlesex,Middlesex,6:00 P.M.,,0,2026,1425.200332145621,1546.8805985311749,,,0.39828291495308593,0.601717085046914,-1.7920066596388495,
2026-09-28,139200,UPCOMING,Brockton,4058,,,Martha’s Vineyard,4235,,,Big Three,Cape & Islands,4:30 P.M.,,0,2026,1352.587781814912,1402.3491926374884,,,0.5003433573730801,0.4996566426269199,0.005964729435589788,
2026-09-28,139211,UPCOMING,Brookline,4059,,,Natick,4270,,,Bay State,Bay State,4:00 P.M.,,0,2026,1506.615361962656,1602.3304401321232,,,0.434587771308974,0.5654122286910259,-1.1428769542366808,
2026-09-28,139241,UPCOMING,Shrewsbury,4348,,,Leominster,4208,,,Mid-Wach,Mid-Wach,6:30 P.M.,,0,2026,1471.3362543202024,1395.651571045589,,,0.6733770978288319,0.3266229021711681,3.1421170818653366,
2026-09-28,139280,UPCOMING,Joseph Case,4078,,,New Bedford,4273,,,South Coast,Big Three,3:45 P.M.,,0,2026,1422.3952069941627,1428.2397697963631,,,0.5632048581778216,0.4367951418221784,1.1038859299449881,
2026-09-28,139380,UPCOMING,Saugus,4341,,,Everett,4132,,,Northeastern,Greater Boston,3:30 P.M.,,0,2026,1472.1826441596268,1372.568818624069,,,0.7029209995188905,0.29707900048110947,3.740345638388942,
2026-09-28,139401,UPCOMING,Lowell,4216,,,Tewksbury,4389,,,Merrimack Valley,Merrimack Valley,3:45 P.M.,,0,2026,1543.8278835868687,1393.3601679661178,,,0.7602380285325075,0.23976197146749245,5.011692890518771,
2026-09-28,139490,UPCOMING,Greater Lowell,4155,,,Malden,4227,,,Independent,Greater Boston,4:30 P.M.,,0,2026,1422.7697242415747,1297.020987906747,,,0.7333509602062711,0.2666490397937289,4.3937184083706935,
2026-09-28,139522,UPCOMING,Newton North,4279,,,Framingham,4143,,,Bay State,Bay State,4:30 P.M.,,0,2026,1439.340291097762,1303.230618302205,,,0.7448504080884109,0.25514959191158915,4.652741819888928,
2026-09-28,139545,UPCOMING,Scituate,4343,,,Marshfield,4234,,,Patriot,Patriot,4:00 P.M.,,0,2026,1583.6029100514381,1502.807675357152,,,0.6798141610071865,0.3201858389928135,3.2698808673571533,
2026-09-28,139617,UPCOMING,Sharon,4345,,,Stoughton,4381,,,Hockomock,Hockomock,3:45 P.M.,,0,2026,1313.3494660729727,1379.0905876915458,,,0.4773621923347649,0.5226378076652352,-0.39352804046432655,
2026-09-28,139774,UPCOMING,Attleboro,4018,,,Milford,4249,,,Hockomock,Hockomock,5:45 P.M.,,0,2026,1591.4953355090552,1276.3209851653098,,,0.8911083368758443,0.10889166312415566,9.129358758593634,
2026-09-28,139789,UPCOMING,Barnstable,4024,,,Nantucket,4265,,,Pioneer,Cape & Islands,3:30 P.M.,,0,2026,1435.107742787271,1549.146317424706,,,0.4088707332861089,0.5911292667138911,-1.6009643659358743,
2026-09-28,139889,UPCOMING,Wakefield,4402,,,Reading,4328,,,Middlesex,Middlesex,4:15 P.M.,,0,2026,1348.650969614646,1619.5334780378596,,,0.2190002551949348,0.7809997448050652,-5.522062710580338,
2026-09-28,139449,UPCOMING,Revere,4329,,,Methuen,4246,,,Greater Boston,Merrimack Valley,4:30 P.M.,,0,2026,1392.3096334801403,1492.1854448632184,,,0.42871196240261344,0.5712880375973866,-1.2468952845769536,
2026-09-28,139954,UPCOMING,Grafton,4153,,,Wachusett,4400,,,Mid-Wach,Mid-Wach,4:00 P.M.,,0,2026,1517.6993077109964,1503.7052322851957,,,0.5910673530312323,0.40893264696876774,1.5998518856450175,
2026-09-28,140453,UPCOMING,Dracut,4119,,,Haverhill,4167,,,Merrimack Valley,Merrimack Valley,5:30 P.M.,,0,2026,1296.6502479334597,1315.6471679305273,,,0.5444989704589476,0.4555010295410524,0.7750770000733098,
2026-09-28,139929,UPCOMING,Pembroke,4308,,,Hingham,4171,,,Patriot,Patriot,4:00 P.M.,,0,2026,1430.5910070348025,1710.1534451687066,,,0.21057422340159124,0.7894257765984087,-5.739060953347604,
2026-09-28,140427,UPCOMING,Silver Lake,4349,,,Plymouth North,4315,,,Patriot,Patriot,4:00 P.M.,,0,2026,1499.1756931944212,1327.4405940906192,,,0.7818380311446576,0.21816196885534245,5.543377477595049,
2026-09-28,140409,UPCOMING,Braintree,4051,,,Walpole,4404,,,Bay State,Bay State,4:00 P.M.,,0,2026,1466.358193062768,1751.3812452954155,,,0.20539642642931616,0.7946035735706838,-5.875576305816191,
2026-09-28,140303,UPCOMING,Franklin County Tech,4145,,,West Springfield,4417,,,County,Suburban,4:00 P.M.,,0,2026,1542.779794074948,1458.186643822023,,,0.6845540934155122,0.3154459065844878,3.364828756323129,
2026-09-28,140210,UPCOMING,Oliver Ames,4302,,,Mansfield,4230,,,Hockomock,Hockomock,7:00 P.M.,,0,2026,1460.470882499606,1455.0943374506928,,,0.5790251981217632,0.42097480187823677,1.384413626222829,
2026-09-28,140191,UPCOMING,Norwell,4296,,,Needham,4272,,,South Shore,Bay State,4:30 P.M.,,0,2026,1458.1043544796223,1414.0743339487658,,,0.6321101999271033,0.36788980007289673,2.350750513271413,
2026-09-28,140234,UPCOMING,Melrose,4244,,,Arlington,4013,,,Middlesex,Middlesex,4:15 P.M.,,0,2026,1461.837870010909,1475.4136993629158,,,0.5522273943599728,0.4477726056400272,0.9106042661998288,
2026-09-28,140112,UPCOMING,North Andover,4283,,,Andover,4009,,,Merrimack Valley,Merrimack Valley,4:00 P.M.,,0,2026,1532.3347962277662,1709.108175418179,,,0.32524602812094666,0.6747539718790534,-3.1693344797603173,
2026-09-28,140088,UPCOMING,Franklin,4144,,,Taunton,4388,,,Hockomock,Hockomock,3:45 P.M.,,0,2026,1753.3213125153645,1408.9329036679833,,,0.9063857334613395,0.09361426653866045,9.859710221184532,
2026-09-28,140057,UPCOMING,Acton-Boxborough,4003,,,Bishop Feehan,4042,,,Dual County,Catholic Central,4:00 P.M.,,0,2026,1549.42954123406,1599.486617679406,,,0.4999178603931047,0.5000821396068953,-0.0014269111336489004,
2026-09-28,140019,UPCOMING,Essex Tech,4745,,,North Reading,4288,,,Cape Ann,Cape Ann,4:00 P.M.,,0,2026,1539.4437194289908,1548.277294384014,,,0.558967556342188,0.441032443657812,1.0291606261244168,
2026-09-28,140160,UPCOMING,Milton,4252,,,Wellesley,4413,,,Bay State,Bay State,4:30 P.M.,,0,2026,1580.1776831372706,1631.0304747325981,,,0.49877273670537037,0.5012272632946296,-0.021319789883187924,
2026-09-29,144391,UPCOMING,Dover-Sherborn,4118,,,Norwood,4297,,,Tri-Valley,Tri-Valley,6:00 P.M.,,0,2026,1676.4070611304564,1590.413743853242,,,0.6862919755812198,0.3137080244187802,3.3998329319303595,
2026-09-29,144560,UPCOMING,Fairhaven,4133,,,Apponequet,4011,,,South Coast,South Coast,3:30 P.M.,,0,2026,1337.418358152738,1464.77050526326,,,0.39048482163448917,0.6095151783655108,-1.933803677763052,
2026-09-29,144302,UPCOMING,Northampton,4291,,,Smith Academy,4538,,,Valley League,Valley League,4:30 P.M.,,0,2026,1413.093226244251,1471.981022243704,,,0.4872122226836432,0.5127877773163567,-0.22219489998632866,
2026-09-29,144470,UPCOMING,Wayland,4411,,,Bedford,4031,,,Dual County,Dual County,4:00 P.M.,,0,2026,1428.1607144634143,1571.093970119569,,,0.36935920238115155,0.6306407976188484,-2.3233313914038662,
2026-09-29,144481,UPCOMING,Medway,4243,,,Ashland,4015,,,Tri-Valley,Tri-Valley,4:30 P.M.,,0,2026,1511.1455985614944,1440.7730908140586,,,0.666616147931504,0.33338385206849597,3.0093126936858936,
2026-09-29,144506,UPCOMING,Falmouth,4134,,,Dennis-Yarmouth,4111,,,Cape & Islands,Cape & Islands,4:00 P.M.,,0,2026,1470.0701298787314,1727.5982270595068,,,0.23243228694874332,0.7675677130512567,-5.188202429519384,
2026-09-29,144591,UPCOMING,Amherst-Pelham,4008,,,Southwick,4519,,,County,Valley League,4:15 P.M.,,0,2026,1459.3106089089415,1474.7869674006702,,,0.5495206353987953,0.45047936460120475,0.8630910377067835,
2026-09-29,145262,UPCOMING,Nipmuc,4281,,,Northbridge,4292,,,CMAC,CMAC,4:00 P.M.,,0,2026,1476.3772979721575,1515.147448416942,,,0.5161554270480361,0.4838445729519639,0.2807462388803856,
2026-09-29,144620,UPCOMING,Cohasset,4094,,,Middleborough,4247,,,South Shore,South Shore,5:00 P.M.,,0,2026,1648.3521163963273,1408.5905133620483,,,0.8413092365886001,0.15869076341139987,7.244040075856975,
2026-09-29,145131,UPCOMING,Ursuline,4448,,,St. Mary’s,4374,,,Catholic Conference,Catholic Central,4:00 P.M.,,0,2026,1493.7445805399807,1593.2002671565988,,,0.4293043819541078,0.5706956180458922,-1.2363921654154524,
2026-09-29,145144,UPCOMING,Monomoy,4706,,,Sandwich,4340,,,Cape & Islands,Cape & Islands,6:00 P.M.,,0,2026,1685.5118739218642,1783.8804329937516,,,0.43083828114653744,0.5691617188534626,-1.2092139767971843,
2026-09-29,145199,UPCOMING,St. Bernard’s,4365,,,Blackstone-Millville,4486,,,CMAC,CMAC,4:00 P.M.,,0,2026,1513.5559062263835,1434.9144028690446,,,0.677109559810872,0.32289044018912805,3.216037583933473,
2026-09-29,145298,UPCOMING,Carver,4077,,,East Bridgewater,4126,,,South Shore,South Shore,4:00 P.M.,,0,2026,1459.9409007414438,1472.0199342134085,,,0.5543569827359848,0.44564301726401523,0.9480241632008812,
2026-09-29,144175,UPCOMING,Old Rochester,4301,,,Somerset Berkley,4350,,,South Coast,South Coast,3:30 P.M.,,0,2026,1586.4560542255422,1767.8589435692236,,,0.31942493242826864,0.6805750675717314,-3.285072233592035,
2026-09-29,145305,UPCOMING,West Bridgewater,4415,,,Seekonk,4344,,,South Coast,South Coast,3:45 P.M.,,0,2026,1658.2968639769347,1483.3204084577042,,,0.7850038636106239,0.2149961363893761,5.6244113879807625,
2026-09-29,144608,UPCOMING,Bellingham,4033,,,Holliston,4174,,,Tri-Valley,Tri-Valley,4:30 P.M.,,0,2026,1417.1424929283864,1441.4733653043622,,,0.536873776653755,0.463126223346245,0.6417281906006054,
2026-09-29,144114,UPCOMING,Medfield,4241,,,Dedham,4108,,,Tri-Valley,Tri-Valley,6:30 P.M.,,0,2026,1609.5877019908437,1547.951911192036,,,0.6553471167220994,0.34465288327790056,2.7908947699701914,
2026-09-29,140919,UPCOMING,Malden Catholic,4228,,,Swampscott,4383,,,Catholic Conference,Northeastern,4:30 P.M.,,0,2026,1540.2956934979659,1431.8654037813865,,,0.7134088532432626,0.28659114675673736,3.960757242914485,
2026-09-29,143890,UPCOMING,Masconomet,4236,,,Pentucket,4309,,,Northeastern,Cape Ann,4:00 P.M.,,0,2026,1593.4071393514826,1447.3772546396754,,,0.7555506563955185,0.24444934360448145,4.90074711779518,
2026-09-29,144006,UPCOMING,Nauset,4271,,,Nantucket,4265,,,Cape & Islands,Cape & Islands,4:00 P.M.,,0,2026,1515.2254375452922,1549.146317424706,,,0.5231232079762415,0.47687679202375854,0.4019780030146535,
2026-09-29,139326,UPCOMING,Dighton-Rehoboth,4114,,,Southeastern,4358,,,South Coast,Mayflower,3:45 P.M.,,0,2026,1374.9496257227213,1437.2030310745904,,,0.4823732398784711,0.517626760121529,-0.3063351337967276,
2026-09-29,139450,UPCOMING,Revere,4329,,,Peabody,4306,,,Greater Boston,Northeastern,4:15 P.M.,,0,2026,1392.3096334801403,1391.3518619325118,,,0.5728127695911519,0.4271872304088481,1.2739442886907113,
2026-09-29,139657,UPCOMING,Leicester,4207,,,Worcester South,4444,,,CMAC,CMAC,3:30 P.M.,,0,2026,1352.5788157424154,1468.811249579749,,,0.4058219423421207,0.5941780576578792,-1.6558108459333425,
2026-09-29,139830,UPCOMING,Uxbridge,4398,,,Doherty,4116,,,CMAC,CMAC,4:30 P.M.,,0,2026,1747.8290598077133,1649.539808491058,,,0.7013262927413231,0.2986737072586769,3.707231282916382,
2026-09-29,139867,UPCOMING,Wakefield,4402,,,Newton South,4280,,,Middlesex,Dual County,4:15 P.M.,,0,2026,1348.650969614646,1365.1122947434956,,,0.5481166683379816,0.45188333166201844,0.8384668717787633,
2026-09-29,140059,UPCOMING,Acton-Boxborough,4003,,,Westford,4421,,,Dual County,Dual County,4:00 P.M.,,0,2026,1549.42954123406,1398.7056921871765,,,0.7605066774910983,0.23949332250890165,5.018096226172088,
2026-09-29,139733,UPCOMING,North Attleborough,4284,,,King Philip,4197,,,Hockomock,Hockomock,6:30 P.M.,,0,2026,1459.4887057759472,1679.265154506113,,,0.27342550682706984,0.7265744931729301,-4.244411218254146,
2026-09-29,140524,UPCOMING,Concord-Carlisle,4097,,,Lincoln-Sudbury,4211,,,Dual County,Dual County,4:30 P.M.,,0,2026,1627.5989036690837,1664.606524205833,,,0.5186888264262313,0.48131117357376874,0.3248094865812675,
2026-09-29,140768,UPCOMING,Beverly,4038,,,Melrose,4244,,,Northeastern,Middlesex,4:30 P.M.,,0,2026,1629.4767546758744,1461.837870010909,,,0.7777893855001605,0.22221061449983948,5.440972116624136,
2026-09-29,143717,UPCOMING,St. Paul,4954,,,Tantasqua,4387,,,CMAC,CMAC,3:45 P.M.,,0,2026,1541.8877973955928,1447.3748244373855,,,0.6967530477689401,0.3032469522310599,3.6128243239551807,
2026-09-29,143752,UPCOMING,Oxford,4303,,,Worcester Tech/Worcester North,4445,,,CMAC,CMAC,3:30 P.M.,,0,2026,1378.2286661767587,1311.8691024895445,,,0.6614627392488428,0.3385372607511572,2.9089890921803545,
2026-09-29,143776,UPCOMING,Bishop Fenwick,4043,,,Danvers,4103,,,Catholic Central,Northeastern,4:00 P.M.,,0,2026,1567.70500223244,1466.637136996147,,,0.7046659009162294,0.2953340990837706,3.7766966309073213,
2026-09-29,143815,UPCOMING,East Longmeadow,4127,,,Longmeadow,4214,,,Valley League,Suburban,7:00 P.M.,,0,2026,1630.0495336679858,1603.57681405786,,,0.6083096308362193,0.39169036916378075,1.9118179902531438,
2026-09-29,140374,UPCOMING,Greenfield,4157,,,Agawam,4004,,,Suburban,Suburban,4:00 P.M.,,0,2026,1549.8012336141817,1483.032196399554,,,0.6619903673668426,0.3380096326331574,2.91922593036569,
2026-09-30,144460,UPCOMING,Weston,4423,,,Burlington,4065,,,Dual County,Middlesex,4:15 P.M.,,0,2026,1511.7096183983754,1368.0151277100956,,,0.7530591823997129,0.24694081760028708,4.842362267206994,
2026-09-30,143623,UPCOMING,Bay Path/David Prouty,4027,,,Greater Lowell,4155,,,CMAC,Independent,4:00 P.M.,,0,2026,1433.5453540282529,1422.7697242415747,,,0.5865818459634277,0.41341815403657234,1.5193907446669528,
2026-09-30,143838,UPCOMING,Fitchburg,4139,,,Narragansett,4266,,,Mid-Wach,Mid-Wach,6:00 P.M.,,0,2026,1362.4669960601382,1536.8994558943136,,,0.3282102924820844,0.6717897075179156,-3.1108114958543864,
2026-09-30,143872,UPCOMING,Scituate,4343,,,Pembroke,4308,,,Patriot,Patriot,4:00 P.M.,,0,2026,1583.6029100514381,1430.5910070348025,,,0.7628973746349431,0.23710262536505688,5.075297575415891,
2026-09-30,143909,UPCOMING,Whitman-Hanson,4427,,,Duxbury,4123,,,Patriot,Patriot,4:00 P.M.,,0,2026,1434.5900684276858,1599.2469278811982,,,0.34073558193213727,0.6592644180678627,-2.866421486337811,
2026-09-30,144277,UPCOMING,Shepherd Hill,4347,,,Westfield,4419,,,Mid-Wach,Valley League,6:00 P.M.,,0,2026,1473.1389014769027,1509.7832671905303,,,0.5192108411986703,0.48078915880132966,0.33389085715930944,
2026-09-30,144342,UPCOMING,Grafton,4153,,,Blackstone-Millville,4486,,,Mid-Wach,CMAC,4:00 P.M.,,0,2026,1517.6993077109964,1434.9144028690446,,,0.6823020492251363,0.31769795077486374,3.3196226210487962,
2026-09-30,144644,UPCOMING,Manchester Essex,4229,,,Newburyport,4276,,,Cape Ann,Cape Ann,4:00 P.M.,,0,2026,1629.4110899257053,1667.5036042473726,,,0.517129543100431,0.482870456899569,0.29768714195831764,
2026-09-30,145420,UPCOMING,Clinton,4093,,,Tyngsborough,4397,,,Mid-Wach,Mid-Wach,7:00 P.M.,,0,2026,1578.1687475325018,1512.0329346471694,,,0.6611742547869358,0.3388257452130642,2.903395322133309,
2026-09-30,145043,UPCOMING,Hampshire,4518,,,Belchertown,4032,,,County,County,4:00 P.M.,,0,2026,1443.9890037427217,1618.4737388693748,,,0.32814394640376926,0.6718560535962308,-3.1121183781663264,
2026-09-30,145081,UPCOMING,Ipswich,4190,,,Lynnfield,4223,,,Cape Ann,Cape Ann,4:00 P.M.,,0,2026,1610.075298901505,1618.2819321712454,,,0.5598570586921061,0.4401429413078939,1.0448341682564888,
2026-09-30,145103,UPCOMING,Amesbury,4007,,,Pentucket,4309,,,Cape Ann,Cape Ann,4:00 P.M.,,0,2026,1364.388654945888,1447.3772546396754,,,0.452667741239616,0.5473322587603839,-0.8247149923446842,
2026-09-30,145592,UPCOMING,Bromfield,4505,,,Tahanto,4513,,,Mid-Wach,Mid-Wach,3:45 P.M.,,0,2026,1516.2334679817752,1479.1893692412118,,,0.6227098383941936,0.3772901616058064,2.1761024685140855,
2026-09-30,145319,UPCOMING,Maynard,4239,,,Gardner,4147,,,Mid-Wach,Mid-Wach,4:00 P.M.,,0,2026,1496.7421642819243,1443.5661684217116,,,0.6442660805151464,0.35573391948485356,2.579399896505316,
2026-09-30,145349,UPCOMING,Lunenburg,4219,,,Littleton,4212,,,Mid-Wach,Mid-Wach,4:00 P.M.,,0,2026,1541.9875098169737,1460.8434531076148,,,0.6802510740261247,0.3197489259738753,3.2786014177339724,
2026-09-30,145452,UPCOMING,Rockport,4490,,,North Reading,4288,,,Cape Ann,Cape Ann,4:30 P.M.,,0,2026,1426.3396685919315,1548.277294384014,,,0.39792792648539943,0.6020720735146006,-1.798440644802065,
2026-09-30,140830,UPCOMING,Algonquin,4005,,,Bishop Feehan,4042,,,Mid-Wach,Catholic Central,4:00 P.M.,,0,2026,1543.156444062006,1599.486617679406,,,0.49089115576477516,0.5091088442352248,-0.15825434043500194,
2026-09-30,144761,UPCOMING,Triton,4395,,,Saugus,4341,,,Cape Ann,Northeastern,4:00 P.M.,,0,2026,1444.0370911256218,1472.1826441596268,,,0.5314096622924643,0.46859033770753566,0.5463611741498766,
2026-09-30,140703,UPCOMING,Plymouth South,4316,,,Hanover,4164,,,Patriot,Patriot,4:00 P.M.,,0,2026,1401.143155539353,1565.2208449227915,,,0.34148490515814284,0.6585150948418572,-2.8519422345859597,
2026-09-30,139406,UPCOMING,Lowell,4216,,,North Andover,4283,,,Merrimack Valley,Merrimack Valley,4:00 P.M.,,0,2026,1543.8278835868687,1532.3347962277662,,,0.5875830306450285,0.4124169693549715,1.537327183977561,
2026-09-30,140455,UPCOMING,Stoneham,4380,,,Haverhill,4167,,,Middlesex,Merrimack Valley,6:00 P.M.,,0,2026,1425.200332145621,1315.6471679305273,,,0.7147285921048077,0.28527140789519234,3.98882910537734,
2026-09-30,139151,UPCOMING,Lexington,4209,,,Winchester,4434,,,Middlesex,Middlesex,4:15 P.M.,,0,2026,1546.8805985311749,1620.640938545352,,,0.4658593294602918,0.5341406705397083,-0.5940085003544254,
2026-09-30,139179,UPCOMING,Brockton,4058,,,Sharon,4345,,,Big Three,Hockomock,6:30 P.M.,,0,2026,1352.587781814912,1313.3494660729727,,,0.6256727459880687,0.37432725401193134,2.2309578935484806,
2026-09-30,139213,UPCOMING,Wellesley,4413,,,Brookline,4059,,,Bay State,Bay State,4:00 P.M.,,0,2026,1631.0304747325981,1506.615361962656,,,0.7318470655574437,0.2681529344425563,4.360377819248555,
2026-09-30,139267,UPCOMING,Dartmouth,4105,,,New Bedford,4273,,,Pioneer,Big Three,4:00 P.M.,,0,2026,1557.9854764203783,1428.2397697963631,,,0.7378259695388543,0.26217403046114574,4.493642665600379,
2026-09-30,139453,UPCOMING,Revere,4329,,,Malden,4227,,,Greater Boston,Greater Boston,4:30 P.M.,,0,2026,1392.3096334801403,1297.020987906747,,,0.6976956476594862,0.3023043523405138,3.6322161393348322,
2026-09-30,139531,UPCOMING,Natick,4270,,,Newton North,4279,,,Bay State,Bay State,6:30 P.M.,,0,2026,1602.3304401321232,1439.340291097762,,,0.7731299668715299,0.2268700331284701,5.324753725859028,
2026-09-30,139550,UPCOMING,Marshfield,4234,,,Plymouth North,4315,,,Patriot,Patriot,4:00 P.M.,,0,2026,1502.807675357152,1327.4405940906192,,,0.7853831267138713,0.21461687328612866,5.634177031663318,
2026-09-30,139593,UPCOMING,Framingham,4143,,,Walpole,4404,,,Bay State,Bay State,4:00 P.M.,,0,2026,1303.230618302205,1751.3812452954155,,,0.0917927530662609,0.9082072469337391,-9.953765674830265,
2026-09-30,140591,UPCOMING,Dracut,4119,,,Chelmsford,4085,,,Merrimack Valley,Merrimack Valley,5:30 P.M.,,0,2026,1296.6502479334597,1574.8647240354376,,,0.21186700189309846,0.7881329981069015,-5.705361902549447,
2026-09-30,139931,UPCOMING,Silver Lake,4349,,,Hingham,4171,,,Patriot,Patriot,4:00 P.M.,,0,2026,1499.1756931944212,1710.1534451687066,,,0.2836023254058667,0.7163976745941333,-4.024443799357135,
2026-09-30,139995,UPCOMING,Milford,4249,,,Blackstone Valley,4046,,,Hockomock,CMAC,3:45 P.M.,,0,2026,1276.3209851653098,1514.6728823400167,,,0.2527043471580653,0.7472956528419348,-4.708797429367673,
2026-09-30,140022,UPCOMING,Hamilton-Wenham,4163,,,Essex Tech,4745,,,Cape Ann,Cape Ann,4:00 P.M.,,0,2026,1479.012460748554,1539.4437194289908,,,0.4849927210300113,0.5150072789699887,-0.2607814670109178,
2026-09-30,140091,UPCOMING,Durfee,4122,,,Taunton,4388,,,Big Three,Hockomock,5:15 P.M.,,0,2026,1565.8646850799112,1408.9329036679833,,,0.766954736602905,0.23304526339709497,5.173294535298197,
2026-09-30,140115,UPCOMING,Andover,4009,,,Tewksbury,4389,,,Merrimack Valley,Merrimack Valley,7:00 P.M.,,0,2026,1709.108175418179,1393.3601679661178,,,0.891428353306567,0.108571646693433,9.143700186301526,
2026-09-30,140164,UPCOMING,Milton,4252,,,Weymouth,4425,,,Bay State,Bay State,4:30 P.M.,,0,2026,1580.1776831372706,1337.026771373496,,,0.8438967227130287,0.15610327728697126,7.3287727940943626,
2026-09-30,140193,UPCOMING,Needham,4272,,,Braintree,4051,,,Bay State,Bay State,4:00 P.M.,,0,2026,1414.0743339487658,1466.358193062768,,,0.49671330987078477,0.5032866901292152,-0.05709647785005245,
2026-09-30,140236,UPCOMING,Arlington,4013,,,Woburn,4438,,,Middlesex,Middlesex,4:30 P.M.,,0,2026,1475.4136993629158,1362.306069843918,,,0.7188820552314895,0.2811179447685105,4.077690737974945,
2026-09-30,139662,UPCOMING,Shrewsbury,4348,,,Marlborough,4233,,,Mid-Wach,Mid-Wach,6:30 P.M.,,0,2026,1471.3362543202024,1611.3186951893726,,,0.37332456567841266,0.6266754343215873,-2.249561021729255,
2026-10-01,144561,UPCOMING,Apponequet,4011,,,Old Rochester,4301,,,South Coast,South Coast,4:00 P.M.,,0,2026,1464.77050526326,1586.4560542255422,,,0.39827562735878164,0.6017243726412184,-1.7921387240570539,
2026-10-01,144507,UPCOMING,Sandwich,4340,,,Falmouth,4134,,,Cape & Islands,Cape & Islands,4:00 P.M.,,0,2026,1783.8804329937516,1470.0701298787314,,,0.8903440722085834,0.10965592779141664,9.095257577875504,
2026-10-01,144223,UPCOMING,Hopedale,4507,,,Auburn,4019,,,CMAC,CMAC,4:00 P.M.,,0,2026,1575.5619157336737,1499.747238172457,,,0.6735416594569932,0.3264583405430068,3.1453669390304184,
2026-10-01,144328,UPCOMING,Westwood,4424,,,Bellingham,4033,,,Tri-Valley,Tri-Valley,5:30 P.M.,,0,2026,1540.2906588495193,1417.1424929283864,,,0.7304133928399252,0.26958660716007476,4.328704148028322,
2026-10-01,144259,UPCOMING,Longmeadow,4214,,,Frontier,4146,,,Suburban,Suburban,4:00 P.M.,,0,2026,1603.57681405786,1664.180630831072,,,0.48474461740626884,0.5152553825937312,-0.26509541933029934,
2026-10-01,144594,UPCOMING,Belchertown,4032,,,Amherst-Pelham,4008,,,County,County,6:30 P.M.,,0,2026,1618.4737388693748,1459.3106089089415,,,0.7692426551054726,0.23075734489452737,5.229078249010831,
2026-10-01,144397,UPCOMING,Norwood,4297,,,Medway,4243,,,Tri-Valley,Tri-Valley,4:00 P.M.,,0,2026,1590.413743853242,1511.1455985614944,,,0.6778977144593543,0.3221022855406457,3.231703632293693,
2026-10-01,144621,UPCOMING,Carver,4077,,,Middleborough,4247,,,South Shore,South Shore,5:00 P.M.,,0,2026,1459.9409007414438,1408.5905133620483,,,0.6418539054901394,0.35814609450986057,2.533759684484886,
2026-10-01,144974,UPCOMING,Norwell,4296,,,Cohasset,4094,,,South Shore,South Shore,4:00 P.M.,,0,2026,1458.1043544796223,1648.3521163963273,,,0.30845953169672247,0.6915404683032775,-3.5061940479176257,
2026-10-01,144695,UPCOMING,Bishop Fenwick,4043,,,Swampscott,4383,,,Catholic Central,Northeastern,4:30 P.M.,,0,2026,1567.70500223244,1431.8654037813865,,,0.7445548327267459,0.25544516727325406,4.645989961276337,
2026-10-01,144724,UPCOMING,Palmer,4304,,,Holyoke,4176,,,County,County,5:00 P.M.,,0,2026,1370.6240657584704,1440.3839693752811,,,0.4715938337668069,0.5284061662331931,-0.4939975904202697,
2026-10-01,144757,UPCOMING,Westport,4461,,,Dighton-Rehoboth,4114,,,Mayflower,South Coast,3:30 P.M.,,0,2026,1579.0902398311698,1374.9496257227213,,,0.8119836036762974,0.1880163963237026,6.353515352711213,
2026-10-01,145062,UPCOMING,Joseph Case,4078,,,Fairhaven,4133,,,South Coast,South Coast,3:45 P.M.,,0,2026,1422.3952069941627,1337.418358152738,,,0.685030855152667,0.31496914484733296,3.374421221035618,
2026-10-01,145163,UPCOMING,Ursuline,4448,,,Malden Catholic,4228,,,Catholic Conference,Catholic Conference,4:00 P.M.,,0,2026,1493.7445805399807,1540.2956934979659,,,0.5049631844096905,0.49503681559030954,0.08622217605037008,
2026-10-01,145437,UPCOMING,Sutton,4512,,,Northbridge,4292,,,CMAC,CMAC,3:30 P.M.,,0,2026,1653.8856216983083,1515.147448416942,,,0.7477153343051717,0.2522846656948283,4.718454332034156,
2026-10-01,145534,UPCOMING,North Brookfield,4508,,,Leicester,4207,,,Independent,CMAC,3:30 P.M.,,0,2026,1470.4369576060892,1352.5788157424154,,,0.7243752336151698,0.27562476638483024,4.1964535465918456,
2026-10-01,144178,UPCOMING,Somerset Berkley,4350,,,West Bridgewater,4415,,,South Coast,South Coast,3:30 P.M.,,0,2026,1767.8589435692236,1658.2968639769347,,,0.7147390559193818,0.2852609440806182,3.9890519898072228,
2026-10-01,144680,UPCOMING,Bishop Stang,4045,,,St. John Paul II,4689,,,Catholic Central,Cape & Islands,3:30 P.M.,,0,2026,1493.0034063076791,1506.0178723552556,,,0.5530263110913296,0.4469736889086704,0.9246383488105892,
2026-10-01,144012,UPCOMING,Nauset,4271,,,Monomoy,4706,,,Cape & Islands,Cape & Islands,4:00 P.M.,,0,2026,1515.2254375452922,1685.5118739218642,,,0.3334939731967204,0.6665060268032796,-3.0071609094143015,
2026-10-01,144134,UPCOMING,Medfield,4241,,,Dover-Sherborn,4118,,,Tri-Valley,Tri-Valley,4:00 P.M.,,0,2026,1609.5877019908437,1676.4070611304564,,,0.47581388714813494,0.524186112851865,-0.4204839784903186,
2026-10-01,139776,UPCOMING,Attleboro,4018,,,Mansfield,4230,,,Hockomock,Hockomock,6:00 P.M.,,0,2026,1591.4953355090552,1455.0943374506928,,,0.7451689887350659,0.2548310112649341,4.660024951459059,
2026-10-01,143816,UPCOMING,East Longmeadow,4127,,,Minnechaug,4254,,,Valley League,Suburban,7:00 P.M.,,0,2026,1630.0495336679858,1496.9368803452908,,,0.7415578244018631,0.25844217559813687,4.577816333067375,
2026-10-01,139327,UPCOMING,Southeastern,4358,,,Wareham/Mashpee,4407,,,Mayflower,Mayflower,3:30 P.M.,,0,2026,1437.2030310745904,1488.308654544367,,,0.49840888529590227,0.5015911147040977,-0.02764058674441685,
2026-10-01,139619,UPCOMING,Sharon,4345,,,Canton,4071,,,Hockomock,Hockomock,3:45 P.M.,,0,2026,1313.3494660729727,1746.6841648306488,,,0.0991547339891362,0.9008452660108638,-9.583367468941901,
2026-10-01,139660,UPCOMING,St. Bernard’s,4365,,,Worcester South,4444,,,CMAC,CMAC,4:00 P.M.,,0,2026,1513.5559062263835,1468.811249579749,,,0.6330663248266516,0.3669336751733484,2.368616416165861,
2026-10-01,139736,UPCOMING,Taunton,4388,,,King Philip,4197,,,Hockomock,Hockomock,3:45 P.M.,,0,2026,1408.9329036679833,1679.265154506113,,,0.219542510253827,0.780457489746173,-5.508306270953244,
2026-10-01,139832,UPCOMING,Doherty,4116,,,Nipmuc,4281,,,CMAC,CMAC,4:00 P.M.,,0,2026,1649.539808491058,1476.3772979721575,,,0.7832363096357509,0.21676369036424914,5.579062762972512,
2026-10-01,139873,UPCOMING,Newton South,4280,,,St. Mary’s,4374,,,Dual County,Catholic Central,4:30 P.M.,,0,2026,1365.1122947434956,1593.2002671565988,,,0.264024140897376,0.735975859102624,-4.452199310327581,
2026-10-01,140061,UPCOMING,Wayland,4411,,,Acton-Boxborough,4003,,,Dual County,Dual County,4:00 P.M.,,0,2026,1428.1607144634143,1549.42954123406,,,0.3988506559522849,0.6011493440477151,-1.7817206692661443,
2026-10-01,139998,UPCOMING,Milford,4249,,,Oliver Ames,4302,,,Hockomock,Hockomock,4:00 P.M.,,0,2026,1276.3209851653098,1460.470882499606,,,0.31599715111314863,0.6840028488868514,-3.353747433357404,
2026-10-01,140336,UPCOMING,Stoughton,4381,,,Foxborough,4142,,,Hockomock,Hockomock,5:00 P.M.,,0,2026,1379.0905876915458,1528.9618029310232,,,0.36010581024303073,0.6398941897569692,-2.496780380986934,
2026-10-01,140549,UPCOMING,Westford,4421,,,Weston,4423,,,Dual County,Dual County,4:00 P.M.,,0,2026,1398.7056921871765,1511.7096183983754,,,0.4103110283825321,0.5896889716174679,-1.5750981552799714,
2026-10-01,140568,UPCOMING,Waltham,4405,,,Bedford,4031,,,Dual County,Dual County,4:30 P.M.,,0,2026,1540.2011468490039,1571.093970119569,,,0.527469749770753,0.472530250229247,0.47767941823587423,
2026-10-01,140618,UPCOMING,East Bridgewater,4126,,,Bridgewater-Raynham,4053,,,South Shore,Pioneer,4:00 P.M.,,0,2026,1472.0199342134085,1394.813479895962,,,0.6753008455344508,0.3246991544655492,3.180161357936163,
2026-10-01,140689,UPCOMING,Hopkinton,4180,,,Dedham,4108,,,Tri-Valley,Tri-Valley,6:00 P.M.,,0,2026,1573.80983765654,1547.951911192036,,,0.6074660662323642,0.3925339337676358,1.8964481616125966,
2026-10-01,140857,UPCOMING,Ashland,4015,,,Westborough,4418,,,Tri-Valley,Mid-Wach,4:30 P.M.,,0,2026,1440.7730908140586,1469.8743297453643,,,0.5300395138984596,0.4699604861015404,0.5224690267173571,
2026-10-01,143754,UPCOMING,Worcester Tech/Worcester North,4445,,,St. Paul,4954,,,CMAC,CMAC,3:30 P.M.,,0,2026,1311.8691024895445,1541.8877973955928,,,0.26187016527740276,0.7381298347225973,-4.500467372651206,
2026-10-01,143777,UPCOMING,Gloucester,4150,,,Danvers,4103,,,Northeastern,Northeastern,4:30 P.M.,,0,2026,1602.5240739845162,1466.637136996147,,,0.7446066573276,0.2553933426724,4.647173424709228,
2026-10-01,140246,UPCOMING,Franklin,4144,,,North Attleborough,4284,,,Hockomock,Hockomock,3:45 P.M.,,0,2026,1753.3213125153645,1459.4887057759472,,,0.8786022115125648,0.12139778848743521,8.595815168485434,
2026-10-02,144463,UPCOMING,Wilmington,4432,,,Burlington,4065,,,Middlesex,Middlesex,4:15 P.M.,,0,2026,1386.252080261021,1368.0151277100956,,,0.5969573961097968,0.4030426038902032,1.705923813773137,
2026-10-02,144597,UPCOMING,Amherst-Pelham,4008,,,Palmer,4304,,,County,County,4:30 P.M.,,0,2026,1459.3106089089415,1370.6240657584704,,,0.6896201175396606,0.31037988246033943,3.4671635787617787,
2026-10-02,144539,UPCOMING,Bromfield,4505,,,Groton-Dunstable,4160,,,Mid-Wach,Mid-Wach,3:45 P.M.,,0,2026,1516.2334679817752,1559.218062995719,,,0.5100946074678842,0.48990539253211585,0.17538512465140457,
2026-10-02,144448,UPCOMING,Duxbury,4123,,,Notre Dame (Hingham),4449,,,Patriot,Catholic Conference,4:00 P.M.,,0,2026,1599.2469278811982,1516.5356256721636,,,0.6822102003850162,0.31778979961498377,3.3177825552258637,
2026-10-02,143780,UPCOMING,Swampscott,4383,,,Danvers,4103,,,Northeastern,Northeastern,4:30 P.M.,,0,2026,1431.8654037813865,1466.637136996147,,,0.5219012144685723,0.4780987855314277,0.3807066696309846,
2026-10-02,144179,UPCOMING,West Bridgewater,4415,,,Pembroke,4308,,,South Coast,Patriot,3:45 P.M.,,0,2026,1658.2968639769347,1430.5910070348025,,,0.8318231027504961,0.1681768972495039,6.942646423553304,
2026-10-02,143958,UPCOMING,Melrose,4244,,,Stoneham,4380,,,Middlesex,Middlesex,4:15 P.M.,,0,2026,1461.837870010909,1425.200332145621,,,0.6221598328971858,0.3778401671028142,2.1659384466322025,
2026-10-02,144623,UPCOMING,Sturgis East,4456,,,Middleborough,4247,,,Cape & Islands,South Shore,5:00 P.M.,,0,2026,1393.2860183054322,1408.5905133620483,,,0.5497655286296057,0.4502344713703943,0.8673876235845966,
2026-10-02,144222,UPCOMING,Dartmouth,4105,,,Apponequet,4011,,,Pioneer,South Coast,3:30 P.M.,,0,2026,1557.9854764203783,1464.77050526326,,,0.6951720064313368,0.3048279935686632,3.5803742789279567,
2026-10-02,144647,UPCOMING,Newburyport,4276,,,North Reading,4288,,,Cape Ann,Cape Ann,4:45 P.M.,,0,2026,1667.5036042473726,1548.277294384014,,,0.725944902092608,0.274055097907392,4.230657746583961,
2026-10-02,145535,UPCOMING,Quaboag,4510,,,Leicester,4207,,,CMAC,CMAC,3:30 P.M.,,0,2026,1541.235353328832,1352.5788157424154,,,0.797996222253723,0.20200377774627698,5.966413439660414,
2026-10-02,145014,UPCOMING,Franklin County Tech,4145,,,Mahar,4226,,,County,Valley League,4:00 P.M.,,0,2026,1542.779794074948,1431.3998396169236,,,0.7168678356704838,0.28313216432951616,4.034498861450612,
2026-10-02,145114,UPCOMING,Dennis-Yarmouth,4111,,,Nantucket,4265,,,Cape & Islands,Cape & Islands,3:30 P.M.,,0,2026,1727.5982270595068,1549.146317424706,,,0.7883611318462616,0.21163886815373845,5.7112977408700205,
2026-10-02,145186,UPCOMING,St. Paul,4954,,,Notre Dame Academy-Worcester,4451,,,CMAC,CMAC,3:45 P.M.,,0,2026,1541.8877973955928,1519.1654725354324,,,0.603153783415602,0.396846216584398,1.8180581215040093,
2026-10-02,145335,UPCOMING,South Hadley,4353,,,Smith Academy,4538,,,Suburban,Valley League,4:00 P.M.,,0,2026,1555.9947712029866,1471.981022243704,,,0.6838334260891974,0.3161665739108026,3.350343723982064,
2026-10-02,145352,UPCOMING,Narragansett,4266,,,Littleton,4212,,,Mid-Wach,Mid-Wach,4:00 P.M.,,0,2026,1536.8994558943136,1460.8434531076148,,,0.6738470431847446,0.32615295681525536,3.1514000696674715,
2026-10-02,145394,UPCOMING,Mohawk Trail,4258,,,Hampshire,4518,,,Valley League,County,4:00 P.M.,,0,2026,1411.380769410585,1443.9890037427217,,,0.5250078783390971,0.4749921216609029,0.4347941416965796,
2026-10-02,145423,UPCOMING,Clinton,4093,,,Greenfield,4157,,,Mid-Wach,Suburban,5:00 P.M.,,0,2026,1578.1687475325018,1549.8012336141817,,,0.6109054133083947,0.38909458669160535,1.9591878479580032,
2026-10-02,145505,UPCOMING,Tyngsborough,4397,,,Maynard,4239,,,Mid-Wach,Mid-Wach,4:00 P.M.,,0,2026,1512.0329346471694,1496.7421642819243,,,0.5928703090719051,0.4071296909280949,1.6322692591311294,
2026-10-02,144722,UPCOMING,Southwick,4519,,,Holyoke,4176,,,Valley League,County,5:00 P.M.,,0,2026,1474.7869674006702,1440.3839693752811,,,0.6191313100087708,0.38086868999122925,2.1100749506347256,
2026-10-02,143697,UPCOMING,Fitchburg,4139,,,Bay Path/David Prouty,4027,,,Mid-Wach,CMAC,4:00 P.M.,,0,2026,1362.4669960601382,1433.5453540282529,,,0.4697029663187078,0.5302970336812922,-0.5269589492028672,
2026-10-02,139157,UPCOMING,Lexington,4209,,,Belmont,4034,,,Middlesex,Middlesex,4:15 P.M.,,0,2026,1546.8805985311749,1705.633211007122,,,0.34841118545333094,0.6515888145466691,-2.7188153118986804,
2026-10-02,140890,UPCOMING,Westwood,4424,,,Bishop Feehan,4042,,,Tri-Valley,Catholic Central,4:30 P.M.,,0,2026,1540.2906588495193,1599.486617679406,,,0.4867690409765668,0.5132309590234332,-0.22989897074716623,
2026-10-02,139217,UPCOMING,Brookline,4059,,,Arlington,4013,,,Bay State,Middlesex,4:00 P.M.,,0,2026,1506.615361962656,1475.4136993629158,,,0.6147763206708097,0.3852236793291903,2.030041564993502,
2026-10-02,143645,UPCOMING,Worcester Tech/Worcester North,4445,,,Monty Tech,4259,,,CMAC,CMAC,4:00 P.M.,,0,2026,1311.8691024895445,1491.2008402888318,,,0.32202235894093567,0.6779776410590643,-3.2332934449821833,
2026-10-02,139384,UPCOMING,Hamilton-Wenham,4163,,,Everett,4132,,,Cape Ann,Greater Boston,6:00 P.M.,,0,2026,1479.012460748554,1372.568818624069,,,0.711064979205328,0.28893502079467204,3.911091053112125,
2026-10-02,139412,UPCOMING,Central Catholic,4081,,,Lowell,4216,,,Merrimack Valley,Merrimack Valley,5:30 P.M.,,0,2026,1565.3815498085055,1543.8278835868687,,,0.601542419937301,0.39845758006269905,1.7888416555409208,
2026-10-02,139492,UPCOMING,Malden,4227,,,Dracut,4119,,,Greater Boston,Merrimack Valley,4:15 P.M.,,0,2026,1297.020987906747,1296.6502479334597,,,0.5719856761633487,0.4280143238366513,1.2592684993321825,
2026-10-02,139668,UPCOMING,Shrewsbury,4348,,,Westborough,4418,,,Mid-Wach,Mid-Wach,4:00 P.M.,,0,2026,1471.3362543202024,1469.8743297453643,,,0.5735227673254951,0.4264772326745049,1.286548114370953,
2026-10-02,139891,UPCOMING,Reading,4328,,,Winchester,4434,,,Middlesex,Middlesex,4:15 P.M.,,0,2026,1619.5334780378596,1620.640938545352,,,0.5699012045960914,0.4300987954039086,1.2223134873126924,
2026-10-02,140307,UPCOMING,Turners Falls,4396,,,West Springfield,4417,,,Valley League,Suburban,6:00 P.M.,,0,2026,1458.0187066406525,1458.186643822023,,,0.5712263570767363,0.4287736429232637,1.2458015704657384,
2026-10-02,140308,UPCOMING,Weymouth,4425,,,Plymouth North,4315,,,Bay State,Patriot,3:45 P.M.,,0,2026,1337.026771373496,1327.4405940906192,,,0.5849204360223982,0.4150795639776018,1.4896544320719216,
2026-10-02,139277,UPCOMING,Barnstable,4024,,,New Bedford,4273,,,Pioneer,Big Three,4:00 P.M.,,0,2026,1435.107742787271,1428.2397697963631,,,0.5811164884116005,0.41888351158839954,1.4216993247726974,
2026-10-02,140376,UPCOMING,Agawam,4004,,,Westfield,4419,,,Suburban,Valley League,5:00 P.M.,,0,2026,1483.032196399554,1509.7832671905303,,,0.5334080495117511,0.46659195048824886,0.581223230225595,
2026-10-02,140354,UPCOMING,Hopkinton,4180,,,Natick,4270,,,Tri-Valley,Bay State,5:30 P.M.,,0,2026,1573.80983765654,1602.3304401321232,,,0.5308720164656621,0.46912798353433793,0.5369849381104188,
2026-10-02,140770,UPCOMING,Masconomet,4236,,,Beverly,4038,,,Northeastern,Northeastern,4:00 P.M.,,0,2026,1593.4071393514826,1629.4767546758744,,,0.5200366992191858,0.4799633007808142,0.34825961689020346,
2026-10-02,140738,UPCOMING,Algonquin,4005,,,Concord-Carlisle,4097,,,Mid-Wach,Dual County,4:30 P.M.,,0,2026,1543.156444062006,1627.5989036690837,,,0.4505950514163553,0.5494049485836447,-0.8610614901769452,
2026-10-02,140642,UPCOMING,North Andover,4283,,,Methuen,4246,,,Merrimack Valley,Merrimack Valley,4:00 P.M.,,0,2026,1532.3347962277662,1492.1854448632184,,,0.6269001925984338,0.37309980740156623,2.2537337841136944,
2026-10-02,140814,UPCOMING,Marblehead,4231,,,Peabody,4306,,,Northeastern,Northeastern,4:00 P.M.,,0,2026,1469.7146578894087,1391.3518619325118,,,0.676758693509208,0.32324130649079197,3.2090698989224222,
2026-10-02,140476,UPCOMING,Seekonk,4344,,,Durfee,4122,,,South Coast,Big Three,3:45 P.M.,,0,2026,1483.3204084577042,1565.8646850799112,,,0.453301519731978,0.5466984802680219,-0.8136069155551752,
2026-10-02,140456,UPCOMING,Haverhill,4167,,,Triton,4395,,,Merrimack Valley,Cape Ann,4:00 P.M.,,0,2026,1315.6471679305273,1444.0370911256218,,,0.3890639242674991,0.6109360757325009,-1.9597480798773632,
2026-10-02,140428,UPCOMING,Silver Lake,4349,,,Plymouth South,4316,,,Patriot,Patriot,3:30 P.M.,,0,2026,1499.1756931944212,1401.143155539353,,,0.7010166571035793,0.2989833428964207,3.7008134413767038,
2026-10-02,140525,UPCOMING,Nashoba,4267,,,Lincoln-Sudbury,4211,,,Mid-Wach,Dual County,4:00 P.M.,,0,2026,1689.3798111837343,1664.606524205833,,,0.6059762577983323,0.3940237422016677,1.8693321744475326,
2026-10-03,140898,UPCOMING,Walpole,4404,,,Canton,4071,,,Bay State,Hockomock,4:00 P.M.,,0,2026,1751.3812452954155,1746.6841648306488,,,0.5780715024947685,0.42192849750523154,1.3674270116191678,
2026-10-03,144696,UPCOMING,Monomoy,4706,,,Swampscott,4383,,,Cape & Islands,Northeastern,12:00 P.M.,,0,2026,1685.5118739218642,1431.8654037813865,,,0.8516914723259642,0.1483085276740358,7.591161753511943,
2026-10-03,144278,UPCOMING,Oxford,4303,,,Shepherd Hill,4347,,,CMAC,Mid-Wach,10:00 A.M.,,0,2026,1378.2286661767587,1473.1389014769027,,,0.43572655268563587,0.5642734473143641,-1.1227558825036,
2026-10-03,143817,UPCOMING,East Longmeadow,4127,,,Ciciro-North Syracuse (N.Y.),4959,,,Valley League,Independent,12:00 P.M.,,0,2026,1630.0495336679858,1502.7555,,,0.7350868263250643,0.2649131736749357,4.432350841699645,
2026-10-03,143674,UPCOMING,Nipmuc,4281,,,Blackstone Valley,4046,,,CMAC,CMAC,10:00 A.M.,,0,2026,1476.3772979721575,1514.6728823400167,,,0.5168376389995962,0.4831623610004038,0.2926103908035202,
2026-10-03,143646,UPCOMING,Blackstone-Millville,4486,,,Monty Tech,4259,,,CMAC,CMAC,2:00 P.M.,,0,2026,1434.9144028690446,1491.2008402888318,,,0.49095407646737277,0.5090459235326272,-0.15716093549468155,
2026-10-03,140657,UPCOMING,Winchester,4434,,,Moses Brown (R.I.),4261,,,Middlesex,Independent,11:00 A.M.,,0,2026,1620.640938545352,1521.4940456657673,,,0.7023594021081498,0.29764059789185016,3.7286723219896145,
2026-10-03,139959,UPCOMING,Longmeadow,4214,,,Wachusett,4400,,,Suburban,Mid-Wach,3:00 P.M.,,0,2026,1603.57681405786,1503.7052322851957,,,0.7032307503868515,0.29676924961314854,3.746789544316607,
2026-10-03,140385,UPCOMING,Franklin,4144,,,Uxbridge,4398,,,Hockomock,CMAC,7:00 P.M.,,0,2026,1753.3213125153645,1747.8290598077133,,,0.5791875467014241,0.42081245329857586,1.3873063176912808,
2026-10-03,140213,UPCOMING,Holliston,4174,,,Oliver Ames,4302,,,Tri-Valley,Hockomock,10:00 A.M.,,0,2026,1441.4733653043622,1460.470882499606,,,0.5444981178288435,0.4555018821711565,0.7750620701189064,
2026-10-03,140063,UPCOMING,Andover,4009,,,Acton-Boxborough,4003,,,Merrimack Valley,Dual County,2:00 P.M.,,0,2026,1709.108175418179,1549.42954123406,,,0.769768986950943,0.23023101304905702,5.241965854602972,
2026-10-03,139936,UPCOMING,Hingham,4171,,,Watertown,4409,,,Patriot,Middlesex,4:00 P.M.,,0,2026,1710.1534451687066,1729.581863437884,,,0.5438828452668142,0.4561171547331858,0.7642895432705643,
2026-10-03,139598,UPCOMING,Framingham,4143,,,Wayland,4411,,,Bay State,Dual County,1:00 P.M.,,0,2026,1303.230618302205,1428.1607144634143,,,0.39380823409182925,0.6061917659081708,-1.8732524040302336,
2026-10-03,139537,UPCOMING,Waltham,4405,,,Newton North,4279,,,Dual County,Bay State,10:30 A.M.,,0,2026,1540.2011468490039,1439.340291097762,,,0.704417845523584,0.295582154476416,3.771521393781046,
2026-10-03,145134,UPCOMING,St. Mary’s,4374,,,Arlington Catholic,4014,,,Catholic Central,Catholic Central,5:30 P.M.,,0,2026,1593.2002671565988,1366.6289752539808,,,0.8309074663069594,0.16909253369304056,6.91428229756545,
2026-10-03,140413,UPCOMING,Norwell,4296,,,Braintree,4051,,,South Shore,Bay State,4:00 P.M.,,0,2026,1458.1043544796223,1466.358193062768,,,0.5597900972892643,0.4402099027107357,1.0436540354213606,
2026-10-03,145287,UPCOMING,Sutton,4512,,,Quabbin,4325,,,CMAC,Mid-Wach,11:00 A.M.,,0,2026,1653.8856216983083,1634.181741105534,,,0.5989874183430901,0.4010125816569099,1.7425970148193586,
