team,elo
Andover,1548.2849300281143
Central Catholic,1540.7119475330283
Newton North,1537.1945889791562
Hingham/Hull,1529.7302016425451
Haverhill,1489.8789161525426
Marshfield,1470.2697983574549
Newton South,1462.8054110208438
Chelmsford/B/T,1461.836153819343
Methuen,1459.2880524669717
