team,elo
Hopkinton,1599.59123525715
Duxbury,1577.1720975991486
Bishop Feehan,1530.8275969495858
Hingham,1524.044025461194
Malden Catholic,1514.1238765608803
Marshfield,1490.3883785394173
Wachusett,1490.104440499133
Quabbin,1488.1167585412315
Fontbonne,1485.8761234391197
Cohasset,1477.6832417194753
Nashoba,1476.671782177954
Notre Dame (Worcester),1469.1724030504142
North Quincy/Quincy,1466.6395236007272
Silver Lake,1464.0727330800376
Worcester,1445.5157835245316
