team,elo
Belmont,1589.094308701481
Weymouth,1564.6760527841775
Brookline,1500.0
Cambridge,1480.6592135992169
Lincoln-Sudbury,1474.1474478762693
Algonquin,1454.6647336166054
Needham,1436.7582434222497
