team,elo
Hopkinton,1599.59123525715
Duxbury,1577.1720975991486
Hingham,1524.044025461194
Malden Catholic,1514.1238765608803
Marshfield,1490.3883785394173
Quabbin,1488.1167585412315
Fontbonne,1485.8761234391197
Cohasset,1477.6832417194753
Nashoba,1466.776222677087
North Quincy/Quincy,1466.6395236007272
Silver Lake,1464.0727330800376
Worcester,1445.5157835245316
