team,elo
Newton North,1537.1945889791562
Newton South,1462.8054110208438
