team,elo
Central Catholic,1540.7119475330283
Newton North,1537.1945889791562
Hingham/Hull,1529.7302016425451
Marshfield,1470.2697983574549
Newton South,1462.8054110208438
Methuen,1459.2880524669717
