team,elo
Chelmsford,1530.7177335579315
Central Catholic,1530.7177335579315
Winchester,1523.766482917537
Methuen,1523.03505051891
Haverhill,1476.96494948109
Wellesley,1476.233517082463
North Andover,1469.2822664420685
Tewksbury,1469.2822664420685
