team,elo
Springfield Central,1550.205099986591
North Andover,1509.2075116324618
Greater Lawrence,1470.397720870392
Framingham,1470.1896675105552
