team,elo
Hopkinton,1554.4842164754684
Hingham,1524.044025461194
Nashoba,1511.8832414587685
Marshfield,1511.8832414587685
Quabbin,1488.1167585412315
Silver Lake,1464.0727330800376
Worcester,1445.5157835245316
