team,elo
Apponequet,1556.495506243521
Bourne,1443.504493756479
