date,game_id,status,home_team,home_team_id,home_score,home_outcome,visitor_team,visitor_team_id,visitor_score,visitor_outcome,home_conference,visitor_conference,time,overtime,is_shootout_win,season,home_elo_pre,away_elo_pre,home_elo_post,away_elo_post,home_win_prob,away_win_prob,pred_point_spread,actual_point_spread
2024-09-03,40799,FINAL,Westfield Tech,4420,15.0,1.0,Smith Voc.,4539,45.0,0.0,Pioneer,Pioneer,,,0,2024,1500.0,1500.0,1441.1280890095327,1558.8719109904673,0.5714631174083814,0.4285368825916186,5.0,-30.0
2024-09-03,5156,UPCOMING,Chicopee Comprehensive,4089,,,Westfield,4419,,,Valley,Valley,3:45 P.M.,,0,2024,1514.7561779692787,1502.7555,,,0.5882909171170093,0.4117090828829907,6.200067796927874,
2024-09-04,5190,FINAL,Framingham,4143,38.0,0.0,Walpole,4404,22.0,1.0,Bay State,Bay State,4:00 P.M.,,0,2024,1500.0,1500.0,1536.4240924253647,1463.5759075746353,0.5714631174083814,0.4285368825916186,5.0,16.0
2024-09-04,5176,UPCOMING,Durfee,4122,,,Diman,4115,,,Big Three,Mayflower,4:00 P.M.,,0,2024,1540.7575325098042,1469.0986653353766,,,0.6682597661578364,0.33174023384216356,12.165886717442755,
2024-09-04,43858,FINAL,Nauset,4271,29.0,0.0,Sturgis East,4456,27.0,1.0,Cape &#38; Islands,Cape &#38; Islands,,,0,2024,1500.0,1500.0,1514.1238765608803,1485.8761234391197,0.5714631174083814,0.4285368825916186,5.0,2.0
2024-09-04,43841,FINAL,Bellingham,4033,15.0,1.0,Douglas,4506,50.0,0.0,Tri-Valley,Dual Valley,,,0,2024,1500.0,1500.0,1438.564532884137,1561.435467115863,0.5714631174083814,0.4285368825916186,5.0,-35.0
2024-09-04,41081,FINAL,Hampshire,4518,15.0,1.0,McCann Tech,4240,50.0,0.0,Pioneer,Pioneer,,,0,2024,1500.0,1500.0,1438.564532884137,1561.435467115863,0.5714631174083814,0.4285368825916186,5.0,-35.0
2024-09-04,8717,FINAL,Marblehead,4231,15.0,1.0,Salem,4336,45.0,0.0,Northeastern,Northeastern,,,0,2024,1500.0,1500.0,1441.1280890095327,1558.8719109904673,0.5714631174083814,0.4285368825916186,5.0,-30.0
2024-09-04,8683,FINAL,Swampscott,4383,29.0,0.0,Beverly,4038,28.0,1.0,Northeastern,Northeastern,,,0,2024,1500.0,1465.1850182675416,1507.908316099211,1457.2767021683305,0.6196903860628546,0.38030961393714535,8.481498173245836,1.0
2024-09-04,5086,FINAL,Braintree,4051,21.0,1.0,Natick,4270,36.0,0.0,Bay State,Bay State,4:00 P.M.,,0,2024,1500.0,1500.0,1452.467034164926,1547.532965835074,0.5714631174083814,0.4285368825916186,5.0,-15.0
2024-09-04,7495,FINAL,Parker Charter,4483,15.0,1.0,Bay Path,4027,50.0,0.0,Colonial,Colonial,3:30 P.M.,,0,2024,1500.0,1500.0,1438.564532884137,1561.435467115863,0.5714631174083814,0.4285368825916186,5.0,-35.0
2024-09-04,7286,FINAL,Milton,4252,48.0,0.0,Weymouth,4425,15.0,1.0,Bay State,Bay State,4:30 P.M.,,0,2024,1541.8864360075881,1447.6616169819788,1574.0042674606063,1415.5437855289606,0.6964024596198074,0.3035975403801926,14.422481902560936,33.0
2024-09-04,7254,FINAL,Braintree,4051,32.0,0.0,Wellesley,4413,23.0,1.0,Bay State,Bay State,4:00 P.M.,,0,2024,1452.467034164926,1467.357314151949,1483.5273650417719,1436.296983275103,0.5503556564698892,0.44964434353011085,3.510972001297705,9.0
2024-09-04,7229,FINAL,Weymouth,4425,21.0,1.0,Newton North,4279,36.0,0.0,Bay State,Bay State,4:30 P.M.,,0,2024,1500.0,1458.1135639924119,1447.6616169819788,1510.451947010433,0.6292360469020523,0.37076395309794774,9.188643600758814,-15.0
2024-09-04,7226,FINAL,Milton,4252,43.0,0.0,Newton North,4279,18.0,1.0,Bay State,Bay State,4:30 P.M.,,0,2024,1500.0,1500.0,1541.8864360075881,1458.1135639924119,0.5714631174083814,0.4285368825916186,5.0,25.0
2024-09-04,7148,FINAL,Natick,4270,38.0,0.0,Wellesley,4413,19.0,1.0,Bay State,Bay State,4:00 P.M.,,0,2024,1547.532965835074,1500.0,1580.1756516831251,1467.357314151949,0.6367867923733004,0.3632132076266996,9.753296583507403,19.0
2024-09-04,8682,FINAL,Danvers,4103,39.0,0.0,Beverly,4038,25.0,1.0,Northeastern,Northeastern,,,0,2024,1500.0,1500.0,1534.8149817324584,1465.1850182675416,0.5714631174083814,0.4285368825916186,5.0,14.0
2024-09-05,40793,FINAL,Springfield International,4480,25.0,1.0,Putnam,4362,34.0,0.0,Valley,Valley,,,0,2024,1500.0,1500.0,1460.5247263397866,1539.4752736602134,0.5714631174083814,0.4285368825916186,5.0,-9.0
2024-09-06,5170,UPCOMING,Doherty,4116,,,Notre Dame (Worcester),4451,,,Inter-High,Central Mass.,3:30 P.M.,,0,2024,1485.0350496539302,1502.7555,,,0.5463208039547729,0.4536791960452271,3.227954965393019,
2024-09-07,7513,UPCOMING,St. Mary’s,4374,,,Bishop Feehan,4042,,,Catholic Central,Catholic Central,10:00 A.M.,,0,2024,1557.0354401331613,1384.2424677530666,,,0.7828749364746391,0.21712506352536087,22.279297238009462,
2024-09-07,7512,UPCOMING,Cardinal Spellman,4075,,,Bishop Feehan,4042,,,Catholic Central,Catholic Central,10:00 A.M.,,0,2024,1574.375914188413,1384.2424677530666,,,0.7993632213132202,0.20063677868677976,24.01334464353463,
2024-09-07,7510,UPCOMING,Arlington Catholic,4014,,,Bishop Feehan,4042,,,Catholic Central,Catholic Central,10:00 A.M.,,0,2024,1572.8234925160743,1384.2424677530666,,,0.7979261424323671,0.20207385756763285,23.85810247630077,
2024-09-07,7511,UPCOMING,Bishop Stang,4045,,,Bishop Feehan,4042,,,Catholic Central,Catholic Central,10:00 A.M.,,0,2024,1572.3292630323763,1384.2424677530666,,,0.7974670235586944,0.20253297644130563,23.808679527930963,
2024-09-07,5058,UPCOMING,Archbishop Williams,4012,,,Bishop Feehan,4042,,,Catholic Central,Catholic Central,10:00 A.M.,,0,2024,1448.0029676535962,1384.2424677530666,,,0.6581043829121439,0.3418956170878561,11.376049990052957,
2024-09-07,7509,UPCOMING,Bishop Fenwick,4043,,,Bishop Feehan,4042,,,Catholic Central,Catholic Central,10:00 A.M.,,0,2024,1415.8133418141535,1384.2424677530666,,,0.6152795371857308,0.3847204628142692,8.15708740610869,
2024-09-08,9029,UPCOMING,Triton,4395,,,North Reading,4288,,,Cape Ann,Cape Ann,4:00 P.M.,,0,2024,1486.3404233987444,1522.5868134422142,,,0.5197827033257084,0.4802172966742916,1.3753609956530226,
2024-09-09,43634,FINAL,Rockland,4331,46.0,0.0,East Bridgewater,4126,15.0,1.0,South Shore,South Shore,,,0,2024,1500.0,1500.0,1544.5558697901492,1455.4441302098508,0.5714631174083814,0.4285368825916186,5.0,31.0
2024-09-09,18730,FINAL,Cohasset,4094,49.0,0.0,Norwell,4296,16.0,1.0,South Shore,South Shore,,,0,2024,1500.0,1500.0,1545.3352663833946,1454.6647336166054,0.5714631174083814,0.4285368825916186,5.0,33.0
2024-09-09,5027,FINAL,Advanced Math and Science,4595,15.0,1.0,Keefe Tech,4191,50.0,0.0,Colonial,Colonial,3:30 P.M.,,0,2024,1500.0,1500.0,1438.564532884137,1561.435467115863,0.5714631174083814,0.4285368825916186,5.0,-35.0
2024-09-10,40566,FINAL,Blackstone Valley,4046,15.0,1.0,University Park/Claremont,4514,50.0,0.0,Colonial,Colonial,,,0,2024,1517.8223479160597,1500.0,1453.7078508187515,1564.1144970973082,0.5963830357666131,0.4036169642333869,6.78223479160597,-35.0
2024-09-10,4978,UPCOMING,Algonquin,4005,,,Shepherd Hill,4347,,,Mid-Wach,Mid-Wach,4:00 P.M.,,0,2024,1519.6651070066287,1521.9860061012137,,,0.5681882271811793,0.43181177281882066,4.7679100905415,
2024-09-10,5157,UPCOMING,Chicopee Comprehensive,4089,,,Amherst-Pelham,4008,,,Valley,Valley,3:45 P.M.,,0,2024,1514.7561779692787,1502.7555,,,0.5882909171170093,0.4117090828829907,6.200067796927874,
2024-09-10,5167,UPCOMING,Somerset Berkley,4350,,,Diman,4115,,,South Coast,Mayflower,3:30 P.M.,,0,2024,1576.7662308463655,1469.0986653353766,,,0.7125103266937802,0.2874896733062198,15.766756551098888,
2024-09-10,8940,UPCOMING,Plymouth South,4316,,,Pembroke,4308,,,Patriot,Patriot,4:00 P.M.,,0,2024,1546.9814826909287,1569.4173206397502,,,0.5395850006716715,0.4604149993283285,2.7564162051178527,
2024-09-10,43842,FINAL,Blackstone-Millville,4486,50.0,0.0,Bellingham,4033,15.0,1.0,Dual Valley,Tri-Valley,,,0,2024,1500.0,1438.564532884137,1537.0801099639114,1401.4844229202256,0.6550866099242046,0.34491339007579536,11.143546711586305,35.0
2024-09-10,43535,FINAL,Monomoy,4706,21.0,1.0,Cape Cod Academy,4072,27.0,0.0,Cape &#38; Islands,Cape &#38; Islands,,,0,2024,1500.0,1500.0,1466.6395236007272,1533.3604763992728,0.5714631174083814,0.4285368825916186,5.0,-6.0
2024-09-10,40620,FINAL,Greater New Bedford,4156,31.0,0.0,Old Rochester,4301,26.0,1.0,South Coast,South Coast,,,0,2024,1500.0,1500.0,1523.03505051891,1476.96494948109,0.5714631174083814,0.4285368825916186,5.0,5.0
2024-09-10,40365,FINAL,Blackstone Valley,4046,31.0,0.0,Monty Tech,4259,28.0,1.0,Colonial,Colonial,,,0,2024,1500.0,1500.0,1517.8223479160597,1482.1776520839403,0.5714631174083814,0.4285368825916186,5.0,3.0
2024-09-10,9231,FINAL,Dennis-Yarmouth,4111,21.0,1.0,Sturgis West,4735,44.0,0.0,Cape &#38; Islands,Cape &#38; Islands,,,0,2024,1500.0,1500.0,1445.5157835245316,1554.4842164754684,0.5714631174083814,0.4285368825916186,5.0,-23.0
2024-09-10,8854,FINAL,Lexington,4209,15.0,1.0,Wakefield,4402,48.0,0.0,Middlesex,Middlesex,4:00 P.M.,,0,2024,1500.0,1500.0,1439.5444506449098,1560.4555493550902,0.5714631174083814,0.4285368825916186,5.0,-33.0
2024-09-10,4993,FINAL,Burlington,4065,50.0,0.0,Arlington,4013,15.0,1.0,Middlesex,Middlesex,4:00 P.M.,,0,2024,1500.0,1500.0,1546.0701010378202,1453.9298989621798,0.5714631174083814,0.4285368825916186,5.0,35.0
2024-09-10,5006,FINAL,Attleboro,4018,24.0,1.0,Taunton,4388,43.0,0.0,Hockomock,Hockomock,3:45 P.M.,,0,2024,1500.0,1500.0,1448.6414848810182,1551.3585151189818,0.5714631174083814,0.4285368825916186,5.0,-19.0
2024-09-10,5035,FINAL,Belmont,4034,15.0,1.0,Stoneham,4380,45.0,0.0,Middlesex,Middlesex,4:00 P.M.,,0,2024,1500.0,1500.0,1441.1280890095327,1558.8719109904673,0.5714631174083814,0.4285368825916186,5.0,-30.0
2024-09-10,7249,FINAL,Franklin,4144,15.0,1.0,Sharon,4345,48.0,0.0,Hockomock,Hockomock,3:45 P.M.,,0,2024,1500.0,1500.0,1439.5444506449098,1560.4555493550902,0.5714631174083814,0.4285368825916186,5.0,-33.0
2024-09-10,7358,FINAL,Silver Lake,4349,32.0,0.0,Hingham,4171,23.0,1.0,Patriot,Patriot,4:00 P.M.,,0,2024,1500.0,1500.0,1529.602279129608,1470.397720870392,0.5714631174083814,0.4285368825916186,5.0,9.0
2024-09-10,7486,FINAL,Milford,4249,43.0,0.0,King Philip,4197,17.0,1.0,Hockomock,Hockomock,3:45 P.M.,,0,2024,1500.0,1500.0,1542.3716296826408,1457.6283703173592,0.5714631174083814,0.4285368825916186,5.0,26.0
2024-09-10,9232,FINAL,Sturgis East,4456,15.0,1.0,Rising Tide Charter,4746,50.0,0.0,Cape &#38; Islands,Cape &#38; Islands,,,0,2024,1485.8761234391197,1500.0,1426.5924822823233,1559.2836411567964,0.5514471685043169,0.44855283149568315,3.5876123439119736,-35.0
2024-09-10,8863,FINAL,Reading,4328,15.0,1.0,Watertown,4409,50.0,0.0,Middlesex,Middlesex,4:15 P.M.,,0,2024,1500.0,1500.0,1438.564532884137,1561.435467115863,0.5714631174083814,0.4285368825916186,5.0,-35.0
2024-09-10,8868,FINAL,Melrose,4244,30.0,0.0,Winchester,4434,29.0,1.0,Middlesex,Middlesex,4:15 P.M.,,0,2024,1500.0,1500.0,1508.9111739580298,1491.0888260419702,0.5714631174083814,0.4285368825916186,5.0,1.0
2024-09-10,8871,FINAL,Wilmington,4432,27.0,1.0,Woburn,4438,28.0,0.0,Middlesex,Middlesex,4:00 P.M.,,0,2024,1500.0,1500.0,1488.1167585412315,1511.8832414587685,0.5714631174083814,0.4285368825916186,5.0,-1.0
2024-09-10,8956,FINAL,Duxbury,4123,23.0,1.0,Plymouth North,4315,36.0,0.0,Patriot,Patriot,4:00 P.M.,,0,2024,1500.0,1500.0,1454.7562821419588,1545.2437178580412,0.5714631174083814,0.4285368825916186,5.0,-13.0
2024-09-10,8963,FINAL,Whitman-Hanson,4427,50.0,0.0,Marshfield,4234,15.0,1.0,Patriot,Patriot,4:00 P.M.,,0,2024,1500.0,1500.0,1546.0701010378202,1453.9298989621798,0.5714631174083814,0.4285368825916186,5.0,35.0
2024-09-10,8999,FINAL,Oliver Ames,4302,15.0,1.0,Mansfield,4230,50.0,0.0,Hockomock,Hockomock,3:45 P.M.,,0,2024,1500.0,1500.0,1438.564532884137,1561.435467115863,0.5714631174083814,0.4285368825916186,5.0,-35.0
2024-09-10,9004,FINAL,North Attleborough,4284,20.0,1.0,Stoughton,4381,39.0,0.0,Hockomock,Hockomock,3:45 P.M.,,0,2024,1500.0,1500.0,1448.6414848810182,1551.3585151189818,0.5714631174083814,0.4285368825916186,5.0,-19.0
2024-09-10,9176,FINAL,Groton-Dunstable,4160,32.0,0.0,Nashoba,4267,23.0,1.0,Mid-Wach,Mid-Wach,4:00 P.M.,,0,2024,1500.0,1500.0,1529.602279129608,1470.397720870392,0.5714631174083814,0.4285368825916186,5.0,9.0
2024-09-10,9207,FINAL,Leominster,4208,43.0,0.0,Nashoba,4267,17.0,1.0,Mid-Wach,Mid-Wach,4:00 P.M.,,0,2024,1500.0,1470.397720870392,1538.3048470414224,1432.0928738289697,0.6125936183661822,0.3874063816338178,7.960227912960795,26.0
2024-09-10,9220,FINAL,Dighton-Rehoboth,4114,38.0,0.0,Apponequet,4011,17.0,1.0,South Coast,South Coast,4:00 P.M.,,0,2024,1500.0,1500.0,1539.7387709076156,1460.2612290923844,0.5714631174083814,0.4285368825916186,5.0,21.0
2024-09-10,9222,FINAL,Hudson,4182,50.0,0.0,Tyngsborough,4397,15.0,1.0,Mid-Wach,Mid-Wach,4:00 P.M.,,0,2024,1500.0,1500.0,1546.0701010378202,1453.9298989621798,0.5714631174083814,0.4285368825916186,5.0,35.0
2024-09-11,41188,FINAL,Minuteman,4255,32.0,0.0,Mystic Valley,4264,27.0,1.0,Commonwealth,Commonwealth,,,0,2024,1500.0,1500.0,1523.03505051891,1476.96494948109,0.5714631174083814,0.4285368825916186,5.0,5.0
2024-09-11,42190,FINAL,New Bedford,4273,27.0,1.0,Bishop Stang,4045,28.0,0.0,Big Three,Catholic Central,,,0,2024,1500.0,1500.0,1488.1167585412315,1511.8832414587685,0.5714631174083814,0.4285368825916186,5.0,-1.0
2024-09-11,42419,FINAL,Everett,4132,15.0,1.0,Lynn Classical,4220,40.0,0.0,Greater Boston,Greater Boston,,,0,2024,1500.0,1500.0,1444.1435398669437,1555.8564601330563,0.5714631174083814,0.4285368825916186,5.0,-25.0
2024-09-11,9277,FINAL,Brookline,4059,22.0,1.0,Walpole,4404,39.0,0.0,Bay State,Bay State,,,0,2024,1551.6338485360172,1512.865808630058,1497.4360392947556,1567.0636178713196,0.6250385046283337,0.37496149537166634,8.876803990595931,-17.0
2024-09-11,43423,FINAL,Dedham,4108,25.0,1.0,Medway,4243,34.0,0.0,Tri-Valley,Tri-Valley,,,0,2024,1500.0,1500.0,1460.5247263397866,1539.4752736602134,0.5714631174083814,0.4285368825916186,5.0,-9.0
2024-09-11,5074,UPCOMING,Bedford,4031,,,Boston Latin,4049,,,Dual County,Dual County,4:00 P.M.,,0,2024,1502.7555,1502.7555,,,0.5714631174083814,0.4285368825916186,5.0,
2024-09-11,42446,FINAL,Medford,4242,45.0,0.0,Everett,4132,18.0,1.0,Greater Boston,Greater Boston,,,0,2024,1542.8391759884464,1444.1435398669437,1572.647470295348,1414.335245560042,0.7018160778559733,0.29818392214402667,14.869563612150273,27.0
2024-09-11,9276,FINAL,Wellesley,4413,16.0,1.0,Walpole,4404,51.0,0.0,Bay State,Bay State,,,0,2024,1384.6631347390858,1463.5759075746353,1335.373233683663,1512.865808630058,0.4584869593448491,0.5415130406551509,-2.8912772835549503,-35.0
2024-09-11,7498,FINAL,Beverly,4038,24.0,1.0,Marblehead,4231,31.0,0.0,Northeastern,Northeastern,4:00 P.M.,,0,2024,1457.2767021683305,1441.1280890095327,1420.217204577885,1478.1875865999782,0.5940617043508017,0.40593829564919826,6.614861315879784,-7.0
2024-09-11,9269,FINAL,Central Catholic,4081,17.0,1.0,Dracut,4119,46.0,0.0,Merrimack Valley,Merrimack Valley,3:45 P.M.,,0,2024,1500.0,1500.0,1441.6902342406236,1558.3097657593764,0.5714631174083814,0.4285368825916186,5.0,-29.0
2024-09-11,5148,FINAL,Chelmsford,4085,46.0,0.0,North Andover,4283,17.0,1.0,Merrimack Valley,Merrimack Valley,4:00 P.M.,,0,2024,1500.0,1500.0,1543.7261556904882,1456.2738443095118,0.5714631174083814,0.4285368825916186,5.0,29.0
2024-09-11,5191,FINAL,Milton,4252,20.0,1.0,Framingham,4143,43.0,0.0,Bay State,Bay State,4:30 P.M.,,0,2024,1574.0042674606063,1536.4240924253647,1514.5650085209734,1595.8633513649977,0.6234345725680102,0.37656542743198984,8.758017503524162,-23.0
2024-09-11,7150,FINAL,Needham,4272,19.0,1.0,Natick,4270,44.0,0.0,Bay State,Bay State,4:00 P.M.,,0,2024,1500.0,1580.1756516831251,1455.362518963953,1624.813132719172,0.45668261120293496,0.543317388797065,-3.0175651683125126,-25.0
2024-09-11,8905,FINAL,Tewksbury,4389,41.0,0.0,Lowell,4216,18.0,1.0,Merrimack Valley,Merrimack Valley,4:00 P.M.,,0,2024,1500.0,1500.0,1540.8573984349698,1459.1426015650302,0.5714631174083814,0.4285368825916186,5.0,23.0
2024-09-11,8912,FINAL,Billerica,4040,15.0,1.0,Methuen,4246,50.0,0.0,Merrimack Valley,Merrimack Valley,3:45 P.M.,,0,2024,1500.0,1500.0,1438.564532884137,1561.435467115863,0.5714631174083814,0.4285368825916186,5.0,-35.0
2024-09-11,8933,FINAL,Scituate,4343,27.0,1.0,Hanover,4164,32.0,0.0,Patriot,Patriot,4:00 P.M.,,0,2024,1500.0,1500.0,1469.2822664420685,1530.7177335579315,0.5714631174083814,0.4285368825916186,5.0,-5.0
2024-09-11,8984,FINAL,Foxborough,4142,45.0,0.0,Canton,4071,17.0,1.0,Hockomock,Hockomock,3:45 P.M.,,0,2024,1500.0,1500.0,1543.290313732385,1456.709686267615,0.5714631174083814,0.4285368825916186,5.0,28.0
2024-09-11,9013,FINAL,Hamilton-Wenham,4163,15.0,1.0,Georgetown,4148,48.0,0.0,Cape Ann,Cape Ann,3:30 P.M.,,0,2024,1500.0,1500.0,1439.5444506449098,1560.4555493550902,0.5714631174083814,0.4285368825916186,5.0,-33.0
2024-09-11,9272,FINAL,Wellesley,4413,16.0,1.0,Brookline,4059,51.0,0.0,Bay State,Bay State,,,0,2024,1436.296983275103,1500.0,1384.6631347390858,1551.6338485360172,0.48028999262814664,0.5197100073718534,-1.3703016724896997,-35.0
2024-09-11,9027,FINAL,Essex Tech,4745,40.0,0.0,Triton,4395,18.0,1.0,Cape Ann,Cape Ann,4:00 P.M.,,0,2024,1500.0,1500.0,1540.3102475003498,1459.6897524996502,0.5714631174083814,0.4285368825916186,5.0,22.0
2024-09-11,9048,FINAL,Ipswich,4190,37.0,0.0,Manchester Essex/Rockport,4229,22.0,1.0,Cape Ann,Cape Ann,4:00 P.M.,,0,2024,1500.0,1500.0,1535.6446958321194,1464.3553041678806,0.5714631174083814,0.4285368825916186,5.0,15.0
2024-09-11,9093,FINAL,Medford,4242,45.0,0.0,Lynn English,4221,18.0,1.0,Greater Boston,Greater Boston,4:00 P.M.,,0,2024,1500.0,1500.0,1542.8391759884464,1457.1608240115536,0.5714631174083814,0.4285368825916186,5.0,27.0
2024-09-11,9143,FINAL,Salem,4336,46.0,0.0,Masconomet,4236,17.0,1.0,Northeastern,Northeastern,4:30 P.M.,,0,2024,1558.8719109904673,1500.0,1594.4064612196712,1464.465449770796,0.6517447020198288,0.3482552979801712,10.887191099046731,29.0
2024-09-11,9144,FINAL,Winthrop,4437,15.0,1.0,Masconomet,4236,50.0,0.0,Northeastern,Northeastern,4:30 P.M.,,0,2024,1500.0,1464.465449770796,1433.2749379205686,1531.1905118502275,0.6206661033970389,0.37933389660296113,8.553455022920389,-35.0
2024-09-11,9241,FINAL,Holliston,4174,19.0,1.0,Norwood,4297,42.0,0.0,Tri-Valley,Tri-Valley,4:30 P.M.,,0,2024,1500.0,1500.0,1445.5157835245316,1554.4842164754684,0.5714631174083814,0.4285368825916186,5.0,-23.0
2024-09-11,9243,FINAL,Newburyport,4276,15.0,1.0,Pentucket,4309,50.0,0.0,Cape Ann,Cape Ann,,,0,2024,1500.0,1500.0,1438.564532884137,1561.435467115863,0.5714631174083814,0.4285368825916186,5.0,-35.0
2024-09-11,9261,FINAL,Tri-County,4392,20.0,1.0,Bristol Aggie,4463,39.0,0.0,Mayflower,Mayflower,3:30 P.M.,,0,2024,1500.0,1500.0,1448.6414848810182,1551.3585151189818,0.5714631174083814,0.4285368825916186,5.0,-19.0
2024-09-11,9267,FINAL,Silver Lake,4349,32.0,0.0,Hingham,4171,23.0,1.0,Patriot,Patriot,,,0,2024,1529.602279129608,1470.397720870392,1553.628888745577,1446.371111254423,0.6521792008313679,0.34782079916863207,10.92045582592159,9.0
2024-09-11,9036,FINAL,Amesbury,4007,25.0,1.0,Lynnfield,4223,30.0,0.0,Cape Ann,Cape Ann,4:00 P.M.,,0,2024,1500.0,1500.0,1469.2822664420685,1530.7177335579315,0.5714631174083814,0.4285368825916186,5.0,-5.0
2024-09-11,5087,FINAL,Braintree,4051,23.0,1.0,Newton North,4279,30.0,0.0,Bay State,Bay State,4:30 P.M.,,0,2024,1483.5273650417719,1510.451947010433,1450.2671475726818,1543.7121644795232,0.5331594533504966,0.46684054664950336,2.3075418031338812,-7.0
2024-09-12,9081,FINAL,Chelsea,4086,44.0,0.0,Malden,4227,22.0,1.0,Greater Boston,Greater Boston,4:00 P.M.,,0,2024,1500.0,1500.0,1540.3102475003498,1459.6897524996502,0.5714631174083814,0.4285368825916186,5.0,22.0
2024-09-12,9071,FINAL,Somerville,4351,27.0,1.0,Revere,4329,28.0,0.0,Greater Boston,Greater Boston,4:00 P.M.,,0,2024,1500.0,1500.0,1488.1167585412315,1511.8832414587685,0.5714631174083814,0.4285368825916186,5.0,-1.0
2024-09-12,9355,FINAL,Mashpee,4237,44.0,0.0,Abington,4002,18.0,1.0,South Shore,South Shore,,,0,2024,1500.0,1500.0,1542.3716296826408,1457.6283703173592,0.5714631174083814,0.4285368825916186,5.0,26.0
2024-09-12,18731,FINAL,Carver,4077,50.0,0.0,Norwell,4296,15.0,1.0,South Shore,South Shore,,,0,2024,1500.0,1454.6647336166054,1539.3625485023442,1415.3021851142612,0.6338557232117141,0.36614427678828587,9.533526638339458,35.0
2024-09-12,40924,FINAL,Southeastern,4358,18.0,1.0,Upper Cape,4457,43.0,0.0,Mayflower,Mayflower,,,0,2024,1500.0,1500.0,1444.1435398669437,1555.8564601330563,0.5714631174083814,0.4285368825916186,5.0,-25.0
2024-09-12,43332,FINAL,Sandwich,4340,18.0,1.0,Rockland,4331,39.0,0.0,South Shore,South Shore,,,0,2024,1500.0,1544.5558697901492,1452.9078978707223,1591.647971919427,0.5078340920025624,0.49216590799743765,0.5444130209850755,-21.0
2024-09-12,43553,FINAL,East Bridgewater,4126,20.0,1.0,Cohasset,4094,40.0,0.0,South Shore,South Shore,,,0,2024,1455.4441302098508,1545.3352663833946,1414.9967684440967,1585.7826281491486,0.4428429810489323,0.5571570189510677,-3.989113617354383,-20.0
2024-09-13,40567,FINAL,Advanced Math and Science,4595,22.0,1.0,Blackstone Valley,4046,39.0,0.0,Colonial,Colonial,,,0,2024,1438.564532884137,1453.7078508187515,1390.8738174585521,1501.3985662443363,0.5499951727120599,0.4500048272879401,3.4856682065385485,-17.0
2024-09-16,9097,FINAL,Revere,4329,21.0,0.0,Medford,4242,19.0,1.0,Greater Boston,Greater Boston,4:15 P.M.,,0,2024,1511.8832414587685,1572.647470295348,1528.8728196113261,1555.6578921427904,0.4845139840566589,0.5154860159433411,-1.0764228836579606,2.0
2024-09-16,9056,UPCOMING,Lynn English,4221,,,Everett,4132,,,Greater Boston,Greater Boston,4:00 P.M.,,0,2024,1541.2933639922833,1489.870784260808,,,0.6419494306315762,0.35805056936842383,10.142257973147526,
2024-09-16,43879,FINAL,Arlington Catholic,4014,50.0,0.0,Bishop Feehan,4042,15.0,1.0,Catholic Central,Catholic Central,,,0,2024,1500.0,1500.0,1546.0701010378202,1453.9298989621798,0.5714631174083814,0.4285368825916186,5.0,35.0
2024-09-16,5007,FINAL,Franklin,4144,17.0,1.0,Attleboro,4018,48.0,0.0,Hockomock,Hockomock,3:45 P.M.,,0,2024,1439.5444506449098,1448.6414848810182,1381.466308811262,1506.719626714666,0.5585936480496646,0.4414063519503354,4.090296576389164,-31.0
2024-09-16,9072,FINAL,Somerville,4351,19.0,1.0,Chelsea,4086,42.0,0.0,Greater Boston,Greater Boston,4:00 P.M.,,0,2024,1488.1167585412315,1540.3102475003498,1440.7469104722325,1587.6800955693489,0.4968433575778767,0.5031566424221233,-0.21934889591182127,-23.0
2024-09-16,9088,FINAL,Malden,4227,23.0,1.0,Lynn Classical,4220,37.0,0.0,Greater Boston,Greater Boston,4:00 P.M.,,0,2024,1459.6897524996502,1555.8564601330563,1424.4350775582895,1591.111135074417,0.4339490571114171,0.5660509428885829,-4.616670763340608,-14.0
2024-09-17,43636,FINAL,Carver,4077,50.0,0.0,East Bridgewater,4126,15.0,1.0,South Shore,South Shore,,,0,2024,1539.3625485023442,1414.9967684440967,1568.196473813964,1386.1628431324768,0.7317913313066662,0.2682086686933338,17.436578005824753,35.0
2024-09-17,43771,FINAL,Rockland,4331,37.0,0.0,Mashpee,4237,24.0,1.0,South Shore,South Shore,,,0,2024,1591.647971919427,1542.3716296826408,1620.2206705591027,1513.798931042965,0.6391047373995301,0.3608952626004699,9.927634223678615,13.0
2024-09-17,5024,FINAL,Bay Path,4027,35.0,0.0,Blackstone Valley,4046,22.0,1.0,Colonial,Colonial,3:30 P.M.,,0,2024,1561.435467115863,1501.3985662443363,1588.8870509547055,1473.9469824054938,0.6532652836452459,0.34673471635475406,11.003690087152677,13.0
2024-09-17,43786,FINAL,Falmouth,4134,24.0,1.0,Sturgis West,4735,34.0,0.0,Cape &#38; Islands,Cape &#38; Islands,,,0,2024,1438.564532884137,1554.4842164754684,1409.339743163027,1583.7090061965785,0.40625613154217605,0.593743868457824,-6.591968359133148,-10.0
2024-09-17,5036,FINAL,Winchester,4434,20.0,1.0,Belmont,4034,37.0,0.0,Middlesex,Middlesex,4:00 P.M.,,0,2024,1491.0888260419702,1441.1280890095327,1435.592567268933,1496.6243477825699,0.6400129282265938,0.35998707177340616,9.996073703243747,-17.0
2024-09-17,43834,FINAL,Rising Tide Charter,4746,15.0,1.0,Cape Cod Academy,4072,50.0,0.0,Cape &#38; Islands,Cape &#38; Islands,,,0,2024,1559.2836411567964,1533.3604763992728,1493.9680300163827,1598.6760875396865,0.6075556109525662,0.39244438904743384,7.592316475752364,-35.0
2024-09-17,4994,FINAL,Lexington,4209,20.0,1.0,Arlington,4013,42.0,0.0,Middlesex,Middlesex,4:15 P.M.,,0,2024,1439.5444506449098,1453.9298989621798,1387.707705263835,1505.7666443432547,0.5510746930816675,0.44892530691833255,3.5614551682730053,-22.0
2024-09-17,4979,FINAL,Westborough,4418,24.0,1.0,Algonquin,4005,32.0,0.0,Mid-Wach,Mid-Wach,4:00 P.M.,,0,2024,1500.0,1500.0,1462.3310158016739,1537.6689841983261,0.5714631174083814,0.4285368825916186,5.0,-8.0
2024-09-17,43349,FINAL,Falmouth,4134,15.0,1.0,Martha’s Vineyard,4235,50.0,0.0,Cape &#38; Islands,Cape &#38; Islands,,,0,2024,1500.0,1500.0,1438.564532884137,1561.435467115863,0.5714631174083814,0.4285368825916186,5.0,-35.0
2024-09-17,43788,FINAL,Falmouth Academy,4135,24.0,1.0,Sturgis West,4735,34.0,0.0,Cape &#38; Islands,Cape &#38; Islands,,,0,2024,1500.0,1583.7090061965785,1467.510402355423,1616.1986038411555,0.45164048673765234,0.5483595132623477,-3.3709006196578457,-10.0
2024-09-17,40368,FINAL,Parker Charter,4483,19.0,1.0,Monty Tech,4259,39.0,0.0,Colonial,Colonial,,,0,2024,1438.564532884137,1482.1776520839403,1392.057282655085,1528.6849023129923,0.5091904251035654,0.4908095748964346,0.638688080019665,-20.0
2024-09-17,43695,FINAL,West Bridgewater,4415,28.0,1.0,Fairhaven,4133,29.0,0.0,South Coast,South Coast,,,0,2024,1500.0,1500.0,1488.1167585412315,1511.8832414587685,0.5714631174083814,0.4285368825916186,5.0,-1.0
2024-09-17,9695,FINAL,Middleborough,4247,19.0,1.0,Abington,4002,42.0,0.0,South Shore,South Shore,,,0,2024,1500.0,1457.6283703173592,1439.9455168671266,1517.6828534502326,0.6298874126401911,0.3701125873598089,9.237162968264078,-23.0
2024-09-17,5059,FINAL,Bishop Fenwick,4043,29.0,0.0,Bishop Feehan,4042,28.0,1.0,Catholic Central,Catholic Central,4:00 P.M.,,0,2024,1500.0,1453.9298989621798,1507.593353466655,1446.336545495525,0.6348368869980014,0.36516311300199855,9.607010103782022,1.0
2024-09-17,5158,FINAL,Chicopee Comprehensive,4089,31.0,0.0,Chicopee,4088,24.0,1.0,Valley,Valley,3:45 P.M.,,0,2024,1500.0,1500.0,1526.7335218740895,1473.2664781259105,0.5714631174083814,0.4285368825916186,5.0,7.0
2024-09-17,5168,FINAL,Diman,4115,22.0,1.0,Southeastern,4358,38.0,0.0,Mayflower,Mayflower,3:30 P.M.,,0,2024,1500.0,1444.1435398669437,1444.9397981225281,1499.2037417444155,0.6477945144627901,0.3522054855372099,10.585646013305631,-16.0
2024-09-17,7361,FINAL,Hingham,4171,24.0,1.0,Plymouth North,4315,36.0,0.0,Patriot,Patriot,3:30 P.M.,,0,2024,1446.371111254423,1545.2437178580412,1413.2734981875135,1578.3413309249509,0.43012692070803576,0.5698730792919642,-4.887260660361813,-12.0
2024-09-17,7487,FINAL,Taunton,4388,35.0,0.0,King Philip,4197,25.0,1.0,Hockomock,Hockomock,3:45 P.M.,,0,2024,1551.3585151189818,1457.6283703173592,1573.2417022138836,1435.7451832224574,0.6958000717942974,0.30419992820570263,14.37301448016226,10.0
2024-09-17,8864,FINAL,Reading,4328,33.0,0.0,Woburn,4438,23.0,1.0,Middlesex,Middlesex,4:00 P.M.,,0,2024,1438.564532884137,1511.8832414587685,1476.9434236899197,1473.5043506529857,0.46649197956848054,0.5335080204315195,-2.33187085746315,10.0
2024-09-17,8878,FINAL,Wilmington,4432,37.0,0.0,Stoneham,4380,19.0,1.0,Middlesex,Middlesex,4:00 P.M.,,0,2024,1488.1167585412315,1558.8719109904673,1534.9186383765991,1512.0700311550997,0.47016641464902403,0.5298335853509759,-2.0755152449235768,18.0
2024-09-17,9847,FINAL,Somerset Berkley,4350,36.0,0.0,Dighton-Rehoboth,4114,24.0,1.0,South Coast,South Coast,,,0,2024,1500.0,1539.7387709076156,1537.3382650545607,1502.400505853055,0.5147628035885362,0.4852371964114638,1.0261229092384383,12.0
2024-09-17,8899,FINAL,Burlington,4065,36.0,0.0,Wakefield,4402,23.0,1.0,Middlesex,Middlesex,4:00 P.M.,,0,2024,1546.0701010378202,1560.4555493550902,1581.6122896879983,1524.913360704912,0.5510746930816675,0.44892530691833255,3.5614551682730053,13.0
2024-09-17,8934,FINAL,Hanover,4164,24.0,1.0,Plymouth South,4316,32.0,0.0,Patriot,Patriot,4:00 P.M.,,0,2024,1530.7177335579315,1500.0,1490.2371855733186,1540.480547984613,0.6141163781824102,0.38588362181758984,8.071773355793152,-8.0
2024-09-17,8948,FINAL,Scituate,4343,37.0,0.0,Quincy/North Quincy,4326,18.0,1.0,Patriot,Patriot,4:00 P.M.,,0,2024,1469.2822664420685,1500.0,1511.7269136152224,1457.555352826846,0.5277209565993726,0.47227904340062743,1.9282266442068476,19.0
2024-09-17,8894,FINAL,Melrose,4244,15.0,1.0,Watertown,4409,50.0,0.0,Middlesex,Middlesex,4:15 P.M.,,0,2024,1508.9111739580298,1561.435467115863,1455.5489238484183,1614.7977172254746,0.4963673140476618,0.5036326859523381,-0.2524293157833199,-35.0
2024-09-17,8971,FINAL,Whitman-Hanson,4427,36.0,0.0,Silver Lake,4349,21.0,1.0,Patriot,Patriot,4:00 P.M.,,0,2024,1546.0701010378202,1553.628888745577,1582.6037416386614,1517.0952481447357,0.5607758156628905,0.4392241843371095,4.2441212292243335,15.0
2024-09-17,9630,FINAL,Apponequet,4011,41.0,0.0,Greater New Bedford,4156,27.0,1.0,South Coast,South Coast,,,0,2024,1460.2612290923844,1523.03505051891,1502.3747727017117,1480.9215069095828,0.48162527178919284,0.5183747282108071,-1.2773821426525729,14.0
2024-09-17,8957,FINAL,Marshfield,4234,15.0,1.0,Duxbury,4123,46.0,0.0,Patriot,Patriot,4:00 P.M.,,0,2024,1453.9298989621798,1454.7562821419588,1394.6348566564552,1514.0513244476833,0.5702977565584681,0.42970224344153185,4.9173616820221016,-31.0
2024-09-17,9605,FINAL,Archbishop Williams,4012,15.0,1.0,Cardinal Spellman,4075,50.0,0.0,Catholic Central,Catholic Central,,,0,2024,1500.0,1500.0,1438.564532884137,1561.435467115863,0.5714631174083814,0.4285368825916186,5.0,-35.0
2024-09-17,9590,FINAL,Nauset,4271,29.0,0.0,Dennis-Yarmouth,4111,28.0,1.0,Cape &#38; Islands,Cape &#38; Islands,,,0,2024,1514.1238765608803,1445.5157835245316,1521.1034159163983,1438.5362441690136,0.6643551061368281,0.33564489386317187,11.86080930363487,1.0
2024-09-17,9581,FINAL,St. Mary’s,4374,27.0,1.0,Arlington Catholic,4014,28.0,0.0,Catholic Central,Catholic Central,,,0,2024,1500.0,1546.0701010378202,1489.485192842951,1556.5849081948693,0.5056553380459491,0.4943446619540509,0.39298989621797775,-1.0
2024-09-17,9608,FINAL,Shepherd Hill,4347,43.0,0.0,Shrewsbury,4348,16.0,1.0,Mid-Wach,Mid-Wach,,,0,2024,1500.0,1500.0,1542.8391759884464,1457.1608240115536,0.5714631174083814,0.4285368825916186,5.0,27.0
2024-09-17,9000,FINAL,North Attleborough,4284,19.0,1.0,Mansfield,4230,40.0,0.0,Hockomock,Hockomock,3:45 P.M.,,0,2024,1448.6414848810182,1561.435467115863,1410.5657019658217,1599.5112500310595,0.4106034721266755,0.5893965278733245,-6.2793982234844865,-21.0
2024-09-17,8985,FINAL,Stoughton,4381,49.0,0.0,Canton,4071,15.0,1.0,Hockomock,Hockomock,3:45 P.M.,,0,2024,1551.3585151189818,1456.709686267615,1583.6853474036511,1424.3828539829458,0.6969182601761277,0.3030817398238723,14.46488288513667,34.0
2024-09-17,8975,FINAL,Sharon,4345,25.0,1.0,Milford,4249,34.0,0.0,Hockomock,Hockomock,3:45 P.M.,,0,2024,1560.4555493550902,1542.3716296826408,1519.2338355934396,1583.5933434442913,0.5967454273760047,0.40325457262399533,6.808391967244939,-9.0
2024-09-17,9580,FINAL,St. Mary’s,4374,28.0,2.0,Bishop Stang,4045,28.0,2.0,Catholic Central,Catholic Central,,,0,2024,1500.0,1511.8832414587685,1500.0,1511.8832414587685,0.554635402874908,0.445364597125092,3.8116758541231546,0.0
2024-09-18,9905,FINAL,Bellingham,4033,48.0,0.0,Norton,4295,20.0,1.0,Tri-Valley,Tri-Valley,3:45 P.M.,,0,2024,1401.4844229202256,1500.0,1459.001462387269,1442.482960532957,0.43063076554543717,0.5693692344545629,-4.85155770797744,28.0
2024-09-18,9057,UPCOMING,Chelsea,4086,,,Everett,4132,,,Greater Boston,Greater Boston,4:00 P.M.,,0,2024,1585.6587121396885,1489.870784260808,,,0.6983014979108823,0.30169850208911775,14.578792787888052,
2024-09-18,43313,FINAL,Old Rochester,4301,16.0,1.0,Dartmouth,4105,45.0,0.0,South Coast,Southeast,,,0,2024,1476.96494948109,1500.0,1421.9953463534077,1554.9696031276821,0.538727953318787,0.461272046681213,2.696494948108989,-29.0
2024-09-18,18698,FINAL,Ashland,4015,36.0,0.0,Westwood,4424,19.0,1.0,Tri-Valley,Tri-Valley,4:30 P.M.,,0,2024,1500.0,1500.0,1537.1589270797904,1462.8410729202096,0.5714631174083814,0.4285368825916186,5.0,17.0
2024-09-18,11555,FINAL,Medway,4243,49.0,0.0,Medfield,4241,15.0,1.0,Tri-Valley,Tri-Valley,3:45 P.M.,,0,2024,1539.4752736602134,1500.0,1579.3671153525972,1460.1081583076161,0.6259921578941724,0.3740078421058276,8.947527366021337,34.0
2024-09-18,10051,FINAL,Millis,4251,35.0,0.0,Dover-Sherborn,4118,24.0,1.0,Tri-Valley,Tri-Valley,3:45 P.M.,,0,2024,1500.0,1500.0,1531.94622447694,1468.05377552306,0.5714631174083814,0.4285368825916186,5.0,11.0
2024-09-18,9958,FINAL,Milton,4252,46.0,0.0,Wellesley,4413,16.0,1.0,Bay State,Bay State,,,0,2024,1514.5650085209734,1335.373233683663,1536.2948470164058,1313.6433951882307,0.7890708652316171,0.21092913476838293,22.919177483731026,30.0
2024-09-18,9923,FINAL,Ursuline,4448,25.0,1.0,Fontbonne,4447,37.0,0.0,Catholic Conference,Catholic Conference,,,0,2024,1500.0,1500.0,1456.0267813257121,1543.9732186742879,0.5714631174083814,0.4285368825916186,5.0,-12.0
2024-09-18,9901,FINAL,Beaver Country Day,4030,50.0,0.0,Newton Country Day,4278,15.0,1.0,EIL,EIL,,,0,2024,1500.0,1500.0,1546.0701010378202,1453.9298989621798,0.5714631174083814,0.4285368825916186,5.0,35.0
2024-09-18,9051,FINAL,Manchester Essex/Rockport,4229,27.0,1.0,Lynnfield,4223,30.0,0.0,Cape Ann,Cape Ann,4:00 P.M.,,0,2024,1464.3553041678806,1530.7177335579315,1444.5394754113809,1550.5335623144313,0.4764699646351175,0.5235300353648825,-1.636242939005092,-3.0
2024-09-18,9894,FINAL,Brookline,4059,47.0,0.0,Weymouth,4425,16.0,1.0,Bay State,Bay State,,,0,2024,1497.4360392947556,1415.5437855289606,1530.5836732354826,1382.3961515882336,0.6811871526434027,0.3188128473565973,13.189225376579497,31.0
2024-09-18,5046,FINAL,Billerica,4040,15.0,1.0,Lawrence,4203,50.0,0.0,Merrimack Valley,Merrimack Valley,3:30 P.M.,,0,2024,1438.564532884137,1500.0,1386.5803250475603,1551.9842078365766,0.4835489801073682,0.5164510198926318,-1.1435467115863047,-35.0
2024-09-18,5088,FINAL,Walpole,4404,43.0,0.0,Braintree,4051,15.0,1.0,Bay State,Bay State,4:00 P.M.,,0,2024,1567.0636178713196,1450.2671475726818,1595.0303528313846,1422.3004126126168,0.7231533712104605,0.2768466287895395,16.67964702986378,28.0
2024-09-18,5140,FINAL,Methuen,4246,50.0,0.0,Central Catholic,4081,15.0,1.0,Merrimack Valley,Merrimack Valley,3:45 P.M.,,0,2024,1561.435467115863,1441.6902342406236,1590.8340695199936,1412.291631836493,0.7265387932083284,0.27346120679167163,16.974523287523947,35.0
2024-09-18,5177,FINAL,Durfee,4122,15.0,1.0,Brockton,4058,50.0,0.0,Big Three,Big Three,4:00 P.M.,,0,2024,1500.0,1500.0,1438.564532884137,1561.435467115863,0.5714631174083814,0.4285368825916186,5.0,-35.0
2024-09-18,5192,FINAL,Needham,4272,15.0,1.0,Framingham,4143,50.0,0.0,Bay State,Bay State,4:30 P.M.,,0,2024,1455.362518963953,1595.8633513649977,1415.3030750002226,1635.9227953287282,0.372626689498204,0.627373310501796,-9.05008324010446,-35.0
2024-09-18,7138,FINAL,Newton North,4279,15.0,1.0,Framingham,4143,50.0,0.0,Bay State,Bay State,4:30 P.M.,,0,2024,1543.7121644795232,1635.9227953287282,1496.4579693053176,1683.1769905029337,0.4395511412641788,0.5604488587358212,-4.221063084920502,-35.0
2024-09-18,9899,FINAL,Lowell,4216,21.0,1.0,Chelmsford,4085,34.0,0.0,Merrimack Valley,Merrimack Valley,,,0,2024,1459.1426015650302,1543.7261556904882,1423.4841346992923,1579.384622556226,0.45039399063170266,0.5496060093682973,-3.458355412545802,-13.0
2024-09-18,7234,FINAL,Newton North,4279,23.0,1.0,Needham,4272,35.0,0.0,Bay State,Bay State,4:30 P.M.,,0,2024,1496.4579693053176,1415.3030750002226,1444.1126385000516,1467.6484058054887,0.6802646434713095,0.31973535652869045,13.115489430509502,-12.0
2024-09-18,7311,FINAL,North Andover,4283,19.0,1.0,Haverhill,4167,42.0,0.0,Merrimack Valley,Merrimack Valley,4:00 P.M.,,0,2024,1456.2738443095118,1500.0,1407.7423112025142,1548.5315331069976,0.5090278065101678,0.49097219348983223,0.6273844309511787,-23.0
2024-09-18,7419,FINAL,Norwood,4297,40.0,0.0,Hopkinton,4180,19.0,1.0,Tri-Valley,Tri-Valley,4:30 P.M.,,0,2024,1554.4842164754684,1500.0,1587.312001159618,1467.1722153158503,0.645990145401343,0.35400985459865697,10.448421647546843,21.0
2024-09-18,8992,FINAL,Oliver Ames,4302,15.0,1.0,Foxborough,4142,50.0,0.0,Hockomock,Hockomock,3:45 P.M.,,0,2024,1438.564532884137,1543.290313732385,1393.2092020468333,1588.6456445696886,0.42188820185077786,0.5781117981492221,-5.472578084824795,-35.0
2024-09-18,9014,FINAL,Hamilton-Wenham,4163,17.0,1.0,Ipswich,4190,44.0,0.0,Cape Ann,Cape Ann,3:30 P.M.,,0,2024,1439.5444506449098,1535.6446958321194,1396.1548456294572,1579.034300847572,0.43404303750423373,0.5659569624957663,-4.610024518720957,-27.0
2024-09-18,9022,FINAL,Pentucket,4309,43.0,0.0,Triton,4395,26.0,1.0,Cape Ann,Cape Ann,4:00 P.M.,,0,2024,1561.435467115863,1459.6897524996502,1586.9738692931219,1434.1513503223914,0.7054773074606434,0.2945226925393566,15.17457146162128,17.0
2024-09-18,9031,FINAL,North Reading,4288,34.0,0.0,Essex Tech,4745,24.0,1.0,Cape Ann,Cape Ann,4:00 P.M.,,0,2024,1500.0,1540.3102475003498,1534.9655530034904,1505.3446944968593,0.5139410604494382,0.4860589395505618,0.9689752499650239,10.0
2024-09-18,7492,FINAL,Andover,4009,15.0,1.0,Tewksbury,4389,48.0,0.0,Merrimack Valley,Merrimack Valley,4:00 P.M.,,0,2024,1500.0,1540.8573984349698,1445.7129959159627,1595.1444025190071,0.5131542252045296,0.4868457747954704,0.9142601565030191,-33.0
2024-09-18,9073,FINAL,Somerville,4351,15.0,1.0,Lynn English,4221,50.0,0.0,Greater Boston,Greater Boston,4:00 P.M.,,0,2024,1440.7469104722325,1457.1608240115536,1381.8140494667948,1516.0936850169912,0.5481842663367071,0.45181573366329286,3.358608646067887,-35.0
2024-09-18,9886,FINAL,Dedham,4108,33.0,0.0,Holliston,4174,18.0,1.0,Tri-Valley,Tri-Valley,4:30 P.M.,,0,2024,1460.5247263397866,1445.5157835245316,1494.4213984700416,1411.6191113942766,0.5924786601253504,0.40752133987464956,6.500894281525507,15.0
2024-09-18,9874,FINAL,Tri-County,4392,15.0,1.0,Bristol-Plymouth,4057,45.0,0.0,Mayflower,Independent,3:30 P.M.,,0,2024,1448.6414848810182,1500.0,1397.333085360611,1551.3083995204072,0.49804494955012374,0.5019550504498762,-0.13585151189818134,-30.0
2024-09-18,9037,FINAL,Amesbury,4007,15.0,1.0,Georgetown,4148,47.0,0.0,Cape Ann,Cape Ann,4:00 P.M.,,0,2024,1469.2822664420685,1560.4555493550902,1423.0210890566666,1606.716726740492,0.4410227116835733,0.5589772883164267,-4.11732829130217,-32.0
2024-09-18,9145,FINAL,Masconomet,4236,31.0,0.0,Peabody,4306,24.0,1.0,Northeastern,Northeastern,4:30 P.M.,,0,2024,1531.1905118502275,1500.0,1555.2229638326758,1475.9675480175517,0.6147611189391098,0.3852388810608902,8.11905118502275,7.0
2024-09-18,9135,FINAL,Marblehead,4231,28.0,1.0,Swampscott,4383,29.0,0.0,Northeastern,Northeastern,4:30 P.M.,,0,2024,1478.1875865999782,1507.908316099211,1467.1841984130726,1518.9117042861167,0.5291511190074956,0.47084888099250444,2.02792705007671,-1.0
2024-09-18,9098,FINAL,Malden,4227,21.0,1.0,Medford,4242,34.0,0.0,Greater Boston,Greater Boston,4:00 P.M.,,0,2024,1424.4350775582895,1555.6578921427904,1393.9385392978945,1586.1544304031854,0.3851948436052728,0.6148051563947272,-8.122281458450084,-13.0
2024-09-18,9089,FINAL,Revere,4329,20.0,1.0,Lynn Classical,4220,35.0,0.0,Greater Boston,Greater Boston,4:00 P.M.,,0,2024,1528.8728196113261,1591.111135074417,1488.748337415475,1631.2356172702682,0.48239492901826797,0.517605070981732,-1.2238315463090885,-15.0
2024-09-18,9868,FINAL,Notre Dame (Hingham),4449,20.0,1.0,Malden Catholic,4228,43.0,0.0,Catholic Conference,Catholic Conference,4:00 P.M.,,0,2024,1500.0,1500.0,1445.5157835245316,1554.4842164754684,0.5714631174083814,0.4285368825916186,5.0,-23.0
2024-09-19,10033,FINAL,Ayer Shirley,4022,16.0,1.0,Maynard,4239,44.0,0.0,Mid-Wach,Mid-Wach,,,0,2024,1500.0,1500.0,1442.2714388327906,1557.7285611672094,0.5714631174083814,0.4285368825916186,5.0,-28.0
2024-09-19,10034,FINAL,Clinton,4093,17.0,1.0,South Lancaster,4484,45.0,0.0,Mid-Wach,Worcester County,,,0,2024,1500.0,1500.0,1442.2714388327906,1557.7285611672094,0.5714631174083814,0.4285368825916186,5.0,-28.0
2024-09-19,10035,FINAL,Gardner,4147,15.0,1.0,Tahanto,4513,40.0,0.0,Mid-Wach,Mid-Wach,,,0,2024,1500.0,1500.0,1444.1435398669437,1555.8564601330563,0.5714631174083814,0.4285368825916186,5.0,-25.0
2024-09-19,10032,FINAL,Doherty,4116,26.0,1.0,Worcester Tech,4445,35.0,0.0,Inter-High,Inter-High,,,0,2024,1500.0,1500.0,1460.5247263397866,1539.4752736602134,0.5714631174083814,0.4285368825916186,5.0,-9.0
2024-09-21,10116,FINAL,Brooks,4060,34.0,0.0,Tabor,4384,25.0,1.0,ISL,ISL,,,0,2024,1500.0,1500.0,1529.602279129608,1470.397720870392,0.5714631174083814,0.4285368825916186,5.0,9.0
2024-09-23,5025,FINAL,Bay Path,4027,15.0,1.0,David Prouty,4106,40.0,0.0,Colonial,SWCL,3:30 P.M.,,0,2024,1588.8870509547055,1500.0,1521.4574410218406,1567.4296099328649,0.6898671166428187,0.31013288335718125,13.88870509547055,-25.0
2024-09-24,40856,FINAL,South Shore Voc-Tech,4356,17.0,1.0,Holbrook/Avon,4172,42.0,0.0,Mayflower,Mayflower,,,0,2024,1500.0,1500.0,1444.1435398669437,1555.8564601330563,0.5714631174083814,0.4285368825916186,5.0,-25.0
2024-09-24,4980,UPCOMING,Algonquin,4005,,,Wachusett,4400,,,Mid-Wach,Mid-Wach,4:00 P.M.,,0,2024,1519.6651070066287,1502.7555,,,0.5951176676292765,0.40488233237072346,6.690960700662868,
2024-09-24,5026,POSTPONED,South Lancaster,4484,,,Bay Path,4027,,,Worcester County,Colonial,4:00 P.M.,,0,2024,1528.6698511079603,1531.7625357344089,,,0.5670978671787208,0.4329021328212792,4.690731537355146,
2024-09-24,5159,UPCOMING,Longmeadow,4214,,,Chicopee Comprehensive,4089,,,Valley,Valley,3:45 P.M.,,0,2024,1502.7555,1514.7561779692787,,,0.5544684099242341,0.4455315900757659,3.799932203072126,
2024-09-24,8951,UPCOMING,North Quincy/Quincy,4287,,,Quincy/North Quincy,4326,,,Patriot,Patriot,4:00 P.M.,,0,2024,1441.0498816326913,1408.1789994146716,,,0.6170494138718526,0.38295058612814736,8.28708822180197,
2024-09-24,43849,FINAL,Archbishop Williams,4012,38.0,1.0,Bishop Fenwick,4043,40.0,0.0,Catholic Central,Catholic Central,,,0,2024,1410.504886379853,1464.9128473061478,1394.234764409776,1481.1829692762246,0.49365677463890006,0.5063432253611,-0.44079609262948904,-2.0
2024-09-24,43671,FINAL,Martha’s Vineyard,4235,50.0,0.0,Nauset,4271,15.0,1.0,Cape &#38; Islands,Cape &#38; Islands,,,0,2024,1561.435467115863,1521.1034159163983,1601.5193321357604,1481.019550896501,0.6271461496524913,0.37285385034750873,9.033205119946478,35.0
2024-09-24,43316,FINAL,Old Rochester,4301,19.0,1.0,Apponequet,4011,40.0,0.0,South Coast,South Coast,,,0,2024,1421.9953463534077,1462.6393657222366,1374.3814460127276,1510.2532660629167,0.5134610848296969,0.4865389151703031,0.9355980631171178,-21.0
2024-09-24,41083,FINAL,McCann Tech,4240,50.0,0.0,Frontier,4146,15.0,1.0,Pioneer,Pioneer,,,0,2024,1561.435467115863,1500.0,1598.5155770797744,1462.9198900360886,0.6550866099242046,0.34491339007579536,11.143546711586305,35.0
2024-09-24,40794,FINAL,Agawam,4004,47.0,0.0,Putnam,4362,15.0,1.0,Valley,Valley,,,0,2024,1500.0,1539.4752736602134,1550.8593247770084,1488.615948883205,0.5151416674788358,0.48485833252116417,1.0524726339786639,32.0
2024-09-24,40370,FINAL,Keefe Tech,4191,50.0,0.0,Monty Tech,4259,15.0,1.0,Colonial,Colonial,,,0,2024,1561.435467115863,1528.6849023129923,1602.6223834146915,1487.4979860141639,0.6168857389791185,0.38311426102088153,8.275056480287072,35.0
2024-09-24,40480,FINAL,Assabet,4016,35.0,0.0,St. Paul,4954,20.0,1.0,Colonial,Worcester County,,,0,2024,1500.0,1500.0,1535.6446958321194,1464.3553041678806,0.5714631174083814,0.4285368825916186,5.0,15.0
2024-09-24,5008,FINAL,King Philip,4197,25.0,1.0,Attleboro,4018,34.0,0.0,Hockomock,Hockomock,3:45 P.M.,,0,2024,1435.7451832224574,1506.719626714666,1403.2889593142856,1539.1758506228377,0.46985196489117975,0.5301480351088202,-2.097444349220859,-9.0
2024-09-24,5015,FINAL,Barnstable,4024,22.0,1.0,Falmouth,4134,41.0,0.0,Cape &#38; Islands,Cape &#38; Islands,3:30 P.M.,,0,2024,1500.0,1409.339743163027,1437.8043964669064,1471.5353466961205,0.6920467502180793,0.30795324978192073,14.066025683697308,-19.0
2024-09-24,5037,FINAL,Belmont,4034,20.0,1.0,Reading,4328,39.0,0.0,Middlesex,Middlesex,4:00 P.M.,,0,2024,1496.6243477825699,1476.9434236899197,1442.795022336706,1530.7727491357834,0.598955675724245,0.401044324275755,6.968092409265023,-19.0
2024-09-24,5060,FINAL,St. Mary’s,4374,43.0,0.0,Bishop Feehan,4042,20.0,1.0,Catholic Central,Catholic Central,4:00 P.M.,,0,2024,1489.485192842951,1446.336545495525,1524.6729643154679,1411.148774023008,0.6309295630709476,0.3690704369290524,9.314864734742605,23.0
2024-09-24,7365,FINAL,Hingham,4171,35.0,0.0,Duxbury,4123,20.0,1.0,Patriot,Patriot,4:00 P.M.,,0,2024,1413.2734981875135,1514.0513244476833,1460.8976402775852,1466.4271823576116,0.4274407198338524,0.5725592801661477,-5.077782626016983,15.0
2024-09-24,8855,FINAL,Woburn,4438,42.0,0.0,Lexington,4209,19.0,1.0,Middlesex,Middlesex,4:00 P.M.,,0,2024,1473.5043506529857,1387.707705263835,1503.4370240828712,1357.7750318339495,0.6860481809752917,0.31395181902470826,13.579664538915086,23.0
2024-09-24,8879,FINAL,Stoneham,4380,50.0,0.0,Melrose,4244,15.0,1.0,Middlesex,Middlesex,4:00 P.M.,,0,2024,1512.0700311550997,1455.5489238484183,1549.8402901216846,1417.7786648818335,0.6486669517192754,0.35133304828072465,10.652110730668142,35.0
2024-09-24,8887,FINAL,Watertown,4409,45.0,0.0,Wakefield,4402,17.0,1.0,Middlesex,Middlesex,4:15 P.M.,,0,2024,1614.7977172254746,1524.913360704912,1646.00304820065,1493.7080297297366,0.6910940553813207,0.30890594461867926,13.98843565205625,28.0
2024-09-24,8900,FINAL,Burlington,4065,16.0,1.0,Wilmington,4432,47.0,0.0,Middlesex,Middlesex,4:00 P.M.,,0,2024,1581.6122896879983,1534.9186383765991,1515.520506576815,1601.0104214877824,0.6356685849200876,0.3643314150799124,9.669365131139921,-31.0
2024-09-24,8935,FINAL,Hanover,4164,33.0,0.0,Quincy/North Quincy,4326,22.0,1.0,Patriot,Patriot,4:00 P.M.,,0,2024,1490.2371855733186,1457.555352826846,1518.804251889345,1428.9882865108195,0.6167922268030522,0.38320777319694777,8.268183274647253,11.0
2024-09-24,8941,FINAL,Pembroke,4308,31.0,0.0,Scituate,4343,26.0,1.0,Patriot,Patriot,4:00 P.M.,,0,2024,1500.0,1511.7269136152224,1523.9276390335128,1487.7992745817096,0.5548576795704695,0.4451423204295305,3.8273086384777573,5.0
2024-09-24,8964,FINAL,Silver Lake,4349,50.0,0.0,Marshfield,4234,15.0,1.0,Patriot,Patriot,4:00 P.M.,,0,2024,1517.0952481447357,1394.6348566564552,1546.1611966792905,1365.5689081219004,0.7296330875345551,0.27036691246544486,17.24603914882805,35.0
2024-09-24,40568,FINAL,Parker Charter,4483,26.0,1.0,Blackstone Valley,4046,29.0,0.0,Colonial,Colonial,,,0,2024,1392.057282655085,1473.9469824054938,1373.1661602165582,1492.8381048440206,0.454235477648147,0.545764522351853,-3.188969975040891,-3.0
2024-09-24,8979,FINAL,Sharon,4345,25.0,1.0,Taunton,4388,36.0,0.0,Hockomock,Hockomock,3:45 P.M.,,0,2024,1519.2338355934396,1573.2417022138836,1482.390188898419,1610.0853489089043,0.49423247211538757,0.5057675278846124,-0.40078666204440194,-11.0
2024-09-24,9007,FINAL,Stoughton,4381,50.0,0.0,Oliver Ames,4302,15.0,1.0,Hockomock,Hockomock,3:45 P.M.,,0,2024,1583.6853474036511,1393.2092020468333,1605.2209246576545,1371.67362479283,0.7996794247604235,0.20032057523957647,24.04761453568178,35.0
2024-09-24,8968,FINAL,Plymouth North,4315,26.0,1.0,Whitman-Hanson,4427,30.0,0.0,Patriot,Patriot,3:30 P.M.,,0,2024,1578.3413309249509,1582.6037416386614,1551.0399172133948,1609.9051553502175,0.5654440700618192,0.4345559299381808,4.573758928628945,-4.0
2024-09-24,10165,FINAL,Greater New Bedford,4156,18.0,1.0,Somerset Berkley,4350,50.0,0.0,South Coast,South Coast,3:45 P.M.,,0,2024,1480.9215069095828,1537.3382650545607,1429.442433858086,1588.8173381060576,0.4907665925358002,0.5092334074641998,-0.6416758144977848,-32.0
2024-09-24,40025,FINAL,Bristol-Plymouth,4057,36.0,0.0,Southeastern,4358,23.0,1.0,Independent,Mayflower,3:30 P.M.,,0,2024,1551.3083995204072,1499.2037417444155,1579.584468335597,1470.9276729292258,0.6428514012954759,0.3571485987045241,10.210465777599165,13.0
2024-09-24,18732,FINAL,Middleborough,4247,49.0,0.0,Norwell,4296,16.0,1.0,South Shore,South Shore,,,0,2024,1439.9455168671266,1415.3021851142612,1481.6485077128418,1373.599194268546,0.6057976247313841,0.3942023752686159,7.464333175286538,33.0
2024-09-24,10238,FINAL,Mashpee,4237,36.0,0.0,Cohasset,4094,22.0,1.0,South Shore,South Shore,4:30 P.M.,,0,2024,1513.798931042965,1585.7826281491486,1556.9865037418178,1542.5950554502958,0.46840507017096716,0.5315949298290328,-2.198369710618363,14.0
2024-09-24,10164,FINAL,Nashoba,4267,23.0,1.0,North Middlesex,4286,33.0,0.0,Mid-Wach,Mid-Wach,4:00 P.M.,,0,2024,1432.0928738289697,1500.0,1397.9766484146433,1534.1162254143264,0.4742523690301719,0.5257476309698281,-1.7907126171030314,-10.0
2024-09-24,10235,FINAL,Cardinal Spellman,4075,35.0,0.0,Arlington Catholic,4014,21.0,1.0,Catholic Central,Catholic Central,,,0,2024,1561.435467115863,1556.5849081948693,1595.6960683123084,1522.324306998424,0.5782869758408851,0.42171302415911494,5.485055892099377,14.0
2024-09-24,10230,FINAL,Renaissance,4664,50.0,0.0,Springfield Central,4360,15.0,1.0,Valley,Valley,4:00 P.M.,,0,2024,1500.0,1500.0,1546.0701010378202,1453.9298989621798,0.5714631174083814,0.4285368825916186,5.0,35.0
2024-09-24,10198,FINAL,Dighton-Rehoboth,4114,38.0,0.0,Apponequet,4011,17.0,1.0,South Coast,South Coast,4:00 P.M.,,0,2024,1502.400505853055,1502.3747727017117,1542.13591283253,1462.6393657222366,0.571499393499607,0.428500606500393,5.0025733151343275,21.0
2024-09-24,10197,FINAL,Bishop Stang,4045,45.0,0.0,Archbishop Williams,4012,17.0,1.0,Catholic Central,Catholic Central,4:00 P.M.,,0,2024,1554.5637476192755,1438.564532884137,1582.6233941235596,1410.504886379853,0.7222336268130743,0.27776637318692565,16.59992147351386,28.0
2024-09-24,10196,FINAL,Bishop Stang,4045,45.0,0.0,Bishop Fenwick,4043,17.0,1.0,Catholic Central,Catholic Central,4:00 P.M.,,0,2024,1511.8832414587685,1507.593353466655,1554.5637476192755,1464.9128473061478,0.5774996880243566,0.4225003119756434,5.428988799211356,28.0
2024-09-25,8913,UPCOMING,Tewksbury,4389,,,Dracut,4119,,,Merrimack Valley,Merrimack Valley,4:00 P.M.,,0,2024,1578.1683940772102,1555.6804357627207,,,0.6028308135559464,0.39716918644405363,7.248795831448956,
2024-09-25,8914,UPCOMING,Dracut,4119,,,Methuen,4246,,,Merrimack Valley,Merrimack Valley,4:00 P.M.,,0,2024,1555.6804357627207,1589.030280416706,,,0.5239431730828262,0.47605682691717377,1.6650155346014572,
2024-09-25,8915,UPCOMING,Tewksbury,4389,,,Methuen,4246,,,Merrimack Valley,Merrimack Valley,4:00 P.M.,,0,2024,1578.1683940772102,1589.030280416706,,,0.5560872303552399,0.4439127696447601,3.913811366050413,
2024-09-25,10322,FINAL,Hingham,4171,35.0,0.0,Duxbury,4123,20.0,1.0,Patriot,Patriot,,,0,2024,1460.8976402775852,1466.4271823576116,1497.1921369296952,1430.1326857055017,0.5636509139036653,0.4363490860963347,4.447045791997357,15.0
2024-09-25,42191,FINAL,Brockton,4058,39.0,0.0,New Bedford,4273,22.0,1.0,Big Three,Big Three,,,0,2024,1561.435467115863,1488.1167585412315,1590.0176703558868,1459.5345553012078,0.6703745442439996,0.32962545575600044,12.33187085746315,17.0
2024-09-25,41477,FINAL,Whittier,4428,25.0,1.0,Northeast,4293,31.0,0.0,Commonwealth,Commonwealth,,,0,2024,1500.0,1500.0,1466.6395236007272,1533.3604763992728,0.5714631174083814,0.4285368825916186,5.0,-6.0
2024-09-25,10410,FINAL,Acton-Boxborough,4003,36.0,0.0,Concord-Carlisle,4097,23.0,1.0,Dual County,Dual County,,,0,2024,1544.7248170278726,1508.9111739580298,1574.72739278754,1478.9085981983624,0.6210442844751007,0.37895571552489926,8.581364306984279,13.0
2024-09-25,10353,FINAL,Holliston,4174,33.0,0.0,Westwood,4424,26.0,1.0,Tri-Valley,Tri-Valley,,,0,2024,1411.6191113942766,1462.8410729202096,1442.9204377502883,1431.539746564198,0.49824146325483226,0.5017585367451678,-0.12219615259330112,7.0
2024-09-25,5075,UPCOMING,Waltham,4405,,,Boston Latin,4049,,,Dual County,Dual County,4:30 P.M.,,0,2024,1502.7555,1502.7555,,,0.5714631174083814,0.4285368825916186,5.0,
2024-09-25,10288,FINAL,Andover,4009,23.0,1.0,Lowell,4216,34.0,0.0,Merrimack Valley,Merrimack Valley,,,0,2024,1400.5907643739615,1423.4841346992923,1360.4149960919804,1463.6599029812735,0.5389306178484787,0.46106938215152127,2.710662967466919,-11.0
2024-09-25,7315,FINAL,Central Catholic,4081,19.0,1.0,Haverhill,4167,36.0,0.0,Merrimack Valley,Merrimack Valley,3:45 P.M.,,0,2024,1389.7892529406556,1548.5315331069976,1359.5769465831884,1578.7438394644648,0.3484246882190913,0.6515753117809087,-10.874228016634197,-17.0
2024-09-25,10276,FINAL,Ursuline,4448,23.0,1.0,Malden Catholic,4228,49.0,0.0,Catholic Conference,Catholic Conference,3:00 P.M.,,0,2024,1456.0267813257121,1554.4842164754684,1413.44000462771,1597.0709931734705,0.4307128298457689,0.569287170154231,-4.845743514975629,-26.0
2024-09-25,10287,FINAL,Andover,4009,15.0,1.0,Lawrence,4203,50.0,0.0,Merrimack Valley,Merrimack Valley,,,0,2024,1445.7129959159627,1551.9842078365766,1400.5907643739615,1597.1064393785778,0.41971994862161077,0.5802800513783892,-5.627121192061395,-35.0
2024-09-25,7424,FINAL,Hopkinton,4180,15.0,1.0,Dedham,4108,48.0,0.0,Tri-Valley,Tri-Valley,3:45 P.M.,,0,2024,1467.1722153158503,1494.4213984700416,1410.818046486778,1550.7755672991138,0.5326943405784846,0.46730565942151536,2.2750816845808686,-33.0
2024-09-25,7293,FINAL,Walpole,4404,35.0,0.0,Milton,4252,23.0,1.0,Bay State,Bay State,4:00 P.M.,,0,2024,1619.5869513215316,1563.2225554618612,1646.637317399221,1536.1721893841718,0.6484613364262758,0.3515386635737242,10.636439585967036,12.0
2024-09-25,7291,FINAL,Milton,4252,39.0,0.0,Needham,4272,21.0,1.0,Bay State,Bay State,4:00 P.M.,,0,2024,1536.2948470164058,1443.0918073153416,1563.2225554618612,1416.164098869886,0.6951574517705612,0.3048425482294388,14.32030397010642,18.0
2024-09-25,7289,FINAL,Walpole,4404,41.0,0.0,Needham,4272,20.0,1.0,Bay State,Bay State,4:00 P.M.,,0,2024,1595.0303528313846,1467.6484058054887,1619.5869513215316,1443.0918073153416,0.7351853637223362,0.2648146362776638,17.73819470258959,21.0
2024-09-25,7152,FINAL,Natick,4270,46.0,0.0,Weymouth,4425,18.0,1.0,Bay State,Bay State,4:00 P.M.,,0,2024,1624.813132719172,1382.3961515882336,1640.6388149514612,1366.5704693559444,0.8433393536800047,0.15666064631999532,29.241698113093843,28.0
2024-09-25,7134,FINAL,Framingham,4143,40.0,0.0,Brookline,4059,21.0,1.0,Bay State,Bay State,4:00 P.M.,,0,2024,1694.699030064634,1558.9375162234721,1717.6640740190371,1535.972472269069,0.7444693332897133,0.2555306667102867,18.57615138411618,19.0
2024-09-25,8993,FINAL,Mansfield,4230,39.0,0.0,Foxborough,4142,21.0,1.0,Hockomock,Hockomock,3:15 P.M.,,0,2024,1599.5112500310595,1588.6456445696886,1636.0186914675803,1552.1382031331677,0.5867074430269923,0.4132925569730077,6.086560546137093,18.0
2024-09-25,5193,FINAL,Framingham,4143,41.0,0.0,Braintree,4051,20.0,1.0,Bay State,Bay State,4:00 P.M.,,0,2024,1683.1769905029337,1393.9465696246273,1694.699030064634,1382.424530062927,0.8757480716666544,0.12425192833334564,33.92304208783064,21.0
2024-09-25,5178,FINAL,Dartmouth,4105,15.0,1.0,Durfee,4122,50.0,0.0,Southeast,Big Three,4:00 P.M.,,0,2024,1554.9696031276821,1438.564532884137,1477.2751062588923,1516.2590297529268,0.7227020721170696,0.2772979278829304,16.64050702435452,-35.0
2024-09-25,5141,FINAL,Chelmsford,4085,45.0,0.0,Central Catholic,4081,17.0,1.0,Merrimack Valley,Merrimack Valley,3:45 P.M.,,0,2024,1579.384622556226,1412.291631836493,1601.8870014520635,1389.7892529406556,0.7772457976966856,0.22275420230331444,21.709299071973305,28.0
2024-09-25,5124,FINAL,Acton-Boxborough,4003,50.0,0.0,Cambridge,4067,15.0,1.0,Dual County,Dual County,4:00 A.M.,,0,2024,1500.0,1491.0888260419702,1544.7248170278726,1446.3640090140975,0.5839767391030682,0.41602326089693176,5.8911173958029845,35.0
2024-09-25,5123,FINAL,Concord-Carlisle,4097,28.0,0.0,Cambridge,4067,27.0,1.0,Dual County,Dual County,4:00 P.M.,,0,2024,1500.0,1500.0,1508.9111739580298,1491.0888260419702,0.5714631174083814,0.4285368825916186,5.0,1.0
2024-09-25,5089,FINAL,Brookline,4059,41.0,0.0,Braintree,4051,15.0,1.0,Bay State,Bay State,4:00 P.M.,,0,2024,1530.5836732354826,1422.3004126126168,1558.9375162234721,1393.9465696246273,0.7132357765190397,0.2867642234809603,15.828326062286578,26.0
2024-09-25,5047,FINAL,Billerica,4040,17.0,1.0,North Andover,4283,42.0,0.0,Merrimack Valley,Merrimack Valley,4:00 P.M.,,0,2024,1386.5803250475603,1407.7423112025142,1333.6617157021005,1460.660920547974,0.5414061935438669,0.4585938064561331,2.8838013845046135,-25.0
2024-09-25,4995,FINAL,Winchester,4434,26.0,1.0,Arlington,4013,30.0,0.0,Middlesex,Middlesex,4:00 P.M.,,0,2024,1435.592567268933,1505.7666443432547,1412.851221415949,1528.5079901962386,0.47099975457870746,0.5290002454212925,-2.017407707432176,-4.0
2024-09-25,5183,FINAL,Everett,4132,50.0,0.0,Malden,4227,15.0,1.0,Greater Boston,Greater Boston,4:00 P.M.,,0,2024,1414.335245560042,1393.9385392978945,1457.3433838371814,1350.9304010207552,0.5999450166557173,0.4000549833442827,7.039670626214752,35.0
2024-09-25,9015,FINAL,Amesbury,4007,35.0,0.0,Hamilton-Wenham,4163,21.0,1.0,Cape Ann,Cape Ann,3:30 P.M.,,0,2024,1423.0210890566666,1396.1548456294572,1454.7987650512441,1364.3771696348797,0.608849250263238,0.391150749736762,7.686624342720938,14.0
2024-09-25,8986,FINAL,Canton,4071,20.0,1.0,North Attleborough,4284,41.0,0.0,Hockomock,Hockomock,3:45 P.M.,,0,2024,1424.3828539829458,1410.5657019658217,1369.595255043083,1465.3533009056846,0.5908211632652476,0.4091788367347524,6.381715201712405,-21.0
2024-09-25,9043,FINAL,Georgetown,4148,44.0,0.0,Manchester Essex/Rockport,4229,17.0,1.0,Cape Ann,Cape Ann,4:00 P.M.,,0,2024,1606.716726740492,1444.5394754113809,1629.4782011790812,1421.7780009727917,0.7723081484636277,0.22769185153637228,21.21772513291112,27.0
2024-09-25,9049,FINAL,Lynnfield,4223,20.0,1.0,Ipswich,4190,41.0,0.0,Cape Ann,Cape Ann,3:30 P.M.,,0,2024,1550.5335623144313,1579.034300847572,1501.3024833602706,1628.2653798017327,0.5309004938951125,0.4690995061048875,2.1499261466859254,-21.0
2024-09-25,9074,FINAL,Medford,4242,26.0,1.0,Somerville,4351,29.0,0.0,Greater Boston,Greater Boston,4:00 P.M.,,0,2024,1586.1544304031854,1381.8140494667948,1552.3776830135382,1415.590796856442,0.812159099273385,0.18784090072661497,25.43403809363906,-3.0
2024-09-25,9082,FINAL,Lynn Classical,4220,27.0,1.0,Chelsea,4086,29.0,0.0,Greater Boston,Greater Boston,4:00 P.M.,,0,2024,1631.2356172702682,1587.6800955693489,1610.4232385283667,1608.4924743112504,0.6314747843431081,0.3685252156568919,9.355552170091936,-2.0
2024-09-25,9094,FINAL,Revere,4329,19.0,1.0,Lynn English,4221,36.0,0.0,Greater Boston,Greater Boston,4:00 P.M.,,0,2024,1488.748337415475,1516.0936850169912,1442.5697461042428,1562.2722763282234,0.5325565380425256,0.46744346195747444,2.2654652398483677,-17.0
2024-09-25,10274,FINAL,Dover-Sherborn,4118,17.0,1.0,Medway,4243,43.0,0.0,Tri-Valley,Tri-Valley,3:30 P.M.,,0,2024,1468.05377552306,1579.3671153525972,1427.2512097369122,1620.169681138745,0.41266773250637695,0.587332267493623,-6.13133398295372,-26.0
2024-09-25,10272,FINAL,North Reading,4288,45.0,0.0,Newburyport,4276,18.0,1.0,Cape Ann,Cape Ann,3:30 P.M.,,0,2024,1534.9655530034904,1438.564532884137,1565.050910669085,1408.4791752185424,0.6990445056845904,0.3009554943154096,14.640102011935346,27.0
2024-09-25,10252,FINAL,Ashland,4015,30.0,0.0,Norwood,4297,28.0,1.0,Tri-Valley,Tri-Valley,5:00 P.M.,,0,2024,1537.1589270797904,1587.312001159618,1553.6453718515156,1570.8255563878927,0.49977970870529465,0.5002202912947054,-0.015307407982754739,2.0
2024-09-25,10246,FINAL,Norton,4295,32.0,0.0,Medfield,4241,25.0,1.0,Tri-Valley,Tri-Valley,4:00 P.M.,,0,2024,1442.482960532957,1460.1081583076161,1470.7764636844183,1431.8146551561547,0.5464567034890019,0.4535432965109981,3.237480222534077,7.0
2024-09-25,9136,FINAL,Marblehead,4231,17.0,1.0,Winthrop,4437,42.0,0.0,Northeastern,Northeastern,4:30 P.M.,,0,2024,1467.1841984130726,1433.2749379205686,1406.7340413373668,1493.7250949962745,0.6184608750361015,0.3815391249638985,8.390926049250401,-25.0
2024-09-25,9023,FINAL,Pentucket,4309,32.0,0.0,Essex Tech,4745,24.0,1.0,Cape Ann,Cape Ann,4:00 P.M.,,0,2024,1586.9738692931219,1505.3446944968593,1608.0106569800366,1484.3079068099446,0.6808581774191637,0.31914182258083634,13.162917479626254,8.0
2024-09-27,5171,UPCOMING,North Middlesex,4286,,,Doherty,4116,,,Mid-Wach,Inter-High,4:15 P.M.,,0,2024,1569.3051612618867,1485.0350496539302,,,0.6841524027027732,0.3158475972972268,13.427011160795654,
2024-09-27,10685,FINAL,Notre Dame (Hingham),4449,21.0,1.0,Fontbonne,4447,37.0,0.0,Catholic Conference,Catholic Conference,,,0,2024,1445.5157835245316,1543.9732186742879,1408.9067434152741,1580.5822587835453,0.4307128298457689,0.569287170154231,-4.845743514975629,-16.0
2024-09-27,40372,FINAL,Monty Tech,4259,15.0,1.0,Sizer,4509,50.0,0.0,Colonial,Worcester County,,,0,2024,1487.4979860141639,1500.0,1427.9661992918248,1559.5317867223391,0.5537553797886656,0.4462446202113344,3.749798601416387,-35.0
2024-09-28,10867,FINAL,Middlesex,4248,31.0,0.0,BB&N,4028,24.0,1.0,ISL,ISL,,,0,2024,1500.0,1500.0,1526.7335218740895,1473.2664781259105,0.5714631174083814,0.4285368825916186,5.0,7.0
2024-09-28,10868,FINAL,St. Mark’s,4372,41.0,0.0,BB&N,4028,20.0,1.0,ISL,ISL,,,0,2024,1500.0,1473.2664781259105,1536.288781013161,1436.9776971127494,0.6086672855438081,0.3913327144561919,7.6733521874089545,21.0
2024-09-28,10869,FINAL,St. Mark’s,4372,40.0,0.0,Middlesex,4248,21.0,1.0,ISL,ISL,,,0,2024,1536.288781013161,1526.7335218740895,1573.5966819327684,1489.4256209544822,0.5848772240768687,0.4151227759231313,5.95552591390715,19.0
2024-09-30,7255,FINAL,Milford,4249,39.0,0.0,Franklin,4144,20.0,1.0,Hockomock,Hockomock,3:45 P.M.,,0,2024,1583.5933434442913,1381.466308811262,1600.6503570695165,1364.4092951860368,0.8102076324175919,0.18979236758240814,25.212703463302933,19.0
2024-09-30,42789,FINAL,Medford,4242,24.0,1.0,Lynn Classical,4220,33.0,0.0,Greater Boston,Greater Boston,,,0,2024,1552.3776830135382,1610.4232385283667,1518.6385771010582,1644.1623444408467,0.4884235840713137,0.5115764159286863,-0.8045555514828493,-9.0
2024-10-01,43407,FINAL,Wilmington,4432,41.0,0.0,Melrose,4244,19.0,1.0,Middlesex,Middlesex,,,0,2024,1601.0104214877824,1417.7786648818335,1620.489786283593,1398.2993000860229,0.7929155293727935,0.20708447062720647,23.32317566059489,22.0
2024-10-01,5061,UPCOMING,Archbishop Williams,4012,,,Bishop Feehan,4042,,,Catholic Central,Catholic Central,4:00 P.M.,,0,2024,1448.0029676535962,1384.2424677530666,,,0.6581043829121439,0.3418956170878561,11.376049990052957,
2024-10-01,9001,UPCOMING,Mansfield,4230,,,Stoughton,4381,,,Hockomock,Hockomock,3:30 P.M.,,0,2024,1546.960529471191,1584.46700593425,,,0.5179718800409442,0.4820281199590558,1.2493523536940985,
2024-10-01,43651,FINAL,Rockland,4331,45.0,0.0,Middleborough,4247,15.0,1.0,South Shore,South Shore,,,0,2024,1620.2206705591027,1481.6485077128418,1646.2295154939613,1455.6396627779832,0.7475350238066464,0.2524649761933536,18.857216284626087,30.0
2024-10-01,43537,FINAL,Monomoy,4706,16.0,1.0,Rising Tide Charter,4746,45.0,0.0,Cape &#38; Islands,Cape &#38; Islands,,,0,2024,1466.6395236007272,1493.9680300163827,1412.2971640250216,1548.310389592088,0.532580671625596,0.46741932837440403,2.267149358434449,-29.0
2024-10-01,43342,FINAL,Weston,4423,28.0,0.0,Wayland,4411,27.0,1.0,Dual County,Dual County,,,0,2024,1500.0,1500.0,1508.9111739580298,1491.0888260419702,0.5714631174083814,0.4285368825916186,5.0,1.0
2024-10-01,8945,FINAL,North Quincy/Quincy,4287,21.0,1.0,Plymouth South,4316,35.0,0.0,Patriot,Patriot,4:00 P.M.,,0,2024,1500.0,1540.480547984613,1458.2665498669576,1582.2139981176554,0.513696165554298,0.486303834445702,0.951945201538706,-14.0
2024-10-01,40836,FINAL,Southeastern,4358,38.0,0.0,Norfolk Aggie,4458,22.0,1.0,Mayflower,Mayflower,,,0,2024,1470.9276729292258,1500.0,1510.8690988350913,1460.0585740941344,0.5300809710211383,0.46991902897886173,2.0927672929225762,16.0
2024-10-01,11106,FINAL,Norwell,4296,20.0,1.0,East Bridgewater,4126,38.0,0.0,South Shore,South Shore,,,0,2024,1373.599194268546,1386.1628431324768,1324.6919712255353,1435.0700661754875,0.5536677036390377,0.4463322963609623,3.743635113606911,-18.0
2024-10-01,11102,FINAL,Framingham,4143,50.0,0.0,Wellesley,4413,15.0,1.0,Bay State,Bay State,,,0,2024,1717.6640740190371,1296.4515858142133,1724.3550890986767,1289.7605707345738,0.9377612230273082,0.062238776972691756,47.12124882048238,35.0
2024-10-01,11101,FINAL,Weymouth,4425,30.0,0.0,Wellesley,4413,26.0,1.0,Bay State,Bay State,,,0,2024,1366.5704693559444,1313.6433951882307,1383.7622787299617,1296.4515858142133,0.643937608254456,0.356062391745544,10.292707416771373,4.0
2024-10-01,11084,FINAL,Somerset Berkley,4350,36.0,0.0,Apponequet,4011,23.0,1.0,South Coast,South Coast,,,0,2024,1588.8173381060576,1510.2532660629167,1614.388845566489,1484.6817586024854,0.6770121010828355,0.3229878989171645,12.856407204314086,13.0
2024-10-01,11078,FINAL,Putnam,4362,34.0,0.0,East Longmeadow,4127,22.0,1.0,Valley,Valley,,,0,2024,1541.8811777941078,1540.9467575704925,1574.755117218811,1508.0728181457894,0.572779876672528,0.42722012332747195,5.093442022361524,12.0
2024-10-01,11077,FINAL,Springfield Central,4360,18.0,1.0,East Longmeadow,4127,41.0,0.0,Valley,Valley,,,0,2024,1400.664670051277,1500.0,1359.7179124807844,1540.9467575704925,0.42947413476221147,0.5705258652377885,-4.933532994872303,-23.0
2024-10-01,11076,FINAL,Springfield Central,4360,17.0,1.0,Putnam,4362,46.0,0.0,Valley,Valley,,,0,2024,1453.9298989621798,1488.615948883205,1400.664670051277,1541.8811777941078,0.5220242847228532,0.4779757152771468,1.5313950078974812,-29.0
2024-10-01,9016,FINAL,Manchester Essex/Rockport,4229,45.0,0.0,Hamilton-Wenham,4163,17.0,1.0,Cape Ann,Cape Ann,3:30 P.M.,,0,2024,1421.7780009727917,1364.3771696348797,1457.1527724350872,1329.0023981725842,0.6498201796698323,0.3501798203301677,10.740083133791199,28.0
2024-10-01,8965,FINAL,Plymouth North,4315,41.0,0.0,Marshfield,4234,20.0,1.0,Patriot,Patriot,3:30 P.M.,,0,2024,1551.0399172133948,1365.5689081219004,1570.0475924048199,1346.5612329304754,0.7950241115714454,0.20497588842855463,23.547100909149435,21.0
2024-10-01,8958,FINAL,Silver Lake,4349,40.0,0.0,Duxbury,4123,15.0,1.0,Patriot,Patriot,4:00 P.M.,,0,2024,1546.1611966792905,1430.1326857055017,1573.3075797521753,1402.9863026326168,0.722267457331903,0.277732542668097,16.60285109737888,25.0
2024-10-01,8880,FINAL,Stoneham,4380,42.0,0.0,Wakefield,4402,19.0,1.0,Middlesex,Middlesex,4:00 P.M.,,0,2024,1549.8402901216846,1493.7080297297366,1583.3856024618951,1460.162717389526,0.6481566588553997,0.35184334114460025,10.613226039194796,23.0
2024-10-01,8869,FINAL,Woburn,4438,37.0,0.0,Winchester,4434,22.0,1.0,Middlesex,Middlesex,4:00 P.M.,,0,2024,1503.4370240828712,1412.851221415949,1529.059453444408,1387.2287920544122,0.6919554018715253,0.30804459812847473,14.058580266692207,15.0
2024-10-01,8856,FINAL,Lexington,4209,21.0,1.0,Reading,4328,40.0,0.0,Middlesex,Middlesex,4:15 P.M.,,0,2024,1357.7750318339495,1530.7727491357834,1328.1142364250613,1560.4335445446716,0.3300338915544462,0.6699661084455538,-12.299771730183398,-19.0
2024-10-01,7488,FINAL,King Philip,4197,15.0,1.0,Sharon,4345,46.0,0.0,Hockomock,Hockomock,3:45 P.M.,,0,2024,1403.2889593142856,1482.390188898419,1355.6471205681908,1530.0320276445138,0.4582176299854849,0.5417823700145151,-2.910122958413331,-31.0
2024-10-01,7428,FINAL,Hopkinton,4180,19.0,1.0,Ashland,4015,41.0,0.0,Tri-Valley,Tri-Valley,3:45 P.M.,,0,2024,1410.818046486778,1553.6453718515156,1376.0609752921002,1588.4024430461934,0.36950125244586696,0.630498747554133,-9.282732536473759,-22.0
2024-10-01,7373,FINAL,Whitman-Hanson,4427,39.0,0.0,Hingham,4171,22.0,1.0,Patriot,Patriot,4:00 P.M.,,0,2024,1609.9051553502175,1497.1921369296952,1634.3210419628633,1472.7762503170493,0.7184227652152992,0.28157723478470076,16.27130184205223,17.0
2024-10-01,7259,FINAL,Taunton,4388,39.0,0.0,Franklin,4144,20.0,1.0,Hockomock,Hockomock,3:45 P.M.,,0,2024,1610.0853489089043,1364.4092951860368,1623.9434221455556,1350.5512219493855,0.8458020502589761,0.15419794974102385,29.567605372286742,19.0
2024-10-01,7190,FINAL,Natick,4270,18.0,1.0,Walpole,4404,43.0,0.0,Bay State,Bay State,4:30 P.M.,,0,2024,1667.6726575531632,1646.637317399221,1608.9460828450303,1705.3638921073539,0.600827037328932,0.39917296267106805,7.103534015394212,-25.0
2024-10-01,7188,FINAL,Newton North,4279,21.0,1.0,Natick,4270,40.0,0.0,Bay State,Bay State,4:30 P.M.,,0,2024,1444.1126385000516,1640.6388149514612,1417.0787958983497,1667.6726575531632,0.30080394522516557,0.6991960547748344,-14.652617645140959,-19.0
2024-10-01,5103,FINAL,Brookline,4059,47.0,0.0,Needham,4272,16.0,1.0,Bay State,Bay State,4:00 P.M.,,0,2024,1535.972472269069,1416.164098869886,1564.397294371438,1387.739276767517,0.7266110007650742,0.27338899923492577,16.9808373399183,31.0
2024-10-01,5042,FINAL,Masconomet,4236,29.0,0.0,Beverly,4038,27.0,1.0,Northeastern,Northeastern,4:00 P.M.,,0,2024,1555.2229638326758,1420.217204577885,1563.6721434613492,1411.7680249492116,0.7436408423055031,0.2563591576944969,18.500575925479076,2.0
2024-10-01,5016,FINAL,Nauset,4271,26.0,1.0,Barnstable,4024,30.0,0.0,Cape &#38; Islands,Cape &#38; Islands,4:00 P.M.,,0,2024,1481.019550896501,1437.8043964669064,1450.551987979665,1468.2719593837423,0.6310187070374366,0.36898129296256343,9.321515442959457,-4.0
2024-10-01,5011,FINAL,Canton,4071,36.0,0.0,Oliver Ames,4302,23.0,1.0,Hockomock,Hockomock,3:30 P.M.,,0,2024,1369.595255043083,1371.67362479283,1403.7554191569614,1337.5134606789516,0.5685307308972778,0.4314692691027222,4.792163025025298,13.0
2024-10-01,5009,FINAL,Attleboro,4018,21.0,1.0,Milford,4249,38.0,0.0,Hockomock,Hockomock,3:45 P.M.,,0,2024,1539.1758506228377,1600.6503570695165,1497.2516274770337,1642.5745802153206,0.4834928590214713,0.5165071409785287,-1.1474506446678787,-17.0
2024-10-01,4996,FINAL,Arlington,4013,20.0,1.0,Belmont,4034,35.0,0.0,Middlesex,Middlesex,4:00 P.M.,,0,2024,1528.5079901962386,1442.795022336706,1471.4527370493672,1499.8502754835774,0.68594442309713,0.31405557690287,13.571296785953246,-15.0
2024-10-01,11127,FINAL,Framingham,4143,50.0,0.0,Weymouth,4425,15.0,1.0,Bay State,Bay State,,,0,2024,1724.3550890986767,1383.7622787299617,1734.6202282359152,1373.4971395927232,0.9045152794080009,0.09548472059199908,39.059281036871496,35.0
2024-10-01,40926,FINAL,Upper Cape,4457,50.0,0.0,Holbrook/Avon,4172,15.0,1.0,Mayflower,Mayflower,,,0,2024,1555.8564601330563,1555.8564601330563,1601.9265611708765,1509.786359095236,0.5714631174083814,0.4285368825916186,5.0,35.0
2024-10-01,8895,FINAL,Watertown,4409,32.0,0.0,Burlington,4065,25.0,1.0,Middlesex,Middlesex,4:15 P.M.,,0,2024,1646.00304820065,1515.520506576815,1662.3071825714803,1499.2163722059847,0.7386456244135087,0.2613543755864913,18.0482541623835,7.0
2024-10-01,40375,FINAL,Monty Tech,4259,45.0,0.0,Advanced Math and Science,4595,15.0,1.0,Colonial,Colonial,,,0,2024,1427.9661992918248,1390.8738174585521,1466.827759978857,1352.0122567715198,0.6227751359869658,0.37722486401303423,8.709238183327262,30.0
2024-10-01,11523,FINAL,Newton North,4279,15.0,1.0,Walpole,4404,48.0,0.0,Bay State,Bay State,,,0,2024,1417.0787958983497,1705.3638921073539,1395.672165076782,1726.7705229289215,0.2023486696093247,0.7976513303906753,-23.828509620900423,-33.0
2024-10-02,8923,FINAL,Tewksbury,4389,15.0,1.0,Lawrence,4203,50.0,0.0,Merrimack Valley,Merrimack Valley,3:45 P.M.,,0,2024,1610.0282293657915,1614.351810512888,1549.2491452950492,1675.1308945836304,0.5653575448655498,0.4346424551344502,4.567641885290345,-35.0
2024-10-02,5076,UPCOMING,Bedford,4031,,,Boston Latin,4049,,,Dual County,Dual County,4:00 P.M.,,0,2024,1502.7555,1502.7555,,,0.5714631174083814,0.4285368825916186,5.0,
2024-10-02,9024,UPCOMING,North Reading,4288,,,Pentucket,4309,,,Cape Ann,Cape Ann,4:00 P.M.,,0,2024,1522.5868134422142,1551.2414839183384,,,0.5306798080811881,0.4693201919188119,2.134532952387576,
2024-10-02,5125,FINAL,Newton South,4280,37.0,0.0,Cambridge,4067,20.0,1.0,Dual County,Dual County,3:30 P.M.,,0,2024,1500.0,1446.3640090140975,1530.793495493567,1415.5705135205305,0.6448727237313249,0.35512727626867513,10.363599098590248,17.0
2024-10-02,5142,FINAL,Lawrence,4203,50.0,0.0,Central Catholic,4081,15.0,1.0,Merrimack Valley,Merrimack Valley,3:45 P.M.,,0,2024,1597.1064393785778,1359.5769465831884,1614.351810512888,1342.331575448878,0.8395862518520222,0.16041374814797782,28.75294927953894,35.0
2024-10-02,5143,FINAL,North Andover,4283,30.0,0.0,Central Catholic,4081,25.0,1.0,Merrimack Valley,Merrimack Valley,4:00 P.M.,,0,2024,1460.660920547974,1342.331575448878,1475.4474265205147,1327.5450694763374,0.7249164629053837,0.2750835370946163,16.83293450990959,5.0
2024-10-02,7490,FINAL,Lincoln-Sudbury,4211,39.0,0.0,Acton-Boxborough,4003,17.0,1.0,Dual County,Dual County,4:00 P.M.,,0,2024,1500.0,1574.72739278754,1550.3741241412624,1524.3532686462777,0.46447438402375485,0.5355256159762452,-2.4727392787540112,22.0
2024-10-02,8922,FINAL,Tewksbury,4389,50.0,0.0,Central Catholic,4081,15.0,1.0,Merrimack Valley,Merrimack Valley,3:45 P.M.,,0,2024,1595.1444025190071,1327.5450694763374,1610.0282293657915,1312.661242629553,0.8615529678843475,0.13844703211565246,31.759933304266973,35.0
2024-10-02,9058,UPCOMING,Everett,4132,,,Revere,4329,,,Greater Boston,Greater Boston,4:00 P.M.,,0,2024,1489.870784260808,1452.6188472210733,,,0.6229908852158803,0.3770091147841197,8.725193703973469,
2024-10-02,8927,FINAL,North Andover,4283,15.0,1.0,Tewksbury,4389,50.0,0.0,Merrimack Valley,Merrimack Valley,4:00 P.M.,,0,2024,1475.4474265205147,1549.2491452950492,1425.3713265578735,1599.3252452576903,0.4658000587565425,0.5341999412434575,-2.3801718774534493,-35.0
2024-10-02,8928,FINAL,North Andover,4283,15.0,1.0,Lawrence,4203,50.0,0.0,Merrimack Valley,Merrimack Valley,4:00 P.M.,,0,2024,1425.3713265578735,1675.1308945836304,1399.5156144555333,1700.9866066859706,0.2405057946894292,0.7594942053105708,-19.975956802575684,-35.0
2024-10-02,8994,FINAL,Foxborough,4142,30.0,0.0,North Attleborough,4284,26.0,1.0,Hockomock,Hockomock,3:45 P.M.,,0,2024,1552.1382031331677,1465.3533009056846,1567.237683223942,1450.2538208149103,0.687272184197152,0.31272781580284803,13.678490222748314,4.0
2024-10-02,9083,UPCOMING,Lynn English,4221,,,Chelsea,4086,,,Greater Boston,Greater Boston,4:00 P.M.,,0,2024,1541.2933639922833,1585.6587121396885,,,0.5081082049943323,0.4918917950056677,0.5634651852594743,
2024-10-02,9028,FINAL,Triton,4395,35.0,0.0,Newburyport,4276,24.0,1.0,Cape Ann,Cape Ann,3:30 P.M.,,0,2024,1434.1513503223914,1408.4791752185424,1463.4326651787578,1379.197860362176,0.6072110682190746,0.39278893178092544,7.567217510384898,11.0
2024-10-02,9038,FINAL,Ipswich,4190,39.0,0.0,Amesbury,4007,19.0,1.0,Cape Ann,Cape Ann,4:00 P.M.,,0,2024,1628.2653798017327,1454.7987650512441,1648.036505325186,1435.0276395277908,0.7835333682279414,0.2164666317720586,22.346661475048858,20.0
2024-10-02,9044,FINAL,Lynnfield,4223,15.0,1.0,Georgetown,4148,50.0,0.0,Cape Ann,Cape Ann,3:30 P.M.,,0,2024,1501.3024833602706,1629.4782011790812,1459.444431889679,1671.3362526496728,0.38935705554110406,0.6106429444588959,-7.817571781881066,-35.0
2024-10-02,9075,FINAL,Malden,4227,38.0,0.0,Somerville,4351,19.0,1.0,Greater Boston,Greater Boston,4:00 P.M.,,0,2024,1350.9304010207552,1415.590796856442,1397.7613798616676,1368.7598180155296,0.47891450721045986,0.5210854927895401,-1.4660395835686812,19.0
2024-10-02,11165,FINAL,Duxbury,4123,15.0,1.0,Silver Lake,4349,40.0,0.0,Patriot,Patriot,,,0,2024,1402.9863026326168,1573.3075797521753,1370.3939930306647,1605.8998893541275,0.3334493951872914,0.6665506048127086,-12.032127711955855,-25.0
2024-10-02,11194,FINAL,Dracut,4119,50.0,0.0,Billerica,4040,15.0,1.0,Merrimack Valley,Merrimack Valley,,,0,2024,1558.3097657593764,1333.6617157021005,1576.6559914511968,1315.3154900102802,0.8293462747381252,0.17065372526187483,27.46480500572759,35.0
2024-10-02,11195,FINAL,Lowell,4216,44.0,0.0,Billerica,4040,19.0,1.0,Merrimack Valley,Merrimack Valley,,,0,2024,1463.6599029812735,1315.3154900102802,1487.313386899494,1291.6620060920598,0.7580030380501018,0.24199696194989817,19.83444129709933,25.0
2024-10-02,11196,FINAL,Haverhill,4167,44.0,0.0,Billerica,4040,19.0,1.0,Merrimack Valley,Merrimack Valley,,,0,2024,1578.7438394644648,1291.6620060920598,1591.0207408752437,1279.3851046812808,0.8743959725409256,0.1256040274590744,33.708183337240506,25.0
2024-10-02,11553,FINAL,Concord-Carlisle,4097,28.0,0.0,Westford,4421,27.0,1.0,Dual County,Dual County,,,0,2024,1478.9085981983624,1500.0,1488.4426905615096,1490.4659076368528,0.5415070742770032,0.4584929257229968,2.890859819836237,1.0
2024-10-02,42192,FINAL,New Bedford,4273,17.0,1.0,Durfee,4122,43.0,0.0,Big Three,Big Three,,,0,2024,1459.5345553012078,1516.2590297529268,1411.0537265823639,1564.7398584717707,0.49032391154742944,0.5096760884525706,-0.6724474451719061,-26.0
2024-10-02,42835,FINAL,Fontbonne,4447,29.0,0.0,Malden Catholic,4228,27.0,1.0,Catholic Conference,Catholic Conference,,,0,2024,1580.5822587835453,1597.0709931734705,1595.4768842360927,1582.176367720923,0.5480775882392266,0.4519224117607734,3.3511265610074816,2.0
2024-10-02,43424,FINAL,Norton,4295,18.0,1.0,Medway,4243,49.0,0.0,Tri-Valley,Tri-Valley,,,0,2024,1470.7764636844183,1620.169681138745,1433.2695663351,1657.6765784880633,0.36074009869995194,0.6392599013000481,-9.939321745432675,-31.0
2024-10-02,8916,UPCOMING,Methuen,4246,,,Andover,4009,,,Merrimack Valley,Merrimack Valley,4:00 P.M.,,0,2024,1589.030280416706,1492.022176698838,,,0.6997792037085449,0.30022079629145515,14.700810371786815,
2024-10-02,8936,UPCOMING,Pembroke,4308,,,Hanover,4164,,,Patriot,Patriot,4:00 P.M.,,0,2024,1569.4173206397502,1553.1883504080479,,,0.5941732499609245,0.40582675003907553,6.62289702317023,
2024-10-03,43778,FINAL,Bellingham,4033,29.0,0.0,Millis,4251,26.0,1.0,Tri-Valley,Tri-Valley,,,0,2024,1459.001462387269,1531.94622447694,1481.167154992797,1509.780531871412,0.4670277533355937,0.5329722466644062,-2.294476208967103,3.0
2024-10-07,18733,FINAL,Sandwich,4340,44.0,0.0,Norwell,4296,16.0,1.0,South Shore,South Shore,,,0,2024,1452.9078978707223,1324.6919712255353,1479.5648636487128,1298.0350054475448,0.7361189599024377,0.2638810400975623,17.821592664518697,28.0
2024-10-08,8976,UPCOMING,Taunton,4388,,,Milford,4249,,,Hockomock,Hockomock,4:00 P.M.,,0,2024,1576.065764750062,1593.0951109031532,,,0.5473066639232731,0.4526933360767269,3.2970653846908817,
2024-10-08,5010,FINAL,Sharon,4345,32.0,0.0,Attleboro,4018,23.0,1.0,Hockomock,Hockomock,3:45 P.M.,,0,2024,1530.0320276445138,1497.2516274770337,1556.4938194263982,1470.7898356951493,0.6169263282618258,0.3830736717381742,8.278040016748013,9.0
2024-10-08,4981,UPCOMING,Shrewsbury,4348,,,Algonquin,4005,,,Mid-Wach,Mid-Wach,4:00 P.M.,,0,2024,1483.5249938987863,1519.6651070066287,,,0.5199354068545733,0.4800645931454267,1.3859886892157647,
2024-10-08,5017,UPCOMING,Barnstable,4024,,,Dennis-Yarmouth,4111,,,Cape &#38; Islands,Cape &#38; Islands,4:00 P.M.,,0,2024,1470.0673960411266,1453.5508000619657,,,0.5945724305483673,0.4054275694516327,6.651659597916091,
2024-10-08,5160,UPCOMING,Chicopee Comprehensive,4089,,,Chicopee,4088,,,Valley,Valley,3:45 P.M.,,0,2024,1514.7561779692787,1490.7548220307212,,,0.6049147674469362,0.3950852325530638,7.400135593855748,
2024-10-08,4997,FINAL,Reading,4328,43.0,0.0,Arlington,4013,19.0,1.0,Middlesex,Middlesex,4:00 P.M.,,0,2024,1560.4335445446716,1471.4527370493672,1590.3707723666535,1441.5155092273853,0.689982575172211,0.31001742482778905,13.898080749530436,24.0
2024-10-08,5062,FINAL,Bishop Stang,4045,48.0,0.0,Bishop Feehan,4042,15.0,1.0,Catholic Central,Catholic Central,4:00 P.M.,,0,2024,1582.6233941235596,1411.148774023008,1605.7299947433903,1388.0421734031772,0.7815821679931991,0.21841783200680087,22.147462010055165,33.0
2024-10-08,5039,FINAL,Woburn,4438,25.0,1.0,Belmont,4034,30.0,0.0,Middlesex,Middlesex,4:00 P.M.,,0,2024,1529.059453444408,1499.8502754835774,1496.159715199672,1532.7500137283134,0.6120564508380563,0.38794354916194373,7.920917796083063,-5.0
2024-10-08,40261,FINAL,Southeastern,4358,34.0,0.0,Tri-County,4392,25.0,1.0,Mayflower,Mayflower,,,0,2024,1510.8690988350913,1397.333085360611,1530.253632244069,1377.9485519516334,0.7193801368737252,0.28061986312627485,16.353601347448034,9.0
2024-10-08,43638,FINAL,East Bridgewater,4126,32.0,0.0,Middleborough,4247,23.0,1.0,South Shore,South Shore,,,0,2024,1435.0700661754875,1455.6396627779832,1466.6901264287878,1424.0196025246828,0.5422527438181107,0.4577472561818893,2.9430403397504277,9.0
2024-10-08,43538,FINAL,Sturgis West,4735,28.0,0.0,Monomoy,4706,27.0,1.0,Cape &#38; Islands,Cape &#38; Islands,,,0,2024,1616.1986038411555,1412.2971640250216,1620.1126675585547,1408.3831003076225,0.8117733228394911,0.1882266771605089,25.39014398161339,1.0
2024-10-08,43350,FINAL,Falmouth,4134,33.0,0.0,Nauset,4271,22.0,1.0,Cape &#38; Islands,Cape &#38; Islands,,,0,2024,1471.5353466961205,1450.551987979665,1501.2979232411146,1420.789411434671,0.6007552698537879,0.3992447301462121,7.0983358716455545,11.0
2024-10-08,43054,FINAL,North Quincy/Quincy,4287,16.0,1.0,Pembroke,4308,39.0,0.0,Patriot,Patriot,,,0,2024,1458.2665498669576,1565.466583179969,1418.3738745762078,1605.3592584707187,0.4184182880500195,0.5815817119499804,-5.720003331301132,-23.0
2024-10-08,42449,FINAL,Lynn English,4221,27.0,1.0,Lynn Classical,4220,28.0,0.0,Greater Boston,Greater Boston,,,0,2024,1562.2722763282234,1644.1623444408467,1552.8267260400582,1653.6078947290118,0.45423495197343844,0.5457650480265616,-3.1890068112623338,-1.0
2024-10-08,41529,FINAL,Holbrook/Avon,4172,20.0,1.0,Bristol Aggie,4463,47.0,0.0,Mayflower,Mayflower,,,0,2024,1509.786359095236,1551.3585151189818,1458.591075684273,1602.553798529945,0.5121262641056745,0.4878737358943255,0.842784397625428,-27.0
2024-10-08,41292,FINAL,Pope Francis,4796,18.0,1.0,Westfield Tech,4420,41.0,0.0,Pioneer,Pioneer,,,0,2024,1500.0,1441.1280890095327,1437.8616076001072,1503.2664814094255,0.6517447020198288,0.3482552979801712,10.887191099046731,-23.0
2024-10-08,40663,FINAL,Sutton,4512,15.0,1.0,Worcester Tech,4445,47.0,0.0,Dual Valley,Inter-High,,,0,2024,1500.0,1539.4752736602134,1445.964097933014,1593.5111757271993,0.5151416674788358,0.48485833252116417,1.0524726339786639,-32.0
2024-10-08,40481,FINAL,Blackstone Valley,4046,18.0,1.0,Assabet,4016,45.0,0.0,Colonial,Colonial,,,0,2024,1492.8381048440206,1535.6446958321194,1441.820320836955,1586.662479839185,0.5103506687667556,0.4896493312332444,0.7193409011901167,-27.0
2024-10-08,11554,FINAL,Medfield,4241,21.0,1.0,Dover-Sherborn,4118,36.0,0.0,Tri-Valley,Tri-Valley,4:00 P.M.,,0,2024,1431.8146551561547,1427.2512097369122,1383.747626655151,1475.318238237916,0.5778838637388888,0.4221161362611112,5.45634454192425,-15.0
2024-10-08,11430,FINAL,Archbishop Williams,4012,20.0,1.0,St. Mary’s,4374,41.0,0.0,Catholic Central,Catholic Central,,,0,2024,1394.234764409776,1524.6729643154679,1358.4159173316095,1560.4918113936344,0.38626501812520075,0.6137349818747992,-8.043819990569181,-21.0
2024-10-08,43790,FINAL,Falmouth Academy,4135,32.0,0.0,Rising Tide Charter,4746,28.0,1.0,Cape &#38; Islands,Cape &#38; Islands,,,0,2024,1467.510402355423,1548.310389592088,1493.7865200890378,1522.0342718584732,0.45579100358345837,0.5442089964165416,-3.0799987236665176,4.0
2024-10-08,11428,FINAL,Bishop Stang,4045,50.0,0.0,Cardinal Spellman,4075,15.0,1.0,Catholic Central,Catholic Central,,,0,2024,1605.7299947433903,1626.6045419650598,1654.987219942919,1577.347316765531,0.5418169863619202,0.4581830136380798,2.9125452778330554,35.0
2024-10-08,9005,FINAL,North Attleborough,4284,45.0,0.0,Oliver Ames,4302,18.0,1.0,Hockomock,Hockomock,3:45 P.M.,,0,2024,1450.2538208149103,1337.5134606789516,1478.3988260563885,1309.3684554374734,0.7184546030959909,0.28154539690400915,16.27403601359588,27.0
2024-10-08,8987,FINAL,Mansfield,4230,48.0,0.0,Canton,4071,15.0,1.0,Hockomock,Hockomock,3:30 P.M.,,0,2024,1636.0186914675803,1403.7554191569614,1653.4253779414973,1386.3487326830443,0.8354612699372097,0.1645387300627903,28.226327231061894,33.0
2024-10-08,8969,FINAL,Plymouth North,4315,26.0,1.0,Silver Lake,4349,33.0,0.0,Patriot,Patriot,3:30 P.M.,,0,2024,1570.0475924048199,1605.8998893541275,1537.5865366315218,1638.3609451274256,0.5203489354017461,0.4796510645982539,1.414770305069237,-7.0
2024-10-08,8946,FINAL,Plymouth South,4316,32.0,0.0,Scituate,4343,27.0,1.0,Patriot,Patriot,4:00 P.M.,,0,2024,1582.2139981176554,1487.7992745817096,1598.5207901335014,1471.4924825658636,0.6966335363665125,0.3033664636334875,14.441472353594577,5.0
2024-10-08,8942,FINAL,Quincy/North Quincy,4326,16.0,1.0,Pembroke,4308,39.0,0.0,Patriot,Patriot,4:00 P.M.,,0,2024,1428.9882865108195,1523.9276390335128,1387.4493423643635,1565.466583179969,0.4356853424968391,0.5643146575031609,-4.493935252269329,-23.0
2024-10-08,8901,FINAL,Burlington,4065,30.0,0.0,Melrose,4244,26.0,1.0,Middlesex,Middlesex,4:00 P.M.,,0,2024,1499.2163722059847,1398.2993000860229,1513.4847529026758,1384.0309193893318,0.704485220451662,0.29551477954833805,15.091707211996185,4.0
2024-10-08,8888,FINAL,Wilmington,4432,33.0,0.0,Wakefield,4402,23.0,1.0,Middlesex,Middlesex,4:00 P.M.,,0,2024,1620.489786283593,1460.162717389526,1637.0043419233941,1443.648161749725,0.770429845607499,0.22957015439250095,21.0327068894067,10.0
2024-10-08,8881,FINAL,Stoneham,4380,25.0,1.0,Watertown,4409,30.0,0.0,Middlesex,Middlesex,4:00 P.M.,,0,2024,1583.3856024618951,1662.3071825714803,1558.741328536006,1686.9514564973695,0.45847437205595026,0.5415256279440497,-2.892158010958519,-5.0
2024-10-08,8857,FINAL,Lexington,4209,18.0,1.0,Winchester,4434,45.0,0.0,Middlesex,Middlesex,4:15 P.M.,,0,2024,1328.1142364250613,1387.2287920544122,1279.4421138453497,1435.9009146341239,0.4868861082914401,0.5131138917085599,-0.9114555629350889,-27.0
2024-10-08,7263,FINAL,Franklin,4144,21.0,1.0,King Philip,4197,33.0,0.0,Hockomock,Hockomock,3:45 P.M.,,0,2024,1350.5512219493855,1355.6471205681908,1307.131905499491,1399.0664370180853,0.564264765742659,0.43573523425734095,4.490410138119477,-12.0
2024-10-08,5063,FINAL,Bishop Feehan,4042,15.0,1.0,Cardinal Spellman,4075,50.0,0.0,Catholic Central,Catholic Central,4:00 P.M.,,0,2024,1388.0421734031772,1595.6960683123084,1357.1336997504259,1626.6045419650598,0.28750579326799536,0.7124942067320046,-15.765389490913117,-35.0
2024-10-08,11390,FINAL,Arlington Catholic,4014,38.0,0.0,Bishop Fenwick,4043,21.0,1.0,Catholic Central,Catholic Central,,,0,2024,1522.324306998424,1481.1829692762246,1554.5604919015625,1448.946784373086,0.6282348477022838,0.37176515229771623,9.11413377221993,17.0
2024-10-09,5090,FINAL,Needham,4272,19.0,1.0,Braintree,4051,40.0,0.0,Bay State,Bay State,4:00 P.M.,,0,2024,1387.739276767517,1382.424530062927,1334.053573966665,1436.110232863779,0.5789384823074184,0.4210615176925816,5.531474670458988,-21.0
2024-10-09,5048,FINAL,Chelmsford,4085,44.0,0.0,Billerica,4040,19.0,1.0,Merrimack Valley,Merrimack Valley,4:00 P.M.,,0,2024,1601.8870014520635,1279.3851046812808,1612.1368786069163,1269.135227526428,0.8951343007055574,0.10486569929444256,37.25018967707827,25.0
2024-10-09,7323,FINAL,Braintree,4051,38.0,0.0,Weymouth,4425,20.0,1.0,Bay State,Bay State,4:00 P.M.,,0,2024,1436.110232863779,1363.4157420161341,1465.297275045892,1334.228699834021,0.6695800412390073,0.3304199587609927,12.269449084764483,18.0
2024-10-09,4972,FINAL,Acton-Boxborough,4003,50.0,0.0,Newton South,4280,15.0,1.0,Dual County,Dual County,4:30 P.M.,,0,2024,1524.3532686462777,1530.793495493567,1571.401882430489,1483.7448817093557,0.5623611447087692,0.4376388552912308,4.355977315271071,35.0
2024-10-09,5104,FINAL,Brookline,4059,38.0,0.0,Milton,4252,21.0,1.0,Bay State,Bay State,4:00 P.M.,,0,2024,1564.397294371438,1536.1721893841718,1598.1530325539322,1502.4164512016775,0.6107105358762535,0.38928946412374654,7.822510498726615,17.0
2024-10-09,4984,FINAL,North Andover,4283,23.0,1.0,Andover,4009,38.0,0.0,Merrimack Valley,Merrimack Valley,4:00 P.M.,,0,2024,1399.5156144555333,1360.4149960919804,1347.4890614160552,1412.4415491314585,0.6254870838716822,0.37451291612831783,8.910061836355293,-15.0
2024-10-09,7303,FINAL,Needham,4272,28.0,0.0,Weymouth,4425,27.0,1.0,Bay State,Bay State,4:00 P.M.,,0,2024,1334.053573966665,1373.4971395927232,1344.134971543254,1363.4157420161341,0.5151872570341647,0.4848127429658353,1.0556434373941783,1.0
2024-10-09,5126,FINAL,Cambridge,4067,29.0,0.0,Westford,4421,27.0,1.0,Dual County,Dual County,4:00 P.M.,,0,2024,1415.5705135205305,1490.4659076368528,1433.2284921539076,1472.8079290034757,0.4642338394987193,0.5357661605012807,-2.4895394116322223,2.0
2024-10-09,5184,FINAL,Somerville,4351,15.0,1.0,Everett,4132,50.0,0.0,Greater Boston,Greater Boston,4:00 P.M.,,0,2024,1368.7598180155296,1457.3433838371814,1320.9519922510644,1505.1512096016465,0.44470092652430904,0.555299073475691,-3.8583565821651744,-35.0
2024-10-09,7375,FINAL,Marshfield,4234,19.0,1.0,Hingham,4171,42.0,0.0,Patriot,Patriot,4:00 P.M.,,0,2024,1346.5612329304754,1472.7762503170493,1309.1831356418297,1510.154347605695,0.3920438868563095,0.6079561131436906,-7.621501738657389,-23.0
2024-10-09,7431,FINAL,Holliston,4174,37.0,0.0,Hopkinton,4180,21.0,1.0,Tri-Valley,Tri-Valley,3:45 P.M.,,0,2024,1442.9204377502883,1376.0609752921002,1471.6401408275105,1347.341272214878,0.6621068307772273,0.3378931692227727,11.685946245818808,16.0
2024-10-09,7499,FINAL,Beverly,4038,37.0,0.0,Peabody,4306,21.0,1.0,Northeastern,Northeastern,4:00 P.M.,,0,2024,1411.7680249492116,1475.9675480175517,1456.0021394389453,1431.733433527818,0.47957661357045095,0.5204233864295491,-1.4199523068340114,16.0
2024-10-09,7502,FINAL,Tewksbury,4389,50.0,0.0,Billerica,4040,15.0,1.0,Merrimack Valley,Merrimack Valley,4:00 P.M.,,0,2024,1599.3252452576903,1269.135227526428,1610.1600278973071,1258.3004448868112,0.8992165445409487,0.10078345545905132,38.01900177312623,35.0
2024-10-09,8919,FINAL,North Andover,4283,16.0,1.0,Dracut,4119,47.0,0.0,Merrimack Valley,Merrimack Valley,4:00 P.M.,,0,2024,1347.4890614160552,1576.6559914511968,1320.1632217863714,1603.9818310808805,0.2628190221458133,0.7371809778541867,-17.916693003514162,-31.0
2024-10-09,8959,FINAL,Duxbury,4123,15.0,1.0,Whitman-Hanson,4427,48.0,0.0,Patriot,Patriot,4:00 P.M.,,0,2024,1370.3939930306647,1634.3210419628633,1346.4931549251628,1658.2218800683652,0.22592545429070918,0.7740745457092908,-21.392704893219864,-33.0
2024-10-09,8995,FINAL,Stoughton,4381,36.0,0.0,Foxborough,4142,21.0,1.0,Hockomock,Hockomock,3:45 P.M.,,0,2024,1605.2209246576545,1567.237683223942,1636.4974618449896,1535.9611460366068,0.6239791241971026,0.37602087580289745,8.798324143371246,15.0
2024-10-09,9017,FINAL,Lynnfield,4223,45.0,0.0,Hamilton-Wenham,4163,17.0,1.0,Cape Ann,Cape Ann,3:30 P.M.,,0,2024,1459.444431889679,1329.0023981725842,1485.8507045226593,1302.596125539604,0.7386006064784797,0.2613993935215203,18.04420337170948,28.0
2024-10-09,9039,FINAL,Manchester Essex/Rockport,4229,40.0,0.0,Amesbury,4007,20.0,1.0,Cape Ann,Cape Ann,4:00 P.M.,,0,2024,1457.1527724350872,1435.0276395277908,1493.4741707756486,1398.7062411872294,0.6023306437103998,0.3976693562896002,7.2125132907296345,20.0
2024-10-09,9045,FINAL,Georgetown,4148,39.0,0.0,Ipswich,4190,18.0,1.0,Cape Ann,Cape Ann,4:00 P.M.,,0,2024,1671.3362526496728,1648.036505325186,1708.0625552593121,1611.3102027155467,0.6039491189589088,0.3960508810410912,7.329974732448681,21.0
2024-10-09,9084,FINAL,Chelsea,4086,44.0,0.0,Medford,4242,15.0,1.0,Greater Boston,Greater Boston,4:00 P.M.,,0,2024,1608.4924743112504,1518.6385771010582,1640.0157965145193,1487.1152548977893,0.6910566224586131,0.3089433775413869,13.985389721019214,29.0
2024-10-09,9137,FINAL,Masconomet,4236,25.0,1.0,Marblehead,4231,31.0,0.0,Northeastern,Northeastern,4:00 P.M.,,0,2024,1563.6721434613492,1406.7340413373668,1518.8990136470736,1451.5071711516423,0.7669612398087282,0.2330387601912718,20.69381021239824,-6.0
2024-10-09,7238,FINAL,Newton North,4279,28.0,0.0,Wellesley,4413,27.0,1.0,Bay State,Bay State,4:30 P.M.,,0,2024,1395.672165076782,1289.7605707345738,1401.6934930436937,1283.739242767662,0.7104353334190127,0.28956466658098734,15.591159434220822,1.0
2024-10-09,11519,FINAL,Danvers,4103,28.0,2.0,Marblehead,4231,28.0,2.0,Northeastern,Northeastern,,,0,2024,1534.8149817324584,1451.5071711516423,1534.8149817324584,1451.5071711516423,0.6829541753748833,0.31704582462511666,13.330781058081607,0.0
2024-10-09,5144,FINAL,Lowell,4216,42.0,0.0,Central Catholic,4081,19.0,1.0,Merrimack Valley,Merrimack Valley,3:30 P.M.,,0,2024,1487.313386899494,1312.661242629553,1507.8415219148378,1292.1331076142092,0.7846886164595857,0.21531138354041435,22.465214426994088,23.0
2024-10-09,11520,FINAL,Dracut,4119,45.0,0.0,Andover,4009,18.0,1.0,Merrimack Valley,Merrimack Valley,,,0,2024,1603.9818310808805,1412.4415491314585,1623.9091897295057,1392.5141904828333,0.8006589072611932,0.19934109273880685,24.154028194942203,27.0
2024-10-09,42353,FINAL,Malden,4227,32.0,0.0,Revere,4329,24.0,1.0,Greater Boston,Greater Boston,,,0,2024,1397.7613798616676,1442.5697461042428,1430.227297396016,1410.1038285698944,0.5074708055300684,0.4925291944699316,0.5191633757424825,8.0
2024-10-09,43426,FINAL,Medway,4243,42.0,0.0,Bellingham,4033,23.0,1.0,Tri-Valley,Tri-Valley,,,0,2024,1657.6765784880633,1481.167154992797,1676.8651919652632,1461.978541515597,0.7864894487112555,0.21351055128874452,22.650942349526645,19.0
2024-10-09,43567,FINAL,Millis,4251,33.0,0.0,Norton,4295,24.0,1.0,Tri-Valley,Tri-Valley,,,0,2024,1509.780531871412,1433.2695663351,1532.2706376457534,1410.7794605607587,0.674422372159436,0.325577627840564,12.651096553631191,9.0
2024-10-09,43672,FINAL,Dedham,4108,43.0,0.0,Ashland,4015,15.0,1.0,Tri-Valley,Tri-Valley,,,0,2024,1550.7755672991138,1588.4024430461934,1599.4869866395243,1539.691023705783,0.5177988332494666,0.48220116675053337,1.2373124252920433,28.0
2024-10-09,9146,UPCOMING,Masconomet,4236,,,Danvers,4103,,,Northeastern,Northeastern,4:00 P.M.,,0,2024,1525.057952512475,1489.7322583108253,,,0.6203829998258995,0.3796170001741005,8.532569420164965,
2024-10-09,9090,UPCOMING,Lynn Classical,4220,,,Lynn English,4221,,,Greater Boston,Greater Boston,4:00 P.M.,,0,2024,1594.0346555656122,1541.2933639922833,,,0.6436923647958958,0.35630763520410424,10.27412915733289,
2024-10-09,8921,UPCOMING,Tewksbury,4389,,,Central Catholic,4081,,,Merrimack Valley,Merrimack Valley,3:45 P.M.,,0,2024,1578.1683940772102,1417.6775782154823,,,0.7705965191880745,0.22940348081192552,21.049081586172793,
2024-10-09,8917,UPCOMING,Methuen,4246,,,Haverhill,4167,,,Merrimack Valley,Merrimack Valley,4:00 P.M.,,0,2024,1589.030280416706,1561.7560795290594,,,0.6094083809387641,0.39059161906123585,7.727420088764665,
2024-10-09,7503,UPCOMING,Tewksbury,4389,,,Chelmsford,4085,,,Merrimack Valley,Merrimack Valley,4:00 P.M.,,0,2024,1578.1683940772102,1532.2721066029865,,,0.6346049089048909,0.36539509109510915,9.589628747422376,
2024-10-09,5077,UPCOMING,Bedford,4031,,,Boston Latin,4049,,,Dual County,Dual County,4:30 P.M.,,0,2024,1502.7555,1502.7555,,,0.5714631174083814,0.4285368825916186,5.0,
2024-10-09,7193,FINAL,Milton,4252,25.0,1.0,Natick,4270,34.0,0.0,Bay State,Bay State,4:00 P.M.,,0,2024,1502.4164512016775,1581.259465198682,1470.7384069857458,1612.9375094146137,0.45858666001554516,0.5414133399844548,-2.884301399700439,-9.0
2024-10-09,7136,FINAL,Brookline,4059,32.0,0.0,Natick,4270,25.0,1.0,Bay State,Bay State,4:00 P.M.,,0,2024,1598.1530325539322,1608.9460828450303,1625.8396502002806,1581.259465198682,0.5561850446958273,0.4438149553041727,3.92069497089019,7.0
2024-10-09,11521,FINAL,Westwood,4424,24.0,1.0,Norwood,4297,35.0,0.0,Tri-Valley,Tri-Valley,,,0,2024,1431.539746564198,1570.8255563878927,1403.6394712906715,1598.725831661419,0.3742632246823256,0.6257367753176744,-8.928580982369477,-11.0
2024-10-09,11518,FINAL,Newburyport,4276,18.0,1.0,Essex Tech,4745,45.0,0.0,Cape Ann,Cape Ann,,,0,2024,1379.197860362176,1484.3079068099446,1337.0772503002315,1526.428516871889,0.4213487891006814,0.5786512108993186,-5.511004644776858,-27.0
2024-10-10,18734,FINAL,Norwell,4296,15.0,1.0,Mashpee,4237,50.0,0.0,South Shore,South Shore,4:30 P.M.,,0,2024,1298.0350054475448,1556.9865037418178,1273.204050321719,1581.8174588676436,0.2309736653856753,0.7690263346143247,-20.895149829427304,-35.0
2024-10-11,5028,UPCOMING,Bay Path,4027,,,University Park/Claremont,4514,,,Colonial,Colonial,3:30 P.M.,,0,2024,1531.7625357344089,1531.5364977469817,,,0.5717817374561065,0.4282182625438935,5.022603798742717,
2024-10-11,40377,FINAL,Monty Tech,4259,15.0,1.0,Assabet,4016,50.0,0.0,Colonial,Colonial,,,0,2024,1466.827759978857,1586.662479839185,1423.7361222427644,1629.7541175752776,0.4008316822668356,0.5991683177331644,-6.983471986032782,-35.0
2024-10-11,11572,FINAL,Rivers,4330,31.0,0.0,Nobles,4282,24.0,1.0,ISL,ISL,,,0,2024,1500.0,1500.0,1526.7335218740895,1473.2664781259105,0.5714631174083814,0.4285368825916186,5.0,7.0
2024-10-11,11573,FINAL,St. Mark’s,4372,42.0,0.0,Nobles,4282,19.0,1.0,ISL,ISL,,,0,2024,1573.5966819327684,1473.2664781259105,1601.8386393479345,1445.0245207107444,0.7037814238651616,0.2962185761348384,15.033020380685798,23.0
2024-10-11,11574,FINAL,Tabor,4384,44.0,0.0,Nobles,4282,17.0,1.0,ISL,ISL,,,0,2024,1470.397720870392,1445.0245207107444,1509.704353788316,1405.7178877928204,0.6068005150154367,0.39319948498456325,7.537320015964769,27.0
2024-10-15,43650,FINAL,West Bridgewater,4415,41.0,0.0,Seekonk,4344,20.0,1.0,South Coast,South Coast,,,0,2024,1488.1167585412315,1500.0,1529.415984849326,1458.7007736919056,0.554635402874908,0.445364597125092,3.8116758541231546,21.0
2024-10-15,5161,UPCOMING,Minnechaug,4254,,,Chicopee Comprehensive,4089,,,Valley,Valley,4:00 P.M.,,0,2024,1502.7555,1514.7561779692787,,,0.5544684099242341,0.4455315900757659,3.799932203072126,
2024-10-15,5065,UPCOMING,Bishop Feehan,4042,,,Arlington Catholic,4014,,,Catholic Central,Catholic Central,4:00 P.M.,,0,2024,1384.2424677530666,1572.8234925160743,,,0.3105099105973298,0.6894900894026702,-13.858102476300768,
2024-10-15,5064,FINAL,Bishop Feehan,4042,20.0,1.0,Archbishop Williams,4012,40.0,0.0,Catholic Central,Catholic Central,4:00 P.M.,,0,2024,1357.1336997504259,1358.4159173316095,1305.1039127637443,1410.445704318291,0.5696546070411782,0.4303453929588218,4.871778241881634,-20.0
2024-10-15,11610,FINAL,Cardinal Spellman,4075,45.0,0.0,Bishop Fenwick,4043,15.0,1.0,Catholic Central,Catholic Central,,,0,2024,1577.347316765531,1448.946784373086,1604.5109799878837,1421.7831211507335,0.7363253306353412,0.2636746693646588,17.840053239244504,30.0
2024-10-15,43850,FINAL,Archbishop Williams,4012,15.0,1.0,Arlington Catholic,4014,46.0,0.0,Catholic Central,Catholic Central,,,0,2024,1410.445704318291,1554.5604919015625,1372.2072349508571,1592.7989612689964,0.3677763341838757,0.6322236658161243,-9.411478758327144,-31.0
2024-10-15,11611,FINAL,St. Mary’s,4374,42.0,0.0,Bishop Fenwick,4043,20.0,1.0,Catholic Central,Catholic Central,,,0,2024,1560.4918113936344,1421.7831211507335,1584.2259363181722,1398.0489962261956,0.7476833178433557,0.25231668215664427,18.870869024290094,22.0
2024-10-15,40621,FINAL,Dighton-Rehoboth,4114,39.0,0.0,Greater New Bedford,4156,16.0,1.0,South Coast,South Coast,,,0,2024,1542.13591283253,1429.442433858086,1568.9841105144624,1402.5942361761536,0.7184000112946178,0.28159998870538216,16.269347897444412,23.0
2024-10-15,40795,FINAL,West Springfield,4417,18.0,1.0,Putnam,4362,48.0,0.0,Valley,Valley,,,0,2024,1500.0,1574.755117218811,1452.1541168252152,1622.6010003935958,0.46443468700459123,0.5355653129954088,-2.4755117218810936,-30.0
2024-10-15,40800,FINAL,Frontier,4146,15.0,1.0,Smith Voc.,4539,50.0,0.0,Pioneer,Pioneer,,,0,2024,1462.9198900360886,1558.8719109904673,1416.2353122608906,1605.556488765665,0.4342526492066023,0.5657473507933977,-4.595202095437867,-35.0
2024-10-15,40885,FINAL,Holbrook/Avon,4172,0.0,2.0,Old Colony,4300,0.0,2.0,Mayflower,Mayflower,,,0,2024,1458.591075684273,1500.0,1458.591075684273,1500.0,0.5123610325542115,0.4876389674457885,0.8591075684272937,0.0
2024-10-15,43276,FINAL,Bellingham,4033,40.0,0.0,Medfield,4241,19.0,1.0,Tri-Valley,Tri-Valley,,,0,2024,1461.978541515597,1383.747626655151,1491.9685217706308,1353.7576464001172,0.6765925982624351,0.3234074017375649,12.823091486044609,21.0
2024-10-15,43300,FINAL,Somerset Berkley,4350,46.0,0.0,Old Rochester,4301,16.0,1.0,South Coast,South Coast,,,0,2024,1614.388845566489,1374.3814460127276,1630.7176557849345,1358.052635794282,0.8414980483219975,0.15850195167800252,29.00073995537614,30.0
2024-10-15,43351,FINAL,Dennis-Yarmouth,4111,18.0,1.0,Falmouth,4134,45.0,0.0,Cape &#38; Islands,Cape &#38; Islands,,,0,2024,1438.5362441690136,1501.2979232411146,1390.3882826062945,1549.4458848038337,0.48164272246490863,0.5183572775350913,-1.276167907210106,-27.0
2024-10-15,43640,FINAL,Mashpee,4237,18.0,1.0,East Bridgewater,4126,47.0,0.0,South Shore,South Shore,,,0,2024,1581.8174588676436,1466.6901264287878,1508.2265360793442,1540.2810492170872,0.7212256403688013,0.2787743596311987,16.512733243885577,-29.0
2024-10-15,40102,FINAL,Monty Tech,4259,16.0,1.0,Bay Path,4027,43.0,0.0,Colonial,Colonial,,,0,2024,1423.7361222427644,1521.4574410218406,1380.5755286591054,1564.6180346054996,0.4317521473833503,0.5682478526166497,-4.772131877907623,-27.0
2024-10-16,9059,UPCOMING,Medford,4242,,,Fairhaven,4133,,,Greater Boston,South Coast,4:15 P.M.,,0,2024,1512.1686316529886,1508.089887090841,,,0.5772031004754432,0.4227968995245568,5.407874456214745,
2024-10-16,5179,UPCOMING,Bishop Stang,4045,,,Durfee,4122,,,Catholic Central,Big Three,4:00 P.M.,,0,2024,1572.3292630323763,1540.7575325098042,,,0.6152807042131136,0.38471929578688635,8.157173052257212,
2024-10-16,9147,UPCOMING,Swampscott,4383,,,Masconomet,4236,,,Northeastern,Northeastern,4:00 P.M.,,0,2024,1508.644549562893,1525.057952512475,,,0.5481849943103169,0.45181500568968314,3.3586597050418048,
2024-10-16,43568,FINAL,Norton,4295,29.0,0.0,Dover-Sherborn,4118,26.0,1.0,Tri-Valley,Tri-Valley,,,0,2024,1410.7794605607587,1475.318238237916,1432.4435308228753,1453.6541679757993,0.4790892211229047,0.5209107788770952,-1.4538777677157213,3.0
2024-10-16,8924,FINAL,Lawrence,4203,50.0,0.0,Chelmsford,4085,15.0,1.0,Merrimack Valley,Merrimack Valley,4:00 P.M.,,0,2024,1738.7015216597615,1580.431987038905,1763.6075197403015,1555.525988958365,0.7683282967730934,0.23167170322690656,20.82695346208566,35.0
2024-10-16,43425,FINAL,Millis,4251,22.0,1.0,Medway,4243,37.0,0.0,Tri-Valley,Tri-Valley,,,0,2024,1532.2706376457534,1676.8651919652632,1501.7332556318695,1707.402573979147,0.36713441327634944,0.6328655867236506,-9.459455431950982,-15.0
2024-10-16,43245,FINAL,Norwood,4297,20.0,1.0,Dedham,4108,37.0,0.0,Tri-Valley,Tri-Valley,,,0,2024,1598.725831661419,1599.4869866395243,1549.2666772386792,1648.9461410622641,0.5703897695007927,0.4296102304992073,4.92388450218948,-17.0
2024-10-16,42450,FINAL,Malden,4227,20.0,1.0,Lynn English,4221,35.0,0.0,Greater Boston,Greater Boston,,,0,2024,1430.227297396016,1552.8267260400582,1397.2044712144586,1585.8495522216156,0.3970155630689247,0.6029844369310753,-7.259942864404229,-15.0
2024-10-16,42420,FINAL,Medford,4242,23.0,0.0,Everett,4132,12.0,1.0,Greater Boston,Greater Boston,,,0,2024,1487.1152548977893,1505.1512096016465,1520.9693286990168,1471.297135800419,0.5458706157819425,0.4541293842180575,3.1964045296142785,11.0
2024-10-16,11686,FINAL,Georgetown,4148,39.0,0.0,Ipswich,4190,18.0,1.0,Cape Ann,Cape Ann,,,0,2024,1708.0625552593121,1611.3102027155467,1735.9311019610261,1583.4416560138327,0.6994698161733355,0.3005301838266645,14.675235254376549,21.0
2024-10-16,11673,FINAL,Beaver Country Day,4030,40.0,0.0,Berwick,4037,21.0,1.0,EIL,EIL,,,0,2024,1617.4110933060188,1500.0,1642.2282362181384,1475.1828570878804,0.7238611392702138,0.2761388607297862,16.741109330601876,19.0
2024-10-16,11672,FINAL,Beaver Country Day,4030,50.0,0.0,Winsor,4436,15.0,1.0,EIL,EIL,,,0,2024,1583.3298557524802,1500.0,1617.4110933060188,1465.9187624464614,0.6829816525892115,0.3170183474107885,13.332985575248017,35.0
2024-10-16,11671,FINAL,Beaver Country Day,4030,45.0,0.0,Dana Hall,4102,16.0,1.0,EIL,EIL,,,0,2024,1546.0701010378202,1500.0,1583.3298557524802,1462.74024528534,0.6348368869980014,0.36516311300199855,9.607010103782022,29.0
2024-10-16,11670,FINAL,Methuen,4246,50.0,0.0,North Andover,4283,15.0,1.0,Merrimack Valley,Merrimack Valley,,,0,2024,1624.9605198436125,1298.9048290324922,1636.029385694191,1287.8359631819137,0.8970391390820324,0.10296086091796763,37.60556908111202,35.0
2024-10-16,11669,FINAL,Lowell,4216,40.0,0.0,North Andover,4283,21.0,1.0,Merrimack Valley,Merrimack Valley,,,0,2024,1473.715071591219,1320.1632217863714,1494.9734643450981,1298.9048290324922,0.7634591388384276,0.23654086116157236,20.35518498048475,19.0
2024-10-16,9138,FINAL,Peabody,4306,20.0,1.0,Marblehead,4231,41.0,0.0,Northeastern,Northeastern,4:30 P.M.,,0,2024,1431.733433527818,1451.5071711516423,1381.3442168238387,1501.8963878556217,0.5433896758598173,0.45661032414018266,3.0226262376175783,-21.0
2024-10-16,9085,FINAL,Revere,4329,20.0,1.0,Chelsea,4086,35.0,0.0,Greater Boston,Greater Boston,4:00 P.M.,,0,2024,1410.1038285698944,1640.0157965145193,1388.3122014280984,1661.8074236563152,0.26198893675308776,0.7380110632469122,-17.991196794462486,-15.0
2024-10-16,11674,FINAL,Beaver Country Day,4030,29.0,0.0,Lexington Christian,4210,28.0,1.0,EIL,EIL,,,0,2024,1642.2282362181384,1500.0,1647.3959345990897,1494.8323016190486,0.7514862390997178,0.2485137609002822,19.222823621813838,1.0
2024-10-16,8920,FINAL,Lawrence,4203,45.0,0.0,Dracut,4119,15.0,1.0,Merrimack Valley,Merrimack Valley,4:00 P.M.,,0,2024,1700.9866066859706,1655.614081297517,1738.7015216597615,1617.8991663237261,0.6339054988854627,0.36609450111453734,9.53725253884536,30.0
2024-10-16,8906,FINAL,Methuen,4246,50.0,0.0,Lowell,4216,15.0,1.0,Merrimack Valley,Merrimack Valley,4:00 P.M.,,0,2024,1590.8340695199936,1507.8415219148378,1624.9605198436125,1473.715071591219,0.6825610904652517,0.3174389095347483,13.299254760515577,35.0
2024-10-16,7493,FINAL,Central Catholic,4081,35.0,0.0,Billerica,4040,24.0,1.0,Merrimack Valley,Merrimack Valley,3:45 P.M.,,0,2024,1253.1912869415457,1230.6468645489817,1282.793336344105,1201.0448151464225,0.6029086323345424,0.3970913676654576,7.2544422392564005,11.0
2024-10-16,7320,FINAL,Tewksbury,4389,41.0,0.0,Haverhill,4167,18.0,1.0,Merrimack Valley,Merrimack Valley,4:00 P.M.,,0,2024,1610.1600278973071,1591.0207408752437,1648.4676692294888,1552.713099543062,0.5982064980945945,0.4017935019054055,6.91392870220634,23.0
2024-10-16,7256,FINAL,Needham,4272,19.0,1.0,Wellesley,4413,44.0,0.0,Bay State,Bay State,4:00 P.M.,,0,2024,1344.134971543254,1283.739242767662,1280.2372139117401,1347.637000399176,0.6537330092978827,0.3462669907021173,11.039572877559204,-25.0
2024-10-16,5163,FINAL,Newton South,4280,35.0,0.0,Concord-Carlisle,4097,23.0,1.0,Dual County,Dual County,4:00 P.M.,,0,2024,1483.7448817093557,1488.4426905615096,1517.2306970685786,1454.956875202287,0.5648281155881791,0.43517188441182086,4.530219114784609,12.0
2024-10-16,5149,FINAL,Dracut,4119,35.0,0.0,Chelmsford,4085,23.0,1.0,Merrimack Valley,Merrimack Valley,4:00 P.M.,,0,2024,1623.9091897295057,1612.1368786069163,1655.614081297517,1580.431987038905,0.587972481460754,0.412027518539246,6.177231112258937,12.0
2024-10-16,5145,FINAL,Central Catholic,4081,17.0,1.0,Andover,4009,44.0,0.0,Merrimack Valley,Merrimack Valley,3:45 P.M.,,0,2024,1292.1331076142092,1420.1677708206628,1253.1912869415457,1459.1095914933262,0.3895501266879114,0.6104498733120887,-7.803466320645361,-27.0
2024-10-16,5127,FINAL,Lincoln-Sudbury,4211,35.0,0.0,Cambridge,4067,25.0,1.0,Dual County,Dual County,,,0,2024,1550.3741241412624,1433.2284921539076,1570.2606668130466,1413.3419494821235,0.7235555850808516,0.2764444149191484,16.714563198735483,10.0
2024-10-16,4985,FINAL,Andover,4009,50.0,0.0,Billerica,4040,15.0,1.0,Merrimack Valley,Merrimack Valley,3:45 P.M.,,0,2024,1392.5141904828333,1258.3004448868112,1420.1677708206628,1230.6468645489817,0.7427707158544783,0.2572292841455217,18.421374559602214,35.0
2024-10-16,4973,FINAL,Westford,4421,17.0,1.0,Acton-Boxborough,4003,38.0,0.0,Dual County,Dual County,4:00 P.M.,,0,2024,1472.8079290034757,1571.401882430489,1432.885247419438,1611.3245640145267,0.4305201474523378,0.5694798525476622,-4.859395342701328,-21.0
2024-10-16,9076,FINAL,Lynn Classical,4220,37.0,0.0,Somerville,4351,21.0,1.0,Greater Boston,Greater Boston,4:00 P.M.,,0,2024,1653.6078947290118,1320.9519922510644,1662.065402717182,1312.4944842628943,0.9004956920980056,0.09950430790199438,38.26559024779474,16.0
2024-10-17,18735,FINAL,Abington,4002,42.0,0.0,Norwell,4296,17.0,1.0,South Shore,South Shore,,,0,2024,1517.6828534502326,1273.204050321719,1532.8426735486903,1258.0442302232614,0.8449010547360503,0.15509894526394974,29.44788031285136,25.0
2024-10-17,5106,UPCOMING,Brookline,4059,,,Newton North,4279,,,Bay State,Bay State,4:00 P.M.,,0,2024,1561.5779018268188,1383.7721774768718,,,0.7877398352399533,0.21226016476004672,22.780572434994703,
2024-10-17,5194,UPCOMING,Framingham,4143,,,Natick,4270,,,Bay State,Bay State,4:00 P.M.,,0,2024,1647.581863067984,1522.3993793358763,,,0.7327130671458763,0.26728693285412375,17.51824837321076,
2024-10-17,11701,FINAL,Weymouth,4425,20.0,1.0,Walpole,4404,42.0,0.0,Bay State,Bay State,4:00 P.M.,,0,2024,1334.228699834021,1726.7705229289215,1322.734679364877,1738.2645433980656,0.1221925442221241,0.8778074557778759,-34.254182309490055,-22.0
2024-10-17,5091,FINAL,Milton,4252,35.0,0.0,Braintree,4051,20.0,1.0,Bay State,Bay State,4:00 P.M.,,0,2024,1470.7384069857458,1465.297275045892,1505.7465687751742,1430.2891132564637,0.5791158216312756,0.4208841783687244,5.544113193985368,15.0
2024-10-18,5029,UPCOMING,Bay Path,4027,,,Assabet,4016,,,Colonial,Colonial,3:30 P.M.,,0,2024,1531.7625357344089,1583.5897479728783,,,0.497370454454321,0.5026295455456791,-0.18272122384694284,
2024-10-19,11800,FINAL,St. Mark’s,4372,21.0,1.0,Thayer,4390,34.0,0.0,ISL,ISL,,,0,2024,1601.8386393479345,1500.0,1545.9759890228886,1555.862650325046,0.7055884399599865,0.29441156004001345,15.183863934793454,-13.0
2024-10-19,43352,FINAL,Falmouth,4134,15.0,1.0,Falmouth Academy,4135,50.0,0.0,Cape &#38; Islands,Cape &#38; Islands,,,0,2024,1549.4458848038337,1493.7865200890378,1479.8322010776524,1563.4002038152191,0.6475356106826577,0.35246438931734225,10.565936471479585,-35.0
2024-10-22,8896,FINAL,Watertown,4409,22.0,1.0,Wilmington,4432,33.0,0.0,Middlesex,Middlesex,4:15 P.M.,,0,2024,1686.9514564973695,1637.0043419233941,1639.2416319198621,1684.7141665009015,0.6399948609951152,0.36000513900488484,9.994711457397534,-11.0
2024-10-22,4998,FINAL,Arlington,4013,17.0,1.0,Woburn,4438,46.0,0.0,Middlesex,Middlesex,4:00 P.M.,,0,2024,1441.5155092273853,1496.159715199672,1391.1794700349703,1546.495754392087,0.49331684839194295,0.506683151608057,-0.4644205972286727,-29.0
2024-10-22,5040,FINAL,Belmont,4034,47.0,0.0,Lexington,4209,15.0,1.0,Middlesex,Middlesex,4:00 P.M.,,0,2024,1532.7500137283134,1279.4421138453497,1548.3327112018371,1263.859416371826,0.8514451234592478,0.14855487654075217,30.330789988296374,32.0
2024-10-22,8865,FINAL,Winchester,4434,20.0,1.0,Reading,4328,43.0,0.0,Middlesex,Middlesex,4:00 P.M.,,0,2024,1435.9009146341239,1590.3707723666535,1402.1472412102746,1624.1244457905027,0.35402875707063003,0.64597124292937,-10.446985773252958,-23.0
2024-10-22,8882,FINAL,Stoneham,4380,23.0,1.0,Burlington,4065,34.0,0.0,Middlesex,Middlesex,4:00 P.M.,,0,2024,1558.741328536006,1513.4847529026758,1511.496997026428,1560.7290844122538,0.63375058795614,0.36624941204385997,9.525657563333016,-11.0
2024-10-22,8889,FINAL,Melrose,4244,26.0,1.0,Wakefield,4402,30.0,0.0,Middlesex,Middlesex,4:15 P.M.,,0,2024,1384.0309193893318,1443.648161749725,1360.557434358802,1467.1216467802547,0.4861632095110039,0.5138367904889961,-0.961724236039322,-4.0
2024-10-22,18736,FINAL,Norwell,4296,15.0,1.0,Rockland,4331,50.0,0.0,South Shore,South Shore,,,0,2024,1258.0442302232614,1646.2295154939613,1244.6159180648917,1659.657827652331,0.12490806187055689,0.8750919381294431,-33.81852852707,-35.0
2024-10-22,43835,FINAL,Sturgis West,4735,15.0,1.0,Rising Tide Charter,4746,50.0,0.0,Cape &#38; Islands,Cape &#38; Islands,,,0,2024,1620.1126675585547,1522.0342718584732,1544.7435257771967,1597.4034136398311,0.7010719823703914,0.29892801762960863,14.80783957000815,-35.0
2024-10-22,43524,FINAL,Ashland,4015,47.0,0.0,Holliston,4174,16.0,1.0,Tri-Valley,Tri-Valley,,,0,2024,1539.691023705783,1471.6401408275105,1574.663125189072,1436.6680393442216,0.663639484137289,0.336360515862711,11.805088287827243,31.0
2024-10-23,11893,FINAL,Westwood,4424,15.0,1.0,Dedham,4108,46.0,0.0,Tri-Valley,Tri-Valley,,,0,2024,1403.6394712906715,1648.9461410622641,1378.143535088712,1674.4420772642236,0.24521907147592253,0.7547809285240774,-19.530666977159264,-31.0
2024-10-23,11908,FINAL,Dover-Sherborn,4118,30.0,0.0,Bellingham,4033,29.0,1.0,Tri-Valley,Tri-Valley,,,0,2024,1453.6541679757993,1491.9685217706308,1463.701807874046,1481.9208818723841,0.516810658205378,0.48318934179462203,1.1685646205168496,1.0
2024-10-23,43277,FINAL,Medfield,4241,24.0,1.0,Millis,4251,37.0,0.0,Tri-Valley,Tri-Valley,,,0,2024,1353.7576464001172,1501.7332556318695,1325.048074786072,1530.4428272459147,0.36262407403165187,0.6373759259683481,-9.79756092317523,-13.0
2024-10-23,5180,UPCOMING,Durfee,4122,,,Brockton,4058,,,Big Three,Big Three,3:45 P.M.,,0,2024,1540.7575325098042,1543.1644322227576,,,0.5680667600895853,0.43193323991041466,4.759310028704658,
2024-10-26,42942,FINAL,Beverly,4038,18.0,1.0,Salem,4336,45.0,0.0,Northeastern,Northeastern,,,0,2024,1456.0021394389453,1594.4064612196712,1418.4696218710997,1631.9389787875168,0.3754523214610274,0.6245476785389725,-8.840432178072593,-27.0
2024-10-26,11981,FINAL,Thayer,4390,46.0,0.0,Winsor,4436,17.0,1.0,ISL,EIL,,,0,2024,1555.862650325046,1465.9187624464614,1587.3746887174468,1434.4067240540605,0.6911672091099387,0.3088327908900613,13.994388787858451,29.0
2024-10-26,11982,FINAL,Milton Academy,4253,40.0,0.0,Winsor,4436,19.0,1.0,ISL,EIL,,,0,2024,1500.0,1434.4067240540605,1531.48465441758,1402.9220696364805,0.6604742586289084,0.3395257413710916,11.559327594593947,21.0
2024-10-26,11983,FINAL,St. Mark’s,4372,41.0,0.0,Winsor,4436,20.0,1.0,ISL,EIL,,,0,2024,1545.9759890228886,1402.9220696364805,1568.9387723092032,1379.959286350166,0.7523728253191063,0.24762717468089368,19.30539193864081,21.0
2024-10-26,11984,FINAL,Milton Academy,4253,19.0,1.0,Thayer,4390,43.0,0.0,ISL,ISL,,,0,2024,1531.48465441758,1587.3746887174468,1484.0199769424396,1634.8393661925872,0.4915243712151574,0.5084756287848426,-0.5890034299866784,-24.0
2024-10-26,11985,FINAL,Thayer,4390,39.0,0.0,St. Mark’s,4372,18.0,1.0,ISL,ISL,,,0,2024,1634.8393661925872,1568.9387723092032,1666.2872437162816,1537.4908947855088,0.6608708550786025,0.33912914492139745,11.590059388338409,21.0
2024-10-26,11986,FINAL,Milton Academy,4253,23.0,1.0,St. Mark’s,4372,34.0,0.0,ISL,ISL,,,0,2024,1484.0199769424396,1537.4908947855088,1447.118731968925,1574.3921397590234,0.4950051138629666,0.5049948861370335,-0.34709178430691734,-11.0
2024-10-26,7266,UPCOMING,Attleboro,4018,,,Franklin,4144,,,Hockomock,Hockomock,8:30 A.M.,,0,2024,1482.860012066606,1397.2649076440246,,,0.6857982440876123,0.31420175591238775,13.559510442258148,
2024-10-30,18699,FINAL,Westwood,4424,25.0,1.0,Hopkinton,4180,30.0,0.0,Tri-Valley,Tri-Valley,,,0,2024,1378.143535088712,1347.341272214878,1345.126872080648,1380.3579352229422,0.6142316826020706,0.3857683173979294,8.080226287383402,-5.0
2025-09-02,50450,UPCOMING,Martha’s Vineyard,4235,,,Barnstable,4024,,,Cape & Islands,Southeast,4:00 P.M.,,0,2025,1548.3275281957428,1470.0673960411266,,,0.6766293992936642,0.32337060070633583,12.826013215461625,
2025-09-03,50091,UPCOMING,Salem,4336,,,Beverly,4038,,,Northeastern,Northeastern,4:00 P.M.,,0,2025,1600.9501091309862,1494.808200246812,,,0.7107079962658541,0.2892920037341459,15.61419088841742,
2025-09-03,50617,UPCOMING,Millis,4251,,,Medway,4243,,,Tri-Valley,Tri-Valley,4:00 P.M.,,0,2025,1527.6091570148665,1638.5201370579357,,,0.41322922286250846,0.5867707771374915,-6.091098004306923,
2025-09-03,50603,UPCOMING,Medfield,4241,,,Dover-Sherborn,4118,,,Tri-Valley,Tri-Valley,4:00 P.M.,,0,2025,1494.0469302885192,1430.5844693875204,,,0.6577182517755154,0.34228174822448465,11.346246090099886,
2025-09-03,50592,UPCOMING,Bellingham,4033,,,Norton,4295,,,Tri-Valley,Tri-Valley,4:30 P.M.,,0,2025,1488.2437556224106,1411.0253584237068,,,0.6753159198648102,0.3246840801351898,12.721839719870378,
2025-09-03,50585,UPCOMING,Norton,4295,,,Westwood,4424,,,Tri-Valley,Tri-Valley,4:30 P.M.,,0,2025,1411.0253584237068,1397.427361808317,,,0.5905161443383634,0.4094838556616366,6.359799661538977,
2025-09-03,50584,UPCOMING,Bellingham,4033,,,Westwood,4424,,,Tri-Valley,Tri-Valley,4:30 P.M.,,0,2025,1488.2437556224106,1397.427361808317,,,0.6922382669413693,0.30776173305863075,14.081639381409355,
2025-09-03,50581,UPCOMING,Medway,4243,,,Norwood,4297,,,Tri-Valley,Tri-Valley,4:00 P.M.,,0,2025,1638.5201370579357,1548.2502458057938,,,0.6915676407825875,0.3084323592174125,14.026989125214186,
2025-09-03,50580,UPCOMING,Millis,4251,,,Norwood,4297,,,Tri-Valley,Tri-Valley,4:00 P.M.,,0,2025,1527.6091570148665,1548.2502458057938,,,0.5421505912374737,0.45784940876252633,2.935891120907263,
2025-09-03,50573,UPCOMING,Dover-Sherborn,4118,,,Hopkinton,4180,,,Tri-Valley,Tri-Valley,4:00 P.M.,,0,2025,1430.5844693875204,1464.512861654671,,,0.5231124198926835,0.47688758010731647,1.6071607732849316,
2025-09-03,50572,UPCOMING,Medfield,4241,,,Hopkinton,4180,,,Tri-Valley,Tri-Valley,4:00 P.M.,,0,2025,1494.0469302885192,1464.512861654671,,,0.6125004292190385,0.38749957078096153,7.953406863384816,
2025-09-03,50564,UPCOMING,Hopkinton,4180,,,Holliston,4174,,,Tri-Valley,Tri-Valley,4:00 P.M.,,0,2025,1464.512861654671,1458.271416670277,,,0.5802383170855214,0.4197616829144786,5.624144498439409,
2025-09-03,50563,UPCOMING,Dover-Sherborn,4118,,,Holliston,4174,,,Tri-Valley,Tri-Valley,4:00 P.M.,,0,2025,1430.5844693875204,1458.271416670277,,,0.5320669896500088,0.46793301034999124,2.2313052717243407,
2025-09-03,50562,UPCOMING,Medfield,4241,,,Holliston,4174,,,Tri-Valley,Tri-Valley,4:00 P.M.,,0,2025,1494.0469302885192,1458.271416670277,,,0.6209926263280624,0.3790073736719376,8.577551361824225,
2025-09-03,50552,UPCOMING,Westwood,4424,,,Dedham,4108,,,Tri-Valley,Tri-Valley,4:30 P.M.,,0,2025,1397.427361808317,1621.9117931126075,,,0.26807463335819987,0.7319253666418002,-17.44844313042904,
2025-09-03,50551,UPCOMING,Norton,4295,,,Dedham,4108,,,Tri-Valley,Tri-Valley,4:30 P.M.,,0,2025,1411.0253584237068,1621.9117931126075,,,0.2837091378959938,0.7162908621040063,-16.088643468890062,
2025-09-03,50549,UPCOMING,Bellingham,4033,,,Dedham,4108,,,Tri-Valley,Tri-Valley,4:30 P.M.,,0,2025,1488.2437556224106,1621.9117931126075,,,0.3818668405527974,0.6181331594472026,-8.366803749019686,
2025-09-03,50536,UPCOMING,Norwood,4297,,,Ashland,4015,,,Tri-Valley,Tri-Valley,4:00 P.M.,,0,2025,1548.2502458057938,1508.4388706022637,,,0.6264450239994986,0.37355497600050136,8.981137520353013,
2025-09-03,50535,UPCOMING,Medway,4243,,,Ashland,4015,,,Tri-Valley,Tri-Valley,4:00 P.M.,,0,2025,1638.5201370579357,1508.4388706022637,,,0.7381994515353905,0.26180054846460954,18.0081266455672,
2025-09-03,50458,UPCOMING,Dartmouth,4105,,,Bishop Stang,4045,,,Southeast,Catholic Central,4:00 P.M.,,0,2025,1461.132523743828,1572.3292630323763,,,0.4128304244612577,0.5871695755387423,-6.119673928854832,
2025-09-03,50274,UPCOMING,West Bridgewater,4415,,,Bridgewater-Raynham,4053,,,South Coast,Southeast,4:00 P.M.,,0,2025,1515.9603355988625,1502.7555,,,0.5899687711784436,0.4100312288215564,6.320483559886247,
2025-09-03,50138,UPCOMING,Peabody,4306,,,Winthrop,4437,,,Northeastern,Northeastern,4:30 P.M.,,0,2025,1471.3997154898602,1499.9386951438275,,,0.5308456703181585,0.46915432968184145,2.146102034603268,
2025-09-03,50111,UPCOMING,Danvers,4103,,,Masconomet,4236,,,Northeastern,Northeastern,4:00 P.M.,,0,2025,1489.7322583108253,1525.057952512475,,,0.5211054752012804,0.47889452479871963,1.467430579835036,
2025-09-03,49873,UPCOMING,Bristol Aggie,4463,,,Tri-County,4392,,,Mayflower,Mayflower,3:30 P.M.,,0,2025,1548.7919001600924,1447.9666049710881,,,0.7043752218332267,0.29562477816677335,15.082529518900424,
2025-09-03,50534,UPCOMING,Millis,4251,,,Ashland,4015,,,Tri-Valley,Tri-Valley,4:00 P.M.,,0,2025,1527.6091570148665,1508.4388706022637,,,0.5982493880185263,0.40175061198147366,6.917028641260276,
2025-09-03,49799,FINAL,Durfee,4122,31.0,0.0,Diman,4115,28.0,1.0,Big Three,Mayflower,4:00 P.M.,,0,2025,1545.0257051760864,1464.759664742094,1558.3694515071704,1451.41591841101,0.6791507223544112,0.3208492776455888,13.026604043399242,3.0
2025-09-03,55873,FINAL,Advanced Math and Science,4595,15.0,1.0,Assabet,4016,50.0,0.0,CMAC,CMAC,,,0,2025,1402.4982120369182,1588.585258775436,1368.7853395095506,1622.2981313028035,0.31359187348485734,0.6864081265151427,-13.608704673851776,-35.0
2025-09-03,55875,FINAL,Gardner,4147,33.0,0.0,Littleton,4212,25.0,1.0,Mid-Wach,Mid-Wach,,,0,2025,1522.8495595763134,1501.65,1549.1467956513404,1475.352763924973,0.601053736210734,0.398946263789266,7.119955957631328,8.0
2025-09-03,55874,FINAL,Lunenburg,4219,20.0,1.0,Gardner,4147,42.0,0.0,Mid-Wach,Mid-Wach,,,0,2025,1501.65,1464.2261717108522,1443.026612134539,1522.8495595763134,0.623223260601562,0.37677673939843803,8.742382828914788,-22.0
2025-09-03,55857,FINAL,Springfield International,4480,50.0,0.0,Central Catholic,4081,15.0,1.0,Valley,Merrimack Valley,,,0,2025,1530.2836138987238,1423.9764137108095,1561.3630881281265,1392.896939481407,0.7109035860824118,0.2890964139175882,15.63072001879143,35.0
2025-09-03,55855,FINAL,Ludlow,4218,15.0,1.0,Springfield International,4480,50.0,0.0,Valley,Valley,,,0,2025,1433.795121639741,1475.201566647657,1378.7130743886742,1530.2836138987238,0.5123645983836377,0.4876354016163623,0.8593554992083909,-35.0
2025-09-03,55852,FINAL,Ludlow,4218,21.0,1.0,Central Catholic,4081,40.0,0.0,Valley,Merrimack Valley,,,0,2025,1501.65,1356.1215353505504,1433.795121639741,1423.9764137108095,0.7550171617946277,0.24498283820537226,19.55284646494497,-19.0
2025-09-03,50117,FINAL,Marblehead,4231,19.0,1.0,Swampscott,4383,44.0,0.0,Northeastern,Northeastern,4:30 P.M.,,0,2025,1502.9205798632665,1514.3208418716981,1448.6417932033783,1568.5996285315864,0.5553220622988845,0.4446779377011155,3.8599737991568417,-25.0
2025-09-03,49757,FINAL,Needham,4272,23.0,1.0,Weymouth,4425,35.0,0.0,Bay State,Bay State,4:00 P.M.,,0,2025,1329.2522819407934,1362.1612579649297,1288.8869449163374,1402.5265949893858,0.5245761403570769,0.4754238596429231,1.7091023975863664,-12.0
2025-09-03,49748,FINAL,Braintree,4051,34.0,0.0,Weymouth,4425,25.0,1.0,Bay State,Bay State,4:00 P.M.,,0,2025,1480.1003572619031,1382.8822351744675,1500.8213344714409,1362.1612579649297,0.7000331312751557,0.29996686872484435,14.721812208743563,9.0
2025-09-03,49747,FINAL,Braintree,4051,38.0,0.0,Needham,4272,22.0,1.0,Bay State,Bay State,4:00 P.M.,,0,2025,1454.9437058818307,1354.4089333208658,1480.1003572619031,1329.2522819407934,0.7040268613157521,0.2959731386842479,15.053477256096494,16.0
2025-09-03,49736,FINAL,Wellesley,4413,31.0,0.0,Newton North,4279,27.0,1.0,Bay State,Bay State,4:30 P.M.,,0,2025,1399.566790267448,1435.7846403392748,1422.7512079819953,1412.6002226247274,0.519823711217634,0.48017628878236596,1.3782149928173113,4.0
2025-09-03,49704,FINAL,Milton,4252,39.0,0.0,Natick,4270,16.0,1.0,Bay State,Bay State,4:30 P.M.,,0,2025,1528.1131661249249,1538.4427773064633,1570.3644256775342,1496.191517753854,0.5568434665985147,0.4431565334014853,3.967038881846156,23.0
2025-09-03,49660,FINAL,Brookline,4059,36.0,0.0,Natick,4270,19.0,1.0,Bay State,Bay State,4:30 P.M.,,0,2025,1563.3496005886298,1577.3181313077912,1602.2249545899576,1538.4427773064633,0.5516683520597316,0.44833164794026836,3.6031469280838566,17.0
2025-09-03,49658,FINAL,Milton,4252,29.0,0.0,Brookline,4059,26.0,1.0,Bay State,Bay State,4:30 P.M.,,0,2025,1505.5002010793667,1585.962565634188,1528.1131661249249,1563.3496005886298,0.45627312448296353,0.5437268755170365,-3.0462364554821306,3.0
2025-09-03,55878,FINAL,Lunenburg,4219,17.0,1.0,Littleton,4212,43.0,0.0,Mid-Wach,Mid-Wach,,,0,2025,1443.026612134539,1475.352763924973,1391.0763662760112,1527.3030097835008,0.5254127957037821,0.4745872042962179,1.7673848209565903,-26.0
2025-09-06,49966,UPCOMING,Newburyport,4276,,,Haverhill,4167,,,Cape Ann,Merrimack Valley,9:00 A.M.,,0,2025,1426.0230467378383,1561.7560795290594,,,0.3790649303354973,0.6209350696645026,-8.573303279122115,
2025-09-06,50915,UPCOMING,Archbishop Williams,4012,,,Arlington Catholic,4014,,,Catholic Central,Catholic Central,10:00 A.M.,,0,2025,1448.0029676535962,1572.8234925160743,,,0.39395881725217385,0.6060411827478261,-7.482052486247812,
2025-09-06,50916,UPCOMING,Bishop Feehan,4042,,,Archbishop Williams,4012,,,Catholic Central,Catholic Central,10:00 A.M.,,0,2025,1384.2424677530666,1448.0029676535962,,,0.48020739677741603,0.5197926032225839,-1.3760499900529566,
2025-09-06,50917,UPCOMING,Cardinal Spellman,4075,,,Archbishop Williams,4012,,,Catholic Central,Catholic Central,10:00 A.M.,,0,2025,1574.375914188413,1448.0029676535962,,,0.7340530198075125,0.2659469801924875,17.63729465348167,
2025-09-06,50934,UPCOMING,Bishop Fenwick,4043,,,Arlington Catholic,4014,,,Catholic Central,Catholic Central,10:00 A.M.,,0,2025,1415.8133418141535,1572.8234925160743,,,0.35069174736359576,0.6493082526364042,-10.70101507019208,
2025-09-06,50935,UPCOMING,Arlington Catholic,4014,,,Bishop Feehan,4042,,,Catholic Central,Catholic Central,10:00 A.M.,,0,2025,1572.8234925160743,1384.2424677530666,,,0.7979261424323671,0.20207385756763285,23.85810247630077,
2025-09-06,50936,UPCOMING,Arlington Catholic,4014,,,Cardinal Spellman,4075,,,Catholic Central,Catholic Central,10:00 A.M.,,0,2025,1572.8234925160743,1574.375914188413,,,0.5692732573867316,0.4307267426132684,4.84475783276614,
2025-09-06,50945,UPCOMING,Bishop Fenwick,4043,,,Bishop Feehan,4042,,,Catholic Central,Catholic Central,10:00 A.M.,,0,2025,1415.8133418141535,1384.2424677530666,,,0.6152795371857308,0.3847204628142692,8.15708740610869,
2025-09-06,50946,UPCOMING,Bishop Feehan,4042,,,Cardinal Spellman,4075,,,Catholic Central,Catholic Central,10:00 P.M.,,0,2025,1384.2424677530666,1574.375914188413,,,0.30859992011121434,0.6914000798887856,-14.013344643534628,
2025-09-06,50958,UPCOMING,Bishop Fenwick,4043,,,Cardinal Spellman,4075,,,Catholic Central,Catholic Central,10:00 A.M.,,0,2025,1415.8133418141535,1574.375914188413,,,0.3486595780477767,0.6513404219522233,-10.85625723742594,
2025-09-06,50914,UPCOMING,Bishop Fenwick,4043,,,Archbishop Williams,4012,,,Catholic Central,Catholic Central,10:00 A.M.,,0,2025,1415.8133418141535,1448.0029676535962,,,0.5256087608706338,0.4743912391293662,1.781037416055733,
2025-09-09,50203,FINAL,Silver Lake,4349,22.0,1.0,Whitman-Hanson,4427,36.0,0.0,Patriot,Patriot,4:00 P.M.,,0,2025,1594.3518332353751,1607.6586596458046,1549.4569429915014,1652.5535498896784,0.5526102658116772,0.44738973418832284,3.6693173589570507,-14.0
2025-09-09,51088,FINAL,Taunton,4388,38.0,0.0,Attleboro,4018,19.0,1.0,Hockomock,Hockomock,3:45 P.M.,,0,2025,1584.6920928375223,1482.07918991575,1611.0683055971076,1455.7029771561647,0.7065134625855184,0.2934865374144816,15.261290292177227,19.0
2025-09-09,51098,FINAL,Sharon,4345,30.0,0.0,Franklin,4144,25.0,1.0,Hockomock,Hockomock,3:45 P.M.,,0,2025,1539.5008590156867,1372.428376684659,1551.4756162734798,1360.453619426866,0.7772253574684661,0.2227746425315339,21.707248233102767,5.0
2025-09-09,51107,FINAL,Canton,4071,17.0,1.0,Foxborough,4142,45.0,0.0,Hockomock,Hockomock,3:45 P.M.,,0,2025,1425.5036508976398,1525.7439678445267,1382.2475568522548,1569.0000618899116,0.4281981371142624,0.5718018628857375,-5.024031694688688,-28.0
2025-09-09,51116,FINAL,Mansfield,4230,44.0,0.0,Oliver Ames,4302,17.0,1.0,Hockomock,Hockomock,3:45 P.M.,,0,2025,1604.4450032208033,1373.926865143107,1621.0318183642444,1357.340049999666,0.8340756587939331,0.16592434120606692,28.051813807769623,27.0
2025-09-09,56401,FINAL,Hanover,4164,40.0,0.0,Quincy/North Quincy,4326,15.0,1.0,Patriot,Patriot,,,0,2025,1514.248848765861,1426.2410593841234,1544.6680820275428,1395.8218261224417,0.688783180540191,0.31121681945980895,13.800778938173767,25.0
2025-09-09,57400,FINAL,Quincy/North Quincy,4326,15.0,1.0,Hanover,4164,40.0,0.0,Patriot,Patriot,,,0,2025,1395.8218261224417,1544.6680820275428,1360.491043902495,1579.9988642474896,0.36146649644091294,0.6385335035590871,-9.884625590510108,-25.0
2025-09-09,57401,FINAL,North Quincy/Quincy,4287,15.0,1.0,Hanover,4164,40.0,0.0,Patriot,Patriot,,,0,2025,1446.9604959660592,1579.9988642474896,1409.552062138345,1617.4072980752037,0.3827227891210241,0.6172772108789759,-8.303836828143039,-25.0
2025-09-09,50027,FINAL,Arlington,4013,16.0,1.0,Burlington,4065,47.0,0.0,Middlesex,Middlesex,4:00 P.M.,,0,2025,1428.74024492343,1542.33848655621,1386.1653933778548,1584.9133381017853,0.4094835146092358,0.5905164853907642,-6.359824163277994,-31.0
2025-09-09,50490,FINAL,Norwell,4296,15.0,1.0,Middleborough,4247,50.0,0.0,South Shore,South Shore,4:00 P.M.,,0,2025,1330.5426651034775,1450.7431336915374,1287.5053761142706,1493.7804226807443,0.40032613871389017,0.5996738612861099,-7.020046858805995,-35.0
2025-09-09,50451,FINAL,Falmouth,4134,31.0,0.0,Barnstable,4024,23.0,1.0,Cape & Islands,Southeast,3:30 P.M.,,0,2025,1488.137574722027,1480.3922127871074,1515.6680023731246,1452.8617851360098,0.5823454137693131,0.41765458623068685,5.774536193491963,8.0
2025-09-09,50479,FINAL,East Bridgewater,4126,19.0,1.0,Mashpee,4237,43.0,0.0,South Shore,South Shore,4:30 P.M.,,0,2025,1528.6383029754484,1507.1617791731605,1470.559871179022,1565.240210969587,0.6014359769926242,0.3985640230073758,7.147652380228783,-24.0
2025-09-09,49845,UPCOMING,Bristol-Plymouth,4057,,,Bristol Aggie,4463,,,Independent,Mayflower,4:00 P.M.,,0,2025,1499.3561051309243,1548.7919001600924,,,0.5008119555082857,0.4991880444917143,0.05642049708319519,
2025-09-09,50180,FINAL,Hingham,4171,38.0,0.0,Marshfield,4234,17.0,1.0,Patriot,Patriot,4:00 P.M.,,0,2025,1508.4534128958155,1373.802700880026,1532.2620730885915,1349.99404068725,0.7432510169623773,0.2567489830376227,18.46507120157896,21.0
2025-09-09,50038,FINAL,Stoneham,4380,15.0,1.0,Belmont,4034,50.0,0.0,Middlesex,Middlesex,4:00 P.M.,,0,2025,1509.3529880077067,1534.0329165052308,1451.6897813764444,1591.696123136493,0.5363741396987971,0.4636258603012029,2.5320071502475914,-35.0
2025-09-09,50047,FINAL,Lexington,4209,16.0,1.0,Wakefield,4402,47.0,0.0,Middlesex,Middlesex,4:15 P.M.,,0,2025,1343.4358089691234,1479.6215033427707,1304.0873891362558,1518.9699231756383,0.3784518010646337,0.6215481989353663,-8.618569437364727,-31.0
2025-09-09,50171,FINAL,Duxbury,4123,25.0,1.0,Plymouth North,4315,36.0,0.0,Patriot,Patriot,4:00 P.M.,,0,2025,1398.8004137998591,1526.8329795431196,1369.7603287526986,1555.8730645902801,0.3895529978914651,0.6104470021085349,-7.803256574326042,-11.0
2025-09-09,51104,UPCOMING,King Philip,4197,,,Milford,4249,,,Hockomock,Hockomock,3:45 P.M.,,0,2025,1457.4464235774185,1593.0951109031532,,,0.37917921888627126,0.6208207811137287,-8.564868732573473,
2025-09-09,50061,FINAL,Woburn,4438,30.0,0.0,Wilmington,4432,25.0,1.0,Middlesex,Middlesex,4:00 P.M.,,0,2025,1532.8021554426982,1625.408491555604,1562.958000721895,1595.2526462764074,0.4389900765681692,0.5610099234318309,-4.2606336112905865,5.0
2025-09-09,50508,UPCOMING,Cohasset,4094,,,Rockland,4331,,,South Shore,South Shore,4:00 P.M.,,0,2025,1521.8764203916378,1582.0333774478106,,,0.48538712644203347,0.5146128735579665,-1.0156957056172815,
2025-09-09,50466,UPCOMING,Carver,4077,,,Abington,4002,,,South Shore,South Shore,4:30 P.M.,,0,2025,1533.3688970950886,1517.4985761560072,,,0.5936753251883855,0.4063246748116145,6.587032093908147,
2025-09-09,50054,UPCOMING,Reading,4328,,,Watertown,4409,,,Middlesex,Middlesex,4:00 P.M.,,0,2025,1558.4749637153566,1583.6754033034626,,,0.5356289477079778,0.46437105229202225,2.4799560411893937,
2025-09-09,51085,UPCOMING,Stoughton,4381,,,North Attleborough,4284,,,Hockomock,Hockomock,3:45 P.M.,,0,2025,1584.46700593425,1528.8395218495655,,,0.6474937242616091,0.3525062757383909,10.562748408468451,
2025-09-10,50143,FINAL,Swampscott,4383,15.0,1.0,Salem,4336,50.0,0.0,Northeastern,Northeastern,4:30 P.M.,,0,2025,1568.5996285315864,1590.0491157876363,1510.4396262132732,1648.2091181059495,0.540995255568264,0.459004744431736,2.8550512743950094,-35.0
2025-09-10,50431,FINAL,Essex Tech,4745,29.0,0.0,North Reading,4288,26.0,1.0,Cape Ann,Cape Ann,4:00 P.M.,,0,2025,1519.3571063041657,1545.2341101482868,1538.7100485117383,1525.8811679407142,0.5346601041754067,0.46533989582459334,2.412299615587881,3.0
2025-09-10,50438,FINAL,Ipswich,4190,48.0,0.0,Hamilton-Wenham,4163,15.0,1.0,Cape Ann,Cape Ann,3:30 P.M.,,0,2025,1557.5559095292679,1369.3894041115345,1578.9741992169807,1347.9711144238217,0.7975411236013259,0.2024588763986741,23.816650541773335,33.0
2025-09-10,50261,FINAL,Old Rochester,4301,15.0,1.0,Greater New Bedford,4156,50.0,0.0,South Coast,South Coast,3:45 P.M.,,0,2025,1406.545265982169,1436.388138238023,1349.6774075114633,1493.2559967087286,0.5289759353618867,0.4710240646381133,2.015712774414601,-35.0
2025-09-10,50159,FINAL,Scituate,4343,28.0,0.0,Pembroke,4308,27.0,1.0,Patriot,Patriot,4:00 P.M.,,0,2025,1482.5499633191287,1572.2407031753814,1494.1297988267315,1560.6608676677786,0.4431276246290457,0.5568723753709544,-3.9690739856252777,1.0
2025-09-10,50118,FINAL,Marblehead,4231,25.0,1.0,Peabody,4306,30.0,0.0,Northeastern,Northeastern,4:30 P.M.,,0,2025,1448.6417932033783,1422.1506252719719,1415.942096848693,1454.8503216266572,0.6083349340182967,0.39166506598170325,7.649116793140638,-5.0
2025-09-10,49706,FINAL,Natick,4270,30.0,0.0,Wellesley,4413,26.0,1.0,Bay State,Bay State,,,0,2025,1496.191517753854,1422.7512079819953,1512.0994014115004,1406.843324324349,0.6705292049531463,0.3294707950468537,12.344030977185867,4.0
2025-09-10,50059,FINAL,Winchester,4434,22.0,1.0,Melrose,4244,39.0,0.0,Middlesex,Middlesex,4:00 P.M.,,0,2025,1436.088651610884,1408.2234810203975,1383.1759600375367,1461.1361725937447,0.61021783130833,0.38978216869167004,7.786517059048651,-17.0
2025-09-10,49967,FINAL,Billerica,4040,15.0,1.0,Haverhill,4167,50.0,0.0,Merrimack Valley,Merrimack Valley,4:00 P.M.,,0,2025,1301.350026148103,1536.9677766938516,1273.8621283810137,1564.455674460941,0.2556881307561149,0.744311869243885,-18.561775054574856,-35.0
2025-09-10,49746,FINAL,Braintree,4051,36.0,0.0,Wellesley,4413,23.0,1.0,Bay State,Bay State,,,0,2025,1492.2391268358986,1406.843324324349,1517.1345967301475,1381.9478544301,0.6855509779334947,0.31444902206650527,13.539580251154963,13.0
2025-09-10,49708,FINAL,Natick,4270,29.0,0.0,Braintree,4051,28.0,1.0,Bay State,Bay State,,,0,2025,1512.0994014115004,1500.8213344714409,1520.6816090470427,1492.2391268358986,0.5872830534774571,0.41271694652254287,6.127806694005949,1.0
2025-09-10,49653,FINAL,Walpole,4404,24.0,1.0,Framingham,4143,34.0,0.0,Bay State,Bay State,4:45 P.M.,,0,2025,1661.287244076704,1658.8455529180633,1619.9306218836427,1700.2021751111245,0.5749017018133799,0.42509829818662015,5.244169115864065,-10.0
2025-09-10,50515,FINAL,Georgetown,4148,41.0,0.0,Amesbury,4007,18.0,1.0,Cape Ann,Cape Ann,3:30 P.M.,,0,2025,1659.7238383138874,1433.7831815954437,1675.8940807716222,1417.612939137709,0.8303968054985773,0.1696031945014227,27.594065671844373,23.0
2025-09-10,50092,FINAL,Beverly,4038,35.0,0.0,Danvers,4103,22.0,1.0,Northeastern,Northeastern,4:00 P.M.,,0,2025,1447.0246466536369,1524.9760377607472,1489.7883585773313,1482.2123258370527,0.45986127390003995,0.54013872609996,-2.795139110711034,13.0
2025-09-10,50527,FINAL,Lynnfield,4223,34.0,0.0,Manchester Essex/Rockport,4229,23.0,1.0,Cape Ann,Cape Ann,3:45 P.M.,,0,2025,1492.1699720301817,1497.2776944196846,1524.6540609934564,1464.79360545641,0.5642480309934914,0.4357519690065086,4.48922776104971,11.0
2025-09-10,50731,SUSPENDED,Greater Lowell,4155,,,Greater Lawrence,4154,,,Commonwealth,Commonwealth,4:00 P.M.,,0,2025,1502.7555,1502.7555,,,0.5714631174083814,0.4285368825916186,5.0,
2025-09-10,50565,FINAL,Holliston,4174,31.0,0.0,Westwood,4424,26.0,1.0,Tri-Valley,Tri-Valley,4:30 P.M.,,0,2025,1459.2175863606285,1397.8850042940342,1477.7648351297853,1379.3377555248774,0.6549527789548001,0.3450472210451999,11.133258206659434,5.0
2025-09-10,50537,UPCOMING,Norwood,4297,,,Ashland,4015,,,Tri-Valley,Tri-Valley,4:30 P.M.,,0,2025,1548.2502458057938,1508.4388706022637,,,0.6264450239994986,0.37355497600050136,8.981137520353013,
2025-09-10,50131,UPCOMING,Masconomet,4236,,,Winthrop,4437,,,Northeastern,Northeastern,4:00 P.M.,,0,2025,1525.057952512475,1499.9386951438275,,,0.6064516815054641,0.39354831849453586,7.511925736864737,
2025-09-10,49825,UPCOMING,New Bedford,4273,,,Bishop Stang,4045,,,Big Three,Catholic Central,4:00 P.M.,,0,2025,1494.249289318612,1572.3292630323763,,,0.45967742664312056,0.5403225733568795,-2.8079973713764277,
2025-09-10,49800,UPCOMING,Dartmouth,4105,,,Durfee,4122,,,Southeast,Big Three,4:00 P.M.,,0,2025,1461.132523743828,1540.7575325098042,,,0.4574692096895637,0.5425307903104363,-2.962500876597619,
2025-09-10,50550,FINAL,Dedham,4108,44.0,0.0,Hopkinton,4180,17.0,1.0,Tri-Valley,Tri-Valley,4:15 P.M.,,0,2025,1618.5261917670298,1421.4898165993714,1637.9535624141745,1402.0624459522267,0.8056604810436925,0.19433951895630752,24.703637516765845,27.0
2025-09-10,56484,FINAL,Tyngsborough,4397,22.0,1.0,North Middlesex,4286,35.0,0.0,Mid-Wach,Mid-Wach,,,0,2025,1470.7830323046605,1524.5078710275986,1431.6215540332669,1563.669349298992,0.49463973154261104,0.505360268457389,-0.37248387229381025,-13.0
2025-09-10,56481,FINAL,North Andover,4283,15.0,1.0,Methuen,4246,50.0,0.0,Merrimack Valley,Merrimack Valley,3:45 P.M.,,0,2025,1359.5000953318822,1592.789688415108,1331.7371028025639,1620.5526809444264,0.2582470192579247,0.7417529807420753,-18.328959308322577,-35.0
2025-09-10,56456,FINAL,Chelmsford,4085,35.0,0.0,Central Catholic,4081,24.0,1.0,Merrimack Valley,Merrimack Valley,4:00 P.M.,,0,2025,1538.8524126021046,1392.896939481407,1557.0813248962243,1374.6680271872872,0.7554715345722024,0.2445284654277976,19.595547312069765,11.0
2025-09-10,56427,FINAL,Weymouth,4425,18.0,1.0,Milton,4252,41.0,0.0,Bay State,Bay State,4:30 P.M.,,0,2025,1439.3570759523423,1591.1575757705575,1405.2676159071534,1625.2470358157464,0.3575506884083258,0.6424493115916742,-10.180049981821526,-23.0
2025-09-10,50593,FINAL,Millis,4251,26.0,1.0,Bellingham,4033,30.0,0.0,Tri-Valley,Tri-Valley,3:45 P.M.,,0,2025,1522.0466942547628,1489.5369908544974,1492.2773395760112,1519.306345533249,0.6165580013734651,0.38344199862653494,8.250970340026537,-4.0
2025-09-10,50611,FINAL,Medfield,4241,36.0,0.0,Norton,4295,20.0,1.0,Tri-Valley,Tri-Valley,4:00 P.M.,,0,2025,1384.4322101066682,1456.3871656513265,1429.6123639331504,1411.2070118248444,0.4684462676597077,0.5315537323402924,-2.1954955544658334,16.0
2025-09-10,56425,FINAL,Milton,4252,48.0,0.0,Newton North,4279,15.0,1.0,Bay State,Bay State,4:30 P.M.,,0,2025,1570.3644256775342,1375.769741661771,1591.1575757705575,1354.9765915687476,0.8034503283874478,0.1965496716125522,24.459468401576327,33.0
2025-09-10,51007,FINAL,Somerville,4351,15.0,1.0,Lynn Classical,4220,50.0,0.0,Greater Boston,Greater Boston,4:00 P.M.,,0,2025,1376.0213044561392,1610.2338198205118,1348.3675786563344,1637.8875456203166,0.25723063721009093,0.742769362789909,-18.42125153643726,-35.0
2025-09-10,56422,FINAL,Weymouth,4425,36.0,0.0,Newton North,4279,21.0,1.0,Bay State,Bay State,4:30 P.M.,,0,2025,1402.5265949893858,1412.6002226247274,1439.3570759523423,1375.769741661771,0.5572070646765608,0.4427929353234392,3.992637236465839,15.0
2025-09-11,50225,FINAL,Apponequet,4011,26.0,1.0,Dighton-Rehoboth,4114,31.0,0.0,South Coast,South Coast,4:00 P.M.,,0,2025,1491.3867782636653,1547.8693540446898,1465.0117972490916,1574.2443350592634,0.49067190597736354,0.5093280940226365,-0.648257578102448,-5.0
2025-09-11,50265,FINAL,Seekonk,4344,17.0,1.0,Joseph Case,4078,38.0,0.0,South Coast,South Coast,3:45 P.M.,,0,2025,1473.9795183735769,1501.65,1424.6380804683722,1550.9914379052047,0.5320905880969797,0.46790941190302027,2.2329518373576773,-21.0
2025-09-11,50604,FINAL,Medway,4243,50.0,0.0,Dover-Sherborn,4118,15.0,1.0,Tri-Valley,Tri-Valley,4:00 P.M.,,0,2025,1640.6097245660285,1477.3302112756107,1664.968121153835,1452.9718146878042,0.773422000309926,0.22657799969007397,21.327951329041774,35.0
2025-09-11,50243,POSTPONED,Bourne,4050,,,Fairhaven,4133,,,South Coast,South Coast,3:45 P.M.,,0,2025,1486.056559667891,1508.089887090841,,,0.5401605761003467,0.45983942389965327,2.7966672577049847,
2025-09-13,56722,FINAL,Winsor,4436,17.0,1.0,Taft,4386,46.0,0.0,EIL,Independent,2:30 P.M.,,0,2025,1421.222721854611,1501.65,1374.6613603836277,1548.2113614709835,0.45632323214586035,0.5436767678541397,-3.0427278145388983,-29.0
2025-09-16,49874,UPCOMING,Bristol Aggie,4463,,,South Shore Voc-Tech,4356,,,Mayflower,Mayflower,3:30 P.M.,,0,2025,1548.7919001600924,1477.681535046271,,,0.6675594279038949,0.3324405720961051,12.111036511382144,
2025-09-16,51090,FINAL,Attleboro,4018,30.0,0.0,Franklin,4144,25.0,1.0,Hockomock,Hockomock,3:45 P.M.,,0,2025,1455.7029771561647,1360.453619426866,1471.9552418904568,1344.201354692574,0.6976479448755846,0.30235205512441543,14.52493577292987,5.0
2025-09-16,50055,UPCOMING,Woburn,4438,,,Reading,4328,,,Middlesex,Middlesex,4:00 P.M.,,0,2025,1543.8318604836695,1558.4749637153566,,,0.5507077391846346,0.44929226081536544,3.5356896768312938,
2025-09-16,50187,UPCOMING,Marshfield,4234,,,Plymouth North,4315,,,Patriot,Patriot,4:00 P.M.,,0,2025,1401.1460072604575,1539.0849532754878,,,0.3760807045974066,0.6239192954025934,-8.79389460150303,
2025-09-16,50084,UPCOMING,Stoneham,4380,,,Wilmington,4432,,,Middlesex,Middlesex,4:00 P.M.,,0,2025,1469.2821535222179,1565.469273005193,,,0.4339201949432663,0.5660798050567337,-4.618711948297505,
2025-09-16,50155,UPCOMING,Plymouth South,4316,,,Quincy/North Quincy,4326,,,Patriot,Patriot,4:00 P.M.,,0,2025,1546.9814826909287,1408.1789994146716,,,0.7477851609997916,0.25221483900020836,18.880248327625715,
2025-09-16,50452,UPCOMING,Dennis-Yarmouth,4111,,,Barnstable,4024,,,Cape & Islands,Southeast,3:30 P.M.,,0,2025,1453.5508000619657,1470.0673960411266,,,0.5480378626037457,0.45196213739625435,3.3483404020839087,
2025-09-16,50467,UPCOMING,East Bridgewater,4126,,,Abington,4002,,,South Shore,South Shore,4:00 P.M.,,0,2025,1481.9251136899447,1517.4985761560072,,,0.5207495326706238,0.47925046732937615,1.4426537533937562,
2025-09-16,50491,UPCOMING,Carver,4077,,,Middleborough,4247,,,South Shore,South Shore,4:00 P.M.,,0,2025,1533.3688970950886,1521.1108472287826,,,0.58864970893255,0.41135029106745,6.225804986630601,
2025-09-16,51105,UPCOMING,King Philip,4197,,,Taunton,4388,,,Hockomock,Hockomock,3:45 P.M.,,0,2025,1457.4464235774185,1576.065764750062,,,0.40251310860454403,0.597486891395456,-6.861934117264354,
2025-09-16,57024,FINAL,Cohasset,4094,,,Mashpee,4237,,,South Shore,South Shore,4:00 P.M.,,0,2025,1521.8764203916378,1545.3609413496233,,,0.5380849299495155,0.4619150700504845,2.651547904201448,
2025-09-16,50068,UPCOMING,Burlington,4065,,,Wakefield,4402,,,Middlesex,Middlesex,4:00 P.M.,,0,2025,1558.5419365281962,1514.3598485276777,,,0.6323137411189282,0.36768625888107176,9.418208800051843,
2025-09-16,50972,UPCOMING,St. Mary’s,4374,,,Cardinal Spellman,4075,,,Catholic Central,Catholic Central,4:00 P.M.,,0,2025,1557.0354401331613,1574.375914188413,,,0.5468628855058136,0.45313711449418637,3.2659525944748338,
2025-09-16,51112,FINAL,Foxborough,4142,37.0,0.0,Oliver Ames,4302,22.0,1.0,Hockomock,Hockomock,3:45 P.M.,,0,2025,1569.0000618899116,1357.340049999666,1584.0965805666176,1342.24353132296,0.8185027280869067,0.18149727191309328,26.166001189024563,15.0
2025-09-16,49711,FINAL,Natick,4270,31.0,0.0,Needham,4272,24.0,1.0,Bay State,Bay State,,,0,2025,1520.6816090470427,1288.8869449163374,1530.9692228893678,1278.5993310740123,0.835090116967744,0.16490988303225596,28.179466413070532,7.0
2025-09-16,56977,FINAL,Nashoba,4267,19.0,1.0,North Middlesex,4286,43.0,0.0,Mid-Wach,Mid-Wach,4:00 P.M.,,0,2025,1433.294354437811,1563.669349298992,1395.9858511071213,1600.9778526296818,0.38635127459151847,0.6136487254084815,-8.037499486118099,-24.0
2025-09-16,50959,FINAL,Bishop Fenwick,4043,24.0,1.0,St. Mary’s,4374,31.0,0.0,Catholic Central,Catholic Central,4:00 P.M.,,0,2025,1433.3428274715511,1558.0813773331754,1408.7593687850829,1582.6648360196436,0.39407148816518317,0.6059285118348168,-7.4738549861624275,-7.0
2025-09-16,50937,FINAL,Arlington Catholic,4014,50.0,0.0,Bishop Feehan,4042,15.0,1.0,Catholic Central,Catholic Central,4:00 P.M.,,0,2025,1589.9035788542483,1341.0903916967084,1606.2290933075737,1324.764877243383,0.8481426149947181,0.1518573850052819,29.88131871575399,35.0
2025-09-16,50919,FINAL,Archbishop Williams,4012,34.0,0.0,Bishop Feehan,4042,23.0,1.0,Catholic Central,Catholic Central,4:00 P.M.,,0,2025,1389.9505726130537,1371.0696215517087,1419.929802468054,1341.0903916967084,0.597849012992662,0.402150987007338,6.8880951061345055,11.0
2025-09-16,50918,FINAL,Arlington Catholic,4014,50.0,0.0,Archbishop Williams,4012,15.0,1.0,Catholic Central,Catholic Central,4:00 P.M.,,0,2025,1563.8253040502277,1416.0288474170743,1589.9035788542483,1389.9505726130537,0.7574239618292075,0.24257603817079254,19.779645663315343,35.0
2025-09-16,50502,FINAL,Falmouth,4134,40.0,0.0,Sandwich,4340,18.0,1.0,Cape & Islands,Cape & Islands,3:30 P.M.,,0,2025,1515.6680023731246,1487.9584586446376,1552.3528399509764,1451.2736210667858,0.6100047281065193,0.3899952718934807,7.770954372848701,22.0
2025-09-16,50497,FINAL,Rockland,4331,50.0,0.0,Norwell,4296,15.0,1.0,South Shore,South Shore,4:00 P.M.,,0,2025,1608.6207445270618,1287.5053761142706,1619.9751902206128,1276.1509304207195,0.8943827199971676,0.10561728000283244,37.11153684127912,35.0
2025-09-16,50250,FINAL,Dighton-Rehoboth,4114,26.0,1.0,Somerset Berkley,4350,29.0,0.0,South Coast,South Coast,3:45 P.M.,,0,2025,1574.2443350592634,1589.230829375906,1551.3613870525344,1612.1137773826351,0.5502185935038002,0.4497814064961998,3.501350568335738,-3.0
2025-09-16,50960,FINAL,Bishop Fenwick,4043,15.0,1.0,Cardinal Spellman,4075,50.0,0.0,Catholic Central,Catholic Central,4:00 P.M.,,0,2025,1408.7593687850829,1571.6723565918821,1371.885584797244,1608.546140579721,0.34299417807946697,0.657005821920533,-11.291298780679927,-35.0
2025-09-16,50172,FINAL,Duxbury,4123,38.0,0.0,Silver Lake,4349,21.0,1.0,Patriot,Patriot,4:00 P.M.,,0,2025,1369.7603287526986,1549.4569429915014,1428.5882995494821,1490.6289721947178,0.32156396334286685,0.6784360366571331,-12.969661423880279,17.0
2025-09-16,50151,FINAL,Hanover,4164,24.0,1.0,Pembroke,4308,31.0,0.0,Patriot,Patriot,4:00 P.M.,,0,2025,1617.4072980752037,1560.6608676677786,1576.922911056788,1601.1452546861942,0.6489624931655327,0.3510375068344673,10.674643040742513,-7.0
2025-09-16,51117,FINAL,Mansfield,4230,24.0,1.0,North Attleborough,4284,34.0,0.0,Hockomock,Hockomock,3:45 P.M.,,0,2025,1621.0318183642444,1487.1772134577802,1567.6276559271507,1540.5813758948739,0.7423755191050013,0.2576244808949987,18.385460490646416,-10.0
2025-09-16,50077,FINAL,Watertown,4409,49.0,0.0,Melrose,4244,15.0,1.0,Middlesex,Middlesex,4:30 P.M.,,0,2025,1594.9418933863076,1461.1361725937447,1622.4259750797949,1433.6520909002575,0.7423216966088585,0.2576783033911415,18.380572079256286,34.0
2025-09-16,50039,FINAL,Belmont,4034,50.0,0.0,Winchester,4434,15.0,1.0,Middlesex,Middlesex,4:00 P.M.,,0,2025,1591.696123136493,1383.1759600375367,1611.4984132302134,1363.3736699438164,0.8158021911440706,0.1841978088559294,25.852016309895635,35.0
2025-09-16,50028,FINAL,Arlington,4013,36.0,0.0,Lexington,4209,19.0,1.0,Middlesex,Middlesex,4:00 P.M.,,0,2025,1386.1653933778548,1304.0873891362558,1413.7898912614128,1276.4628912526978,0.6814193213717106,0.3185806786282894,13.207800424159904,17.0
2025-09-16,49858,FINAL,Old Colony,4300,25.0,1.0,Holbrook/Avon,4172,30.0,0.0,Mayflower,Mayflower,3:30 P.M.,,0,2025,1501.65,1473.9060207084628,1468.858012745432,1506.698007963031,0.6100518850835818,0.38994811491641823,7.774397929153724,-5.0
2025-09-16,50181,FINAL,Hingham,4171,21.0,1.0,Whitman-Hanson,4427,40.0,0.0,Patriot,Patriot,4:00 P.M.,,0,2025,1532.2620730885915,1652.5535498896784,1496.2952773800587,1688.5203455982112,0.4002003786747329,0.5997996213252671,-7.02914768010869,-19.0
2025-09-16,49846,FINAL,Norfolk Aggie,4458,50.0,0.0,Bristol-Plymouth,4057,15.0,1.0,Mayflower,Independent,3:30 P.M.,,0,2025,1474.88924464307,1554.97159378485,1533.2845621131078,1496.5762763148123,0.45681587965230375,0.5431841203476963,-3.0082349141780016,35.0
2025-09-17,50439,FINAL,Hamilton-Wenham,4163,17.0,1.0,Amesbury,4007,41.0,0.0,Cape Ann,Cape Ann,3:30 P.M.,,0,2025,1347.9711144238217,1417.612939137709,1302.414697922401,1463.1693556391297,0.471763217761343,0.528236782238657,-1.9641824713887217,-24.0
2025-09-17,49987,FINAL,Methuen,4246,49.0,0.0,Billerica,4040,15.0,1.0,Merrimack Valley,Merrimack Valley,3:45 P.M.,,0,2025,1620.5526809444264,1273.8621283810137,1630.4183289801583,1263.9964803452817,0.9075041518194884,0.0924958481805116,39.66905525634127,34.0
2025-09-17,49968,FINAL,Haverhill,4167,34.0,0.0,Lowell,4216,23.0,1.0,Merrimack Valley,Merrimack Valley,4:00 P.M.,,0,2025,1564.455674460941,1498.2822211112157,1589.7105664612827,1473.027329110874,0.6612227934532089,0.3387772065467911,11.617345334972537,11.0
2025-09-17,49827,FINAL,New Bedford,4273,43.0,0.0,Dartmouth,4105,20.0,1.0,Big Three,Southeast,4:00 P.M.,,0,2025,1442.0559968101838,1486.424321193458,1488.9541631621075,1439.5261548415342,0.50810392297237,0.49189607702763005,0.5631675616725943,23.0
2025-09-17,49761,FINAL,Walpole,4404,45.0,0.0,Wellesley,4413,18.0,1.0,Bay State,Bay State,5:15 P.M.,,0,2025,1657.9119907217612,1356.7468105896724,1669.6047447073597,1345.0540566040738,0.8830328495755733,0.11696715042442674,35.11651801320888,27.0
2025-09-17,49737,FINAL,Newton North,4279,21.0,1.0,Braintree,4051,40.0,0.0,Bay State,Bay State,4:30 P.M.,,0,2025,1354.9765915687476,1517.1345967301475,1324.0629514580176,1548.0482368408775,0.3439742194101978,0.6560257805898022,-11.215800516139984,-19.0
2025-09-17,49662,FINAL,Wellesley,4413,21.0,1.0,Brookline,4059,34.0,0.0,Bay State,Bay State,4:45 P.M.,,0,2025,1381.9478544301,1564.2435857518392,1356.7468105896724,1589.444629592267,0.3183086571307613,0.6816913428692387,-13.229573132173915,-13.0
2025-09-17,50139,UPCOMING,Peabody,4306,,,Swampscott,4383,,,Northeastern,Northeastern,4:30 P.M.,,0,2025,1471.3997154898602,1508.644549562893,,,0.5183479169939852,0.4816520830060148,1.2755165926967265,
2025-09-17,50093,UPCOMING,Winthrop,4437,,,Beverly,4038,,,Northeastern,Northeastern,4:00 P.M.,,0,2025,1499.9386951438275,1494.808200246812,,,0.5786799101574513,0.42132008984254865,5.513049489701553,
2025-09-17,50112,UPCOMING,Danvers,4103,,,Salem,4336,,,Northeastern,Northeastern,4:00 P.M.,,0,2025,1489.7322583108253,1600.9501091309862,,,0.4128009662699328,0.5871990337300672,-6.121785082016094,
2025-09-17,50433,UPCOMING,Essex Tech,4745,,,Pentucket,4309,,,Cape Ann,Cape Ann,4:00 P.M.,,0,2025,1527.5857325028646,1551.2414839183384,,,0.5378399300291575,0.46216006997084247,2.634424858452621,
2025-09-17,50733,UPCOMING,Greater Lawrence,4154,,,Whittier,4428,,,Commonwealth,Commonwealth,4:00 P.M.,,0,2025,1502.7555,1487.7799821443664,,,0.5924322024597947,0.40756779754020533,6.49755178556336,
2025-09-17,51008,UPCOMING,Malden,4227,,,Lynn Classical,4220,,,Greater Boston,Greater Boston,4:00 P.M.,,0,2025,1456.6105871281704,1594.0346555656122,,,0.3767764147877115,0.6232235852122885,-8.742406843744174,
2025-09-17,51009,UPCOMING,Saugus,4341,,,Lynn Classical,4220,,,Northeastern,Greater Boston,4:00 P.M.,,0,2025,1502.7555,1594.0346555656122,,,0.44087247396292034,0.5591275260370796,-4.12791555656122,
2025-09-17,50443,FINAL,North Reading,4288,29.0,0.0,Newburyport,4276,28.0,1.0,Cape Ann,Cape Ann,4:00 P.M.,,0,2025,1525.8811679407142,1392.4917577011552,1531.248975286887,1387.1239503549825,0.7418630320409818,0.2581369679590182,18.338941023955908,1.0
2025-09-17,49661,FINAL,Walpole,4404,42.0,0.0,Brookline,4059,20.0,1.0,Bay State,Bay State,4:45 P.M.,,0,2025,1619.9306218836427,1602.2249545899576,1657.9119907217612,1564.2435857518392,0.596221347975886,0.403778652024114,6.770566729368511,22.0
2025-09-17,50519,FINAL,Manchester Essex/Rockport,4229,15.0,1.0,Georgetown,4148,48.0,0.0,Cape Ann,Cape Ann,3:30 P.M.,,0,2025,1464.79360545641,1675.8940807716222,1434.8062660852527,1705.8814201427795,0.28345881598347844,0.7165411840165216,-16.110047531521218,-33.0
2025-09-17,50119,FINAL,Masconomet,4236,32.0,0.0,Marblehead,4231,23.0,1.0,Northeastern,Northeastern,4:00 P.M.,,0,2025,1514.3123391435392,1415.942096848693,1534.9372425559327,1395.3171934362995,0.7014239419403323,0.2985760580596677,14.837024229484632,9.0
2025-09-17,50538,FINAL,Ashland,4015,18.0,1.0,Dedham,4108,39.0,0.0,Tri-Valley,Tri-Valley,4:15 P.M.,,0,2025,1551.6742938766781,1637.9535624141745,1510.132642689946,1679.4952136009067,0.447978870273992,0.552021129726008,-3.6279268537496363,-21.0
2025-09-17,50523,FINAL,Ipswich,4190,41.0,0.0,Lynnfield,4223,19.0,1.0,Cape Ann,Cape Ann,3:30 P.M.,,0,2025,1578.9741992169807,1524.6540609934564,1612.2943952934338,1491.3338649170032,0.6457741185086789,0.35422588149132106,10.432013822352427,22.0
2025-09-17,57404,FINAL,Framingham,4143,31.0,0.0,Milton,4252,26.0,1.0,Bay State,Bay State,,,0,2025,1700.2021751111245,1625.2470358157464,1717.8087508477372,1607.6404600791336,0.6724527661405696,0.3275472338594304,12.495513929537811,5.0
2025-09-17,57306,FINAL,Tyngsborough,4397,24.0,1.0,Gardner,4147,33.0,0.0,Mid-Wach,Mid-Wach,,,0,2025,1431.6215540332669,1549.1467956513404,1403.7122391886612,1577.056110495946,0.40402871435709015,0.5959712856429098,-6.752524161807355,-9.0
2025-09-17,57292,FINAL,Milford,4249,50.0,0.0,Sharon,4345,15.0,1.0,Hockomock,Hockomock,,,0,2025,1597.1749687442648,1551.4756162734798,1636.4852401539601,1512.1653448637844,0.6343419965605884,0.36565800343941157,9.5699352470785,35.0
2025-09-17,57241,FINAL,Northeast,4293,24.0,1.0,Shawsheen,4346,31.0,0.0,Commonwealth,Commonwealth,4:00 P.M.,,0,2025,1524.0015191875127,1501.65,1486.4067080060147,1539.244811181498,0.6026427517189338,0.3973572482810662,7.235151918751262,-7.0
2025-09-17,57233,FINAL,Concord-Carlisle,4097,32.0,0.0,Westford,4421,23.0,1.0,Dual County,Dual County,,,0,2025,1471.4711063855323,1456.6831157710235,1499.64289932999,1428.5113228265657,0.592171525963366,0.407828474036634,6.478799061450877,9.0
2025-09-17,57223,FINAL,Tewksbury,4389,43.0,0.0,North Andover,4283,20.0,1.0,Merrimack Valley,Merrimack Valley,,,0,2025,1601.1233383837575,1331.7371028025639,1614.2065583241945,1318.653882862127,0.862775347861194,0.13722465213880597,31.938623558119367,23.0
2025-09-17,57284,FINAL,Andover,4009,29.0,0.0,Chelmsford,4085,28.0,1.0,Merrimack Valley,Merrimack Valley,4:00 P.M.,,0,2025,1474.2534263005286,1557.0813248962243,1485.6301144758775,1545.7046367208754,0.45289694625614374,0.5471030537438563,-3.2827898595695615,1.0
2025-09-17,50996,FINAL,Chelsea,4086,50.0,0.0,Somerville,4351,15.0,1.0,Greater Boston,Greater Boston,4:00 P.M.,,0,2025,1610.0609738497312,1348.3675786563344,1625.386137521923,1333.0424149841426,0.8574477216818763,0.14255227831812367,31.16933951933968,35.0
2025-09-17,50621,FINAL,Norton,4295,21.0,1.0,Millis,4251,50.0,0.0,Tri-Valley,Tri-Valley,3:45 P.M.,,0,2025,1411.2070118248444,1492.2773395760112,1364.7393409309057,1538.7450104699499,0.45540502044439857,0.5445949795556014,-3.1070327751166813,-29.0
2025-09-17,50605,FINAL,Dover-Sherborn,4118,18.0,1.0,Medfield,4241,43.0,0.0,Tri-Valley,Tri-Valley,4:30 P.M.,,0,2025,1452.9718146878042,1429.6123639331504,1393.9320438619707,1488.652134758984,0.6040313225513584,0.3959686774486416,7.335945075465384,-25.0
2025-09-17,50566,FINAL,Hopkinton,4180,34.0,0.0,Holliston,4174,21.0,1.0,Tri-Valley,Tri-Valley,4:15 P.M.,,0,2025,1402.0624459522267,1477.7648351297853,1444.571435305479,1435.2558457765329,0.46307861679471,0.5369213832052899,-2.5702389177558644,13.0
2025-09-17,50594,FINAL,Bellingham,4033,15.0,1.0,Medway,4243,50.0,0.0,Tri-Valley,Tri-Valley,3:45 P.M.,,0,2025,1519.306345533249,1664.968121153835,1479.9906800334486,1704.2837866536354,0.3657081784228813,0.6342918215771187,-9.566177562058602,-35.0
2025-09-17,50579,FINAL,Westwood,4424,18.0,1.0,Norwood,4297,44.0,0.0,Tri-Valley,Tri-Valley,4:00 P.M.,,0,2025,1379.3377555248774,1534.6586737499151,1344.443823594503,1569.5526056802894,0.3529091734919254,0.6470908265080746,-10.532091822503777,-26.0
2025-09-17,51108,FINAL,Canton,4071,15.0,1.0,Stoughton,4381,50.0,0.0,Hockomock,Hockomock,3:45 P.M.,,0,2025,1382.2475568522548,1593.103299436143,1351.7433847447412,1623.6074715436566,0.2837450434558584,0.7162549565441416,-16.085574258388828,-35.0
2025-09-18,50256,UPCOMING,Fairhaven,4133,,,West Bridgewater,4415,,,South Coast,South Coast,3:30 P.M.,,0,2025,1508.089887090841,1515.9603355988625,,,0.5603338783819942,0.4396661216180058,4.212955149197865,
2025-09-18,50244,FINAL,Joseph Case,4078,32.0,0.0,Bourne,4050,23.0,1.0,South Coast,South Coast,3:45 P.M.,,0,2025,1550.9914379052047,1501.65,1575.9152294456662,1476.7262084595386,0.6391911621956881,0.36080883780431194,9.934143790520466,9.0
2025-09-18,50227,FINAL,Greater New Bedford,4156,29.0,0.0,Apponequet,4011,26.0,1.0,South Coast,South Coast,3:45 P.M.,,0,2025,1493.2559967087286,1465.0117972490916,1509.4450035944433,1448.822790363377,0.6107366674843714,0.3892633325156286,7.8244199459637,3.0
2025-09-23,50968,UPCOMING,St. Mary’s,4374,,,Bishop Stang,4045,,,Catholic Central,Catholic Central,4:00 P.M.,,0,2025,1557.0354401331613,1572.3292630323763,,,0.5497807349045798,0.4502192650954202,3.4706177100785,
2025-09-23,50974,UPCOMING,St. Mary’s,4374,,,Arlington Catholic,4014,,,Catholic Central,Catholic Central,4:00 P.M.,,0,2025,1557.0354401331613,1572.8234925160743,,,0.5490764325200188,0.4509235674799812,3.4211947617086933,
2025-09-23,50947,UPCOMING,Bishop Feehan,4042,,,Bishop Fenwick,4043,,,Catholic Central,Catholic Central,4:00 P.M.,,0,2025,1384.2424677530666,1415.8133418141535,,,0.5264967984453401,0.47350320155465986,1.8429125938913102,
2025-09-23,50938,UPCOMING,Arlington Catholic,4014,,,Bishop Stang,4045,,,Catholic Central,Catholic Central,4:00 P.M.,,0,2025,1572.8234925160743,1572.3292630323763,,,0.5721596992955843,0.4278403007044157,5.0494229483698065,
2025-09-23,50501,UPCOMING,Sandwich,4340,,,Nauset,4271,,,Cape & Islands,Cape & Islands,3:30 P.M.,,0,2025,1469.0033261147464,1467.1978667930239,,,0.5740063932814641,0.4259936067185359,5.180545932172254,
2025-09-23,50920,UPCOMING,Cardinal Spellman,4075,,,Archbishop Williams,4012,,,Catholic Central,Catholic Central,4:00 P.M.,,0,2025,1574.375914188413,1448.0029676535962,,,0.7340530198075125,0.2659469801924875,17.63729465348167,
2025-09-23,50188,UPCOMING,Marshfield,4234,,,Whitman-Hanson,4427,,,Patriot,Patriot,4:00 P.M.,,0,2025,1401.1460072604575,1627.9586315508016,,,0.26545317544714536,0.7345468245528546,-17.681262429034405,
2025-09-23,49859,UPCOMING,Holbrook/Avon,4172,,,Cape Cod Tech,4073,,,Mayflower,Mayflower,3:30 P.M.,,0,2025,1506.1376653352306,1502.7555,,,0.5762242405487858,0.42377575945121415,5.338216533523064,
2025-09-23,50160,UPCOMING,Pembroke,4308,,,North Quincy/Quincy,4287,,,Patriot,Patriot,4:00 P.M.,,0,2025,1569.4173206397502,1441.0498816326913,,,0.7362883431678412,0.2637116568321588,17.83674390070589,
2025-09-23,49875,UPCOMING,Upper Cape,4457,,,Bristol Aggie,4463,,,Mayflower,Mayflower,3:30 P.M.,,0,2025,1548.5103333096065,1548.7919001600924,,,0.5710661417805024,0.4289338582194976,4.971843314951411,
2025-09-23,49851,UPCOMING,Southeastern,4358,,,Diman,4115,,,Mayflower,Mayflower,3:30 P.M.,,0,2025,1516.3363555143626,1469.0986653353766,,,0.6363935684772755,0.36360643152272454,9.723769017898599,
2025-09-23,49847,UPCOMING,Bristol-Plymouth,4057,,,Tri-County,4392,,,Independent,Mayflower,4:00 P.M.,,0,2025,1499.3561051309243,1447.9666049710881,,,0.6419056610395075,0.3580943389604925,10.13895001598362,
2025-09-23,50173,UPCOMING,Duxbury,4123,,,Hingham,4171,,,Patriot,Patriot,4:00 P.M.,,0,2025,1453.804160698153,1499.1678358446393,,,0.5066718117893055,0.49332818821069446,0.463632485351377,
2025-09-24,50514,UPCOMING,North Reading,4288,,,Triton,4395,,,Cape Ann,Cape Ann,4:00 P.M.,,0,2025,1522.5868134422142,1486.3404233987444,,,0.6216303816243333,0.37836961837566674,8.624639004346978,
2025-09-24,51010,UPCOMING,Lynn Classical,4220,,,Revere,4329,,,Greater Boston,Greater Boston,4:00 P.M.,,0,2025,1594.0346555656122,1452.6188472210733,,,0.7506118146729667,0.24938818532703333,19.141580834453883,
2025-09-24,50520,UPCOMING,Ipswich,4190,,,Georgetown,4148,,,Cape Ann,Cape Ann,3:30 P.M.,,0,2025,1576.8872448466007,1639.5905514956623,,,0.48172661441624237,0.5182733855837576,-1.2703306649061687,
2025-09-24,50539,UPCOMING,Holliston,4174,,,Ashland,4015,,,Tri-Valley,Tri-Valley,4:00 P.M.,,0,2025,1458.271416670277,1508.4388706022637,,,0.4997590144389376,0.5002409855610623,-0.01674539319867563,
2025-09-24,50553,UPCOMING,Dedham,4108,,,Norwood,4297,,,Tri-Valley,Tri-Valley,4:00 P.M.,,0,2025,1621.9117931126075,1548.2502458057938,,,0.6708104952577786,0.3291895047422214,12.366154730681364,
2025-09-24,50606,UPCOMING,Dover-Sherborn,4118,,,Norton,4295,,,Tri-Valley,Tri-Valley,4:00 P.M.,,0,2025,1430.5844693875204,1411.0253584237068,,,0.5987872272919832,0.4012127727080168,6.955911096381351,
2025-09-24,50595,UPCOMING,Medfield,4241,,,Bellingham,4033,,,Tri-Valley,Tri-Valley,4:00 P.M.,,0,2025,1494.0469302885192,1488.2437556224106,,,0.5796237141256378,0.42037628587436215,5.580317466610859,
2025-09-24,50618,UPCOMING,Medway,4243,,,Millis,4251,,,Tri-Valley,Tri-Valley,3:45 P.M.,,0,2025,1638.5201370579357,1527.6091570148665,,,0.7163195748323716,0.28368042516762837,16.09109800430692,
2025-09-24,50734,UPCOMING,Notre Dame (Tyngsborough),4540,,,Greater Lawrence,4154,,,Commonwealth,Commonwealth,4:00 P.M.,,0,2025,1502.7555,1502.7555,,,0.5714631174083814,0.4285368825916186,5.0,
2025-09-24,50498,UPCOMING,Carver,4077,,,Norwell,4296,,,South Shore,South Shore,4:00 P.M.,,0,2025,1533.3688970950886,1328.0431593491983,,,0.8130228949847279,0.1869771050152721,25.532573774589036,
2025-09-24,51012,UPCOMING,Lynn English,4221,,,Somerville,4351,,,Greater Boston,Greater Boston,4:00 P.M.,,0,2025,1541.2933639922833,1389.7884180393755,,,0.7613246673510566,0.23867533264894336,20.150494595290773,
2025-09-24,50574,UPCOMING,Hopkinton,4180,,,Westwood,4424,,,Tri-Valley,Tri-Valley,4:30 P.M.,,0,2025,1464.512861654671,1397.427361808317,,,0.662397870187257,0.33760212981274296,11.708549984635397,
2025-09-24,50492,UPCOMING,Cohasset,4094,,,Middleborough,4247,,,South Shore,South Shore,4:00 P.M.,,0,2025,1521.8764203916378,1521.1108472287826,,,0.572542017806786,0.42745798219321396,5.076557316285516,
2025-09-24,50516,UPCOMING,Amesbury,4007,,,Manchester Essex/Rockport,4229,,,Cape Ann,Cape Ann,3:30 P.M.,,0,2025,1476.9734682782168,1457.9701982771194,,,0.5980182908378332,0.4019817091621668,6.900327000109746,
2025-09-24,50468,UPCOMING,Abington,4002,,,Mashpee,4237,,,South Shore,South Shore,4:30 P.M.,,0,2025,1517.4985761560072,1545.3609413496233,,,0.5318155732190584,0.46818442678094163,2.2137634806383857,
2025-09-24,49789,UPCOMING,New Bedford,4273,,,Brockton,4058,,,Big Three,Big Three,4:00 P.M.,,0,2025,1494.249289318612,1543.1644322227576,,,0.5015612297866912,0.49843877021330885,0.10848570958544315,
2025-09-24,49969,UPCOMING,North Andover,4283,,,Haverhill,4167,,,Merrimack Valley,Merrimack Valley,3:30 P.M.,,0,2025,1380.148101517625,1561.7560795290594,,,0.31916833660520094,0.6808316633947991,-13.16079780114344,
2025-09-24,49970,UPCOMING,Chelmsford,4085,,,Haverhill,4167,,,Merrimack Valley,Merrimack Valley,3:30 P.M.,,0,2025,1532.2721066029865,1561.7560795290594,,,0.5294906674033246,0.4705093325966754,2.0516027073927035,
2025-09-24,50020,UPCOMING,North Andover,4283,,,Chelmsford,4085,,,Merrimack Valley,Merrimack Valley,3:30 P.M.,,0,2025,1380.148101517625,1532.2721066029865,,,0.3571230288116153,0.6428769711883847,-10.212400508536144,
2025-09-24,50144,UPCOMING,Salem,4336,,,Winthrop,4437,,,Northeastern,Northeastern,4:00 P.M.,,0,2025,1600.9501091309862,1499.9386951438275,,,0.7045982684873584,0.2954017315126416,15.101141398715868,
2025-09-24,50480,UPCOMING,East Bridgewater,4126,,,Rockland,4331,,,South Shore,South Shore,4:00 P.M.,,0,2025,1481.9251136899447,1582.0333774478106,,,0.42838426807302854,0.5716157319269715,-5.010826375786587,
2025-09-24,50164,UPCOMING,Scituate,4343,,,Plymouth South,4316,,,Patriot,Patriot,4:00 P.M.,,0,2025,1497.71696521391,1546.9814826909287,,,0.5010584428524466,0.4989415571475534,0.07354825229813286,
2025-09-24,50194,UPCOMING,Silver Lake,4349,,,Plymouth North,4315,,,Patriot,Patriot,4:00 P.M.,,0,2025,1495.371411370461,1539.0849532754878,,,0.5090459532768725,0.4909540467231275,0.6286458094973113,
2025-09-24,50434,UPCOMING,Newburyport,4276,,,Essex Tech,4745,,,Cape Ann,Cape Ann,4:00 P.M.,,0,2025,1426.0230467378383,1527.5857325028646,,,0.4263353671173221,0.5736646328826779,-5.156268576502635,
2025-09-24,50453,UPCOMING,Barnstable,4024,,,Dartmouth,4105,,,Southeast,Southeast,4:00 P.M.,,0,2025,1470.0673960411266,1461.132523743828,,,0.5840098813383827,0.4159901186616173,5.893487229729862,
2025-09-24,50145,UPCOMING,Salem,4336,,,Saugus,4341,,,Northeastern,Northeastern,4:00 P.M.,,0,2025,1600.9501091309862,1502.7555,,,0.7012121613270201,0.29878783867297987,14.819460913098624,
2025-09-25,50837,UPCOMING,Wayland,4411,,,Weston,4423,,,Dual County,Dual County,4:00 P.M.,,0,2025,1498.7552740102403,1506.7557259897596,,,0.5601495041944161,0.4398504958055839,4.199954802048069,
2025-09-25,50833,UPCOMING,Bedford,4031,,,Waltham,4405,,,Dual County,Dual County,4:00 P.M.,,0,2025,1502.7555,1502.7555,,,0.5714631174083814,0.4285368825916186,5.0,
2025-09-25,50826,UPCOMING,Bedford,4031,,,Boston Latin,4049,,,Dual County,Dual County,4:00 P.M.,,0,2025,1502.7555,1502.7555,,,0.5714631174083814,0.4285368825916186,5.0,
2025-09-25,50440,UPCOMING,Hamilton-Wenham,4163,,,Lynnfield,4223,,,Cape Ann,Cape Ann,3:30 P.M.,,0,2025,1369.2678476080087,1495.843689494392,,,0.39154893711288274,0.6084510628871173,-7.657584188638339,
2025-09-25,50266,UPCOMING,West Bridgewater,4415,,,Joseph Case,4078,,,South Coast,South Coast,3:30 P.M.,,0,2025,1515.9603355988625,1552.5132037285964,,,0.5193423210903004,0.48065767890969957,1.344713187026605,
2025-09-25,50262,UPCOMING,Somerset Berkley,4350,,,Greater New Bedford,4156,,,South Coast,South Coast,3:30 P.M.,,0,2025,1576.7662308463655,1507.978152408277,,,0.664586099400375,0.33541390059962495,11.87880784380884,
2025-09-25,50245,UPCOMING,Bourne,4050,,,Seekonk,4344,,,South Coast,South Coast,3:45 P.M.,,0,2025,1486.056559667891,1451.1575139138095,,,0.6198044248949705,0.38019557510502955,8.48990457540815,
2025-09-25,50799,UPCOMING,Cambridge,4067,,,Newton South,4280,,,Dual County,Dual County,4:30 P.M.,,0,2025,1463.8547011225253,1510.4903599140848,,,0.5048415248717902,0.49515847512820976,0.33643412084404645,
2025-09-25,50132,UPCOMING,Masconomet,4236,,,Peabody,4306,,,Northeastern,Northeastern,4:00 P.M.,,0,2025,1525.057952512475,1471.3997154898602,,,0.6449020501025468,0.35509794989745325,10.36582370226147,
2025-09-25,50113,UPCOMING,Swampscott,4383,,,Danvers,4103,,,Northeastern,Northeastern,4:00 P.M.,,0,2025,1508.644549562893,1489.7322583108253,,,0.5978923870770751,0.40210761292292485,6.891229125206769,
2025-09-25,50094,UPCOMING,Beverly,4038,,,Marblehead,4231,,,Northeastern,Northeastern,4:00 P.M.,,0,2025,1494.808200246812,1431.5125196023207,,,0.6575020846226902,0.3424979153773098,11.32956806444913,
2025-09-25,49749,UPCOMING,Braintree,4051,,,Walpole,4404,,,Bay State,Bay State,4:00 P.M.,,0,2025,1533.842318683388,1615.285178953931,,,0.45487321884743864,0.5451267811525613,-3.144286027054318,
2025-09-25,50228,UPCOMING,Apponequet,4011,,,Old Rochester,4301,,,South Coast,South Coast,4:00 P.M.,,0,2025,1467.3612695434626,1400.9338630326804,,,0.6615501860813259,0.3384498139186741,11.642740651078224,
2025-09-25,49740,UPCOMING,Milton,4252,,,Wellesley,4413,,,Bay State,Bay State,4:30 P.M.,,0,2025,1573.7691082530196,1397.8362179247295,,,0.7859316147374629,0.21406838526253713,22.593289032829013,
2025-09-25,49663,UPCOMING,Brookline,4059,,,Weymouth,4425,,,Bay State,Bay State,4:00 P.M.,,0,2025,1561.5779018268188,1438.1793026577927,,,0.7306971654109429,0.2693028345890571,17.339859916902604,
2025-09-29,50797,UPCOMING,Newton South,4280,,,Acton-Boxborough,4003,,,Dual County,Dual County,4:30 P.M.,,0,2025,1510.4903599140848,1552.729096786121,,,0.5111674979558837,0.4888325020441163,0.776126312796373,
2025-09-29,51120,UPCOMING,Oliver Ames,4302,,,Stoughton,4381,,,Hockomock,Hockomock,3:45 P.M.,,0,2025,1395.9531659863833,1584.46700593425,,,0.31059271666116983,0.6894072833388302,-13.85138399478667,
2025-09-29,50796,UPCOMING,Acton-Boxborough,4003,,,Newton South,4280,,,Dual County,Dual County,4:30 P.M.,,0,2025,1552.729096786121,1510.4903599140848,,,0.6297090527883599,0.37029094721164013,9.223873687203627,
2025-09-30,50500,UPCOMING,Dennis-Yarmouth,4111,,,Sandwich,4340,,,Cape & Islands,Cape & Islands,3:30 P.M.,,0,2025,1453.5508000619657,1469.0033261147464,,,0.5495545963732137,0.4504454036267863,3.454747394721926,
2025-09-30,50925,UPCOMING,Archbishop Williams,4012,,,Cardinal Spellman,4075,,,Catholic Central,Catholic Central,4:00 P.M.,,0,2025,1448.0029676535962,1574.375914188413,,,0.3918272251020743,0.6081727748979258,-7.637294653481672,
2025-09-30,50503,UPCOMING,Cohasset,4094,,,Carver,4077,,,South Shore,South Shore,4:30 P.M.,,0,2025,1521.8764203916378,1533.3688970950886,,,0.5551909754614064,0.4448090245385936,3.8507523296549153,
2025-09-30,50512,UPCOMING,Mashpee,4237,,,Rockland,4331,,,South Shore,South Shore,4:00 P.M.,,0,2025,1545.3609413496233,1582.0333774478106,,,0.5191705041772884,0.4808294958227116,1.332756390181271,
2025-09-30,50800,UPCOMING,Westford,4421,,,Cambridge,4067,,,Dual County,Dual County,4:00 P.M.,,0,2025,1453.752586293799,1463.8547011225253,,,0.5571666045970738,0.4428333954029262,3.989788517127363,
2025-09-30,50481,UPCOMING,Middleborough,4247,,,East Bridgewater,4126,,,South Shore,South Shore,4:00 P.M.,,0,2025,1521.1108472287826,1481.9251136899447,,,0.6256018519557078,0.37439814804429217,8.91857335388379,
2025-09-30,50828,UPCOMING,Weston,4423,,,Bedford,4031,,,Dual County,Dual County,4:00 P.M.,,0,2025,1506.7557259897596,1502.7555,,,0.5770927933191211,0.4229072066808789,5.400022598975966,
2025-09-30,50921,UPCOMING,Bishop Fenwick,4043,,,Archbishop Williams,4012,,,Catholic Central,Catholic Central,4:00 P.M.,,0,2025,1415.8133418141535,1448.0029676535962,,,0.5256087608706338,0.4743912391293662,1.781037416055733,
2025-09-30,50922,UPCOMING,Arlington Catholic,4014,,,Archbishop Williams,4012,,,Catholic Central,Catholic Central,4:00 P.M.,,0,2025,1572.8234925160743,1448.0029676535962,,,0.7323048069306843,0.26769519306931566,17.482052486247813,
2025-09-30,50923,UPCOMING,Bishop Feehan,4042,,,Archbishop Williams,4012,,,Catholic Central,Catholic Central,4:00 P.M.,,0,2025,1384.2424677530666,1448.0029676535962,,,0.48020739677741603,0.5197926032225839,-1.3760499900529566,
2025-09-30,50924,UPCOMING,Archbishop Williams,4012,,,Bishop Stang,4045,,,Catholic Central,Catholic Central,4:00 P.M.,,0,2025,1448.0029676535962,1572.3292630323763,,,0.3946382837654616,0.6053617162345384,-7.432629537878006,
2025-09-30,50948,UPCOMING,Arlington Catholic,4014,,,Bishop Feehan,4042,,,Catholic Central,Catholic Central,4:00 P.M.,,0,2025,1572.8234925160743,1384.2424677530666,,,0.7979261424323671,0.20207385756763285,23.85810247630077,
2025-09-30,51100,UPCOMING,Franklin,4144,,,Milford,4249,,,Hockomock,Hockomock,3:45 P.M.,,0,2025,1397.2649076440246,1593.0951109031532,,,0.3016472350320767,0.6983527649679233,-14.583020325912866,
2025-09-30,50950,UPCOMING,Bishop Feehan,4042,,,Bishop Stang,4045,,,Catholic Central,Catholic Central,4:00 P.M.,,0,2025,1384.2424677530666,1572.3292630323763,,,0.31111933766673955,0.6888806623332604,-13.808679527930963,
2025-09-30,50951,UPCOMING,Bishop Feehan,4042,,,Cardinal Spellman,4075,,,Catholic Central,Catholic Central,4:00 P.M.,,0,2025,1384.2424677530666,1574.375914188413,,,0.30859992011121434,0.6914000798887856,-14.013344643534628,
2025-09-30,50961,UPCOMING,Bishop Fenwick,4043,,,Arlington Catholic,4014,,,Catholic Central,Catholic Central,4:00 P.M.,,0,2025,1415.8133418141535,1572.8234925160743,,,0.35069174736359576,0.6493082526364042,-10.70101507019208,
2025-09-30,50962,UPCOMING,Bishop Fenwick,4043,,,Bishop Stang,4045,,,Catholic Central,Catholic Central,4:00 P.M.,,0,2025,1415.8133418141535,1572.3292630323763,,,0.3513398518736507,0.6486601481263493,-10.651592121822272,
2025-09-30,50963,UPCOMING,Bishop Fenwick,4043,,,Cardinal Spellman,4075,,,Catholic Central,Catholic Central,4:00 P.M.,,0,2025,1415.8133418141535,1574.375914188413,,,0.3486595780477767,0.6513404219522233,-10.85625723742594,
2025-09-30,50969,UPCOMING,Bishop Stang,4045,,,Cardinal Spellman,4075,,,Catholic Central,Catholic Central,4:00 P.M.,,0,2025,1572.3292630323763,1574.375914188413,,,0.5685755195500951,0.4314244804499049,4.795334884396334,
2025-09-30,50970,UPCOMING,Bishop Stang,4045,,,Arlington Catholic,4014,,,Catholic Central,Catholic Central,4:00 P.M.,,0,2025,1572.3292630323763,1572.8234925160743,,,0.5707662522147091,0.4292337477852909,4.9505770516301935,
2025-09-30,50973,UPCOMING,Cardinal Spellman,4075,,,Arlington Catholic,4014,,,Catholic Central,Catholic Central,4:00 P.M.,,0,2025,1574.375914188413,1572.8234925160743,,,0.5736501822257655,0.42634981777423453,5.15524216723386,
2025-09-30,51091,UPCOMING,Attleboro,4018,,,King Philip,4197,,,Hockomock,Hockomock,3:45 P.M.,,0,2025,1482.860012066606,1457.4464235774185,,,0.6068559852093361,0.39314401479066385,7.541358848918753,
2025-09-30,50469,UPCOMING,Norwell,4296,,,Abington,4002,,,South Shore,South Shore,4:00 P.M.,,0,2025,1328.0431593491983,1517.4985761560072,,,0.30943332033157755,0.6905666796684224,-13.94554168068089,
2025-09-30,51106,UPCOMING,Taunton,4388,,,Sharon,4345,,,Hockomock,Hockomock,3:45 P.M.,,0,2025,1576.065764750062,1509.8007810587355,,,0.6613408108086918,0.3386591891913082,11.626498369132651,
2025-09-30,51109,UPCOMING,North Attleborough,4284,,,Canton,4071,,,Hockomock,Hockomock,3:45 P.M.,,0,2025,1528.8395218495655,1402.3180677789767,,,0.7342198750159145,0.26578012498408554,17.652145407058878,
2025-09-30,51113,UPCOMING,Foxborough,4142,,,Mansfield,4230,,,Hockomock,Hockomock,3:45 P.M.,,0,2025,1557.9947089796337,1546.960529471191,,,0.5869427251977852,0.41305727480221477,6.103417950844277,
2025-09-30,50949,UPCOMING,Bishop Feehan,4042,,,Bishop Fenwick,4043,,,Catholic Central,Catholic Central,4:00 P.M.,,0,2025,1384.2424677530666,1415.8133418141535,,,0.5264967984453401,0.47350320155465986,1.8429125938913102,
2025-09-30,50441,UPCOMING,Hamilton-Wenham,4163,,,Manchester Essex/Rockport,4229,,,Cape Ann,Cape Ann,3:30 P.M.,,0,2025,1369.2678476080087,1457.9701982771194,,,0.44453207877092227,0.5554679212290777,-3.8702350669110728,
2025-09-30,50114,UPCOMING,Winthrop,4437,,,Danvers,4103,,,Northeastern,Northeastern,4:00 P.M.,,0,2025,1499.9386951438275,1489.7322583108253,,,0.5857870489854429,0.41421295101455713,6.020643683300227,
2025-09-30,50182,UPCOMING,Hingham,4171,,,Silver Lake,4349,,,Patriot,Patriot,4:00 P.M.,,0,2025,1499.1678358446393,1495.371411370461,,,0.5768064460309008,0.4231935539690992,5.379642447417837,
2025-09-30,49654,UPCOMING,Brookline,4059,,,Framingham,4143,,,Bay State,Bay State,4:00 P.M.,,0,2025,1561.5779018268188,1647.581863067984,,,0.44837081278047436,0.5516291872195256,-3.6003961241165143,
2025-09-30,49655,UPCOMING,Braintree,4051,,,Framingham,4143,,,Bay State,Bay State,4:00 P.M.,,0,2025,1533.842318683388,1647.581863067984,,,0.40928684250376196,0.5907131574962381,-6.3739544384596005,
2025-09-30,49665,UPCOMING,Brookline,4059,,,Braintree,4051,,,Bay State,Bay State,4:00 P.M.,,0,2025,1561.5779018268188,1533.842318683388,,,0.6100403873644125,0.38995961263558754,7.773558314343086,
2025-09-30,49712,UPCOMING,Weymouth,4425,,,Natick,4270,,,Bay State,Bay State,,,0,2025,1438.1793026577927,1522.3993793358763,,,0.4509119815521271,0.5490880184478729,-3.4220076678083613,
2025-09-30,49753,UPCOMING,Walpole,4404,,,Milton,4252,,,Bay State,Bay State,4:00 P.M.,,0,2025,1615.285178953931,1573.7691082530196,,,0.6287385199563615,0.37126148004363846,9.151607070091154,
2025-09-30,49754,UPCOMING,Needham,4272,,,Milton,4252,,,Bay State,Bay State,4:00 P.M.,,0,2025,1353.3115518195882,1573.7691082530196,,,0.2726472830883375,0.7273527169116625,-17.045755643343135,
2025-09-30,49758,UPCOMING,Needham,4272,,,Walpole,4404,,,Bay State,Bay State,4:00 P.M.,,0,2025,1353.3115518195882,1615.285178953931,,,0.22789803877230644,0.7721019612276936,-21.19736271343429,
2025-09-30,50196,UPCOMING,Whitman-Hanson,4427,,,Plymouth North,4315,,,Patriot,Patriot,4:00 P.M.,,0,2025,1627.9586315508016,1539.0849532754878,,,0.6898506466375348,0.3101493533624652,13.887367827531374,
2025-09-30,49860,UPCOMING,Holbrook/Avon,4172,,,South Shore Voc-Tech,4356,,,Mayflower,Mayflower,3:30 P.M.,,0,2025,1506.1376653352306,1477.681535046271,,,0.6110266612124378,0.38897333878756224,7.8456130288959685,
2025-09-30,49877,UPCOMING,Cape Cod Tech,4073,,,Bristol Aggie,4463,,,Mayflower,Mayflower,3:30 P.M.,,0,2025,1502.7555,1548.7919001600924,,,0.5057038312496633,0.49429616875033666,0.39635998399076017,
2025-09-30,49973,UPCOMING,Haverhill,4167,,,Andover,4009,,,Merrimack Valley,Merrimack Valley,4:00 P.M.,,0,2025,1561.7560795290594,1492.022176698838,,,0.6657986739432001,0.33420132605679986,11.97339028302215,
2025-09-30,49974,UPCOMING,Haverhill,4167,,,Methuen,4246,,,Merrimack Valley,Merrimack Valley,4:00 P.M.,,0,2025,1561.7560795290594,1589.030280416706,,,0.5326584909362369,0.46734150906376315,2.272579911235334,
2025-09-30,49848,UPCOMING,Southeastern,4358,,,Bristol-Plymouth,4057,,,Mayflower,Independent,3:30 P.M.,,0,2025,1516.3363555143626,1499.3561051309243,,,0.59521564866221,0.40478435133779,6.698025038343826,
2025-09-30,50029,UPCOMING,Arlington,4013,,,Winchester,4434,,,Middlesex,Middlesex,4:00 P.M.,,0,2025,1443.8892271451466,1410.1103588623569,,,0.6182837429449438,0.3817162570550562,8.377886828278974,
2025-09-30,49988,UPCOMING,Methuen,4246,,,Andover,4009,,,Merrimack Valley,Merrimack Valley,4:00 P.M.,,0,2025,1589.030280416706,1492.022176698838,,,0.6997792037085449,0.30022079629145515,14.700810371786815,
2025-09-30,50161,UPCOMING,Pembroke,4308,,,Plymouth South,4316,,,Patriot,Patriot,4:00 P.M.,,0,2025,1569.4173206397502,1546.9814826909287,,,0.6027589766634235,0.3972410233365765,7.243583794882147,
2025-09-30,50152,UPCOMING,Hanover,4164,,,Scituate,4343,,,Patriot,Patriot,4:00 P.M.,,0,2025,1553.1883504080479,1497.71696521391,,,0.6472886007399776,0.3527113992600224,10.547138519413783,
2025-09-30,50133,UPCOMING,Masconomet,4236,,,Swampscott,4383,,,Northeastern,Northeastern,4:00 P.M.,,0,2025,1525.057952512475,1508.644549562893,,,0.5944292287435124,0.40557077125648755,6.641340294958195,
2025-09-30,50120,UPCOMING,Marblehead,4231,,,Salem,4336,,,Northeastern,Northeastern,4:30 P.M.,,0,2025,1431.5125196023207,1600.9501091309862,,,0.3345809736687085,0.6654190263312916,-11.94375895286655,
2025-09-30,50174,UPCOMING,Duxbury,4123,,,Marshfield,4234,,,Patriot,Patriot,4:00 P.M.,,0,2025,1453.804160698153,1401.1460072604575,,,0.6435825933654203,0.35641740663457966,10.265815343769555,
2025-09-30,50078,UPCOMING,Melrose,4244,,,Stoneham,4380,,,Middlesex,Middlesex,4:15 P.M.,,0,2025,1457.1969009031725,1469.2821535222179,,,0.5543481384251278,0.44565186157487224,3.791474738095462,
2025-09-30,50069,UPCOMING,Wilmington,4432,,,Burlington,4065,,,Middlesex,Middlesex,4:15 P.M.,,0,2025,1565.469273005193,1558.5419365281962,,,0.5811996685264093,0.41880033147359075,5.692733647699674,
2025-09-30,50040,UPCOMING,Reading,4328,,,Belmont,4034,,,Middlesex,Middlesex,4:00 P.M.,,0,2025,1558.4749637153566,1576.353936864243,,,0.5460946196992584,0.45390538030074157,3.2121026851113585,
2025-09-30,50095,UPCOMING,Peabody,4306,,,Beverly,4038,,,Northeastern,Northeastern,4:30 P.M.,,0,2025,1471.3997154898602,1494.808200246812,,,0.5381937181571711,0.4618062818428289,2.6591515243048205,
2025-09-30,50048,UPCOMING,Lexington,4209,,,Woburn,4438,,,Middlesex,Middlesex,4:15 P.M.,,0,2025,1351.8801371393074,1543.8318604836695,,,0.3063711369236688,0.6936288630763312,-14.195172334436212,
2025-10-01,50529,UPCOMING,Georgetown,4148,,,Lynnfield,4223,,,Cape Ann,Cape Ann,3:30 P.M.,,0,2025,1639.5905514956623,1495.843689494392,,,0.7531152404533871,0.24688475954661293,19.37468620012703,
2025-10-01,51000,UPCOMING,Malden,4227,,,Everett,4132,,,Greater Boston,Greater Boston,4:00 P.M.,,0,2025,1456.6105871281704,1489.870784260808,,,0.5240718888031505,0.4759281111968495,1.6739802867362414,
2025-10-01,51014,UPCOMING,Somerville,4351,,,Medford,4242,,,Greater Boston,Greater Boston,4:00 P.M.,,0,2025,1389.7884180393755,1512.1686316529886,,,0.39731769459581495,0.602682305404185,-7.2380213613613025,
2025-10-01,50619,UPCOMING,Medway,4243,,,Norton,4295,,,Tri-Valley,Tri-Valley,3:45 P.M.,,0,2025,1638.5201370579357,1411.0253584237068,,,0.8316530546837709,0.16834694531622907,27.749477863422886,
2025-10-01,50612,UPCOMING,Millis,4251,,,Medfield,4241,,,Tri-Valley,Tri-Valley,4:30 P.M.,,0,2025,1527.6091570148665,1494.0469302885192,,,0.6179893753768573,0.3820106246231427,8.356222672634726,
2025-10-01,50596,UPCOMING,Bellingham,4033,,,Dover-Sherborn,4118,,,Tri-Valley,Tri-Valley,3:45 P.M.,,0,2025,1488.2437556224106,1430.5844693875204,,,0.6501586556841278,0.3498413443158722,10.765928623489026,
2025-10-01,50567,UPCOMING,Norwood,4297,,,Holliston,4174,,,Tri-Valley,Tri-Valley,4:30 P.M.,,0,2025,1548.2502458057938,1458.271416670277,,,0.6912101413997933,0.3087898586002067,13.997882913551688,
2025-10-01,50554,UPCOMING,Dedham,4108,,,Westwood,4424,,,Tri-Valley,Tri-Valley,4:00 P.M.,,0,2025,1621.9117931126075,1397.427361808317,,,0.8292129302237946,0.1707870697762054,27.44844313042904,
2025-10-01,50540,UPCOMING,Ashland,4015,,,Hopkinton,4180,,,Tri-Valley,Tri-Valley,4:45 P.M.,,0,2025,1508.4388706022637,1464.512861654671,,,0.6319709540674314,0.3680290459325686,9.392600894759266,
2025-10-01,50521,UPCOMING,Georgetown,4148,,,Hamilton-Wenham,4163,,,Cape Ann,Cape Ann,3:30 P.M.,,0,2025,1639.5905514956623,1369.2678476080087,,,0.8634123327180507,0.13658766728194927,32.03227038876537,
2025-10-01,50454,UPCOMING,Bridgewater-Raynham,4053,,,Barnstable,4024,,,Southeast,Southeast,4:00 P.M.,,0,2025,1502.7555,1470.0673960411266,,,0.616800759347873,0.38319924065212696,8.26881039588734,
2025-10-01,50446,UPCOMING,Pentucket,4309,,,North Reading,4288,,,Cape Ann,Cape Ann,4:00 P.M.,,0,2025,1551.2414839183384,1522.5868134422142,,,0.6112982607133521,0.38870173928664786,7.865467047612424,
2025-10-01,50444,UPCOMING,Newburyport,4276,,,Triton,4395,,,Cape Ann,Cape Ann,4:00 P.M.,,0,2025,1426.0230467378383,1486.3404233987444,,,0.48515646439176,0.5148435356082399,-1.0317376660906121,
2025-10-01,50269,UPCOMING,Old Rochester,4301,,,Dartmouth,4105,,,South Coast,Southeast,4:00 P.M.,,0,2025,1400.9338630326804,1461.132523743828,,,0.4853271615314155,0.5146728384685846,-1.0198660711147567,
2025-10-01,49935,UPCOMING,Billerica,4040,,,Central Catholic,4081,,,Merrimack Valley,Merrimack Valley,4:00 P.M.,,0,2025,1343.5276418313388,1417.6775782154823,,,0.4653013122287066,0.5346986877712934,-2.414993638414353,
2025-10-01,49801,UPCOMING,Durfee,4122,,,New Bedford,4273,,,Big Three,Big Three,4:00 P.M.,,0,2025,1540.7575325098042,1494.249289318612,,,0.6354213700067993,0.3645786299932007,9.650824319119215,
2025-10-01,50517,UPCOMING,Amesbury,4007,,,Ipswich,4190,,,Cape Ann,Cape Ann,3:30 P.M.,,0,2025,1476.9734682782168,1576.8872448466007,,,0.4286584375862846,0.5713415624137155,-4.991377656838381,
2026-09-08,149949,FINAL,Middleborough,4247,40.0,0.0,Norwell,4296,16.0,1.0,South Shore,South Shore,4:00 P.M.,,0,2026,1497.4828831960988,1351.6711233818821,1521.1108472287826,1328.0431593491983,0.7553186752329246,0.24468132476707538,19.581175981421666,24.0
2026-09-08,149929,UPCOMING,Mashpee,4237,,,East Bridgewater,4126,,,South Shore,South Shore,4:00 P.M.,,0,2026,1545.3609413496233,1481.9251136899447,,,0.6576837363002791,0.3423162636997209,11.343582765967858,
2026-09-08,149977,UPCOMING,Cohasset,4094,,,Rockland,4331,,,South Shore,South Shore,4:00 P.M.,,0,2026,1521.8764203916378,1582.0333774478106,,,0.48538712644203347,0.5146128735579665,-1.0156957056172815,
2026-09-08,149990,UPCOMING,Abington,4002,,,Carver,4077,,,South Shore,South Shore,4:30 P.M.,,0,2026,1517.4985761560072,1533.3688970950886,,,0.5489591764333187,0.4510408235666813,3.412967906091853,
2026-09-09,148966,UPCOMING,Newton South,4280,,,Westford,4421,,,Dual County,Dual County,4:00 P.M.,,0,2026,1510.4903599140848,1453.752586293799,,,0.6489511407369404,0.3510488592630596,10.673777362028591,
2026-09-09,148998,UPCOMING,Bedford,4031,,,Wayland,4411,,,Dual County,Dual County,4:00 P.M.,,0,2026,1502.7555,1498.7552740102403,,,0.5770927933191211,0.4229072066808789,5.400022598975966,
2026-09-09,149018,UPCOMING,Chelsea,4086,,,Malden,4227,,,Greater Boston,Greater Boston,4:00 P.M.,,0,2026,1585.6587121396885,1456.6105871281704,,,0.737048454673082,0.262951545326918,17.90481250115181,
2026-09-09,149045,UPCOMING,Everett,4132,,,Lynn Classical,4220,,,Greater Boston,Greater Boston,4:00 P.M.,,0,2026,1489.870784260808,1594.0346555656122,,,0.4226773175490915,0.5773226824509086,-5.416387130480416,
2026-09-09,149741,UPCOMING,Lynn English,4221,,,Medford,4242,,,Greater Boston,Greater Boston,4:00 P.M.,,0,2026,1541.2933639922833,1512.1686316529886,,,0.6119410214224386,0.38805897857756144,7.9124732339294725,
2026-09-09,149899,UPCOMING,Winthrop,4437,,,Saugus,4341,,,Northeastern,Northeastern,4:00 P.M.,,0,2026,1499.9386951438275,1502.7555,,,0.5674876986763268,0.43251230132367324,4.718319514382756,
2026-09-09,149791,UPCOMING,Danvers,4103,,,Beverly,4038,,,Northeastern,Northeastern,4:00 P.M.,,0,2026,1489.7322583108253,1494.808200246812,,,0.5642930110599188,0.4357069889400812,4.492405806401325,
2026-09-09,149840,UPCOMING,Peabody,4306,,,Marblehead,4231,,,Northeastern,Northeastern,4:00 P.M.,,0,2026,1471.3997154898602,1431.5125196023207,,,0.6265471548411918,0.37345284515880817,8.988719588753952,
2026-09-09,149856,UPCOMING,Winthrop,4437,,,Masconomet,4236,,,Northeastern,Northeastern,4:00 P.M.,,0,2026,1499.9386951438275,1525.057952512475,,,0.5357451831464096,0.4642548168535904,2.488074263135263,
2026-09-09,149883,UPCOMING,Salem,4336,,,Swampscott,4383,,,Northeastern,Northeastern,4:00 P.M.,,0,2026,1600.9501091309862,1508.644549562893,,,0.6940615378697692,0.3059384621302308,14.230555956809326,
2026-09-09,148955,UPCOMING,Bedford,4031,,,Westford,4421,,,Dual County,Dual County,4:00 P.M.,,0,2026,1502.7555,1453.752586293799,,,0.638741619420477,0.361258380579523,9.900291370620106,
2026-09-09,149775,UPCOMING,Somerville,4351,,,Revere,4329,,,Greater Boston,Greater Boston,4:00 P.M.,,0,2026,1389.7884180393755,1452.6188472210733,,,0.48154391718924233,0.5184560828107576,-1.2830429181697809,
2026-09-09,148953,UPCOMING,Bedford,4031,,,Newton South,4280,,,Dual County,Dual County,4:05 P.M.,,0,2026,1502.7555,1510.4903599140848,,,0.560526155792677,0.43947384420732305,4.226514008591517,
2026-09-09,148276,UPCOMING,Nantucket,4265,,,Sturgis West,4735,,,Cape & Islands,Cape & Islands,4:00 P.M.,,0,2026,1502.7555,1522.8408687213837,,,0.5429445454293216,0.4570554545706784,2.9914631278616297,
2026-09-09,148930,UPCOMING,Weston,4423,,,Cambridge,4067,,,Dual County,Dual County,4:30 P.M.,,0,2026,1506.7557259897596,1463.8547011225253,,,0.6305975792725176,0.3694024207274824,9.290102486723436,
2026-09-09,136469,UPCOMING,Needham,4272,,,Brookline,4059,,,Bay State,Bay State,4:00 P.M.,,0,2026,1353.3115518195882,1561.5779018268188,,,0.2867841339833377,0.7132158660166623,-15.826635000723059,
2026-09-09,136630,UPCOMING,Wellesley,4413,,,Framingham,4143,,,Bay State,Bay State,4:00 P.M.,,0,2026,1397.8362179247295,1647.581863067984,,,0.24052043478449658,0.7594795652155034,-19.974564514325447,
2026-09-09,144050,UPCOMING,Weymouth,4425,,,Wellesley,4413,,,Bay State,Bay State,4:00 P.M.,,0,2026,1438.1793026577927,1397.8362179247295,,,0.6271610012853422,0.37283899871465775,9.034308473306329,
2026-09-09,148948,UPCOMING,Weston,4423,,,Lincoln-Sudbury,4211,,,Dual County,Dual County,4:30 P.M.,,0,2026,1506.7557259897596,1534.2955133323767,,,0.5322778929987689,0.46772210700123107,2.246021265738295,
2026-09-09,147916,UPCOMING,Durfee,4122,,,Diman,4115,,,Big Three,Mayflower,4:00 P.M.,,0,2026,1540.7575325098042,1469.0986653353766,,,0.6682597661578364,0.33174023384216356,12.165886717442755,
2026-09-09,147917,UPCOMING,Bristol Aggie,4463,,,Diman,4115,,,Mayflower,Mayflower,4:00 P.M.,,0,2026,1548.7919001600924,1469.0986653353766,,,0.6784317926618147,0.32156820733818525,12.969323482471577,
2026-09-09,147914,UPCOMING,Durfee,4122,,,Bristol Aggie,4463,,,Big Three,Mayflower,4:00 P.M.,,0,2026,1540.7575325098042,1548.7919001600924,,,0.5601014014064055,0.4398985985935945,4.196563234971177,
2026-09-09,147982,UPCOMING,Barnstable,4024,,,Falmouth,4134,,,Pioneer,Cape & Islands,4:00 P.M.,,0,2026,1470.0673960411266,1536.7264027671542,,,0.47604411798278845,0.5239558820172115,-1.6659006726027656,
2026-09-09,148270,UPCOMING,Nantucket,4265,,,Sturgis East,4456,,,Cape & Islands,Cape & Islands,4:00 P.M.,,0,2026,1502.7555,1469.802865296535,,,0.617160611472137,0.38283938852786303,8.295263470346503,
2026-09-09,148273,UPCOMING,Sturgis West,4735,,,Sturgis East,4456,,,Cape & Islands,Cape & Islands,4:00 P.M.,,0,2026,1522.8408687213837,1469.802865296535,,,0.6440840051161295,0.3559159948838705,10.303800342484873,
2026-09-09,148544,UPCOMING,Dartmouth,4105,,,Bishop Stang,4045,,,Pioneer,Catholic Central,3:30 P.M.,,0,2026,1461.132523743828,1572.3292630323763,,,0.4128304244612577,0.5871695755387423,-6.119673928854832,
2026-09-09,147943,UPCOMING,Nauset,4271,,,Monomoy,4706,,,Cape & Islands,Cape & Islands,4:00 P.M.,,0,2026,1467.1978667930239,1461.6286737280916,,,0.5792954916829682,0.42070450831703177,5.556919306493228,
2026-09-10,150040,UPCOMING,Millis,4251,,,Medway,4243,,,Tri-Valley,Tri-Valley,4:45 P.M.,,0,2026,1527.6091570148665,1638.5201370579357,,,0.41322922286250846,0.5867707771374915,-6.091098004306923,
2026-09-10,150030,UPCOMING,Millis,4251,,,Ashland,4015,,,Tri-Valley,Tri-Valley,4:45 P.M.,,0,2026,1527.6091570148665,1508.4388706022637,,,0.5982493880185263,0.40175061198147366,6.917028641260276,
2026-09-10,150033,UPCOMING,Norwood,4297,,,Ashland,4015,,,Tri-Valley,Tri-Valley,4:45 P.M.,,0,2026,1548.2502458057938,1508.4388706022637,,,0.6264450239994986,0.37355497600050136,8.981137520353013,
2026-09-10,150036,UPCOMING,Medway,4243,,,Ashland,4015,,,Tri-Valley,Tri-Valley,4:45 P.M.,,0,2026,1638.5201370579357,1508.4388706022637,,,0.7381994515353905,0.26180054846460954,18.0081266455672,
2026-09-10,150038,UPCOMING,Millis,4251,,,Norwood,4297,,,Tri-Valley,Tri-Valley,4:45 P.M.,,0,2026,1527.6091570148665,1548.2502458057938,,,0.5421505912374737,0.45784940876252633,2.935891120907263,
2026-09-10,150043,UPCOMING,Medway,4243,,,Norwood,4297,,,Tri-Valley,Tri-Valley,4:45 P.M.,,0,2026,1638.5201370579357,1548.2502458057938,,,0.6915676407825875,0.3084323592174125,14.026989125214186,
2026-09-12,148366,UPCOMING,Newburyport,4276,,,Danvers,4103,,,Cape Ann,Northeastern,9:15 A.M.,,0,2026,1426.0230467378383,1489.7322583108253,,,0.4802810913848766,0.5197189086151234,-1.3709211572986988,
2026-09-12,147997,UPCOMING,Martha’s Vineyard,4235,,,Nantucket,4265,,,Cape & Islands,Cape & Islands,11:30 A.M.,,0,2026,1548.3275281957428,1502.7555,,,0.6341719733538448,0.3658280266461552,9.557202819574286,
2026-09-15,149952,UPCOMING,Middleborough,4247,,,Carver,4077,,,South Shore,South Shore,4:30 P.M.,,0,2026,1521.1108472287826,1533.3688970950886,,,0.554102387999688,0.44589761200031197,3.774195013369399,
2026-09-15,147945,UPCOMING,Nauset,4271,,,Falmouth,4134,,,Cape & Islands,Cape & Islands,4:00 P.M.,,0,2026,1467.1978667930239,1536.7264027671542,,,0.47192573638687935,0.5280742636131206,-1.9528535974130363,
2026-09-15,147963,UPCOMING,Dennis-Yarmouth,4111,,,Sandwich,4340,,,Cape & Islands,Cape & Islands,4:00 P.M.,,0,2026,1453.5508000619657,1469.0033261147464,,,0.5495545963732137,0.4504454036267863,3.454747394721926,
2026-09-15,148017,UPCOMING,Cape Cod Academy,4072,,,Sturgis West,4735,,,Cape & Islands,Cape & Islands,4:00 P.M.,,0,2026,1547.0511956965652,1522.8408687213837,,,0.605202223805012,0.394797776194988,7.421032697518148,
2026-09-15,148036,UPCOMING,Falmouth Academy,4135,,,Sturgis East,4456,,,Cape & Islands,Cape & Islands,4:00 P.M.,,0,2026,1531.2158514926518,1469.802865296535,,,0.6550573692578427,0.34494263074215725,11.141298619611689,
2026-09-15,148294,UPCOMING,Rising Tide Charter,4746,,,Monomoy,4706,,,Cape & Islands,Cape & Islands,4:00 P.M.,,0,2026,1546.4798923829203,1461.6286737280916,,,0.6848747971854618,0.31512520281453815,13.48512186548287,
2026-09-15,148547,UPCOMING,Cardinal Spellman,4075,,,Bishop Stang,4045,,,Catholic Central,Catholic Central,4:00 P.M.,,0,2026,1574.375914188413,1572.3292630323763,,,0.5743458570411477,0.4256541429588523,5.204665115603666,
2026-09-15,148582,UPCOMING,Arlington Catholic,4014,,,Bishop Fenwick,4043,,,Catholic Central,Catholic Central,4:00 P.M.,,0,2026,1572.8234925160743,1415.8133418141535,,,0.7670353596702415,0.2329646403297585,20.701015070192078,
2026-09-15,149931,UPCOMING,Abington,4002,,,East Bridgewater,4126,,,South Shore,South Shore,4:00 P.M.,,0,2026,1517.4985761560072,1481.9251136899447,,,0.6207188397186314,0.3792811602813686,8.557346246606244,
2026-09-15,149980,UPCOMING,Norwell,4296,,,Rockland,4331,,,South Shore,South Shore,4:00 P.M.,,0,2026,1328.0431593491983,1582.0333774478106,,,0.2360854560096703,0.7639145439903297,-20.39902180986123,
2026-09-15,150006,UPCOMING,Mashpee,4237,,,Cohasset,4094,,,South Shore,South Shore,4:30 P.M.,,0,2026,1545.3609413496233,1521.8764203916378,,,0.6042035083386218,0.3957964916613782,7.348452095798552,
2026-09-16,148978,UPCOMING,Wayland,4411,,,Boston Latin,4049,,,Dual County,Dual County,4:00 P.M.,,0,2026,1498.7552740102403,1502.7555,,,0.5658148834788373,0.43418511652116265,4.599977401024034,
2026-09-16,148968,UPCOMING,Bedford,4031,,,Weston,4423,,,Dual County,Dual County,4:00 P.M.,,0,2026,1502.7555,1506.7557259897596,,,0.5658148834788373,0.43418511652116265,4.599977401024034,
2026-09-16,150046,UPCOMING,Ashland,4015,,,Holliston,4174,,,Tri-Valley,Tri-Valley,4:15 P.M.,,0,2026,1508.4388706022637,1458.271416670277,,,0.6402870445689134,0.3597129554310866,10.016745393198676,
2026-09-16,148932,UPCOMING,Cambridge,4067,,,Weston,4423,,,Dual County,Dual County,4:00 P.M.,,0,2026,1463.8547011225253,1506.7557259897596,,,0.5102148249691335,0.4897851750308665,0.7098975132765645,
2026-09-16,148988,UPCOMING,Bedford,4031,,,Waltham,4405,,,Dual County,Dual County,4:00 P.M.,,0,2026,1502.7555,1502.7555,,,0.5714631174083814,0.4285368825916186,5.0,
2026-09-16,148957,UPCOMING,Cambridge,4067,,,Westford,4421,,,Dual County,Dual County,4:00 P.M.,,0,2026,1463.8547011225253,1453.752586293799,,,0.5856413295700281,0.4143586704299719,6.010211482872637,
2026-09-16,149019,UPCOMING,Somerville,4351,,,Chelsea,4086,,,Greater Boston,Greater Boston,4:00 P.M.,,0,2026,1389.7884180393755,1585.6587121396885,,,0.30159862172234553,0.6984013782776545,-14.5870294100313,
2026-09-16,149842,UPCOMING,Masconomet,4236,,,Marblehead,4231,,,Northeastern,Northeastern,4:00 P.M.,,0,2026,1525.057952512475,1431.5125196023207,,,0.6955749671194081,0.30442503288059186,14.354543291015421,
2026-09-16,149721,UPCOMING,Lynn Classical,4220,,,Malden,4227,,,Greater Boston,Greater Boston,4:00 P.M.,,0,2026,1594.0346555656122,1456.6105871281704,,,0.7462856987078161,0.25371430129218386,18.742406843744174,
2026-09-16,149768,UPCOMING,Revere,4329,,,Medford,4242,,,Greater Boston,Greater Boston,4:00 P.M.,,0,2026,1452.6188472210733,1512.1686316529886,,,0.48626021544751835,0.5137397845524816,-0.9549784431915214,
2026-09-16,149793,UPCOMING,Salem,4336,,,Danvers,4103,,,Northeastern,Northeastern,4:00 P.M.,,0,2026,1600.9501091309862,1489.7322583108253,,,0.7166783987490175,0.2833216012509825,16.121785082016096,
2026-09-16,149819,UPCOMING,Beverly,4038,,,Winthrop,4437,,,Northeastern,Northeastern,4:00 P.M.,,0,2026,1494.808200246812,1499.9386951438275,,,0.5642157995601647,0.43578420043983535,4.486950510298447,
2026-09-16,148917,UPCOMING,Acton-Boxborough,4003,,,Newton South,4280,,,Dual County,Dual County,4:00 P.M.,,0,2026,1552.729096786121,1510.4903599140848,,,0.6297090527883599,0.37029094721164013,9.223873687203627,
2026-09-16,149869,UPCOMING,Swampscott,4383,,,Peabody,4306,,,Northeastern,Northeastern,4:00 P.M.,,0,2026,1508.644549562893,1471.3997154898602,,,0.6229812816791263,0.37701871832087375,8.724483407303273,
2026-09-16,149902,UPCOMING,Beverly,4038,,,Saugus,4341,,,Northeastern,Northeastern,4:00 P.M.,,0,2026,1494.808200246812,1502.7555,,,0.5602248880251904,0.43977511197480956,4.205270024681203,
2026-09-16,149048,UPCOMING,Lynn English,4221,,,Everett,4132,,,Greater Boston,Greater Boston,4:00 P.M.,,0,2026,1541.2933639922833,1489.870784260808,,,0.6419494306315762,0.35805056936842383,10.142257973147526,
2026-09-16,148901,UPCOMING,Concord-Carlisle,4097,,,Lincoln-Sudbury,4211,,,Dual County,Dual County,4:30 P.M.,,0,2026,1501.4107425510933,1534.2955133323767,,,0.5246108902251916,0.4753891097748084,1.711522921871665,
2026-09-16,148368,UPCOMING,Newburyport,4276,,,Pentucket,4309,,,Cape Ann,Cape Ann,4:00 P.M.,,0,2026,1426.0230467378383,1551.2414839183384,,,0.3934120652547737,0.6065879347452263,-7.521843718050013,
2026-09-16,148571,UPCOMING,Archbishop Williams,4012,,,St. Mary’s,4374,,,Catholic Central,Catholic Central,4:00 P.M.,,0,2026,1448.0029676535962,1557.0354401331613,,,0.41585363237230355,0.5841463676276965,-5.9032472479565055,
2026-09-16,136470,UPCOMING,Natick,4270,,,Brookline,4059,,,Bay State,Bay State,4:00 P.M.,,0,2026,1522.3993793358763,1561.5779018268188,,,0.5155683239533911,0.48443167604660886,1.0821477509057558,
2026-09-16,136473,UPCOMING,Milton,4252,,,Brookline,4059,,,Bay State,Bay State,4:00 P.M.,,0,2026,1573.7691082530196,1561.5779018268188,,,0.5885565342242566,0.4114434657757434,6.219120642620078,
2026-09-16,143977,UPCOMING,Milton,4252,,,Natick,4270,,,Bay State,Bay State,4:00 P.M.,,0,2026,1573.7691082530196,1522.3993793358763,,,0.6418794993769665,0.35812050062303347,10.136972891714322,
2026-09-16,144017,UPCOMING,Newton North,4279,,,Wellesley,4413,,,Bay State,Bay State,4:30 P.M.,,0,2026,1383.7721774768718,1397.8362179247295,,,0.5515323664032196,0.44846763359678044,3.5935959552142323,
2026-09-16,144076,UPCOMING,Needham,4272,,,Braintree,4051,,,Bay State,Bay State,4:00 P.M.,,0,2026,1353.3115518195882,1533.842318683388,,,0.3205173055345637,0.6794826944654363,-13.053076686379972,
2026-09-16,144080,UPCOMING,Needham,4272,,,Weymouth,4425,,,Bay State,Bay State,4:00 P.M.,,0,2026,1353.3115518195882,1438.1793026577927,,,0.4499890573553135,0.5500109426446864,-3.486775083820453,
2026-09-16,148637,UPCOMING,Concord-Carlisle,4097,,,Bishop Feehan,4042,,,Dual County,Catholic Central,4:00 P.M.,,0,2026,1501.4107425510933,1384.2424677530666,,,0.7235816558051961,0.27641834419480393,16.716827479802667,
2026-09-16,144085,UPCOMING,Weymouth,4425,,,Braintree,4051,,,Bay State,Bay State,4:00 P.M.,,0,2026,1438.1793026577927,1533.842318683388,,,0.4346614138821246,0.5653385861178755,-4.56630160255952,
2026-09-16,147929,UPCOMING,Dartmouth,4105,,,New Bedford,4273,,,Pioneer,Big Three,4:00 P.M.,,0,2026,1461.132523743828,1494.249289318612,,,0.5242778208702968,0.47572217912970316,1.688323442521596,
2026-09-16,147999,UPCOMING,Martha’s Vineyard,4235,,,Barnstable,4024,,,Cape & Islands,Pioneer,4:00 P.M.,,0,2026,1548.3275281957428,1470.0673960411266,,,0.6766293992936642,0.32337060070633583,12.826013215461625,
2026-09-16,148344,UPCOMING,Hamilton-Wenham,4163,,,Georgetown,4148,,,Cape Ann,Cape Ann,3:30 P.M.,,0,2026,1369.2678476080087,1639.5905514956623,,,0.21955192687152844,0.7804480731284715,-22.03227038876537,
2026-09-16,148394,UPCOMING,Amesbury,4007,,,Triton,4395,,,Cape Ann,Cape Ann,4:00 P.M.,,0,2026,1476.9734682782168,1486.3404233987444,,,0.5582105003605514,0.4417894996394486,4.063304487947244,
2026-09-16,148404,UPCOMING,Essex Tech,4745,,,Lynnfield,4223,,,Cape Ann,Cape Ann,4:00 P.M.,,0,2026,1527.5857325028646,1495.843689494392,,,0.6155127482079064,0.38448725179209364,8.17420430084726,
2026-09-16,148472,UPCOMING,Ipswich,4190,,,Manchester Essex/Rockport,4229,,,Cape Ann,Cape Ann,4:00 P.M.,,0,2026,1576.8872448466007,1457.9701982771194,,,0.7255905783692972,0.2744094216307028,16.89170465694813,
2026-09-16,147898,UPCOMING,Brockton,4058,,,Fontbonne,4447,,,Big Three,Catholic Conference,3:45 P.M.,,0,2026,1543.1644322227576,1545.615073333582,,,0.5680049766900431,0.43199502330995687,4.754935888917567,
2026-09-18,148550,UPCOMING,Fairhaven,4133,,,Bishop Stang,4045,,,South Coast,Catholic Central,3:30 P.M.,,0,2026,1508.089887090841,1572.3292630323763,,,0.4795193566350841,0.5204806433649158,-1.4239375941535173,
