team,elo
Cambridge,1545.3352663833946
Belmont,1500.0
Lincoln-Sudbury,1500.0
Needham,1500.0
Brookline,1500.0
Weymouth,1500.0
Algonquin,1454.6647336166054
