team,elo
Weymouth,1607.376190725472
Belmont,1589.094308701481
Brookline,1545.5822374726042
Needham,1493.9507825927012
Lincoln-Sudbury,1474.1474478762693
Cambridge,1435.0769761266126
Algonquin,1354.7720565048594
