team,elo
Weymouth,1607.376190725472
Belmont,1589.094308701481
Brookline,1545.5822374726042
Needham,1533.0004022960861
Lincoln-Sudbury,1474.1474478762693
Cambridge,1396.0273564232277
Algonquin,1354.7720565048594
