team,elo
Cardinal Spellman,1671.5117535345205
Masconomet,1602.9154116503275
Keefe Tech,1576.7589856106708
Hopkinton,1567.4067999954848
Apponequet,1556.495506243521
Central Catholic,1552.637329648518
Archbishop Williams,1535.703559043144
Salem,1450.3491695438197
Andover,1447.362670351482
Beverly,1446.7354188058528
Bourne,1443.504493756479
Bishop Stang,1441.0550825781913
Ashland,1432.5932000045152
Assabet,1423.2410143893292
Cristo Rey,1351.7296048441442
