team,elo
Hopkinton,1554.4842164754684
Marshfield,1511.8832414587685
Silver Lake,1488.1167585412315
Worcester,1445.5157835245316
