team,elo
Hopkinton,1599.59123525715
Duxbury,1555.6772346797975
Hingham,1524.044025461194
Marshfield,1511.8832414587685
Quabbin,1488.1167585412315
Cohasset,1477.6832417194753
Nashoba,1466.776222677087
North Quincy/Quincy,1466.6395236007272
Silver Lake,1464.0727330800376
Worcester,1445.5157835245316
