team,elo
Bishop Feehan,1573.0789299314401
Southeastern,1547.0991386104386
Bishop Stang,1452.9008613895614
Tri-County,1426.9210700685599
