team,elo
Weymouth,1607.376190725472
Belmont,1589.094308701481
Brookline,1545.5822374726042
Lincoln-Sudbury,1474.1474478762693
Needham,1436.7582434222497
Cambridge,1435.0769761266126
Algonquin,1411.9645956753109
