team,elo
Dennis-Yarmouth,1578.6027039827932
Bishop Feehan,1550.612883054065
Nauset,1547.7201010378203
Southeastern,1533.2064228689937
Bishop Stang,1470.0935771310062
Martha’s Vineyard,1455.5798989621799
Tri-County,1452.687116945935
St. John Paul II,1424.697296017207
