team,elo
Central Catholic,1540.7119475330283
Newton North,1537.1945889791562
Newton South,1462.8054110208438
Methuen,1459.2880524669717
