team,elo
Hopkinton,1567.4067999954848
Apponequet,1556.495506243521
Bourne,1443.504493756479
Ashland,1432.5932000045152
