team,elo
Dana Hall,1517.8223479160597
St. Mark’s,1482.1776520839403
