team,elo
Weymouth,1564.6760527841775
Belmont,1563.2417565777503
Brookline,1500.0
Lincoln-Sudbury,1500.0
Cambridge,1480.6592135992169
Algonquin,1454.6647336166054
Needham,1436.7582434222497
