team,elo
Tewksbury,1557.456214679743
North Andover,1551.230851135175
Andover,1534.0009031188365
Central Catholic,1528.927004847129
Newton North,1526.5703746160345
Hingham/Hull,1521.5692351005052
Haverhill,1494.8688738222036
Marshfield,1481.7307648994947
Newton South,1476.7296253839654
Dracut,1464.6349384371792
Chelmsford/B/T,1454.9826058695628
Methuen,1427.098608090171
