team,elo
Roxbury Latin,1675.1668660822672
Brooks,1526.436395531744
Wilmington,1500.0
North Reading,1500.0
St. Mark’s,1466.046974891797
Phillips Exeter,1465.2594115335291
Deerfield,1454.6647336166054
Hyde,1412.4256183440573
