team,elo
Roxbury Latin,1727.9348280787392
Eagle Hill,1553.8514876904148
Greens Farms,1529.8809625308756
Brooks,1519.3623850062684
Wilmington,1501.65
North Reading,1501.65
Nobles,1490.3414118316985
St. Mark’s,1478.901473177504
Deerfield,1471.2753715231256
Lexington Christian,1462.894124328314
Phillips Exeter,1440.3713302341423
Landmark,1432.5261379470114
Hyde,1410.8104876519064
