team,elo
Roxbury Latin,1753.5281398823988
St. Mark’s,1604.493257760392
Eagle Hill,1553.8514876904148
Greens Farms,1529.8809625308756
North Reading,1501.65
Wilmington,1501.65
Nobles,1490.3414118316985
Lexington Christian,1462.894124328314
Brooks,1457.9127443045518
Deerfield,1445.105409783548
Phillips Exeter,1440.3713302341423
Pomfret,1438.0845060547465
Landmark,1432.5261379470114
Hyde,1410.8104876519064
