team,elo
Roxbury Latin,1727.9348280787392
Eagle Hill,1553.8514876904148
St. Mark’s,1540.9277638151384
Greens Farms,1529.8809625308756
Wilmington,1501.65
North Reading,1501.65
Nobles,1490.3414118316985
Brooks,1483.5060561082114
Lexington Christian,1462.894124328314
Deerfield,1445.105409783548
Phillips Exeter,1440.3713302341423
Landmark,1432.5261379470114
Hyde,1410.8104876519064
